<?xml version="1.0" encoding="UTF-8"?>
<gpx xmlns="http://www.topografix.com/GPX/1/1" version="1.1" creator="CyclingTW">
  <metadata><name>Day 6 極南壽卡翻山越嶺行</name>
    <bounds minlat="21.9017" minlon="120.69101" maxlat="22.61862" maxlon="121.00867"/></metadata>
  <wpt lat="21.9458096" lon="120.79708029999999"><name>墾丁大街</name><sym>Flag, Green</sym></wpt>
  <wpt lat="21.9022339" lon="120.8526297"><name>鵝鑾鼻燈塔</name><sym>Waypoint</sym></wpt>
  <wpt lat="21.9304605" lon="120.84529479999999"><name>龍磐公園大草原</name><sym>Waypoint</sym></wpt>
  <wpt lat="21.9472854" lon="120.83888859999998"><name>風吹砂</name><sym>Waypoint</sym></wpt>
  <wpt lat="22.010128299999998" lon="120.74385909999998"><name>7-ELEVEN 恆春門市</name><sym>Waypoint</sym></wpt>
  <wpt lat="22.1951622" lon="120.69145350000001"><name>7-ELEVEN 楓港門市</name><sym>Waypoint</sym></wpt>
  <wpt lat="22.2186751" lon="120.79393359999999"><name>雙流道之驛</name><sym>Waypoint</sym></wpt>
  <wpt lat="22.2215468" lon="120.7950121"><name>7-ELEVEN 雙琉門市</name><sym>Waypoint</sym></wpt>
  <wpt lat="22.245233" lon="120.8357464"><name>壽卡鐵馬驛站</name><sym>Waypoint</sym></wpt>
  <wpt lat="22.3619488" lon="120.90722799999999"><name>7-ELEVEN 大武門市</name><sym>Waypoint</sym></wpt>
  <wpt lat="22.507519499999997" lon="120.95884869999999"><name>多良觀光車站</name><sym>Waypoint</sym></wpt>
  <wpt lat="22.618796099999997" lon="121.00501509999998"><name>太麻里車站</name><sym>Flag, Red</sym></wpt>
  <trk><name>Day 6</name><trkseg>
    <trkpt lat="21.94581" lon="120.79708"/>
    <trkpt lat="21.94564" lon="120.79739"/>
    <trkpt lat="21.94561" lon="120.79744"/>
    <trkpt lat="21.94558" lon="120.7975"/>
    <trkpt lat="21.94541" lon="120.79782"/>
    <trkpt lat="21.94525" lon="120.79816"/>
    <trkpt lat="21.94521" lon="120.79824"/>
    <trkpt lat="21.94518" lon="120.79833"/>
    <trkpt lat="21.94516" lon="120.79844"/>
    <trkpt lat="21.94515" lon="120.79855"/>
    <trkpt lat="21.94514" lon="120.79898"/>
    <trkpt lat="21.94513" lon="120.79924"/>
    <trkpt lat="21.94512" lon="120.79933"/>
    <trkpt lat="21.94512" lon="120.7994"/>
    <trkpt lat="21.9451" lon="120.79947"/>
    <trkpt lat="21.94508" lon="120.79953"/>
    <trkpt lat="21.94506" lon="120.79959"/>
    <trkpt lat="21.94503" lon="120.79965"/>
    <trkpt lat="21.94499" lon="120.79972"/>
    <trkpt lat="21.94493" lon="120.7998"/>
    <trkpt lat="21.94486" lon="120.7999"/>
    <trkpt lat="21.94476" lon="120.80002"/>
    <trkpt lat="21.94469" lon="120.80009"/>
    <trkpt lat="21.94451" lon="120.80029"/>
    <trkpt lat="21.94424" lon="120.80057"/>
    <trkpt lat="21.94415" lon="120.80068"/>
    <trkpt lat="21.94385" lon="120.80111"/>
    <trkpt lat="21.94332" lon="120.80191"/>
    <trkpt lat="21.94296" lon="120.80244"/>
    <trkpt lat="21.9428" lon="120.80267"/>
    <trkpt lat="21.94275" lon="120.80275"/>
    <trkpt lat="21.94267" lon="120.80287"/>
    <trkpt lat="21.94264" lon="120.80293"/>
    <trkpt lat="21.94261" lon="120.803"/>
    <trkpt lat="21.94256" lon="120.80311"/>
    <trkpt lat="21.94252" lon="120.80322"/>
    <trkpt lat="21.94245" lon="120.8034"/>
    <trkpt lat="21.9424" lon="120.80351"/>
    <trkpt lat="21.94226" lon="120.80393"/>
    <trkpt lat="21.94207" lon="120.80445"/>
    <trkpt lat="21.94201" lon="120.80463"/>
    <trkpt lat="21.94181" lon="120.80518"/>
    <trkpt lat="21.94169" lon="120.80546"/>
    <trkpt lat="21.94154" lon="120.80574"/>
    <trkpt lat="21.94142" lon="120.80591"/>
    <trkpt lat="21.94136" lon="120.80599"/>
    <trkpt lat="21.94108" lon="120.80636"/>
    <trkpt lat="21.94099" lon="120.80648"/>
    <trkpt lat="21.94087" lon="120.80664"/>
    <trkpt lat="21.94076" lon="120.80677"/>
    <trkpt lat="21.94075" lon="120.80678"/>
    <trkpt lat="21.94059" lon="120.80692"/>
    <trkpt lat="21.94041" lon="120.80706"/>
    <trkpt lat="21.9404" lon="120.80707"/>
    <trkpt lat="21.94029" lon="120.80715"/>
    <trkpt lat="21.93993" lon="120.80739"/>
    <trkpt lat="21.93987" lon="120.80742"/>
    <trkpt lat="21.93952" lon="120.80765"/>
    <trkpt lat="21.93946" lon="120.80769"/>
    <trkpt lat="21.9389" lon="120.80803"/>
    <trkpt lat="21.93868" lon="120.80814"/>
    <trkpt lat="21.93831" lon="120.80833"/>
    <trkpt lat="21.93796" lon="120.80851"/>
    <trkpt lat="21.93781" lon="120.8086"/>
    <trkpt lat="21.93766" lon="120.80869"/>
    <trkpt lat="21.93759" lon="120.80875"/>
    <trkpt lat="21.93756" lon="120.80878"/>
    <trkpt lat="21.93746" lon="120.80888"/>
    <trkpt lat="21.93743" lon="120.80892"/>
    <trkpt lat="21.93727" lon="120.80912"/>
    <trkpt lat="21.93711" lon="120.8093"/>
    <trkpt lat="21.93701" lon="120.80942"/>
    <trkpt lat="21.93683" lon="120.80962"/>
    <trkpt lat="21.93662" lon="120.80989"/>
    <trkpt lat="21.93654" lon="120.80999"/>
    <trkpt lat="21.93644" lon="120.81013"/>
    <trkpt lat="21.93637" lon="120.81025"/>
    <trkpt lat="21.93629" lon="120.81039"/>
    <trkpt lat="21.93622" lon="120.81051"/>
    <trkpt lat="21.9361" lon="120.81078"/>
    <trkpt lat="21.93591" lon="120.81124"/>
    <trkpt lat="21.93572" lon="120.81174"/>
    <trkpt lat="21.93568" lon="120.81189"/>
    <trkpt lat="21.93565" lon="120.81201"/>
    <trkpt lat="21.93564" lon="120.81213"/>
    <trkpt lat="21.93564" lon="120.8123"/>
    <trkpt lat="21.93564" lon="120.81235"/>
    <trkpt lat="21.93566" lon="120.81248"/>
    <trkpt lat="21.93573" lon="120.81279"/>
    <trkpt lat="21.93581" lon="120.81315"/>
    <trkpt lat="21.93588" lon="120.81342"/>
    <trkpt lat="21.93595" lon="120.81368"/>
    <trkpt lat="21.93599" lon="120.81393"/>
    <trkpt lat="21.93601" lon="120.81421"/>
    <trkpt lat="21.93602" lon="120.81443"/>
    <trkpt lat="21.93602" lon="120.8145"/>
    <trkpt lat="21.93602" lon="120.8152"/>
    <trkpt lat="21.93601" lon="120.81561"/>
    <trkpt lat="21.93601" lon="120.81677"/>
    <trkpt lat="21.93603" lon="120.81726"/>
    <trkpt lat="21.93604" lon="120.81733"/>
    <trkpt lat="21.93604" lon="120.81735"/>
    <trkpt lat="21.93605" lon="120.81746"/>
    <trkpt lat="21.93606" lon="120.81755"/>
    <trkpt lat="21.93608" lon="120.81774"/>
    <trkpt lat="21.93609" lon="120.81785"/>
    <trkpt lat="21.9361" lon="120.81793"/>
    <trkpt lat="21.93613" lon="120.8181"/>
    <trkpt lat="21.93615" lon="120.81818"/>
    <trkpt lat="21.93617" lon="120.81832"/>
    <trkpt lat="21.93618" lon="120.81838"/>
    <trkpt lat="21.93621" lon="120.81858"/>
    <trkpt lat="21.93622" lon="120.81864"/>
    <trkpt lat="21.93627" lon="120.81896"/>
    <trkpt lat="21.93629" lon="120.81913"/>
    <trkpt lat="21.9363" lon="120.81924"/>
    <trkpt lat="21.93631" lon="120.81939"/>
    <trkpt lat="21.93631" lon="120.81951"/>
    <trkpt lat="21.93631" lon="120.81959"/>
    <trkpt lat="21.93631" lon="120.81961"/>
    <trkpt lat="21.9363" lon="120.81976"/>
    <trkpt lat="21.93629" lon="120.81989"/>
    <trkpt lat="21.93627" lon="120.82002"/>
    <trkpt lat="21.93625" lon="120.82011"/>
    <trkpt lat="21.93623" lon="120.82018"/>
    <trkpt lat="21.93621" lon="120.8203"/>
    <trkpt lat="21.93612" lon="120.82069"/>
    <trkpt lat="21.93609" lon="120.82087"/>
    <trkpt lat="21.93608" lon="120.82092"/>
    <trkpt lat="21.93605" lon="120.82106"/>
    <trkpt lat="21.93602" lon="120.82119"/>
    <trkpt lat="21.93601" lon="120.82125"/>
    <trkpt lat="21.93594" lon="120.82155"/>
    <trkpt lat="21.9359" lon="120.82176"/>
    <trkpt lat="21.93586" lon="120.8219"/>
    <trkpt lat="21.93582" lon="120.82201"/>
    <trkpt lat="21.93576" lon="120.82216"/>
    <trkpt lat="21.93561" lon="120.82236"/>
    <trkpt lat="21.93552" lon="120.82243"/>
    <trkpt lat="21.93532" lon="120.82258"/>
    <trkpt lat="21.93519" lon="120.82265"/>
    <trkpt lat="21.93467" lon="120.82293"/>
    <trkpt lat="21.93433" lon="120.82313"/>
    <trkpt lat="21.93412" lon="120.82327"/>
    <trkpt lat="21.93357" lon="120.8236"/>
    <trkpt lat="21.93327" lon="120.82381"/>
    <trkpt lat="21.93298" lon="120.82402"/>
    <trkpt lat="21.93255" lon="120.82433"/>
    <trkpt lat="21.93232" lon="120.82445"/>
    <trkpt lat="21.93206" lon="120.82465"/>
    <trkpt lat="21.93198" lon="120.82471"/>
    <trkpt lat="21.93188" lon="120.82478"/>
    <trkpt lat="21.93176" lon="120.82488"/>
    <trkpt lat="21.93159" lon="120.82505"/>
    <trkpt lat="21.93144" lon="120.82521"/>
    <trkpt lat="21.93127" lon="120.8254"/>
    <trkpt lat="21.93113" lon="120.82555"/>
    <trkpt lat="21.93081" lon="120.82592"/>
    <trkpt lat="21.93078" lon="120.82596"/>
    <trkpt lat="21.93065" lon="120.8261"/>
    <trkpt lat="21.93018" lon="120.82649"/>
    <trkpt lat="21.93005" lon="120.82661"/>
    <trkpt lat="21.92989" lon="120.82675"/>
    <trkpt lat="21.92978" lon="120.82686"/>
    <trkpt lat="21.92977" lon="120.82686"/>
    <trkpt lat="21.9297" lon="120.82695"/>
    <trkpt lat="21.92962" lon="120.82703"/>
    <trkpt lat="21.92956" lon="120.82714"/>
    <trkpt lat="21.92944" lon="120.82732"/>
    <trkpt lat="21.92927" lon="120.82757"/>
    <trkpt lat="21.92895" lon="120.82808"/>
    <trkpt lat="21.92828" lon="120.82909"/>
    <trkpt lat="21.92799" lon="120.82945"/>
    <trkpt lat="21.92773" lon="120.82973"/>
    <trkpt lat="21.92688" lon="120.83065"/>
    <trkpt lat="21.9266" lon="120.83095"/>
    <trkpt lat="21.92613" lon="120.83146"/>
    <trkpt lat="21.92575" lon="120.83187"/>
    <trkpt lat="21.9255" lon="120.83213"/>
    <trkpt lat="21.92513" lon="120.83255"/>
    <trkpt lat="21.925" lon="120.83268"/>
    <trkpt lat="21.92472" lon="120.83305"/>
    <trkpt lat="21.92441" lon="120.83346"/>
    <trkpt lat="21.92418" lon="120.83379"/>
    <trkpt lat="21.9239" lon="120.83415"/>
    <trkpt lat="21.92382" lon="120.83423"/>
    <trkpt lat="21.9238" lon="120.83426"/>
    <trkpt lat="21.92375" lon="120.8343"/>
    <trkpt lat="21.92366" lon="120.83437"/>
    <trkpt lat="21.92361" lon="120.83442"/>
    <trkpt lat="21.92354" lon="120.83446"/>
    <trkpt lat="21.92353" lon="120.83447"/>
    <trkpt lat="21.92347" lon="120.83451"/>
    <trkpt lat="21.92337" lon="120.83455"/>
    <trkpt lat="21.92316" lon="120.83464"/>
    <trkpt lat="21.92294" lon="120.83473"/>
    <trkpt lat="21.92233" lon="120.83497"/>
    <trkpt lat="21.92219" lon="120.83502"/>
    <trkpt lat="21.92202" lon="120.83509"/>
    <trkpt lat="21.92186" lon="120.83515"/>
    <trkpt lat="21.92185" lon="120.83515"/>
    <trkpt lat="21.92172" lon="120.83521"/>
    <trkpt lat="21.921" lon="120.83543"/>
    <trkpt lat="21.91985" lon="120.83574"/>
    <trkpt lat="21.91978" lon="120.83577"/>
    <trkpt lat="21.91977" lon="120.83577"/>
    <trkpt lat="21.91967" lon="120.83581"/>
    <trkpt lat="21.91959" lon="120.83585"/>
    <trkpt lat="21.91946" lon="120.83594"/>
    <trkpt lat="21.91933" lon="120.83605"/>
    <trkpt lat="21.91924" lon="120.83614"/>
    <trkpt lat="21.91907" lon="120.8363"/>
    <trkpt lat="21.91899" lon="120.83638"/>
    <trkpt lat="21.9187" lon="120.83663"/>
    <trkpt lat="21.9185" lon="120.83682"/>
    <trkpt lat="21.91836" lon="120.83696"/>
    <trkpt lat="21.91832" lon="120.83699"/>
    <trkpt lat="21.91808" lon="120.83719"/>
    <trkpt lat="21.91802" lon="120.83724"/>
    <trkpt lat="21.91778" lon="120.83741"/>
    <trkpt lat="21.91767" lon="120.83744"/>
    <trkpt lat="21.91734" lon="120.83772"/>
    <trkpt lat="21.91718" lon="120.83787"/>
    <trkpt lat="21.9171" lon="120.83796"/>
    <trkpt lat="21.91702" lon="120.83807"/>
    <trkpt lat="21.91682" lon="120.83837"/>
    <trkpt lat="21.9168" lon="120.83841"/>
    <trkpt lat="21.91669" lon="120.8386"/>
    <trkpt lat="21.91656" lon="120.83886"/>
    <trkpt lat="21.91649" lon="120.83902"/>
    <trkpt lat="21.91644" lon="120.83918"/>
    <trkpt lat="21.91627" lon="120.83979"/>
    <trkpt lat="21.91627" lon="120.83995"/>
    <trkpt lat="21.91624" lon="120.84006"/>
    <trkpt lat="21.91611" lon="120.84051"/>
    <trkpt lat="21.91605" lon="120.8407"/>
    <trkpt lat="21.91601" lon="120.84086"/>
    <trkpt lat="21.91583" lon="120.84128"/>
    <trkpt lat="21.91577" lon="120.84142"/>
    <trkpt lat="21.91571" lon="120.84154"/>
    <trkpt lat="21.91567" lon="120.84164"/>
    <trkpt lat="21.91559" lon="120.84184"/>
    <trkpt lat="21.91555" lon="120.84198"/>
    <trkpt lat="21.91552" lon="120.8421"/>
    <trkpt lat="21.91548" lon="120.84229"/>
    <trkpt lat="21.91544" lon="120.84254"/>
    <trkpt lat="21.91542" lon="120.84279"/>
    <trkpt lat="21.91538" lon="120.8431"/>
    <trkpt lat="21.91533" lon="120.84382"/>
    <trkpt lat="21.91532" lon="120.84408"/>
    <trkpt lat="21.91532" lon="120.84427"/>
    <trkpt lat="21.91531" lon="120.84441"/>
    <trkpt lat="21.91531" lon="120.84478"/>
    <trkpt lat="21.9153" lon="120.84501"/>
    <trkpt lat="21.9153" lon="120.84505"/>
    <trkpt lat="21.91529" lon="120.84519"/>
    <trkpt lat="21.91528" lon="120.84529"/>
    <trkpt lat="21.91527" lon="120.84542"/>
    <trkpt lat="21.91525" lon="120.84558"/>
    <trkpt lat="21.91522" lon="120.84572"/>
    <trkpt lat="21.91517" lon="120.84591"/>
    <trkpt lat="21.91508" lon="120.84618"/>
    <trkpt lat="21.91501" lon="120.84642"/>
    <trkpt lat="21.91496" lon="120.84654"/>
    <trkpt lat="21.91491" lon="120.84666"/>
    <trkpt lat="21.91488" lon="120.84672"/>
    <trkpt lat="21.91481" lon="120.84686"/>
    <trkpt lat="21.91479" lon="120.84688"/>
    <trkpt lat="21.91469" lon="120.84703"/>
    <trkpt lat="21.91468" lon="120.84704"/>
    <trkpt lat="21.91454" lon="120.84721"/>
    <trkpt lat="21.91443" lon="120.84732"/>
    <trkpt lat="21.91427" lon="120.84743"/>
    <trkpt lat="21.91408" lon="120.84754"/>
    <trkpt lat="21.91396" lon="120.8476"/>
    <trkpt lat="21.91384" lon="120.84766"/>
    <trkpt lat="21.91355" lon="120.84773"/>
    <trkpt lat="21.91281" lon="120.84785"/>
    <trkpt lat="21.91248" lon="120.8479"/>
    <trkpt lat="21.91208" lon="120.84797"/>
    <trkpt lat="21.91155" lon="120.84807"/>
    <trkpt lat="21.91137" lon="120.8481"/>
    <trkpt lat="21.91051" lon="120.84827"/>
    <trkpt lat="21.90924" lon="120.84848"/>
    <trkpt lat="21.90919" lon="120.84848"/>
    <trkpt lat="21.90861" lon="120.84859"/>
    <trkpt lat="21.90824" lon="120.84865"/>
    <trkpt lat="21.90816" lon="120.84867"/>
    <trkpt lat="21.90807" lon="120.8487"/>
    <trkpt lat="21.90799" lon="120.84873"/>
    <trkpt lat="21.90791" lon="120.84877"/>
    <trkpt lat="21.90784" lon="120.84882"/>
    <trkpt lat="21.90758" lon="120.84903"/>
    <trkpt lat="21.90755" lon="120.84905"/>
    <trkpt lat="21.90738" lon="120.8492"/>
    <trkpt lat="21.90724" lon="120.84932"/>
    <trkpt lat="21.90716" lon="120.84939"/>
    <trkpt lat="21.90711" lon="120.84943"/>
    <trkpt lat="21.90701" lon="120.8495"/>
    <trkpt lat="21.90696" lon="120.84955"/>
    <trkpt lat="21.90682" lon="120.84967"/>
    <trkpt lat="21.90654" lon="120.84991"/>
    <trkpt lat="21.90631" lon="120.85011"/>
    <trkpt lat="21.90626" lon="120.85015"/>
    <trkpt lat="21.90606" lon="120.85034"/>
    <trkpt lat="21.90593" lon="120.85049"/>
    <trkpt lat="21.90584" lon="120.85059"/>
    <trkpt lat="21.90578" lon="120.85068"/>
    <trkpt lat="21.90572" lon="120.85082"/>
    <trkpt lat="21.90549" lon="120.85124"/>
    <trkpt lat="21.9053" lon="120.85156"/>
    <trkpt lat="21.90528" lon="120.85158"/>
    <trkpt lat="21.90523" lon="120.85167"/>
    <trkpt lat="21.90518" lon="120.85171"/>
    <trkpt lat="21.9051" lon="120.85181"/>
    <trkpt lat="21.90508" lon="120.85197"/>
    <trkpt lat="21.90508" lon="120.85214"/>
    <trkpt lat="21.90508" lon="120.85246"/>
    <trkpt lat="21.90508" lon="120.85266"/>
    <trkpt lat="21.90506" lon="120.85283"/>
    <trkpt lat="21.90505" lon="120.85287"/>
    <trkpt lat="21.90504" lon="120.85292"/>
    <trkpt lat="21.90499" lon="120.85309"/>
    <trkpt lat="21.90493" lon="120.85321"/>
    <trkpt lat="21.90492" lon="120.85322"/>
    <trkpt lat="21.90488" lon="120.8533"/>
    <trkpt lat="21.90483" lon="120.85336"/>
    <trkpt lat="21.90477" lon="120.85343"/>
    <trkpt lat="21.9047" lon="120.8535"/>
    <trkpt lat="21.90466" lon="120.85353"/>
    <trkpt lat="21.90456" lon="120.85362"/>
    <trkpt lat="21.90455" lon="120.85363"/>
    <trkpt lat="21.90454" lon="120.85364"/>
    <trkpt lat="21.90448" lon="120.85368"/>
    <trkpt lat="21.90444" lon="120.8537"/>
    <trkpt lat="21.90442" lon="120.85372"/>
    <trkpt lat="21.90441" lon="120.85372"/>
    <trkpt lat="21.90439" lon="120.85373"/>
    <trkpt lat="21.90435" lon="120.85375"/>
    <trkpt lat="21.90432" lon="120.85376"/>
    <trkpt lat="21.90429" lon="120.85376"/>
    <trkpt lat="21.90428" lon="120.85376"/>
    <trkpt lat="21.90425" lon="120.85376"/>
    <trkpt lat="21.90421" lon="120.85375"/>
    <trkpt lat="21.90417" lon="120.85373"/>
    <trkpt lat="21.90412" lon="120.8537"/>
    <trkpt lat="21.9041" lon="120.85368"/>
    <trkpt lat="21.90408" lon="120.85366"/>
    <trkpt lat="21.90406" lon="120.85363"/>
    <trkpt lat="21.90405" lon="120.85361"/>
    <trkpt lat="21.90402" lon="120.85355"/>
    <trkpt lat="21.904" lon="120.85348"/>
    <trkpt lat="21.90398" lon="120.85342"/>
    <trkpt lat="21.90396" lon="120.85338"/>
    <trkpt lat="21.90394" lon="120.85334"/>
    <trkpt lat="21.90392" lon="120.85331"/>
    <trkpt lat="21.9039" lon="120.85328"/>
    <trkpt lat="21.90388" lon="120.85325"/>
    <trkpt lat="21.90386" lon="120.85324"/>
    <trkpt lat="21.90383" lon="120.85322"/>
    <trkpt lat="21.9038" lon="120.85321"/>
    <trkpt lat="21.90377" lon="120.85319"/>
    <trkpt lat="21.90374" lon="120.85319"/>
    <trkpt lat="21.90371" lon="120.85319"/>
    <trkpt lat="21.90365" lon="120.8532"/>
    <trkpt lat="21.90361" lon="120.85322"/>
    <trkpt lat="21.90358" lon="120.85324"/>
    <trkpt lat="21.90356" lon="120.85327"/>
    <trkpt lat="21.90353" lon="120.8533"/>
    <trkpt lat="21.90352" lon="120.85332"/>
    <trkpt lat="21.90351" lon="120.85334"/>
    <trkpt lat="21.90349" lon="120.85338"/>
    <trkpt lat="21.90348" lon="120.85341"/>
    <trkpt lat="21.90348" lon="120.85346"/>
    <trkpt lat="21.90348" lon="120.8535"/>
    <trkpt lat="21.90348" lon="120.85355"/>
    <trkpt lat="21.9032" lon="120.85354"/>
    <trkpt lat="21.90306" lon="120.85353"/>
    <trkpt lat="21.90283" lon="120.85353"/>
    <trkpt lat="21.90272" lon="120.85353"/>
    <trkpt lat="21.9026" lon="120.85355"/>
    <trkpt lat="21.90242" lon="120.85359"/>
    <trkpt lat="21.90222" lon="120.85365"/>
    <trkpt lat="21.90209" lon="120.85369"/>
    <trkpt lat="21.90205" lon="120.85366"/>
    <trkpt lat="21.90201" lon="120.85364"/>
    <trkpt lat="21.90196" lon="120.85361"/>
    <trkpt lat="21.90191" lon="120.85358"/>
    <trkpt lat="21.90186" lon="120.85353"/>
    <trkpt lat="21.90177" lon="120.85344"/>
    <trkpt lat="21.90173" lon="120.85329"/>
    <trkpt lat="21.90173" lon="120.85326"/>
    <trkpt lat="21.90172" lon="120.85321"/>
    <trkpt lat="21.9017" lon="120.8531"/>
    <trkpt lat="21.9017" lon="120.8527"/>
    <trkpt lat="21.9017" lon="120.85266"/>
    <trkpt lat="21.90218" lon="120.85268"/>
    <trkpt lat="21.9017" lon="120.85266"/>
    <trkpt lat="21.9017" lon="120.8527"/>
    <trkpt lat="21.9017" lon="120.8531"/>
    <trkpt lat="21.90172" lon="120.85321"/>
    <trkpt lat="21.90173" lon="120.85326"/>
    <trkpt lat="21.90173" lon="120.85329"/>
    <trkpt lat="21.90177" lon="120.85344"/>
    <trkpt lat="21.90186" lon="120.85353"/>
    <trkpt lat="21.90191" lon="120.85358"/>
    <trkpt lat="21.90196" lon="120.85361"/>
    <trkpt lat="21.90201" lon="120.85364"/>
    <trkpt lat="21.90205" lon="120.85366"/>
    <trkpt lat="21.90209" lon="120.85369"/>
    <trkpt lat="21.90222" lon="120.85365"/>
    <trkpt lat="21.90242" lon="120.85359"/>
    <trkpt lat="21.9026" lon="120.85355"/>
    <trkpt lat="21.90272" lon="120.85353"/>
    <trkpt lat="21.90283" lon="120.85353"/>
    <trkpt lat="21.90306" lon="120.85353"/>
    <trkpt lat="21.9032" lon="120.85354"/>
    <trkpt lat="21.90348" lon="120.85355"/>
    <trkpt lat="21.9035" lon="120.85362"/>
    <trkpt lat="21.90353" lon="120.85365"/>
    <trkpt lat="21.90354" lon="120.85366"/>
    <trkpt lat="21.90361" lon="120.85377"/>
    <trkpt lat="21.90382" lon="120.85407"/>
    <trkpt lat="21.904" lon="120.85434"/>
    <trkpt lat="21.90412" lon="120.8545"/>
    <trkpt lat="21.90421" lon="120.85459"/>
    <trkpt lat="21.90424" lon="120.85463"/>
    <trkpt lat="21.9043" lon="120.85469"/>
    <trkpt lat="21.90437" lon="120.85475"/>
    <trkpt lat="21.90441" lon="120.85478"/>
    <trkpt lat="21.90448" lon="120.85482"/>
    <trkpt lat="21.90455" lon="120.85487"/>
    <trkpt lat="21.90474" lon="120.85495"/>
    <trkpt lat="21.90499" lon="120.85504"/>
    <trkpt lat="21.90531" lon="120.85517"/>
    <trkpt lat="21.90548" lon="120.85523"/>
    <trkpt lat="21.90564" lon="120.8553"/>
    <trkpt lat="21.90588" lon="120.85539"/>
    <trkpt lat="21.90626" lon="120.85553"/>
    <trkpt lat="21.90659" lon="120.85564"/>
    <trkpt lat="21.90674" lon="120.85566"/>
    <trkpt lat="21.907" lon="120.85571"/>
    <trkpt lat="21.90723" lon="120.85576"/>
    <trkpt lat="21.90744" lon="120.85579"/>
    <trkpt lat="21.90753" lon="120.8558"/>
    <trkpt lat="21.90766" lon="120.8558"/>
    <trkpt lat="21.90795" lon="120.85579"/>
    <trkpt lat="21.90817" lon="120.85577"/>
    <trkpt lat="21.90834" lon="120.85575"/>
    <trkpt lat="21.90839" lon="120.85575"/>
    <trkpt lat="21.90862" lon="120.85574"/>
    <trkpt lat="21.90886" lon="120.85573"/>
    <trkpt lat="21.90898" lon="120.85572"/>
    <trkpt lat="21.90937" lon="120.85571"/>
    <trkpt lat="21.90966" lon="120.8557"/>
    <trkpt lat="21.90972" lon="120.8557"/>
    <trkpt lat="21.90978" lon="120.85569"/>
    <trkpt lat="21.90981" lon="120.85568"/>
    <trkpt lat="21.90994" lon="120.85567"/>
    <trkpt lat="21.90996" lon="120.85566"/>
    <trkpt lat="21.91016" lon="120.85561"/>
    <trkpt lat="21.9105" lon="120.85551"/>
    <trkpt lat="21.91081" lon="120.85543"/>
    <trkpt lat="21.91083" lon="120.85543"/>
    <trkpt lat="21.91118" lon="120.85535"/>
    <trkpt lat="21.9113" lon="120.85533"/>
    <trkpt lat="21.91152" lon="120.85525"/>
    <trkpt lat="21.91162" lon="120.85521"/>
    <trkpt lat="21.91176" lon="120.85515"/>
    <trkpt lat="21.91202" lon="120.85505"/>
    <trkpt lat="21.91225" lon="120.85495"/>
    <trkpt lat="21.91243" lon="120.8549"/>
    <trkpt lat="21.91272" lon="120.85484"/>
    <trkpt lat="21.91282" lon="120.85482"/>
    <trkpt lat="21.913" lon="120.85479"/>
    <trkpt lat="21.91309" lon="120.85477"/>
    <trkpt lat="21.91332" lon="120.85472"/>
    <trkpt lat="21.91367" lon="120.85463"/>
    <trkpt lat="21.91377" lon="120.8546"/>
    <trkpt lat="21.9139" lon="120.85456"/>
    <trkpt lat="21.9141" lon="120.8545"/>
    <trkpt lat="21.91491" lon="120.85432"/>
    <trkpt lat="21.91513" lon="120.85427"/>
    <trkpt lat="21.91533" lon="120.85421"/>
    <trkpt lat="21.91555" lon="120.85411"/>
    <trkpt lat="21.91606" lon="120.85401"/>
    <trkpt lat="21.91613" lon="120.854"/>
    <trkpt lat="21.91648" lon="120.85396"/>
    <trkpt lat="21.91666" lon="120.85395"/>
    <trkpt lat="21.91683" lon="120.85392"/>
    <trkpt lat="21.91688" lon="120.85391"/>
    <trkpt lat="21.91698" lon="120.85389"/>
    <trkpt lat="21.91699" lon="120.85389"/>
    <trkpt lat="21.91702" lon="120.85387"/>
    <trkpt lat="21.91709" lon="120.85383"/>
    <trkpt lat="21.91711" lon="120.85381"/>
    <trkpt lat="21.91731" lon="120.85365"/>
    <trkpt lat="21.91763" lon="120.85344"/>
    <trkpt lat="21.91782" lon="120.85334"/>
    <trkpt lat="21.91794" lon="120.85327"/>
    <trkpt lat="21.91815" lon="120.85317"/>
    <trkpt lat="21.91832" lon="120.85311"/>
    <trkpt lat="21.91842" lon="120.8531"/>
    <trkpt lat="21.91849" lon="120.8531"/>
    <trkpt lat="21.919" lon="120.85306"/>
    <trkpt lat="21.91923" lon="120.85304"/>
    <trkpt lat="21.91931" lon="120.85304"/>
    <trkpt lat="21.91941" lon="120.85303"/>
    <trkpt lat="21.91959" lon="120.85303"/>
    <trkpt lat="21.91977" lon="120.85302"/>
    <trkpt lat="21.91988" lon="120.85302"/>
    <trkpt lat="21.91995" lon="120.85301"/>
    <trkpt lat="21.92057" lon="120.85299"/>
    <trkpt lat="21.92085" lon="120.85297"/>
    <trkpt lat="21.92091" lon="120.85296"/>
    <trkpt lat="21.92094" lon="120.85296"/>
    <trkpt lat="21.92109" lon="120.85294"/>
    <trkpt lat="21.92117" lon="120.85293"/>
    <trkpt lat="21.92138" lon="120.85288"/>
    <trkpt lat="21.92162" lon="120.85281"/>
    <trkpt lat="21.92195" lon="120.8527"/>
    <trkpt lat="21.92237" lon="120.85256"/>
    <trkpt lat="21.92266" lon="120.85246"/>
    <trkpt lat="21.92273" lon="120.85244"/>
    <trkpt lat="21.92291" lon="120.85237"/>
    <trkpt lat="21.92315" lon="120.85226"/>
    <trkpt lat="21.92332" lon="120.85216"/>
    <trkpt lat="21.92347" lon="120.85203"/>
    <trkpt lat="21.92359" lon="120.85194"/>
    <trkpt lat="21.92371" lon="120.85184"/>
    <trkpt lat="21.92377" lon="120.85178"/>
    <trkpt lat="21.92381" lon="120.85174"/>
    <trkpt lat="21.92383" lon="120.85169"/>
    <trkpt lat="21.92385" lon="120.85165"/>
    <trkpt lat="21.92386" lon="120.85159"/>
    <trkpt lat="21.92387" lon="120.85154"/>
    <trkpt lat="21.92387" lon="120.85149"/>
    <trkpt lat="21.92386" lon="120.85143"/>
    <trkpt lat="21.92384" lon="120.85137"/>
    <trkpt lat="21.92377" lon="120.85111"/>
    <trkpt lat="21.92374" lon="120.85099"/>
    <trkpt lat="21.92371" lon="120.85089"/>
    <trkpt lat="21.9237" lon="120.85084"/>
    <trkpt lat="21.92367" lon="120.85074"/>
    <trkpt lat="21.92365" lon="120.85068"/>
    <trkpt lat="21.92364" lon="120.85064"/>
    <trkpt lat="21.92364" lon="120.85059"/>
    <trkpt lat="21.92364" lon="120.85053"/>
    <trkpt lat="21.92365" lon="120.85047"/>
    <trkpt lat="21.92367" lon="120.85039"/>
    <trkpt lat="21.92372" lon="120.85027"/>
    <trkpt lat="21.92378" lon="120.85012"/>
    <trkpt lat="21.92389" lon="120.84989"/>
    <trkpt lat="21.92393" lon="120.84979"/>
    <trkpt lat="21.92394" lon="120.84975"/>
    <trkpt lat="21.92396" lon="120.8497"/>
    <trkpt lat="21.92396" lon="120.84967"/>
    <trkpt lat="21.92396" lon="120.84964"/>
    <trkpt lat="21.92397" lon="120.84955"/>
    <trkpt lat="21.92397" lon="120.84947"/>
    <trkpt lat="21.92398" lon="120.84942"/>
    <trkpt lat="21.92398" lon="120.84937"/>
    <trkpt lat="21.924" lon="120.84932"/>
    <trkpt lat="21.92402" lon="120.84928"/>
    <trkpt lat="21.92408" lon="120.8492"/>
    <trkpt lat="21.92422" lon="120.84904"/>
    <trkpt lat="21.92441" lon="120.84882"/>
    <trkpt lat="21.92481" lon="120.84832"/>
    <trkpt lat="21.92503" lon="120.84805"/>
    <trkpt lat="21.92515" lon="120.84788"/>
    <trkpt lat="21.92532" lon="120.84765"/>
    <trkpt lat="21.92563" lon="120.84722"/>
    <trkpt lat="21.92563" lon="120.84721"/>
    <trkpt lat="21.92589" lon="120.8469"/>
    <trkpt lat="21.92596" lon="120.84682"/>
    <trkpt lat="21.92604" lon="120.84675"/>
    <trkpt lat="21.92614" lon="120.84669"/>
    <trkpt lat="21.92655" lon="120.84649"/>
    <trkpt lat="21.92688" lon="120.84634"/>
    <trkpt lat="21.92735" lon="120.84614"/>
    <trkpt lat="21.92752" lon="120.84607"/>
    <trkpt lat="21.92818" lon="120.84578"/>
    <trkpt lat="21.92833" lon="120.84571"/>
    <trkpt lat="21.92835" lon="120.8457"/>
    <trkpt lat="21.92852" lon="120.84563"/>
    <trkpt lat="21.92984" lon="120.84503"/>
    <trkpt lat="21.93014" lon="120.84492"/>
    <trkpt lat="21.93025" lon="120.84485"/>
    <trkpt lat="21.93043" lon="120.84475"/>
    <trkpt lat="21.9305" lon="120.84472"/>
    <trkpt lat="21.93066" lon="120.84463"/>
    <trkpt lat="21.93101" lon="120.84447"/>
    <trkpt lat="21.9319" lon="120.84406"/>
    <trkpt lat="21.93201" lon="120.84401"/>
    <trkpt lat="21.93247" lon="120.84386"/>
    <trkpt lat="21.93313" lon="120.84365"/>
    <trkpt lat="21.9335" lon="120.84356"/>
    <trkpt lat="21.93398" lon="120.84346"/>
    <trkpt lat="21.93426" lon="120.8434"/>
    <trkpt lat="21.93487" lon="120.8433"/>
    <trkpt lat="21.93507" lon="120.84328"/>
    <trkpt lat="21.9352" lon="120.84325"/>
    <trkpt lat="21.93533" lon="120.84321"/>
    <trkpt lat="21.93542" lon="120.84318"/>
    <trkpt lat="21.9355" lon="120.84314"/>
    <trkpt lat="21.93556" lon="120.84311"/>
    <trkpt lat="21.93562" lon="120.84308"/>
    <trkpt lat="21.9357" lon="120.84303"/>
    <trkpt lat="21.93595" lon="120.84289"/>
    <trkpt lat="21.93642" lon="120.84262"/>
    <trkpt lat="21.93646" lon="120.84259"/>
    <trkpt lat="21.93662" lon="120.8425"/>
    <trkpt lat="21.93675" lon="120.84242"/>
    <trkpt lat="21.93712" lon="120.84221"/>
    <trkpt lat="21.93757" lon="120.84196"/>
    <trkpt lat="21.93761" lon="120.84194"/>
    <trkpt lat="21.93773" lon="120.84187"/>
    <trkpt lat="21.93782" lon="120.84181"/>
    <trkpt lat="21.93797" lon="120.84172"/>
    <trkpt lat="21.93804" lon="120.84167"/>
    <trkpt lat="21.93804" lon="120.84166"/>
    <trkpt lat="21.93809" lon="120.84162"/>
    <trkpt lat="21.93816" lon="120.84155"/>
    <trkpt lat="21.93818" lon="120.84154"/>
    <trkpt lat="21.93821" lon="120.84151"/>
    <trkpt lat="21.93825" lon="120.84146"/>
    <trkpt lat="21.9383" lon="120.8414"/>
    <trkpt lat="21.9384" lon="120.84124"/>
    <trkpt lat="21.93849" lon="120.84112"/>
    <trkpt lat="21.93855" lon="120.84103"/>
    <trkpt lat="21.93874" lon="120.84074"/>
    <trkpt lat="21.93885" lon="120.84059"/>
    <trkpt lat="21.9389" lon="120.84052"/>
    <trkpt lat="21.93913" lon="120.84023"/>
    <trkpt lat="21.9392" lon="120.84015"/>
    <trkpt lat="21.93934" lon="120.84"/>
    <trkpt lat="21.9395" lon="120.83985"/>
    <trkpt lat="21.93956" lon="120.8398"/>
    <trkpt lat="21.93964" lon="120.83973"/>
    <trkpt lat="21.93987" lon="120.83951"/>
    <trkpt lat="21.94003" lon="120.83937"/>
    <trkpt lat="21.94005" lon="120.83935"/>
    <trkpt lat="21.94017" lon="120.83925"/>
    <trkpt lat="21.94023" lon="120.83918"/>
    <trkpt lat="21.94029" lon="120.83909"/>
    <trkpt lat="21.94036" lon="120.83898"/>
    <trkpt lat="21.94039" lon="120.83892"/>
    <trkpt lat="21.94041" lon="120.83885"/>
    <trkpt lat="21.94042" lon="120.83879"/>
    <trkpt lat="21.94043" lon="120.83871"/>
    <trkpt lat="21.94044" lon="120.83864"/>
    <trkpt lat="21.94044" lon="120.8386"/>
    <trkpt lat="21.94044" lon="120.83852"/>
    <trkpt lat="21.94042" lon="120.83829"/>
    <trkpt lat="21.9404" lon="120.83767"/>
    <trkpt lat="21.9404" lon="120.83758"/>
    <trkpt lat="21.94041" lon="120.83753"/>
    <trkpt lat="21.94041" lon="120.83749"/>
    <trkpt lat="21.94044" lon="120.8374"/>
    <trkpt lat="21.94046" lon="120.83733"/>
    <trkpt lat="21.94049" lon="120.83728"/>
    <trkpt lat="21.94052" lon="120.83724"/>
    <trkpt lat="21.94072" lon="120.837"/>
    <trkpt lat="21.94078" lon="120.83693"/>
    <trkpt lat="21.94093" lon="120.83677"/>
    <trkpt lat="21.94108" lon="120.83663"/>
    <trkpt lat="21.94113" lon="120.8366"/>
    <trkpt lat="21.94127" lon="120.83649"/>
    <trkpt lat="21.94135" lon="120.83645"/>
    <trkpt lat="21.9414" lon="120.83642"/>
    <trkpt lat="21.94145" lon="120.83641"/>
    <trkpt lat="21.94148" lon="120.8364"/>
    <trkpt lat="21.94155" lon="120.8364"/>
    <trkpt lat="21.9416" lon="120.8364"/>
    <trkpt lat="21.94165" lon="120.83641"/>
    <trkpt lat="21.94174" lon="120.83643"/>
    <trkpt lat="21.94181" lon="120.83645"/>
    <trkpt lat="21.94188" lon="120.83649"/>
    <trkpt lat="21.94197" lon="120.83654"/>
    <trkpt lat="21.94208" lon="120.83661"/>
    <trkpt lat="21.94218" lon="120.83668"/>
    <trkpt lat="21.94232" lon="120.83677"/>
    <trkpt lat="21.94237" lon="120.8368"/>
    <trkpt lat="21.94256" lon="120.83691"/>
    <trkpt lat="21.94286" lon="120.83709"/>
    <trkpt lat="21.94338" lon="120.83741"/>
    <trkpt lat="21.94367" lon="120.83758"/>
    <trkpt lat="21.94384" lon="120.83767"/>
    <trkpt lat="21.94385" lon="120.83768"/>
    <trkpt lat="21.94398" lon="120.83774"/>
    <trkpt lat="21.94402" lon="120.83776"/>
    <trkpt lat="21.94423" lon="120.83787"/>
    <trkpt lat="21.94457" lon="120.83804"/>
    <trkpt lat="21.94493" lon="120.83824"/>
    <trkpt lat="21.9453" lon="120.83845"/>
    <trkpt lat="21.94531" lon="120.83846"/>
    <trkpt lat="21.94558" lon="120.83863"/>
    <trkpt lat="21.94561" lon="120.83865"/>
    <trkpt lat="21.94571" lon="120.83871"/>
    <trkpt lat="21.94574" lon="120.83872"/>
    <trkpt lat="21.94577" lon="120.83875"/>
    <trkpt lat="21.94583" lon="120.83879"/>
    <trkpt lat="21.94592" lon="120.83885"/>
    <trkpt lat="21.94603" lon="120.83892"/>
    <trkpt lat="21.94608" lon="120.83896"/>
    <trkpt lat="21.94618" lon="120.83903"/>
    <trkpt lat="21.94629" lon="120.83909"/>
    <trkpt lat="21.94636" lon="120.83912"/>
    <trkpt lat="21.94646" lon="120.83914"/>
    <trkpt lat="21.94649" lon="120.83915"/>
    <trkpt lat="21.94654" lon="120.83915"/>
    <trkpt lat="21.94657" lon="120.83915"/>
    <trkpt lat="21.94665" lon="120.83914"/>
    <trkpt lat="21.9467" lon="120.83914"/>
    <trkpt lat="21.94676" lon="120.83912"/>
    <trkpt lat="21.94681" lon="120.83909"/>
    <trkpt lat="21.94685" lon="120.83906"/>
    <trkpt lat="21.94688" lon="120.83904"/>
    <trkpt lat="21.9469" lon="120.83901"/>
    <trkpt lat="21.94696" lon="120.83894"/>
    <trkpt lat="21.94699" lon="120.8389"/>
    <trkpt lat="21.94706" lon="120.8388"/>
    <trkpt lat="21.94707" lon="120.83878"/>
    <trkpt lat="21.94709" lon="120.83874"/>
    <trkpt lat="21.94725" lon="120.83851"/>
    <trkpt lat="21.94731" lon="120.83843"/>
    <trkpt lat="21.94733" lon="120.8384"/>
    <trkpt lat="21.94735" lon="120.83838"/>
    <trkpt lat="21.94741" lon="120.83828"/>
    <trkpt lat="21.94748" lon="120.83818"/>
    <trkpt lat="21.94756" lon="120.83808"/>
    <trkpt lat="21.94759" lon="120.83805"/>
    <trkpt lat="21.9476" lon="120.83803"/>
    <trkpt lat="21.94762" lon="120.83802"/>
    <trkpt lat="21.94763" lon="120.838"/>
    <trkpt lat="21.94765" lon="120.83799"/>
    <trkpt lat="21.94769" lon="120.83797"/>
    <trkpt lat="21.94773" lon="120.83796"/>
    <trkpt lat="21.94782" lon="120.83795"/>
    <trkpt lat="21.94785" lon="120.83795"/>
    <trkpt lat="21.9479" lon="120.83795"/>
    <trkpt lat="21.94794" lon="120.83795"/>
    <trkpt lat="21.94808" lon="120.838"/>
    <trkpt lat="21.94849" lon="120.83815"/>
    <trkpt lat="21.94867" lon="120.83821"/>
    <trkpt lat="21.94878" lon="120.83825"/>
    <trkpt lat="21.94886" lon="120.83827"/>
    <trkpt lat="21.94907" lon="120.83831"/>
    <trkpt lat="21.94914" lon="120.83833"/>
    <trkpt lat="21.94925" lon="120.83835"/>
    <trkpt lat="21.94943" lon="120.83838"/>
    <trkpt lat="21.94946" lon="120.83838"/>
    <trkpt lat="21.94955" lon="120.8384"/>
    <trkpt lat="21.94969" lon="120.83844"/>
    <trkpt lat="21.94976" lon="120.83846"/>
    <trkpt lat="21.95004" lon="120.83857"/>
    <trkpt lat="21.95027" lon="120.83865"/>
    <trkpt lat="21.95029" lon="120.83865"/>
    <trkpt lat="21.95046" lon="120.8387"/>
    <trkpt lat="21.95059" lon="120.83873"/>
    <trkpt lat="21.95063" lon="120.83875"/>
    <trkpt lat="21.95073" lon="120.83879"/>
    <trkpt lat="21.95078" lon="120.83883"/>
    <trkpt lat="21.95083" lon="120.83887"/>
    <trkpt lat="21.95088" lon="120.83891"/>
    <trkpt lat="21.95093" lon="120.83896"/>
    <trkpt lat="21.95097" lon="120.839"/>
    <trkpt lat="21.95104" lon="120.83909"/>
    <trkpt lat="21.9511" lon="120.83915"/>
    <trkpt lat="21.95117" lon="120.8392"/>
    <trkpt lat="21.95124" lon="120.83925"/>
    <trkpt lat="21.95129" lon="120.83927"/>
    <trkpt lat="21.95133" lon="120.83928"/>
    <trkpt lat="21.95137" lon="120.83929"/>
    <trkpt lat="21.9514" lon="120.8393"/>
    <trkpt lat="21.95154" lon="120.83933"/>
    <trkpt lat="21.95161" lon="120.83934"/>
    <trkpt lat="21.95165" lon="120.83935"/>
    <trkpt lat="21.95171" lon="120.83935"/>
    <trkpt lat="21.95176" lon="120.83935"/>
    <trkpt lat="21.95181" lon="120.83934"/>
    <trkpt lat="21.95191" lon="120.83931"/>
    <trkpt lat="21.95203" lon="120.83925"/>
    <trkpt lat="21.9521" lon="120.83921"/>
    <trkpt lat="21.95217" lon="120.83919"/>
    <trkpt lat="21.95223" lon="120.83916"/>
    <trkpt lat="21.95227" lon="120.83915"/>
    <trkpt lat="21.95238" lon="120.83912"/>
    <trkpt lat="21.9524" lon="120.83911"/>
    <trkpt lat="21.95249" lon="120.83909"/>
    <trkpt lat="21.95255" lon="120.83908"/>
    <trkpt lat="21.95261" lon="120.83908"/>
    <trkpt lat="21.95266" lon="120.83909"/>
    <trkpt lat="21.95271" lon="120.83909"/>
    <trkpt lat="21.95276" lon="120.83911"/>
    <trkpt lat="21.95278" lon="120.83911"/>
    <trkpt lat="21.95286" lon="120.83914"/>
    <trkpt lat="21.95297" lon="120.83919"/>
    <trkpt lat="21.9531" lon="120.83923"/>
    <trkpt lat="21.95319" lon="120.83927"/>
    <trkpt lat="21.95327" lon="120.83929"/>
    <trkpt lat="21.9533" lon="120.8393"/>
    <trkpt lat="21.95344" lon="120.83935"/>
    <trkpt lat="21.95347" lon="120.83936"/>
    <trkpt lat="21.95355" lon="120.83937"/>
    <trkpt lat="21.95362" lon="120.83938"/>
    <trkpt lat="21.95366" lon="120.83938"/>
    <trkpt lat="21.95374" lon="120.83937"/>
    <trkpt lat="21.95378" lon="120.83936"/>
    <trkpt lat="21.95379" lon="120.83936"/>
    <trkpt lat="21.95381" lon="120.83935"/>
    <trkpt lat="21.9539" lon="120.83931"/>
    <trkpt lat="21.95397" lon="120.83927"/>
    <trkpt lat="21.95411" lon="120.83919"/>
    <trkpt lat="21.95412" lon="120.83919"/>
    <trkpt lat="21.95425" lon="120.83911"/>
    <trkpt lat="21.95428" lon="120.8391"/>
    <trkpt lat="21.95434" lon="120.83906"/>
    <trkpt lat="21.95439" lon="120.83904"/>
    <trkpt lat="21.95444" lon="120.83902"/>
    <trkpt lat="21.95448" lon="120.83901"/>
    <trkpt lat="21.95457" lon="120.83898"/>
    <trkpt lat="21.95461" lon="120.83897"/>
    <trkpt lat="21.95464" lon="120.83896"/>
    <trkpt lat="21.95471" lon="120.83895"/>
    <trkpt lat="21.95477" lon="120.83894"/>
    <trkpt lat="21.95479" lon="120.83895"/>
    <trkpt lat="21.95483" lon="120.83895"/>
    <trkpt lat="21.95492" lon="120.83898"/>
    <trkpt lat="21.95508" lon="120.83907"/>
    <trkpt lat="21.95521" lon="120.83913"/>
    <trkpt lat="21.95529" lon="120.83916"/>
    <trkpt lat="21.95542" lon="120.83919"/>
    <trkpt lat="21.95561" lon="120.83922"/>
    <trkpt lat="21.95564" lon="120.83922"/>
    <trkpt lat="21.95582" lon="120.83925"/>
    <trkpt lat="21.956" lon="120.83927"/>
    <trkpt lat="21.95618" lon="120.83929"/>
    <trkpt lat="21.95627" lon="120.83931"/>
    <trkpt lat="21.95636" lon="120.83932"/>
    <trkpt lat="21.95648" lon="120.83934"/>
    <trkpt lat="21.95683" lon="120.83938"/>
    <trkpt lat="21.95701" lon="120.83941"/>
    <trkpt lat="21.95718" lon="120.83943"/>
    <trkpt lat="21.9575" lon="120.83947"/>
    <trkpt lat="21.95792" lon="120.83953"/>
    <trkpt lat="21.95824" lon="120.83956"/>
    <trkpt lat="21.95861" lon="120.83961"/>
    <trkpt lat="21.95906" lon="120.83967"/>
    <trkpt lat="21.95908" lon="120.83968"/>
    <trkpt lat="21.95924" lon="120.8397"/>
    <trkpt lat="21.95976" lon="120.83979"/>
    <trkpt lat="21.96032" lon="120.83988"/>
    <trkpt lat="21.96048" lon="120.83992"/>
    <trkpt lat="21.9607" lon="120.83995"/>
    <trkpt lat="21.96128" lon="120.84006"/>
    <trkpt lat="21.96154" lon="120.84012"/>
    <trkpt lat="21.96187" lon="120.84018"/>
    <trkpt lat="21.96225" lon="120.84026"/>
    <trkpt lat="21.96237" lon="120.84028"/>
    <trkpt lat="21.96287" lon="120.84038"/>
    <trkpt lat="21.96303" lon="120.84042"/>
    <trkpt lat="21.96316" lon="120.84045"/>
    <trkpt lat="21.96324" lon="120.84048"/>
    <trkpt lat="21.9633" lon="120.84051"/>
    <trkpt lat="21.96331" lon="120.84051"/>
    <trkpt lat="21.96343" lon="120.84057"/>
    <trkpt lat="21.96346" lon="120.84059"/>
    <trkpt lat="21.96361" lon="120.84068"/>
    <trkpt lat="21.96362" lon="120.84069"/>
    <trkpt lat="21.96373" lon="120.84078"/>
    <trkpt lat="21.9642" lon="120.84116"/>
    <trkpt lat="21.96425" lon="120.8412"/>
    <trkpt lat="21.96445" lon="120.84134"/>
    <trkpt lat="21.96451" lon="120.84138"/>
    <trkpt lat="21.96455" lon="120.84141"/>
    <trkpt lat="21.96463" lon="120.84145"/>
    <trkpt lat="21.96466" lon="120.84146"/>
    <trkpt lat="21.96468" lon="120.84147"/>
    <trkpt lat="21.96473" lon="120.84149"/>
    <trkpt lat="21.96483" lon="120.84153"/>
    <trkpt lat="21.96603" lon="120.84192"/>
    <trkpt lat="21.96692" lon="120.84222"/>
    <trkpt lat="21.96723" lon="120.84232"/>
    <trkpt lat="21.9674" lon="120.84238"/>
    <trkpt lat="21.96755" lon="120.84243"/>
    <trkpt lat="21.96758" lon="120.84244"/>
    <trkpt lat="21.96775" lon="120.8425"/>
    <trkpt lat="21.96792" lon="120.84256"/>
    <trkpt lat="21.96809" lon="120.84262"/>
    <trkpt lat="21.96817" lon="120.84265"/>
    <trkpt lat="21.96824" lon="120.84267"/>
    <trkpt lat="21.96858" lon="120.84279"/>
    <trkpt lat="21.9688" lon="120.84286"/>
    <trkpt lat="21.96927" lon="120.84302"/>
    <trkpt lat="21.96944" lon="120.84308"/>
    <trkpt lat="21.96948" lon="120.84309"/>
    <trkpt lat="21.96961" lon="120.84313"/>
    <trkpt lat="21.96978" lon="120.84318"/>
    <trkpt lat="21.96983" lon="120.8432"/>
    <trkpt lat="21.96996" lon="120.84323"/>
    <trkpt lat="21.96998" lon="120.84323"/>
    <trkpt lat="21.97004" lon="120.84325"/>
    <trkpt lat="21.9701" lon="120.84325"/>
    <trkpt lat="21.97015" lon="120.84326"/>
    <trkpt lat="21.97049" lon="120.84329"/>
    <trkpt lat="21.97058" lon="120.8433"/>
    <trkpt lat="21.97085" lon="120.84332"/>
    <trkpt lat="21.97096" lon="120.84333"/>
    <trkpt lat="21.97103" lon="120.84334"/>
    <trkpt lat="21.97114" lon="120.84334"/>
    <trkpt lat="21.97121" lon="120.84335"/>
    <trkpt lat="21.97122" lon="120.84335"/>
    <trkpt lat="21.9713" lon="120.84334"/>
    <trkpt lat="21.97132" lon="120.84334"/>
    <trkpt lat="21.97154" lon="120.84333"/>
    <trkpt lat="21.97175" lon="120.8433"/>
    <trkpt lat="21.97253" lon="120.84321"/>
    <trkpt lat="21.97274" lon="120.84319"/>
    <trkpt lat="21.9729" lon="120.84318"/>
    <trkpt lat="21.97292" lon="120.84318"/>
    <trkpt lat="21.973" lon="120.84318"/>
    <trkpt lat="21.97306" lon="120.84318"/>
    <trkpt lat="21.97318" lon="120.8432"/>
    <trkpt lat="21.97319" lon="120.8432"/>
    <trkpt lat="21.97327" lon="120.84321"/>
    <trkpt lat="21.97377" lon="120.8433"/>
    <trkpt lat="21.97384" lon="120.84331"/>
    <trkpt lat="21.97431" lon="120.8434"/>
    <trkpt lat="21.97432" lon="120.8434"/>
    <trkpt lat="21.97485" lon="120.84348"/>
    <trkpt lat="21.97488" lon="120.84349"/>
    <trkpt lat="21.97503" lon="120.84352"/>
    <trkpt lat="21.97511" lon="120.84353"/>
    <trkpt lat="21.97521" lon="120.84355"/>
    <trkpt lat="21.97555" lon="120.84361"/>
    <trkpt lat="21.97557" lon="120.84362"/>
    <trkpt lat="21.97586" lon="120.84366"/>
    <trkpt lat="21.9759" lon="120.84368"/>
    <trkpt lat="21.976" lon="120.84372"/>
    <trkpt lat="21.97605" lon="120.84373"/>
    <trkpt lat="21.97608" lon="120.84374"/>
    <trkpt lat="21.97612" lon="120.84375"/>
    <trkpt lat="21.97615" lon="120.84376"/>
    <trkpt lat="21.97621" lon="120.84378"/>
    <trkpt lat="21.97627" lon="120.84381"/>
    <trkpt lat="21.97631" lon="120.84383"/>
    <trkpt lat="21.97644" lon="120.84389"/>
    <trkpt lat="21.97654" lon="120.84394"/>
    <trkpt lat="21.97667" lon="120.844"/>
    <trkpt lat="21.97676" lon="120.84404"/>
    <trkpt lat="21.97691" lon="120.84409"/>
    <trkpt lat="21.97692" lon="120.8441"/>
    <trkpt lat="21.977" lon="120.84413"/>
    <trkpt lat="21.97712" lon="120.84416"/>
    <trkpt lat="21.97721" lon="120.84417"/>
    <trkpt lat="21.97727" lon="120.84418"/>
    <trkpt lat="21.97735" lon="120.84419"/>
    <trkpt lat="21.97742" lon="120.84418"/>
    <trkpt lat="21.97748" lon="120.84417"/>
    <trkpt lat="21.97753" lon="120.84416"/>
    <trkpt lat="21.97759" lon="120.84414"/>
    <trkpt lat="21.97765" lon="120.84412"/>
    <trkpt lat="21.9777" lon="120.84409"/>
    <trkpt lat="21.97774" lon="120.84407"/>
    <trkpt lat="21.97778" lon="120.84404"/>
    <trkpt lat="21.97781" lon="120.84401"/>
    <trkpt lat="21.97786" lon="120.84396"/>
    <trkpt lat="21.97792" lon="120.84389"/>
    <trkpt lat="21.97803" lon="120.84377"/>
    <trkpt lat="21.97817" lon="120.84362"/>
    <trkpt lat="21.97825" lon="120.84353"/>
    <trkpt lat="21.97829" lon="120.84348"/>
    <trkpt lat="21.97837" lon="120.84341"/>
    <trkpt lat="21.97838" lon="120.84339"/>
    <trkpt lat="21.97876" lon="120.84298"/>
    <trkpt lat="21.97892" lon="120.8428"/>
    <trkpt lat="21.97901" lon="120.8427"/>
    <trkpt lat="21.9791" lon="120.84261"/>
    <trkpt lat="21.97918" lon="120.84254"/>
    <trkpt lat="21.97924" lon="120.84249"/>
    <trkpt lat="21.97927" lon="120.84247"/>
    <trkpt lat="21.97931" lon="120.84244"/>
    <trkpt lat="21.97939" lon="120.84239"/>
    <trkpt lat="21.97943" lon="120.84237"/>
    <trkpt lat="21.97948" lon="120.84234"/>
    <trkpt lat="21.97955" lon="120.8423"/>
    <trkpt lat="21.97959" lon="120.84228"/>
    <trkpt lat="21.97969" lon="120.84223"/>
    <trkpt lat="21.97988" lon="120.84215"/>
    <trkpt lat="21.98009" lon="120.84206"/>
    <trkpt lat="21.98024" lon="120.842"/>
    <trkpt lat="21.98026" lon="120.84199"/>
    <trkpt lat="21.98043" lon="120.84193"/>
    <trkpt lat="21.98051" lon="120.84191"/>
    <trkpt lat="21.98057" lon="120.8419"/>
    <trkpt lat="21.98063" lon="120.8419"/>
    <trkpt lat="21.98068" lon="120.8419"/>
    <trkpt lat="21.98076" lon="120.84191"/>
    <trkpt lat="21.98083" lon="120.84192"/>
    <trkpt lat="21.98088" lon="120.84194"/>
    <trkpt lat="21.98096" lon="120.84197"/>
    <trkpt lat="21.98118" lon="120.84205"/>
    <trkpt lat="21.98133" lon="120.84208"/>
    <trkpt lat="21.98145" lon="120.84208"/>
    <trkpt lat="21.98155" lon="120.84206"/>
    <trkpt lat="21.98156" lon="120.84206"/>
    <trkpt lat="21.98168" lon="120.84201"/>
    <trkpt lat="21.98171" lon="120.84199"/>
    <trkpt lat="21.98187" lon="120.8419"/>
    <trkpt lat="21.98189" lon="120.84189"/>
    <trkpt lat="21.98191" lon="120.84188"/>
    <trkpt lat="21.98203" lon="120.84182"/>
    <trkpt lat="21.98204" lon="120.84181"/>
    <trkpt lat="21.98205" lon="120.84181"/>
    <trkpt lat="21.98213" lon="120.84178"/>
    <trkpt lat="21.98222" lon="120.84176"/>
    <trkpt lat="21.98225" lon="120.84176"/>
    <trkpt lat="21.98229" lon="120.84176"/>
    <trkpt lat="21.98234" lon="120.84176"/>
    <trkpt lat="21.98238" lon="120.84177"/>
    <trkpt lat="21.98245" lon="120.84178"/>
    <trkpt lat="21.98252" lon="120.8418"/>
    <trkpt lat="21.98257" lon="120.84182"/>
    <trkpt lat="21.98269" lon="120.84186"/>
    <trkpt lat="21.98275" lon="120.84188"/>
    <trkpt lat="21.98283" lon="120.84189"/>
    <trkpt lat="21.98291" lon="120.8419"/>
    <trkpt lat="21.98297" lon="120.8419"/>
    <trkpt lat="21.98302" lon="120.84189"/>
    <trkpt lat="21.98312" lon="120.84186"/>
    <trkpt lat="21.98322" lon="120.84182"/>
    <trkpt lat="21.98326" lon="120.8418"/>
    <trkpt lat="21.98342" lon="120.84173"/>
    <trkpt lat="21.98373" lon="120.84153"/>
    <trkpt lat="21.98389" lon="120.84143"/>
    <trkpt lat="21.98419" lon="120.84123"/>
    <trkpt lat="21.98436" lon="120.84116"/>
    <trkpt lat="21.98453" lon="120.84109"/>
    <trkpt lat="21.98469" lon="120.84102"/>
    <trkpt lat="21.98474" lon="120.841"/>
    <trkpt lat="21.98486" lon="120.84095"/>
    <trkpt lat="21.98502" lon="120.84089"/>
    <trkpt lat="21.98514" lon="120.84085"/>
    <trkpt lat="21.98519" lon="120.84083"/>
    <trkpt lat="21.98524" lon="120.84082"/>
    <trkpt lat="21.98528" lon="120.84081"/>
    <trkpt lat="21.9853" lon="120.84081"/>
    <trkpt lat="21.98535" lon="120.84082"/>
    <trkpt lat="21.98538" lon="120.84082"/>
    <trkpt lat="21.98543" lon="120.84083"/>
    <trkpt lat="21.98549" lon="120.84086"/>
    <trkpt lat="21.98557" lon="120.8409"/>
    <trkpt lat="21.98566" lon="120.84094"/>
    <trkpt lat="21.98568" lon="120.84095"/>
    <trkpt lat="21.98581" lon="120.841"/>
    <trkpt lat="21.98581" lon="120.84101"/>
    <trkpt lat="21.98582" lon="120.84101"/>
    <trkpt lat="21.98591" lon="120.84102"/>
    <trkpt lat="21.98601" lon="120.84102"/>
    <trkpt lat="21.9861" lon="120.84102"/>
    <trkpt lat="21.98615" lon="120.84101"/>
    <trkpt lat="21.98619" lon="120.84101"/>
    <trkpt lat="21.98625" lon="120.84099"/>
    <trkpt lat="21.98636" lon="120.84095"/>
    <trkpt lat="21.9865" lon="120.8409"/>
    <trkpt lat="21.98667" lon="120.84084"/>
    <trkpt lat="21.98668" lon="120.84083"/>
    <trkpt lat="21.98696" lon="120.84073"/>
    <trkpt lat="21.98701" lon="120.84072"/>
    <trkpt lat="21.98707" lon="120.84071"/>
    <trkpt lat="21.98719" lon="120.84071"/>
    <trkpt lat="21.98724" lon="120.84071"/>
    <trkpt lat="21.98736" lon="120.84073"/>
    <trkpt lat="21.98754" lon="120.84078"/>
    <trkpt lat="21.98789" lon="120.84088"/>
    <trkpt lat="21.98806" lon="120.84093"/>
    <trkpt lat="21.98823" lon="120.84099"/>
    <trkpt lat="21.98841" lon="120.84104"/>
    <trkpt lat="21.98893" lon="120.84119"/>
    <trkpt lat="21.9891" lon="120.84124"/>
    <trkpt lat="21.98927" lon="120.84129"/>
    <trkpt lat="21.98947" lon="120.84135"/>
    <trkpt lat="21.98963" lon="120.84132"/>
    <trkpt lat="21.98969" lon="120.84131"/>
    <trkpt lat="21.98975" lon="120.8413"/>
    <trkpt lat="21.9899" lon="120.84124"/>
    <trkpt lat="21.99004" lon="120.84119"/>
    <trkpt lat="21.99023" lon="120.84091"/>
    <trkpt lat="21.99043" lon="120.84064"/>
    <trkpt lat="21.99053" lon="120.84048"/>
    <trkpt lat="21.99059" lon="120.84039"/>
    <trkpt lat="21.99068" lon="120.84014"/>
    <trkpt lat="21.99074" lon="120.83987"/>
    <trkpt lat="21.99081" lon="120.83923"/>
    <trkpt lat="21.99087" lon="120.83892"/>
    <trkpt lat="21.99093" lon="120.8386"/>
    <trkpt lat="21.99096" lon="120.83841"/>
    <trkpt lat="21.99099" lon="120.83827"/>
    <trkpt lat="21.99102" lon="120.83808"/>
    <trkpt lat="21.99102" lon="120.83807"/>
    <trkpt lat="21.99106" lon="120.83788"/>
    <trkpt lat="21.99109" lon="120.83769"/>
    <trkpt lat="21.99115" lon="120.83739"/>
    <trkpt lat="21.99119" lon="120.83719"/>
    <trkpt lat="21.99124" lon="120.83691"/>
    <trkpt lat="21.99132" lon="120.83652"/>
    <trkpt lat="21.99139" lon="120.83612"/>
    <trkpt lat="21.99144" lon="120.83585"/>
    <trkpt lat="21.99148" lon="120.83566"/>
    <trkpt lat="21.99153" lon="120.83537"/>
    <trkpt lat="21.99158" lon="120.83508"/>
    <trkpt lat="21.9916" lon="120.83496"/>
    <trkpt lat="21.99163" lon="120.83485"/>
    <trkpt lat="21.99166" lon="120.83464"/>
    <trkpt lat="21.9917" lon="120.83441"/>
    <trkpt lat="21.99174" lon="120.83421"/>
    <trkpt lat="21.99177" lon="120.83403"/>
    <trkpt lat="21.9918" lon="120.83388"/>
    <trkpt lat="21.99183" lon="120.83365"/>
    <trkpt lat="21.99187" lon="120.83344"/>
    <trkpt lat="21.9919" lon="120.83325"/>
    <trkpt lat="21.99196" lon="120.83295"/>
    <trkpt lat="21.99199" lon="120.8328"/>
    <trkpt lat="21.99199" lon="120.83267"/>
    <trkpt lat="21.99199" lon="120.83261"/>
    <trkpt lat="21.99198" lon="120.83255"/>
    <trkpt lat="21.99197" lon="120.83248"/>
    <trkpt lat="21.99196" lon="120.83242"/>
    <trkpt lat="21.99187" lon="120.83186"/>
    <trkpt lat="21.9918" lon="120.83149"/>
    <trkpt lat="21.99168" lon="120.83086"/>
    <trkpt lat="21.99159" lon="120.83037"/>
    <trkpt lat="21.99156" lon="120.83022"/>
    <trkpt lat="21.99149" lon="120.8299"/>
    <trkpt lat="21.99143" lon="120.82954"/>
    <trkpt lat="21.99137" lon="120.82918"/>
    <trkpt lat="21.99133" lon="120.82889"/>
    <trkpt lat="21.9912" lon="120.82802"/>
    <trkpt lat="21.99117" lon="120.82786"/>
    <trkpt lat="21.99103" lon="120.82707"/>
    <trkpt lat="21.99101" lon="120.82658"/>
    <trkpt lat="21.99099" lon="120.82646"/>
    <trkpt lat="21.99087" lon="120.82565"/>
    <trkpt lat="21.9908" lon="120.82517"/>
    <trkpt lat="21.99075" lon="120.82488"/>
    <trkpt lat="21.99074" lon="120.82476"/>
    <trkpt lat="21.99073" lon="120.82467"/>
    <trkpt lat="21.99073" lon="120.82457"/>
    <trkpt lat="21.99074" lon="120.82449"/>
    <trkpt lat="21.99074" lon="120.82442"/>
    <trkpt lat="21.99075" lon="120.82437"/>
    <trkpt lat="21.99076" lon="120.82431"/>
    <trkpt lat="21.99078" lon="120.82423"/>
    <trkpt lat="21.99085" lon="120.82406"/>
    <trkpt lat="21.99102" lon="120.82362"/>
    <trkpt lat="21.99108" lon="120.8235"/>
    <trkpt lat="21.99112" lon="120.82344"/>
    <trkpt lat="21.99118" lon="120.82338"/>
    <trkpt lat="21.99128" lon="120.82328"/>
    <trkpt lat="21.99165" lon="120.82293"/>
    <trkpt lat="21.99184" lon="120.82278"/>
    <trkpt lat="21.99213" lon="120.82257"/>
    <trkpt lat="21.99226" lon="120.82248"/>
    <trkpt lat="21.99229" lon="120.82247"/>
    <trkpt lat="21.99245" lon="120.82238"/>
    <trkpt lat="21.99251" lon="120.82234"/>
    <trkpt lat="21.9926" lon="120.82228"/>
    <trkpt lat="21.99275" lon="120.82218"/>
    <trkpt lat="21.9932" lon="120.82187"/>
    <trkpt lat="21.99323" lon="120.82183"/>
    <trkpt lat="21.99324" lon="120.82181"/>
    <trkpt lat="21.99327" lon="120.82178"/>
    <trkpt lat="21.99331" lon="120.82173"/>
    <trkpt lat="21.99396" lon="120.82115"/>
    <trkpt lat="21.99402" lon="120.8211"/>
    <trkpt lat="21.99612" lon="120.81923"/>
    <trkpt lat="21.99716" lon="120.81832"/>
    <trkpt lat="21.9973" lon="120.8182"/>
    <trkpt lat="21.99772" lon="120.81784"/>
    <trkpt lat="21.9979" lon="120.81768"/>
    <trkpt lat="21.9982" lon="120.81742"/>
    <trkpt lat="21.9986" lon="120.81706"/>
    <trkpt lat="21.999" lon="120.81668"/>
    <trkpt lat="21.99964" lon="120.81609"/>
    <trkpt lat="22.00006" lon="120.81572"/>
    <trkpt lat="22.00022" lon="120.81558"/>
    <trkpt lat="22.00245" lon="120.81367"/>
    <trkpt lat="22.00259" lon="120.81354"/>
    <trkpt lat="22.00315" lon="120.81306"/>
    <trkpt lat="22.00329" lon="120.81294"/>
    <trkpt lat="22.00344" lon="120.81282"/>
    <trkpt lat="22.00397" lon="120.81237"/>
    <trkpt lat="22.00397" lon="120.81236"/>
    <trkpt lat="22.0041" lon="120.81225"/>
    <trkpt lat="22.0042" lon="120.81215"/>
    <trkpt lat="22.0043" lon="120.81204"/>
    <trkpt lat="22.00435" lon="120.81196"/>
    <trkpt lat="22.0044" lon="120.81189"/>
    <trkpt lat="22.00443" lon="120.81182"/>
    <trkpt lat="22.00453" lon="120.81155"/>
    <trkpt lat="22.00488" lon="120.81062"/>
    <trkpt lat="22.0049" lon="120.81058"/>
    <trkpt lat="22.00493" lon="120.81055"/>
    <trkpt lat="22.00497" lon="120.81051"/>
    <trkpt lat="22.00516" lon="120.80976"/>
    <trkpt lat="22.0052" lon="120.80963"/>
    <trkpt lat="22.00522" lon="120.80956"/>
    <trkpt lat="22.00525" lon="120.80949"/>
    <trkpt lat="22.00529" lon="120.80939"/>
    <trkpt lat="22.00537" lon="120.80925"/>
    <trkpt lat="22.00547" lon="120.8091"/>
    <trkpt lat="22.0056" lon="120.80894"/>
    <trkpt lat="22.00587" lon="120.8086"/>
    <trkpt lat="22.00589" lon="120.80857"/>
    <trkpt lat="22.00612" lon="120.80829"/>
    <trkpt lat="22.00613" lon="120.80827"/>
    <trkpt lat="22.00633" lon="120.80803"/>
    <trkpt lat="22.00662" lon="120.80767"/>
    <trkpt lat="22.00685" lon="120.80736"/>
    <trkpt lat="22.00687" lon="120.80732"/>
    <trkpt lat="22.0069" lon="120.80728"/>
    <trkpt lat="22.00695" lon="120.80719"/>
    <trkpt lat="22.00716" lon="120.80687"/>
    <trkpt lat="22.00728" lon="120.80663"/>
    <trkpt lat="22.00735" lon="120.80649"/>
    <trkpt lat="22.00743" lon="120.80631"/>
    <trkpt lat="22.00748" lon="120.80616"/>
    <trkpt lat="22.0075" lon="120.80611"/>
    <trkpt lat="22.00754" lon="120.80597"/>
    <trkpt lat="22.00768" lon="120.80553"/>
    <trkpt lat="22.00771" lon="120.80545"/>
    <trkpt lat="22.00772" lon="120.80542"/>
    <trkpt lat="22.00773" lon="120.80539"/>
    <trkpt lat="22.00783" lon="120.80503"/>
    <trkpt lat="22.00792" lon="120.80476"/>
    <trkpt lat="22.00795" lon="120.80469"/>
    <trkpt lat="22.00799" lon="120.80462"/>
    <trkpt lat="22.008" lon="120.80459"/>
    <trkpt lat="22.00804" lon="120.8045"/>
    <trkpt lat="22.00808" lon="120.80445"/>
    <trkpt lat="22.00811" lon="120.8044"/>
    <trkpt lat="22.00839" lon="120.80392"/>
    <trkpt lat="22.00842" lon="120.80387"/>
    <trkpt lat="22.0085" lon="120.80373"/>
    <trkpt lat="22.00858" lon="120.80358"/>
    <trkpt lat="22.00862" lon="120.80345"/>
    <trkpt lat="22.00867" lon="120.80327"/>
    <trkpt lat="22.00871" lon="120.80306"/>
    <trkpt lat="22.00877" lon="120.80269"/>
    <trkpt lat="22.00878" lon="120.80265"/>
    <trkpt lat="22.00891" lon="120.80185"/>
    <trkpt lat="22.00914" lon="120.80047"/>
    <trkpt lat="22.00915" lon="120.80041"/>
    <trkpt lat="22.00921" lon="120.80009"/>
    <trkpt lat="22.00924" lon="120.79991"/>
    <trkpt lat="22.00924" lon="120.7999"/>
    <trkpt lat="22.00927" lon="120.79971"/>
    <trkpt lat="22.00929" lon="120.79954"/>
    <trkpt lat="22.00932" lon="120.79932"/>
    <trkpt lat="22.00934" lon="120.79913"/>
    <trkpt lat="22.00939" lon="120.79876"/>
    <trkpt lat="22.00945" lon="120.79817"/>
    <trkpt lat="22.00947" lon="120.79798"/>
    <trkpt lat="22.00949" lon="120.79783"/>
    <trkpt lat="22.0095" lon="120.79765"/>
    <trkpt lat="22.00952" lon="120.79743"/>
    <trkpt lat="22.0096" lon="120.79679"/>
    <trkpt lat="22.0096" lon="120.79678"/>
    <trkpt lat="22.00962" lon="120.79655"/>
    <trkpt lat="22.00962" lon="120.79645"/>
    <trkpt lat="22.00962" lon="120.79626"/>
    <trkpt lat="22.00961" lon="120.79615"/>
    <trkpt lat="22.00958" lon="120.79603"/>
    <trkpt lat="22.00954" lon="120.79589"/>
    <trkpt lat="22.0094" lon="120.79551"/>
    <trkpt lat="22.00936" lon="120.79542"/>
    <trkpt lat="22.00913" lon="120.79477"/>
    <trkpt lat="22.0091" lon="120.7947"/>
    <trkpt lat="22.00903" lon="120.79452"/>
    <trkpt lat="22.0086" lon="120.79333"/>
    <trkpt lat="22.00849" lon="120.79305"/>
    <trkpt lat="22.00844" lon="120.79294"/>
    <trkpt lat="22.00841" lon="120.79287"/>
    <trkpt lat="22.0084" lon="120.79285"/>
    <trkpt lat="22.00834" lon="120.79273"/>
    <trkpt lat="22.00824" lon="120.79258"/>
    <trkpt lat="22.00804" lon="120.79232"/>
    <trkpt lat="22.00799" lon="120.79225"/>
    <trkpt lat="22.00793" lon="120.79215"/>
    <trkpt lat="22.00789" lon="120.79205"/>
    <trkpt lat="22.00785" lon="120.79194"/>
    <trkpt lat="22.00783" lon="120.79185"/>
    <trkpt lat="22.00782" lon="120.79177"/>
    <trkpt lat="22.00781" lon="120.79167"/>
    <trkpt lat="22.00781" lon="120.79156"/>
    <trkpt lat="22.00786" lon="120.7913"/>
    <trkpt lat="22.00793" lon="120.79101"/>
    <trkpt lat="22.00805" lon="120.79065"/>
    <trkpt lat="22.00809" lon="120.79053"/>
    <trkpt lat="22.00812" lon="120.79046"/>
    <trkpt lat="22.00817" lon="120.79039"/>
    <trkpt lat="22.00825" lon="120.7903"/>
    <trkpt lat="22.00834" lon="120.79022"/>
    <trkpt lat="22.0087" lon="120.7899"/>
    <trkpt lat="22.00878" lon="120.78982"/>
    <trkpt lat="22.00887" lon="120.78974"/>
    <trkpt lat="22.00896" lon="120.78964"/>
    <trkpt lat="22.009" lon="120.78959"/>
    <trkpt lat="22.00902" lon="120.78955"/>
    <trkpt lat="22.00904" lon="120.78951"/>
    <trkpt lat="22.00905" lon="120.78947"/>
    <trkpt lat="22.00906" lon="120.78943"/>
    <trkpt lat="22.00906" lon="120.78938"/>
    <trkpt lat="22.00906" lon="120.78934"/>
    <trkpt lat="22.00906" lon="120.78929"/>
    <trkpt lat="22.00905" lon="120.78925"/>
    <trkpt lat="22.00903" lon="120.78919"/>
    <trkpt lat="22.009" lon="120.78913"/>
    <trkpt lat="22.00897" lon="120.78909"/>
    <trkpt lat="22.00894" lon="120.78906"/>
    <trkpt lat="22.00891" lon="120.78903"/>
    <trkpt lat="22.00887" lon="120.78899"/>
    <trkpt lat="22.00882" lon="120.78896"/>
    <trkpt lat="22.00876" lon="120.78892"/>
    <trkpt lat="22.00866" lon="120.78889"/>
    <trkpt lat="22.00855" lon="120.78887"/>
    <trkpt lat="22.00854" lon="120.78887"/>
    <trkpt lat="22.00845" lon="120.78887"/>
    <trkpt lat="22.00838" lon="120.78887"/>
    <trkpt lat="22.00837" lon="120.78886"/>
    <trkpt lat="22.0083" lon="120.78886"/>
    <trkpt lat="22.00823" lon="120.78885"/>
    <trkpt lat="22.00819" lon="120.78884"/>
    <trkpt lat="22.00817" lon="120.78884"/>
    <trkpt lat="22.00807" lon="120.7888"/>
    <trkpt lat="22.008" lon="120.78876"/>
    <trkpt lat="22.00793" lon="120.78872"/>
    <trkpt lat="22.00785" lon="120.78864"/>
    <trkpt lat="22.00776" lon="120.78853"/>
    <trkpt lat="22.00774" lon="120.7885"/>
    <trkpt lat="22.00771" lon="120.78846"/>
    <trkpt lat="22.00768" lon="120.7884"/>
    <trkpt lat="22.00764" lon="120.78832"/>
    <trkpt lat="22.00762" lon="120.78826"/>
    <trkpt lat="22.00754" lon="120.78803"/>
    <trkpt lat="22.00751" lon="120.78792"/>
    <trkpt lat="22.00749" lon="120.7878"/>
    <trkpt lat="22.00746" lon="120.78763"/>
    <trkpt lat="22.00746" lon="120.78757"/>
    <trkpt lat="22.00746" lon="120.78751"/>
    <trkpt lat="22.00747" lon="120.78738"/>
    <trkpt lat="22.00749" lon="120.78731"/>
    <trkpt lat="22.00752" lon="120.7872"/>
    <trkpt lat="22.00763" lon="120.78688"/>
    <trkpt lat="22.00778" lon="120.78651"/>
    <trkpt lat="22.00781" lon="120.78644"/>
    <trkpt lat="22.00783" lon="120.78637"/>
    <trkpt lat="22.00783" lon="120.78633"/>
    <trkpt lat="22.00784" lon="120.78629"/>
    <trkpt lat="22.00786" lon="120.786"/>
    <trkpt lat="22.00785" lon="120.78588"/>
    <trkpt lat="22.00783" lon="120.78571"/>
    <trkpt lat="22.00777" lon="120.78549"/>
    <trkpt lat="22.00774" lon="120.78537"/>
    <trkpt lat="22.00759" lon="120.78496"/>
    <trkpt lat="22.00753" lon="120.7848"/>
    <trkpt lat="22.00752" lon="120.78478"/>
    <trkpt lat="22.00738" lon="120.78442"/>
    <trkpt lat="22.00724" lon="120.78407"/>
    <trkpt lat="22.00717" lon="120.78388"/>
    <trkpt lat="22.0071" lon="120.78371"/>
    <trkpt lat="22.00698" lon="120.78339"/>
    <trkpt lat="22.00693" lon="120.78329"/>
    <trkpt lat="22.00689" lon="120.78321"/>
    <trkpt lat="22.00682" lon="120.78311"/>
    <trkpt lat="22.0067" lon="120.78295"/>
    <trkpt lat="22.00632" lon="120.78247"/>
    <trkpt lat="22.00623" lon="120.78233"/>
    <trkpt lat="22.00615" lon="120.7822"/>
    <trkpt lat="22.00607" lon="120.78203"/>
    <trkpt lat="22.00593" lon="120.78173"/>
    <trkpt lat="22.00564" lon="120.78113"/>
    <trkpt lat="22.00558" lon="120.781"/>
    <trkpt lat="22.00553" lon="120.78088"/>
    <trkpt lat="22.0055" lon="120.78076"/>
    <trkpt lat="22.00547" lon="120.78066"/>
    <trkpt lat="22.00542" lon="120.78037"/>
    <trkpt lat="22.00539" lon="120.78025"/>
    <trkpt lat="22.00533" lon="120.78009"/>
    <trkpt lat="22.00528" lon="120.77998"/>
    <trkpt lat="22.0051" lon="120.77964"/>
    <trkpt lat="22.00501" lon="120.77948"/>
    <trkpt lat="22.00501" lon="120.77947"/>
    <trkpt lat="22.00499" lon="120.77943"/>
    <trkpt lat="22.00449" lon="120.77857"/>
    <trkpt lat="22.00433" lon="120.77832"/>
    <trkpt lat="22.00427" lon="120.77824"/>
    <trkpt lat="22.0042" lon="120.77814"/>
    <trkpt lat="22.00395" lon="120.77782"/>
    <trkpt lat="22.00385" lon="120.77769"/>
    <trkpt lat="22.00372" lon="120.77751"/>
    <trkpt lat="22.00326" lon="120.77692"/>
    <trkpt lat="22.00318" lon="120.7768"/>
    <trkpt lat="22.00315" lon="120.7767"/>
    <trkpt lat="22.00313" lon="120.7766"/>
    <trkpt lat="22.00311" lon="120.77649"/>
    <trkpt lat="22.00309" lon="120.77631"/>
    <trkpt lat="22.00306" lon="120.7759"/>
    <trkpt lat="22.00304" lon="120.77566"/>
    <trkpt lat="22.00303" lon="120.77547"/>
    <trkpt lat="22.00302" lon="120.77527"/>
    <trkpt lat="22.00295" lon="120.77428"/>
    <trkpt lat="22.00289" lon="120.77331"/>
    <trkpt lat="22.00288" lon="120.77318"/>
    <trkpt lat="22.00287" lon="120.77294"/>
    <trkpt lat="22.00286" lon="120.77272"/>
    <trkpt lat="22.00286" lon="120.77263"/>
    <trkpt lat="22.00286" lon="120.7726"/>
    <trkpt lat="22.00287" lon="120.77243"/>
    <trkpt lat="22.0029" lon="120.77212"/>
    <trkpt lat="22.00291" lon="120.77196"/>
    <trkpt lat="22.00296" lon="120.77148"/>
    <trkpt lat="22.00299" lon="120.77132"/>
    <trkpt lat="22.00302" lon="120.77121"/>
    <trkpt lat="22.00306" lon="120.77111"/>
    <trkpt lat="22.0031" lon="120.771"/>
    <trkpt lat="22.00317" lon="120.77089"/>
    <trkpt lat="22.00322" lon="120.77082"/>
    <trkpt lat="22.00333" lon="120.7707"/>
    <trkpt lat="22.00358" lon="120.77046"/>
    <trkpt lat="22.00369" lon="120.77035"/>
    <trkpt lat="22.00376" lon="120.77027"/>
    <trkpt lat="22.00382" lon="120.77018"/>
    <trkpt lat="22.0039" lon="120.77002"/>
    <trkpt lat="22.00395" lon="120.76989"/>
    <trkpt lat="22.00398" lon="120.76977"/>
    <trkpt lat="22.00399" lon="120.76965"/>
    <trkpt lat="22.00399" lon="120.76958"/>
    <trkpt lat="22.00399" lon="120.76954"/>
    <trkpt lat="22.00399" lon="120.76942"/>
    <trkpt lat="22.00397" lon="120.76921"/>
    <trkpt lat="22.00396" lon="120.76904"/>
    <trkpt lat="22.00397" lon="120.76899"/>
    <trkpt lat="22.00397" lon="120.76888"/>
    <trkpt lat="22.00398" lon="120.7688"/>
    <trkpt lat="22.00398" lon="120.76877"/>
    <trkpt lat="22.004" lon="120.76863"/>
    <trkpt lat="22.004" lon="120.76861"/>
    <trkpt lat="22.00405" lon="120.76831"/>
    <trkpt lat="22.00408" lon="120.76815"/>
    <trkpt lat="22.00409" lon="120.76804"/>
    <trkpt lat="22.00409" lon="120.7679"/>
    <trkpt lat="22.00408" lon="120.76778"/>
    <trkpt lat="22.00407" lon="120.76767"/>
    <trkpt lat="22.00403" lon="120.7675"/>
    <trkpt lat="22.00392" lon="120.76704"/>
    <trkpt lat="22.00379" lon="120.76648"/>
    <trkpt lat="22.00375" lon="120.76632"/>
    <trkpt lat="22.00362" lon="120.76579"/>
    <trkpt lat="22.00357" lon="120.76556"/>
    <trkpt lat="22.00356" lon="120.7655"/>
    <trkpt lat="22.00354" lon="120.76537"/>
    <trkpt lat="22.00348" lon="120.76499"/>
    <trkpt lat="22.00339" lon="120.76433"/>
    <trkpt lat="22.00338" lon="120.76419"/>
    <trkpt lat="22.00337" lon="120.76406"/>
    <trkpt lat="22.00339" lon="120.76396"/>
    <trkpt lat="22.00341" lon="120.76387"/>
    <trkpt lat="22.00341" lon="120.76386"/>
    <trkpt lat="22.00344" lon="120.76378"/>
    <trkpt lat="22.00348" lon="120.76369"/>
    <trkpt lat="22.00353" lon="120.7636"/>
    <trkpt lat="22.00359" lon="120.7635"/>
    <trkpt lat="22.0037" lon="120.76338"/>
    <trkpt lat="22.00396" lon="120.76322"/>
    <trkpt lat="22.00463" lon="120.76277"/>
    <trkpt lat="22.00503" lon="120.76248"/>
    <trkpt lat="22.00505" lon="120.76247"/>
    <trkpt lat="22.0056" lon="120.76209"/>
    <trkpt lat="22.00575" lon="120.76198"/>
    <trkpt lat="22.00583" lon="120.7619"/>
    <trkpt lat="22.00595" lon="120.76179"/>
    <trkpt lat="22.00603" lon="120.7617"/>
    <trkpt lat="22.00616" lon="120.7615"/>
    <trkpt lat="22.00624" lon="120.76136"/>
    <trkpt lat="22.00628" lon="120.76127"/>
    <trkpt lat="22.00639" lon="120.76103"/>
    <trkpt lat="22.00641" lon="120.76097"/>
    <trkpt lat="22.00644" lon="120.76091"/>
    <trkpt lat="22.00647" lon="120.76084"/>
    <trkpt lat="22.00652" lon="120.76073"/>
    <trkpt lat="22.00673" lon="120.76022"/>
    <trkpt lat="22.00678" lon="120.76007"/>
    <trkpt lat="22.00685" lon="120.75985"/>
    <trkpt lat="22.007" lon="120.75882"/>
    <trkpt lat="22.00702" lon="120.75863"/>
    <trkpt lat="22.00704" lon="120.75844"/>
    <trkpt lat="22.00705" lon="120.7584"/>
    <trkpt lat="22.00709" lon="120.75805"/>
    <trkpt lat="22.00714" lon="120.75767"/>
    <trkpt lat="22.00717" lon="120.75748"/>
    <trkpt lat="22.00719" lon="120.75733"/>
    <trkpt lat="22.00719" lon="120.75728"/>
    <trkpt lat="22.0072" lon="120.75717"/>
    <trkpt lat="22.00718" lon="120.75705"/>
    <trkpt lat="22.00715" lon="120.75696"/>
    <trkpt lat="22.00713" lon="120.75691"/>
    <trkpt lat="22.0071" lon="120.75683"/>
    <trkpt lat="22.00705" lon="120.75673"/>
    <trkpt lat="22.00665" lon="120.7559"/>
    <trkpt lat="22.00618" lon="120.75464"/>
    <trkpt lat="22.00601" lon="120.75418"/>
    <trkpt lat="22.00577" lon="120.75362"/>
    <trkpt lat="22.00558" lon="120.75325"/>
    <trkpt lat="22.00557" lon="120.75322"/>
    <trkpt lat="22.00554" lon="120.75317"/>
    <trkpt lat="22.00498" lon="120.75209"/>
    <trkpt lat="22.00496" lon="120.75206"/>
    <trkpt lat="22.00478" lon="120.75172"/>
    <trkpt lat="22.00469" lon="120.75156"/>
    <trkpt lat="22.00454" lon="120.75128"/>
    <trkpt lat="22.00452" lon="120.75124"/>
    <trkpt lat="22.00448" lon="120.75116"/>
    <trkpt lat="22.0043" lon="120.75082"/>
    <trkpt lat="22.00429" lon="120.7508"/>
    <trkpt lat="22.00461" lon="120.75071"/>
    <trkpt lat="22.00531" lon="120.75049"/>
    <trkpt lat="22.00542" lon="120.75046"/>
    <trkpt lat="22.00691" lon="120.75"/>
    <trkpt lat="22.00713" lon="120.74993"/>
    <trkpt lat="22.00725" lon="120.74988"/>
    <trkpt lat="22.00738" lon="120.74981"/>
    <trkpt lat="22.00742" lon="120.74979"/>
    <trkpt lat="22.00757" lon="120.7497"/>
    <trkpt lat="22.00766" lon="120.74964"/>
    <trkpt lat="22.00797" lon="120.74937"/>
    <trkpt lat="22.00813" lon="120.74921"/>
    <trkpt lat="22.00827" lon="120.74906"/>
    <trkpt lat="22.00838" lon="120.7489"/>
    <trkpt lat="22.0085" lon="120.7487"/>
    <trkpt lat="22.0087" lon="120.7483"/>
    <trkpt lat="22.00875" lon="120.74814"/>
    <trkpt lat="22.00892" lon="120.74762"/>
    <trkpt lat="22.00901" lon="120.74727"/>
    <trkpt lat="22.00904" lon="120.74718"/>
    <trkpt lat="22.00917" lon="120.74671"/>
    <trkpt lat="22.00934" lon="120.74619"/>
    <trkpt lat="22.00937" lon="120.74604"/>
    <trkpt lat="22.00949" lon="120.74561"/>
    <trkpt lat="22.00954" lon="120.74544"/>
    <trkpt lat="22.0096" lon="120.7452"/>
    <trkpt lat="22.00973" lon="120.7448"/>
    <trkpt lat="22.00979" lon="120.74462"/>
    <trkpt lat="22.01" lon="120.74393"/>
    <trkpt lat="22.01011" lon="120.74396"/>
    <trkpt lat="22.01051" lon="120.74405"/>
    <trkpt lat="22.01146" lon="120.74429"/>
    <trkpt lat="22.01169" lon="120.74434"/>
    <trkpt lat="22.01233" lon="120.74447"/>
    <trkpt lat="22.01247" lon="120.74447"/>
    <trkpt lat="22.01261" lon="120.74447"/>
    <trkpt lat="22.01277" lon="120.74446"/>
    <trkpt lat="22.01296" lon="120.74445"/>
    <trkpt lat="22.01305" lon="120.74444"/>
    <trkpt lat="22.01356" lon="120.74438"/>
    <trkpt lat="22.01408" lon="120.74434"/>
    <trkpt lat="22.01418" lon="120.74434"/>
    <trkpt lat="22.01449" lon="120.74431"/>
    <trkpt lat="22.0151" lon="120.74428"/>
    <trkpt lat="22.01558" lon="120.74422"/>
    <trkpt lat="22.01562" lon="120.74422"/>
    <trkpt lat="22.01568" lon="120.74422"/>
    <trkpt lat="22.01573" lon="120.74419"/>
    <trkpt lat="22.0159" lon="120.74419"/>
    <trkpt lat="22.01618" lon="120.7442"/>
    <trkpt lat="22.0164" lon="120.7442"/>
    <trkpt lat="22.01667" lon="120.74418"/>
    <trkpt lat="22.01857" lon="120.74404"/>
    <trkpt lat="22.01968" lon="120.74401"/>
    <trkpt lat="22.01998" lon="120.744"/>
    <trkpt lat="22.02015" lon="120.74397"/>
    <trkpt lat="22.02125" lon="120.74384"/>
    <trkpt lat="22.02201" lon="120.74367"/>
    <trkpt lat="22.02207" lon="120.74366"/>
    <trkpt lat="22.02271" lon="120.74354"/>
    <trkpt lat="22.02337" lon="120.74342"/>
    <trkpt lat="22.02356" lon="120.74337"/>
    <trkpt lat="22.02376" lon="120.74332"/>
    <trkpt lat="22.02385" lon="120.7433"/>
    <trkpt lat="22.02398" lon="120.74327"/>
    <trkpt lat="22.02414" lon="120.74322"/>
    <trkpt lat="22.02415" lon="120.74321"/>
    <trkpt lat="22.0243" lon="120.74316"/>
    <trkpt lat="22.02446" lon="120.7431"/>
    <trkpt lat="22.02461" lon="120.74304"/>
    <trkpt lat="22.02476" lon="120.74298"/>
    <trkpt lat="22.0251" lon="120.74284"/>
    <trkpt lat="22.02532" lon="120.74276"/>
    <trkpt lat="22.02671" lon="120.74218"/>
    <trkpt lat="22.02746" lon="120.74187"/>
    <trkpt lat="22.02771" lon="120.74175"/>
    <trkpt lat="22.02789" lon="120.74166"/>
    <trkpt lat="22.02819" lon="120.74154"/>
    <trkpt lat="22.02842" lon="120.74146"/>
    <trkpt lat="22.02888" lon="120.74125"/>
    <trkpt lat="22.02932" lon="120.74107"/>
    <trkpt lat="22.03004" lon="120.74077"/>
    <trkpt lat="22.03074" lon="120.74048"/>
    <trkpt lat="22.03143" lon="120.7402"/>
    <trkpt lat="22.03192" lon="120.74001"/>
    <trkpt lat="22.03227" lon="120.73987"/>
    <trkpt lat="22.03294" lon="120.73962"/>
    <trkpt lat="22.03391" lon="120.73925"/>
    <trkpt lat="22.03428" lon="120.73909"/>
    <trkpt lat="22.03525" lon="120.73872"/>
    <trkpt lat="22.03576" lon="120.73851"/>
    <trkpt lat="22.03617" lon="120.73836"/>
    <trkpt lat="22.03653" lon="120.73822"/>
    <trkpt lat="22.03688" lon="120.73809"/>
    <trkpt lat="22.03721" lon="120.73795"/>
    <trkpt lat="22.0376" lon="120.73773"/>
    <trkpt lat="22.03766" lon="120.73767"/>
    <trkpt lat="22.0378" lon="120.73749"/>
    <trkpt lat="22.03797" lon="120.73726"/>
    <trkpt lat="22.03833" lon="120.73677"/>
    <trkpt lat="22.03858" lon="120.73634"/>
    <trkpt lat="22.03876" lon="120.7361"/>
    <trkpt lat="22.03901" lon="120.73584"/>
    <trkpt lat="22.03924" lon="120.73564"/>
    <trkpt lat="22.03934" lon="120.73557"/>
    <trkpt lat="22.04044" lon="120.73474"/>
    <trkpt lat="22.04156" lon="120.73389"/>
    <trkpt lat="22.04221" lon="120.73341"/>
    <trkpt lat="22.04299" lon="120.73281"/>
    <trkpt lat="22.04313" lon="120.73266"/>
    <trkpt lat="22.0437" lon="120.73211"/>
    <trkpt lat="22.04417" lon="120.73162"/>
    <trkpt lat="22.04423" lon="120.73156"/>
    <trkpt lat="22.045" lon="120.73074"/>
    <trkpt lat="22.04595" lon="120.72973"/>
    <trkpt lat="22.04649" lon="120.72908"/>
    <trkpt lat="22.04697" lon="120.72848"/>
    <trkpt lat="22.04725" lon="120.72812"/>
    <trkpt lat="22.04799" lon="120.72719"/>
    <trkpt lat="22.04883" lon="120.72632"/>
    <trkpt lat="22.04916" lon="120.726"/>
    <trkpt lat="22.04922" lon="120.72595"/>
    <trkpt lat="22.04971" lon="120.72546"/>
    <trkpt lat="22.05088" lon="120.72426"/>
    <trkpt lat="22.05131" lon="120.72383"/>
    <trkpt lat="22.0521" lon="120.72301"/>
    <trkpt lat="22.0526" lon="120.72254"/>
    <trkpt lat="22.05321" lon="120.72212"/>
    <trkpt lat="22.05345" lon="120.72193"/>
    <trkpt lat="22.05354" lon="120.72186"/>
    <trkpt lat="22.05361" lon="120.72182"/>
    <trkpt lat="22.05379" lon="120.7217"/>
    <trkpt lat="22.05398" lon="120.72157"/>
    <trkpt lat="22.05419" lon="120.72142"/>
    <trkpt lat="22.05442" lon="120.72125"/>
    <trkpt lat="22.05497" lon="120.72084"/>
    <trkpt lat="22.05527" lon="120.72063"/>
    <trkpt lat="22.05541" lon="120.72052"/>
    <trkpt lat="22.05551" lon="120.72045"/>
    <trkpt lat="22.05576" lon="120.72029"/>
    <trkpt lat="22.05626" lon="120.71988"/>
    <trkpt lat="22.05714" lon="120.71907"/>
    <trkpt lat="22.05791" lon="120.71835"/>
    <trkpt lat="22.05796" lon="120.71831"/>
    <trkpt lat="22.05808" lon="120.71821"/>
    <trkpt lat="22.05829" lon="120.71806"/>
    <trkpt lat="22.05847" lon="120.71795"/>
    <trkpt lat="22.05966" lon="120.7173"/>
    <trkpt lat="22.06035" lon="120.71692"/>
    <trkpt lat="22.06054" lon="120.71683"/>
    <trkpt lat="22.06249" lon="120.71578"/>
    <trkpt lat="22.06268" lon="120.71565"/>
    <trkpt lat="22.06331" lon="120.7154"/>
    <trkpt lat="22.06461" lon="120.71493"/>
    <trkpt lat="22.06615" lon="120.71439"/>
    <trkpt lat="22.06633" lon="120.71432"/>
    <trkpt lat="22.06674" lon="120.71421"/>
    <trkpt lat="22.06709" lon="120.71415"/>
    <trkpt lat="22.06744" lon="120.71409"/>
    <trkpt lat="22.06806" lon="120.71395"/>
    <trkpt lat="22.06829" lon="120.71389"/>
    <trkpt lat="22.06859" lon="120.71386"/>
    <trkpt lat="22.0687" lon="120.71386"/>
    <trkpt lat="22.06929" lon="120.71386"/>
    <trkpt lat="22.07011" lon="120.71386"/>
    <trkpt lat="22.07029" lon="120.71387"/>
    <trkpt lat="22.07044" lon="120.71387"/>
    <trkpt lat="22.07059" lon="120.71387"/>
    <trkpt lat="22.07062" lon="120.71388"/>
    <trkpt lat="22.07098" lon="120.71391"/>
    <trkpt lat="22.07115" lon="120.71392"/>
    <trkpt lat="22.07204" lon="120.714"/>
    <trkpt lat="22.07262" lon="120.71405"/>
    <trkpt lat="22.0731" lon="120.71409"/>
    <trkpt lat="22.0732" lon="120.71409"/>
    <trkpt lat="22.07361" lon="120.71408"/>
    <trkpt lat="22.07383" lon="120.71407"/>
    <trkpt lat="22.07396" lon="120.71406"/>
    <trkpt lat="22.074" lon="120.71405"/>
    <trkpt lat="22.07463" lon="120.714"/>
    <trkpt lat="22.07671" lon="120.71375"/>
    <trkpt lat="22.07734" lon="120.71369"/>
    <trkpt lat="22.07741" lon="120.71369"/>
    <trkpt lat="22.07751" lon="120.71368"/>
    <trkpt lat="22.07765" lon="120.71369"/>
    <trkpt lat="22.07767" lon="120.71369"/>
    <trkpt lat="22.07787" lon="120.71373"/>
    <trkpt lat="22.07895" lon="120.71404"/>
    <trkpt lat="22.07922" lon="120.71412"/>
    <trkpt lat="22.0804" lon="120.71446"/>
    <trkpt lat="22.08132" lon="120.7147"/>
    <trkpt lat="22.08286" lon="120.71509"/>
    <trkpt lat="22.08319" lon="120.71518"/>
    <trkpt lat="22.08345" lon="120.71524"/>
    <trkpt lat="22.08468" lon="120.71554"/>
    <trkpt lat="22.08485" lon="120.71558"/>
    <trkpt lat="22.08491" lon="120.7156"/>
    <trkpt lat="22.08504" lon="120.71563"/>
    <trkpt lat="22.08661" lon="120.71602"/>
    <trkpt lat="22.08703" lon="120.71612"/>
    <trkpt lat="22.0872" lon="120.71616"/>
    <trkpt lat="22.08732" lon="120.7162"/>
    <trkpt lat="22.08749" lon="120.71626"/>
    <trkpt lat="22.08766" lon="120.71631"/>
    <trkpt lat="22.08769" lon="120.71632"/>
    <trkpt lat="22.08901" lon="120.7169"/>
    <trkpt lat="22.08917" lon="120.71696"/>
    <trkpt lat="22.08929" lon="120.71702"/>
    <trkpt lat="22.08998" lon="120.71734"/>
    <trkpt lat="22.09" lon="120.71734"/>
    <trkpt lat="22.09024" lon="120.71745"/>
    <trkpt lat="22.09031" lon="120.71748"/>
    <trkpt lat="22.09114" lon="120.71784"/>
    <trkpt lat="22.09131" lon="120.71792"/>
    <trkpt lat="22.09147" lon="120.71799"/>
    <trkpt lat="22.09148" lon="120.718"/>
    <trkpt lat="22.09156" lon="120.71803"/>
    <trkpt lat="22.09247" lon="120.71839"/>
    <trkpt lat="22.09272" lon="120.71843"/>
    <trkpt lat="22.09288" lon="120.71845"/>
    <trkpt lat="22.09308" lon="120.71845"/>
    <trkpt lat="22.09335" lon="120.71842"/>
    <trkpt lat="22.09394" lon="120.71823"/>
    <trkpt lat="22.09411" lon="120.71817"/>
    <trkpt lat="22.09565" lon="120.71761"/>
    <trkpt lat="22.09728" lon="120.71701"/>
    <trkpt lat="22.09759" lon="120.7169"/>
    <trkpt lat="22.09788" lon="120.71683"/>
    <trkpt lat="22.09803" lon="120.71681"/>
    <trkpt lat="22.0982" lon="120.71679"/>
    <trkpt lat="22.09842" lon="120.71679"/>
    <trkpt lat="22.09883" lon="120.71681"/>
    <trkpt lat="22.09919" lon="120.71684"/>
    <trkpt lat="22.0997" lon="120.71687"/>
    <trkpt lat="22.09991" lon="120.71688"/>
    <trkpt lat="22.1004" lon="120.71685"/>
    <trkpt lat="22.10052" lon="120.71683"/>
    <trkpt lat="22.10071" lon="120.71679"/>
    <trkpt lat="22.10085" lon="120.71676"/>
    <trkpt lat="22.10093" lon="120.71675"/>
    <trkpt lat="22.10144" lon="120.71663"/>
    <trkpt lat="22.10165" lon="120.71659"/>
    <trkpt lat="22.10199" lon="120.71654"/>
    <trkpt lat="22.10242" lon="120.71649"/>
    <trkpt lat="22.10292" lon="120.71645"/>
    <trkpt lat="22.10322" lon="120.71643"/>
    <trkpt lat="22.10362" lon="120.71642"/>
    <trkpt lat="22.10404" lon="120.71643"/>
    <trkpt lat="22.1043" lon="120.71647"/>
    <trkpt lat="22.10451" lon="120.71652"/>
    <trkpt lat="22.10468" lon="120.71656"/>
    <trkpt lat="22.10486" lon="120.71661"/>
    <trkpt lat="22.10504" lon="120.71666"/>
    <trkpt lat="22.10514" lon="120.71668"/>
    <trkpt lat="22.10577" lon="120.71681"/>
    <trkpt lat="22.10595" lon="120.71682"/>
    <trkpt lat="22.10604" lon="120.71682"/>
    <trkpt lat="22.10613" lon="120.71682"/>
    <trkpt lat="22.10629" lon="120.7168"/>
    <trkpt lat="22.10638" lon="120.71678"/>
    <trkpt lat="22.1066" lon="120.71672"/>
    <trkpt lat="22.1068" lon="120.71665"/>
    <trkpt lat="22.10682" lon="120.71664"/>
    <trkpt lat="22.10699" lon="120.71656"/>
    <trkpt lat="22.10701" lon="120.71655"/>
    <trkpt lat="22.10715" lon="120.71648"/>
    <trkpt lat="22.10731" lon="120.71639"/>
    <trkpt lat="22.10739" lon="120.71635"/>
    <trkpt lat="22.10744" lon="120.71632"/>
    <trkpt lat="22.10762" lon="120.71622"/>
    <trkpt lat="22.10778" lon="120.71613"/>
    <trkpt lat="22.1079" lon="120.71604"/>
    <trkpt lat="22.10804" lon="120.71593"/>
    <trkpt lat="22.10812" lon="120.71587"/>
    <trkpt lat="22.10824" lon="120.71573"/>
    <trkpt lat="22.10831" lon="120.71566"/>
    <trkpt lat="22.10845" lon="120.71548"/>
    <trkpt lat="22.10867" lon="120.71517"/>
    <trkpt lat="22.10872" lon="120.7151"/>
    <trkpt lat="22.10878" lon="120.71501"/>
    <trkpt lat="22.10889" lon="120.71484"/>
    <trkpt lat="22.10899" lon="120.7147"/>
    <trkpt lat="22.10909" lon="120.71456"/>
    <trkpt lat="22.10925" lon="120.71439"/>
    <trkpt lat="22.10937" lon="120.71428"/>
    <trkpt lat="22.10953" lon="120.7142"/>
    <trkpt lat="22.10956" lon="120.71417"/>
    <trkpt lat="22.10968" lon="120.71412"/>
    <trkpt lat="22.10969" lon="120.71412"/>
    <trkpt lat="22.10982" lon="120.71407"/>
    <trkpt lat="22.11003" lon="120.71401"/>
    <trkpt lat="22.11012" lon="120.714"/>
    <trkpt lat="22.11027" lon="120.71399"/>
    <trkpt lat="22.11049" lon="120.71398"/>
    <trkpt lat="22.11064" lon="120.71397"/>
    <trkpt lat="22.11094" lon="120.714"/>
    <trkpt lat="22.11121" lon="120.71403"/>
    <trkpt lat="22.11163" lon="120.71411"/>
    <trkpt lat="22.11203" lon="120.71418"/>
    <trkpt lat="22.11256" lon="120.71429"/>
    <trkpt lat="22.11275" lon="120.71434"/>
    <trkpt lat="22.11443" lon="120.71462"/>
    <trkpt lat="22.11463" lon="120.71464"/>
    <trkpt lat="22.11486" lon="120.71467"/>
    <trkpt lat="22.11503" lon="120.71468"/>
    <trkpt lat="22.11524" lon="120.71468"/>
    <trkpt lat="22.11532" lon="120.71467"/>
    <trkpt lat="22.11537" lon="120.71467"/>
    <trkpt lat="22.11551" lon="120.71464"/>
    <trkpt lat="22.11574" lon="120.71458"/>
    <trkpt lat="22.11593" lon="120.71449"/>
    <trkpt lat="22.116" lon="120.71445"/>
    <trkpt lat="22.1162" lon="120.71434"/>
    <trkpt lat="22.11659" lon="120.71408"/>
    <trkpt lat="22.11705" lon="120.71376"/>
    <trkpt lat="22.1172" lon="120.71366"/>
    <trkpt lat="22.11752" lon="120.71343"/>
    <trkpt lat="22.11761" lon="120.71337"/>
    <trkpt lat="22.11827" lon="120.7129"/>
    <trkpt lat="22.1184" lon="120.71281"/>
    <trkpt lat="22.11848" lon="120.71276"/>
    <trkpt lat="22.11863" lon="120.71265"/>
    <trkpt lat="22.11878" lon="120.71254"/>
    <trkpt lat="22.11899" lon="120.71238"/>
    <trkpt lat="22.1193" lon="120.71221"/>
    <trkpt lat="22.11953" lon="120.71212"/>
    <trkpt lat="22.11975" lon="120.71205"/>
    <trkpt lat="22.12009" lon="120.712"/>
    <trkpt lat="22.12022" lon="120.71198"/>
    <trkpt lat="22.12086" lon="120.7119"/>
    <trkpt lat="22.12109" lon="120.71187"/>
    <trkpt lat="22.12192" lon="120.71178"/>
    <trkpt lat="22.12254" lon="120.7117"/>
    <trkpt lat="22.12282" lon="120.71167"/>
    <trkpt lat="22.12309" lon="120.71162"/>
    <trkpt lat="22.12331" lon="120.71157"/>
    <trkpt lat="22.1235" lon="120.7115"/>
    <trkpt lat="22.1238" lon="120.71135"/>
    <trkpt lat="22.1247" lon="120.71076"/>
    <trkpt lat="22.12471" lon="120.71076"/>
    <trkpt lat="22.12578" lon="120.71005"/>
    <trkpt lat="22.12588" lon="120.70998"/>
    <trkpt lat="22.12606" lon="120.70987"/>
    <trkpt lat="22.1262" lon="120.7098"/>
    <trkpt lat="22.12642" lon="120.7097"/>
    <trkpt lat="22.12659" lon="120.70963"/>
    <trkpt lat="22.12674" lon="120.70957"/>
    <trkpt lat="22.12684" lon="120.70954"/>
    <trkpt lat="22.1271" lon="120.70944"/>
    <trkpt lat="22.12727" lon="120.70938"/>
    <trkpt lat="22.12761" lon="120.70925"/>
    <trkpt lat="22.12785" lon="120.70915"/>
    <trkpt lat="22.12803" lon="120.70906"/>
    <trkpt lat="22.12811" lon="120.70902"/>
    <trkpt lat="22.12823" lon="120.70895"/>
    <trkpt lat="22.12841" lon="120.70882"/>
    <trkpt lat="22.1286" lon="120.70867"/>
    <trkpt lat="22.12878" lon="120.70849"/>
    <trkpt lat="22.12906" lon="120.70819"/>
    <trkpt lat="22.12921" lon="120.70803"/>
    <trkpt lat="22.12951" lon="120.70772"/>
    <trkpt lat="22.12961" lon="120.70762"/>
    <trkpt lat="22.12974" lon="120.70751"/>
    <trkpt lat="22.12997" lon="120.70736"/>
    <trkpt lat="22.13031" lon="120.70712"/>
    <trkpt lat="22.13072" lon="120.70686"/>
    <trkpt lat="22.13153" lon="120.7063"/>
    <trkpt lat="22.13183" lon="120.7061"/>
    <trkpt lat="22.13202" lon="120.70597"/>
    <trkpt lat="22.13234" lon="120.70577"/>
    <trkpt lat="22.13248" lon="120.70567"/>
    <trkpt lat="22.13262" lon="120.70559"/>
    <trkpt lat="22.13268" lon="120.70555"/>
    <trkpt lat="22.13281" lon="120.7055"/>
    <trkpt lat="22.13295" lon="120.70545"/>
    <trkpt lat="22.13308" lon="120.7054"/>
    <trkpt lat="22.13325" lon="120.70537"/>
    <trkpt lat="22.13344" lon="120.70534"/>
    <trkpt lat="22.13373" lon="120.70532"/>
    <trkpt lat="22.13384" lon="120.70531"/>
    <trkpt lat="22.13406" lon="120.7053"/>
    <trkpt lat="22.13428" lon="120.70529"/>
    <trkpt lat="22.13442" lon="120.70528"/>
    <trkpt lat="22.13464" lon="120.70526"/>
    <trkpt lat="22.1348" lon="120.70523"/>
    <trkpt lat="22.13491" lon="120.70522"/>
    <trkpt lat="22.13512" lon="120.70515"/>
    <trkpt lat="22.13533" lon="120.70507"/>
    <trkpt lat="22.13584" lon="120.70478"/>
    <trkpt lat="22.13596" lon="120.70471"/>
    <trkpt lat="22.13612" lon="120.70461"/>
    <trkpt lat="22.13711" lon="120.70403"/>
    <trkpt lat="22.13723" lon="120.70397"/>
    <trkpt lat="22.13777" lon="120.7037"/>
    <trkpt lat="22.13835" lon="120.70346"/>
    <trkpt lat="22.13848" lon="120.70341"/>
    <trkpt lat="22.1388" lon="120.70326"/>
    <trkpt lat="22.13902" lon="120.70312"/>
    <trkpt lat="22.14017" lon="120.70222"/>
    <trkpt lat="22.14034" lon="120.7021"/>
    <trkpt lat="22.14042" lon="120.70204"/>
    <trkpt lat="22.14057" lon="120.70192"/>
    <trkpt lat="22.14087" lon="120.7017"/>
    <trkpt lat="22.14186" lon="120.70092"/>
    <trkpt lat="22.14213" lon="120.7007"/>
    <trkpt lat="22.14223" lon="120.70063"/>
    <trkpt lat="22.14233" lon="120.70057"/>
    <trkpt lat="22.14242" lon="120.70052"/>
    <trkpt lat="22.14257" lon="120.70045"/>
    <trkpt lat="22.14263" lon="120.70042"/>
    <trkpt lat="22.14279" lon="120.70035"/>
    <trkpt lat="22.14291" lon="120.70031"/>
    <trkpt lat="22.14302" lon="120.70029"/>
    <trkpt lat="22.14312" lon="120.70028"/>
    <trkpt lat="22.14332" lon="120.70026"/>
    <trkpt lat="22.14343" lon="120.70027"/>
    <trkpt lat="22.14346" lon="120.70027"/>
    <trkpt lat="22.14353" lon="120.70028"/>
    <trkpt lat="22.14366" lon="120.7003"/>
    <trkpt lat="22.14377" lon="120.70033"/>
    <trkpt lat="22.14405" lon="120.70043"/>
    <trkpt lat="22.14413" lon="120.70046"/>
    <trkpt lat="22.14421" lon="120.70049"/>
    <trkpt lat="22.14438" lon="120.70056"/>
    <trkpt lat="22.14439" lon="120.70056"/>
    <trkpt lat="22.14442" lon="120.70057"/>
    <trkpt lat="22.14491" lon="120.70082"/>
    <trkpt lat="22.14524" lon="120.70096"/>
    <trkpt lat="22.14541" lon="120.70104"/>
    <trkpt lat="22.14574" lon="120.70118"/>
    <trkpt lat="22.14581" lon="120.70122"/>
    <trkpt lat="22.14591" lon="120.70125"/>
    <trkpt lat="22.14597" lon="120.70126"/>
    <trkpt lat="22.1461" lon="120.7013"/>
    <trkpt lat="22.14625" lon="120.70134"/>
    <trkpt lat="22.14631" lon="120.70133"/>
    <trkpt lat="22.14649" lon="120.70134"/>
    <trkpt lat="22.14661" lon="120.70134"/>
    <trkpt lat="22.1468" lon="120.70133"/>
    <trkpt lat="22.1471" lon="120.7013"/>
    <trkpt lat="22.14728" lon="120.70128"/>
    <trkpt lat="22.14745" lon="120.70127"/>
    <trkpt lat="22.14802" lon="120.7012"/>
    <trkpt lat="22.14819" lon="120.70118"/>
    <trkpt lat="22.14907" lon="120.70106"/>
    <trkpt lat="22.1498" lon="120.70092"/>
    <trkpt lat="22.15053" lon="120.70077"/>
    <trkpt lat="22.15118" lon="120.70063"/>
    <trkpt lat="22.15139" lon="120.7006"/>
    <trkpt lat="22.15154" lon="120.70057"/>
    <trkpt lat="22.15158" lon="120.70055"/>
    <trkpt lat="22.15163" lon="120.70054"/>
    <trkpt lat="22.15207" lon="120.70045"/>
    <trkpt lat="22.15235" lon="120.70038"/>
    <trkpt lat="22.15268" lon="120.7003"/>
    <trkpt lat="22.15298" lon="120.70021"/>
    <trkpt lat="22.15332" lon="120.70012"/>
    <trkpt lat="22.15401" lon="120.69991"/>
    <trkpt lat="22.15418" lon="120.69986"/>
    <trkpt lat="22.1547" lon="120.69971"/>
    <trkpt lat="22.15481" lon="120.69969"/>
    <trkpt lat="22.15488" lon="120.69967"/>
    <trkpt lat="22.1555" lon="120.69951"/>
    <trkpt lat="22.15584" lon="120.69945"/>
    <trkpt lat="22.15619" lon="120.69936"/>
    <trkpt lat="22.15647" lon="120.69929"/>
    <trkpt lat="22.15654" lon="120.69928"/>
    <trkpt lat="22.15841" lon="120.69884"/>
    <trkpt lat="22.15842" lon="120.69884"/>
    <trkpt lat="22.15856" lon="120.6988"/>
    <trkpt lat="22.15911" lon="120.69866"/>
    <trkpt lat="22.15945" lon="120.69856"/>
    <trkpt lat="22.1612" lon="120.69809"/>
    <trkpt lat="22.16138" lon="120.69804"/>
    <trkpt lat="22.1623" lon="120.69779"/>
    <trkpt lat="22.16253" lon="120.69774"/>
    <trkpt lat="22.16321" lon="120.69753"/>
    <trkpt lat="22.16338" lon="120.69747"/>
    <trkpt lat="22.16442" lon="120.69715"/>
    <trkpt lat="22.16517" lon="120.6969"/>
    <trkpt lat="22.16568" lon="120.69673"/>
    <trkpt lat="22.16585" lon="120.69668"/>
    <trkpt lat="22.1662" lon="120.69657"/>
    <trkpt lat="22.16621" lon="120.69656"/>
    <trkpt lat="22.16622" lon="120.69656"/>
    <trkpt lat="22.16638" lon="120.69651"/>
    <trkpt lat="22.16639" lon="120.6965"/>
    <trkpt lat="22.16742" lon="120.69617"/>
    <trkpt lat="22.16782" lon="120.69603"/>
    <trkpt lat="22.16803" lon="120.69597"/>
    <trkpt lat="22.16824" lon="120.6959"/>
    <trkpt lat="22.16859" lon="120.69578"/>
    <trkpt lat="22.16888" lon="120.69567"/>
    <trkpt lat="22.16896" lon="120.69564"/>
    <trkpt lat="22.16912" lon="120.69557"/>
    <trkpt lat="22.16928" lon="120.69551"/>
    <trkpt lat="22.17011" lon="120.69509"/>
    <trkpt lat="22.17037" lon="120.69497"/>
    <trkpt lat="22.17054" lon="120.6949"/>
    <trkpt lat="22.17056" lon="120.69489"/>
    <trkpt lat="22.17071" lon="120.69483"/>
    <trkpt lat="22.1708" lon="120.6948"/>
    <trkpt lat="22.17089" lon="120.69478"/>
    <trkpt lat="22.17102" lon="120.69475"/>
    <trkpt lat="22.17114" lon="120.69473"/>
    <trkpt lat="22.17126" lon="120.69473"/>
    <trkpt lat="22.17152" lon="120.69474"/>
    <trkpt lat="22.17167" lon="120.69478"/>
    <trkpt lat="22.1718" lon="120.69481"/>
    <trkpt lat="22.17196" lon="120.69487"/>
    <trkpt lat="22.17198" lon="120.69487"/>
    <trkpt lat="22.17213" lon="120.69493"/>
    <trkpt lat="22.17236" lon="120.69502"/>
    <trkpt lat="22.17264" lon="120.69513"/>
    <trkpt lat="22.17277" lon="120.69517"/>
    <trkpt lat="22.17298" lon="120.69523"/>
    <trkpt lat="22.1732" lon="120.69526"/>
    <trkpt lat="22.17337" lon="120.69527"/>
    <trkpt lat="22.17354" lon="120.69527"/>
    <trkpt lat="22.17393" lon="120.69524"/>
    <trkpt lat="22.17422" lon="120.6952"/>
    <trkpt lat="22.17511" lon="120.69503"/>
    <trkpt lat="22.17562" lon="120.69493"/>
    <trkpt lat="22.17571" lon="120.69492"/>
    <trkpt lat="22.17593" lon="120.69487"/>
    <trkpt lat="22.17718" lon="120.69464"/>
    <trkpt lat="22.17782" lon="120.69451"/>
    <trkpt lat="22.17821" lon="120.69444"/>
    <trkpt lat="22.17837" lon="120.6944"/>
    <trkpt lat="22.17856" lon="120.69435"/>
    <trkpt lat="22.17879" lon="120.69427"/>
    <trkpt lat="22.17893" lon="120.69421"/>
    <trkpt lat="22.1792" lon="120.69408"/>
    <trkpt lat="22.17922" lon="120.69407"/>
    <trkpt lat="22.17991" lon="120.69371"/>
    <trkpt lat="22.18038" lon="120.69343"/>
    <trkpt lat="22.18064" lon="120.6933"/>
    <trkpt lat="22.1808" lon="120.69322"/>
    <trkpt lat="22.18134" lon="120.69291"/>
    <trkpt lat="22.18146" lon="120.69285"/>
    <trkpt lat="22.18161" lon="120.69276"/>
    <trkpt lat="22.18173" lon="120.69269"/>
    <trkpt lat="22.18191" lon="120.69259"/>
    <trkpt lat="22.18206" lon="120.69252"/>
    <trkpt lat="22.18212" lon="120.69248"/>
    <trkpt lat="22.18222" lon="120.69244"/>
    <trkpt lat="22.18243" lon="120.69235"/>
    <trkpt lat="22.1826" lon="120.69228"/>
    <trkpt lat="22.18267" lon="120.69226"/>
    <trkpt lat="22.18329" lon="120.69207"/>
    <trkpt lat="22.18346" lon="120.69201"/>
    <trkpt lat="22.1837" lon="120.69193"/>
    <trkpt lat="22.1843" lon="120.69178"/>
    <trkpt lat="22.18521" lon="120.69162"/>
    <trkpt lat="22.18555" lon="120.69157"/>
    <trkpt lat="22.1857" lon="120.69154"/>
    <trkpt lat="22.18613" lon="120.69145"/>
    <trkpt lat="22.18648" lon="120.69139"/>
    <trkpt lat="22.18664" lon="120.69137"/>
    <trkpt lat="22.18681" lon="120.69136"/>
    <trkpt lat="22.18694" lon="120.69136"/>
    <trkpt lat="22.18709" lon="120.69137"/>
    <trkpt lat="22.18723" lon="120.69139"/>
    <trkpt lat="22.18733" lon="120.6914"/>
    <trkpt lat="22.18808" lon="120.69156"/>
    <trkpt lat="22.18821" lon="120.69159"/>
    <trkpt lat="22.1891" lon="120.69178"/>
    <trkpt lat="22.18958" lon="120.69183"/>
    <trkpt lat="22.1901" lon="120.69178"/>
    <trkpt lat="22.19062" lon="120.69173"/>
    <trkpt lat="22.19083" lon="120.69173"/>
    <trkpt lat="22.19111" lon="120.69175"/>
    <trkpt lat="22.19122" lon="120.69176"/>
    <trkpt lat="22.19183" lon="120.69182"/>
    <trkpt lat="22.19302" lon="120.69202"/>
    <trkpt lat="22.19406" lon="120.6922"/>
    <trkpt lat="22.1943" lon="120.69221"/>
    <trkpt lat="22.19444" lon="120.69219"/>
    <trkpt lat="22.1946" lon="120.69213"/>
    <trkpt lat="22.19464" lon="120.69212"/>
    <trkpt lat="22.19479" lon="120.69205"/>
    <trkpt lat="22.19487" lon="120.69198"/>
    <trkpt lat="22.19493" lon="120.69194"/>
    <trkpt lat="22.19489" lon="120.69184"/>
    <trkpt lat="22.19484" lon="120.69101"/>
    <trkpt lat="22.19521" lon="120.6914"/>
    <trkpt lat="22.19527" lon="120.69147"/>
    <trkpt lat="22.19489" lon="120.69184"/>
    <trkpt lat="22.19474" lon="120.69196"/>
    <trkpt lat="22.19479" lon="120.69205"/>
    <trkpt lat="22.19498" lon="120.69228"/>
    <trkpt lat="22.19505" lon="120.69234"/>
    <trkpt lat="22.1955" lon="120.69265"/>
    <trkpt lat="22.19579" lon="120.69286"/>
    <trkpt lat="22.196" lon="120.693"/>
    <trkpt lat="22.19622" lon="120.69319"/>
    <trkpt lat="22.19623" lon="120.6932"/>
    <trkpt lat="22.1963" lon="120.69326"/>
    <trkpt lat="22.19638" lon="120.69333"/>
    <trkpt lat="22.19648" lon="120.69347"/>
    <trkpt lat="22.19668" lon="120.69373"/>
    <trkpt lat="22.19673" lon="120.69381"/>
    <trkpt lat="22.19687" lon="120.69405"/>
    <trkpt lat="22.19704" lon="120.69433"/>
    <trkpt lat="22.19713" lon="120.69445"/>
    <trkpt lat="22.19718" lon="120.69453"/>
    <trkpt lat="22.19723" lon="120.69459"/>
    <trkpt lat="22.19728" lon="120.69465"/>
    <trkpt lat="22.19745" lon="120.69485"/>
    <trkpt lat="22.19763" lon="120.69502"/>
    <trkpt lat="22.19769" lon="120.69508"/>
    <trkpt lat="22.19772" lon="120.69511"/>
    <trkpt lat="22.19798" lon="120.69533"/>
    <trkpt lat="22.19808" lon="120.69542"/>
    <trkpt lat="22.19832" lon="120.6956"/>
    <trkpt lat="22.19841" lon="120.69568"/>
    <trkpt lat="22.19885" lon="120.69602"/>
    <trkpt lat="22.19893" lon="120.69608"/>
    <trkpt lat="22.19899" lon="120.69614"/>
    <trkpt lat="22.19901" lon="120.69615"/>
    <trkpt lat="22.19913" lon="120.69626"/>
    <trkpt lat="22.19927" lon="120.69638"/>
    <trkpt lat="22.19934" lon="120.69645"/>
    <trkpt lat="22.19954" lon="120.69664"/>
    <trkpt lat="22.19968" lon="120.69677"/>
    <trkpt lat="22.19971" lon="120.6968"/>
    <trkpt lat="22.19981" lon="120.6969"/>
    <trkpt lat="22.19994" lon="120.69703"/>
    <trkpt lat="22.20007" lon="120.69716"/>
    <trkpt lat="22.2004" lon="120.69748"/>
    <trkpt lat="22.20072" lon="120.69779"/>
    <trkpt lat="22.20161" lon="120.69866"/>
    <trkpt lat="22.20212" lon="120.69915"/>
    <trkpt lat="22.20266" lon="120.69965"/>
    <trkpt lat="22.20268" lon="120.69967"/>
    <trkpt lat="22.20289" lon="120.69985"/>
    <trkpt lat="22.20362" lon="120.70047"/>
    <trkpt lat="22.20399" lon="120.70079"/>
    <trkpt lat="22.20405" lon="120.70085"/>
    <trkpt lat="22.20414" lon="120.70094"/>
    <trkpt lat="22.20421" lon="120.70103"/>
    <trkpt lat="22.20435" lon="120.70125"/>
    <trkpt lat="22.20442" lon="120.70141"/>
    <trkpt lat="22.20446" lon="120.70154"/>
    <trkpt lat="22.20448" lon="120.70164"/>
    <trkpt lat="22.20449" lon="120.70175"/>
    <trkpt lat="22.20449" lon="120.7019"/>
    <trkpt lat="22.20445" lon="120.70208"/>
    <trkpt lat="22.20443" lon="120.70216"/>
    <trkpt lat="22.20435" lon="120.70239"/>
    <trkpt lat="22.20421" lon="120.70273"/>
    <trkpt lat="22.2041" lon="120.70297"/>
    <trkpt lat="22.20406" lon="120.70308"/>
    <trkpt lat="22.20403" lon="120.70316"/>
    <trkpt lat="22.20399" lon="120.7033"/>
    <trkpt lat="22.20398" lon="120.70345"/>
    <trkpt lat="22.20398" lon="120.70357"/>
    <trkpt lat="22.204" lon="120.70369"/>
    <trkpt lat="22.20402" lon="120.7038"/>
    <trkpt lat="22.20405" lon="120.70389"/>
    <trkpt lat="22.20408" lon="120.70397"/>
    <trkpt lat="22.20411" lon="120.70404"/>
    <trkpt lat="22.20417" lon="120.70416"/>
    <trkpt lat="22.20424" lon="120.70426"/>
    <trkpt lat="22.20433" lon="120.70437"/>
    <trkpt lat="22.20458" lon="120.70466"/>
    <trkpt lat="22.20464" lon="120.70473"/>
    <trkpt lat="22.20516" lon="120.70531"/>
    <trkpt lat="22.20564" lon="120.70583"/>
    <trkpt lat="22.20596" lon="120.70613"/>
    <trkpt lat="22.20612" lon="120.70628"/>
    <trkpt lat="22.2062" lon="120.70634"/>
    <trkpt lat="22.20625" lon="120.70638"/>
    <trkpt lat="22.20635" lon="120.70654"/>
    <trkpt lat="22.20639" lon="120.70658"/>
    <trkpt lat="22.20647" lon="120.70666"/>
    <trkpt lat="22.20656" lon="120.70677"/>
    <trkpt lat="22.20663" lon="120.70686"/>
    <trkpt lat="22.20666" lon="120.70693"/>
    <trkpt lat="22.2067" lon="120.70701"/>
    <trkpt lat="22.20674" lon="120.70708"/>
    <trkpt lat="22.20686" lon="120.70737"/>
    <trkpt lat="22.20693" lon="120.70775"/>
    <trkpt lat="22.20697" lon="120.70795"/>
    <trkpt lat="22.20703" lon="120.70829"/>
    <trkpt lat="22.20716" lon="120.70908"/>
    <trkpt lat="22.20717" lon="120.70911"/>
    <trkpt lat="22.20718" lon="120.70913"/>
    <trkpt lat="22.20722" lon="120.70918"/>
    <trkpt lat="22.20725" lon="120.70937"/>
    <trkpt lat="22.20729" lon="120.70953"/>
    <trkpt lat="22.20729" lon="120.70956"/>
    <trkpt lat="22.20736" lon="120.70994"/>
    <trkpt lat="22.2074" lon="120.71013"/>
    <trkpt lat="22.20744" lon="120.71035"/>
    <trkpt lat="22.20748" lon="120.71054"/>
    <trkpt lat="22.20752" lon="120.71073"/>
    <trkpt lat="22.20756" lon="120.71092"/>
    <trkpt lat="22.2076" lon="120.71111"/>
    <trkpt lat="22.20763" lon="120.71128"/>
    <trkpt lat="22.20763" lon="120.7113"/>
    <trkpt lat="22.20768" lon="120.71158"/>
    <trkpt lat="22.20769" lon="120.7117"/>
    <trkpt lat="22.20769" lon="120.71179"/>
    <trkpt lat="22.20768" lon="120.7119"/>
    <trkpt lat="22.20767" lon="120.71199"/>
    <trkpt lat="22.2076" lon="120.71224"/>
    <trkpt lat="22.20756" lon="120.71236"/>
    <trkpt lat="22.2075" lon="120.71257"/>
    <trkpt lat="22.20735" lon="120.71289"/>
    <trkpt lat="22.20732" lon="120.71297"/>
    <trkpt lat="22.20728" lon="120.71307"/>
    <trkpt lat="22.2072" lon="120.71327"/>
    <trkpt lat="22.20715" lon="120.7134"/>
    <trkpt lat="22.20712" lon="120.71353"/>
    <trkpt lat="22.2071" lon="120.71371"/>
    <trkpt lat="22.20708" lon="120.71392"/>
    <trkpt lat="22.20711" lon="120.71424"/>
    <trkpt lat="22.20713" lon="120.71469"/>
    <trkpt lat="22.20714" lon="120.71485"/>
    <trkpt lat="22.20714" lon="120.71494"/>
    <trkpt lat="22.20715" lon="120.71502"/>
    <trkpt lat="22.20715" lon="120.71504"/>
    <trkpt lat="22.20715" lon="120.71513"/>
    <trkpt lat="22.20715" lon="120.71528"/>
    <trkpt lat="22.20712" lon="120.7156"/>
    <trkpt lat="22.20712" lon="120.71562"/>
    <trkpt lat="22.20706" lon="120.71606"/>
    <trkpt lat="22.207" lon="120.71639"/>
    <trkpt lat="22.20697" lon="120.71658"/>
    <trkpt lat="22.20696" lon="120.71664"/>
    <trkpt lat="22.20695" lon="120.71677"/>
    <trkpt lat="22.20692" lon="120.71696"/>
    <trkpt lat="22.2069" lon="120.71715"/>
    <trkpt lat="22.20689" lon="120.71719"/>
    <trkpt lat="22.20688" lon="120.71735"/>
    <trkpt lat="22.20687" lon="120.71756"/>
    <trkpt lat="22.20688" lon="120.71771"/>
    <trkpt lat="22.20691" lon="120.71792"/>
    <trkpt lat="22.20692" lon="120.71804"/>
    <trkpt lat="22.20696" lon="120.71821"/>
    <trkpt lat="22.20699" lon="120.71836"/>
    <trkpt lat="22.20702" lon="120.7185"/>
    <trkpt lat="22.2071" lon="120.71886"/>
    <trkpt lat="22.20716" lon="120.71915"/>
    <trkpt lat="22.20717" lon="120.71921"/>
    <trkpt lat="22.20724" lon="120.71956"/>
    <trkpt lat="22.20725" lon="120.71963"/>
    <trkpt lat="22.20725" lon="120.71967"/>
    <trkpt lat="22.20725" lon="120.71972"/>
    <trkpt lat="22.20724" lon="120.71978"/>
    <trkpt lat="22.20723" lon="120.71988"/>
    <trkpt lat="22.20721" lon="120.72"/>
    <trkpt lat="22.20718" lon="120.72009"/>
    <trkpt lat="22.20715" lon="120.72016"/>
    <trkpt lat="22.20713" lon="120.72019"/>
    <trkpt lat="22.20706" lon="120.72032"/>
    <trkpt lat="22.20704" lon="120.72036"/>
    <trkpt lat="22.20697" lon="120.72048"/>
    <trkpt lat="22.20696" lon="120.72049"/>
    <trkpt lat="22.20682" lon="120.72073"/>
    <trkpt lat="22.20678" lon="120.72081"/>
    <trkpt lat="22.20676" lon="120.72086"/>
    <trkpt lat="22.2067" lon="120.72099"/>
    <trkpt lat="22.20666" lon="120.72113"/>
    <trkpt lat="22.20666" lon="120.72115"/>
    <trkpt lat="22.20666" lon="120.72117"/>
    <trkpt lat="22.20666" lon="120.7212"/>
    <trkpt lat="22.20667" lon="120.72125"/>
    <trkpt lat="22.20667" lon="120.7213"/>
    <trkpt lat="22.20669" lon="120.72137"/>
    <trkpt lat="22.2067" lon="120.72142"/>
    <trkpt lat="22.20672" lon="120.72148"/>
    <trkpt lat="22.20674" lon="120.72154"/>
    <trkpt lat="22.20682" lon="120.72172"/>
    <trkpt lat="22.20693" lon="120.72196"/>
    <trkpt lat="22.20709" lon="120.72228"/>
    <trkpt lat="22.20722" lon="120.72251"/>
    <trkpt lat="22.20788" lon="120.72375"/>
    <trkpt lat="22.20813" lon="120.7242"/>
    <trkpt lat="22.20816" lon="120.72427"/>
    <trkpt lat="22.20861" lon="120.72511"/>
    <trkpt lat="22.20862" lon="120.72513"/>
    <trkpt lat="22.20863" lon="120.72515"/>
    <trkpt lat="22.20872" lon="120.72531"/>
    <trkpt lat="22.20906" lon="120.72593"/>
    <trkpt lat="22.20928" lon="120.72641"/>
    <trkpt lat="22.20932" lon="120.72648"/>
    <trkpt lat="22.20932" lon="120.72649"/>
    <trkpt lat="22.2094" lon="120.72665"/>
    <trkpt lat="22.2095" lon="120.72683"/>
    <trkpt lat="22.20971" lon="120.72717"/>
    <trkpt lat="22.20979" lon="120.72733"/>
    <trkpt lat="22.20983" lon="120.72744"/>
    <trkpt lat="22.20985" lon="120.72755"/>
    <trkpt lat="22.20986" lon="120.72771"/>
    <trkpt lat="22.20985" lon="120.72785"/>
    <trkpt lat="22.20984" lon="120.72789"/>
    <trkpt lat="22.20981" lon="120.72802"/>
    <trkpt lat="22.2098" lon="120.72808"/>
    <trkpt lat="22.20977" lon="120.72818"/>
    <trkpt lat="22.20974" lon="120.72835"/>
    <trkpt lat="22.20973" lon="120.72846"/>
    <trkpt lat="22.20969" lon="120.72864"/>
    <trkpt lat="22.20965" lon="120.72886"/>
    <trkpt lat="22.20959" lon="120.72914"/>
    <trkpt lat="22.20955" lon="120.72933"/>
    <trkpt lat="22.20954" lon="120.72941"/>
    <trkpt lat="22.20953" lon="120.72945"/>
    <trkpt lat="22.20951" lon="120.72955"/>
    <trkpt lat="22.20951" lon="120.7296"/>
    <trkpt lat="22.20951" lon="120.72966"/>
    <trkpt lat="22.20952" lon="120.72977"/>
    <trkpt lat="22.20953" lon="120.72986"/>
    <trkpt lat="22.20955" lon="120.72992"/>
    <trkpt lat="22.2096" lon="120.73002"/>
    <trkpt lat="22.20964" lon="120.7301"/>
    <trkpt lat="22.20976" lon="120.7303"/>
    <trkpt lat="22.21036" lon="120.73097"/>
    <trkpt lat="22.21054" lon="120.7312"/>
    <trkpt lat="22.21061" lon="120.7313"/>
    <trkpt lat="22.21062" lon="120.73131"/>
    <trkpt lat="22.21071" lon="120.73144"/>
    <trkpt lat="22.21072" lon="120.73146"/>
    <trkpt lat="22.21078" lon="120.73156"/>
    <trkpt lat="22.21084" lon="120.73171"/>
    <trkpt lat="22.21087" lon="120.7318"/>
    <trkpt lat="22.21087" lon="120.73181"/>
    <trkpt lat="22.21089" lon="120.73192"/>
    <trkpt lat="22.21091" lon="120.73207"/>
    <trkpt lat="22.21092" lon="120.73234"/>
    <trkpt lat="22.2109" lon="120.73258"/>
    <trkpt lat="22.2109" lon="120.73259"/>
    <trkpt lat="22.21086" lon="120.73276"/>
    <trkpt lat="22.21083" lon="120.73284"/>
    <trkpt lat="22.21074" lon="120.73297"/>
    <trkpt lat="22.21065" lon="120.73308"/>
    <trkpt lat="22.21062" lon="120.73312"/>
    <trkpt lat="22.21055" lon="120.73324"/>
    <trkpt lat="22.21043" lon="120.73343"/>
    <trkpt lat="22.21029" lon="120.73375"/>
    <trkpt lat="22.21014" lon="120.73425"/>
    <trkpt lat="22.21013" lon="120.73435"/>
    <trkpt lat="22.21014" lon="120.73442"/>
    <trkpt lat="22.21027" lon="120.73479"/>
    <trkpt lat="22.21038" lon="120.73514"/>
    <trkpt lat="22.21047" lon="120.73534"/>
    <trkpt lat="22.21062" lon="120.73554"/>
    <trkpt lat="22.21076" lon="120.73567"/>
    <trkpt lat="22.21088" lon="120.73579"/>
    <trkpt lat="22.21101" lon="120.7359"/>
    <trkpt lat="22.21104" lon="120.73593"/>
    <trkpt lat="22.21113" lon="120.73603"/>
    <trkpt lat="22.21117" lon="120.73614"/>
    <trkpt lat="22.2112" lon="120.73627"/>
    <trkpt lat="22.21121" lon="120.73651"/>
    <trkpt lat="22.2112" lon="120.73681"/>
    <trkpt lat="22.2112" lon="120.73696"/>
    <trkpt lat="22.21117" lon="120.73729"/>
    <trkpt lat="22.21115" lon="120.73745"/>
    <trkpt lat="22.21107" lon="120.7377"/>
    <trkpt lat="22.21094" lon="120.7379"/>
    <trkpt lat="22.21085" lon="120.73802"/>
    <trkpt lat="22.21075" lon="120.7381"/>
    <trkpt lat="22.21064" lon="120.73817"/>
    <trkpt lat="22.21058" lon="120.73818"/>
    <trkpt lat="22.21052" lon="120.73819"/>
    <trkpt lat="22.21049" lon="120.73818"/>
    <trkpt lat="22.21044" lon="120.73818"/>
    <trkpt lat="22.21037" lon="120.73816"/>
    <trkpt lat="22.21032" lon="120.73814"/>
    <trkpt lat="22.21028" lon="120.73811"/>
    <trkpt lat="22.21014" lon="120.738"/>
    <trkpt lat="22.21002" lon="120.73793"/>
    <trkpt lat="22.20991" lon="120.73787"/>
    <trkpt lat="22.20978" lon="120.73784"/>
    <trkpt lat="22.20966" lon="120.73785"/>
    <trkpt lat="22.20955" lon="120.73785"/>
    <trkpt lat="22.20933" lon="120.73792"/>
    <trkpt lat="22.20925" lon="120.73797"/>
    <trkpt lat="22.20919" lon="120.73806"/>
    <trkpt lat="22.2085" lon="120.73891"/>
    <trkpt lat="22.20834" lon="120.7392"/>
    <trkpt lat="22.20825" lon="120.73949"/>
    <trkpt lat="22.20819" lon="120.73963"/>
    <trkpt lat="22.20814" lon="120.73973"/>
    <trkpt lat="22.2081" lon="120.73983"/>
    <trkpt lat="22.20806" lon="120.73995"/>
    <trkpt lat="22.20792" lon="120.7402"/>
    <trkpt lat="22.20783" lon="120.74034"/>
    <trkpt lat="22.20774" lon="120.74045"/>
    <trkpt lat="22.20767" lon="120.74051"/>
    <trkpt lat="22.20748" lon="120.74061"/>
    <trkpt lat="22.20728" lon="120.74066"/>
    <trkpt lat="22.20705" lon="120.74067"/>
    <trkpt lat="22.20703" lon="120.74067"/>
    <trkpt lat="22.20679" lon="120.74066"/>
    <trkpt lat="22.20644" lon="120.74059"/>
    <trkpt lat="22.20629" lon="120.74055"/>
    <trkpt lat="22.20618" lon="120.74052"/>
    <trkpt lat="22.20606" lon="120.74054"/>
    <trkpt lat="22.206" lon="120.74057"/>
    <trkpt lat="22.20597" lon="120.74058"/>
    <trkpt lat="22.2057" lon="120.74069"/>
    <trkpt lat="22.20533" lon="120.74092"/>
    <trkpt lat="22.20513" lon="120.741"/>
    <trkpt lat="22.20468" lon="120.74124"/>
    <trkpt lat="22.20454" lon="120.74136"/>
    <trkpt lat="22.20424" lon="120.74161"/>
    <trkpt lat="22.20398" lon="120.74187"/>
    <trkpt lat="22.2038" lon="120.74205"/>
    <trkpt lat="22.20374" lon="120.74213"/>
    <trkpt lat="22.20362" lon="120.74228"/>
    <trkpt lat="22.20362" lon="120.74229"/>
    <trkpt lat="22.20351" lon="120.74249"/>
    <trkpt lat="22.20345" lon="120.74271"/>
    <trkpt lat="22.20341" lon="120.74303"/>
    <trkpt lat="22.20336" lon="120.74332"/>
    <trkpt lat="22.20334" lon="120.7435"/>
    <trkpt lat="22.20334" lon="120.74359"/>
    <trkpt lat="22.20335" lon="120.7437"/>
    <trkpt lat="22.2034" lon="120.74392"/>
    <trkpt lat="22.20349" lon="120.74414"/>
    <trkpt lat="22.20354" lon="120.74423"/>
    <trkpt lat="22.20358" lon="120.7443"/>
    <trkpt lat="22.20361" lon="120.74436"/>
    <trkpt lat="22.20363" lon="120.74438"/>
    <trkpt lat="22.20391" lon="120.74472"/>
    <trkpt lat="22.204" lon="120.74481"/>
    <trkpt lat="22.20402" lon="120.74483"/>
    <trkpt lat="22.20414" lon="120.74497"/>
    <trkpt lat="22.20421" lon="120.74507"/>
    <trkpt lat="22.20427" lon="120.74517"/>
    <trkpt lat="22.20435" lon="120.7453"/>
    <trkpt lat="22.20442" lon="120.74546"/>
    <trkpt lat="22.20448" lon="120.74566"/>
    <trkpt lat="22.20451" lon="120.74581"/>
    <trkpt lat="22.20456" lon="120.746"/>
    <trkpt lat="22.20457" lon="120.74604"/>
    <trkpt lat="22.20461" lon="120.74618"/>
    <trkpt lat="22.20461" lon="120.7462"/>
    <trkpt lat="22.20464" lon="120.74637"/>
    <trkpt lat="22.20465" lon="120.74641"/>
    <trkpt lat="22.20475" lon="120.74671"/>
    <trkpt lat="22.20485" lon="120.74694"/>
    <trkpt lat="22.20497" lon="120.74718"/>
    <trkpt lat="22.20512" lon="120.74737"/>
    <trkpt lat="22.20524" lon="120.74751"/>
    <trkpt lat="22.20558" lon="120.74786"/>
    <trkpt lat="22.20597" lon="120.74828"/>
    <trkpt lat="22.20628" lon="120.74862"/>
    <trkpt lat="22.20669" lon="120.74907"/>
    <trkpt lat="22.20707" lon="120.74946"/>
    <trkpt lat="22.2073" lon="120.74973"/>
    <trkpt lat="22.20739" lon="120.74985"/>
    <trkpt lat="22.20746" lon="120.74997"/>
    <trkpt lat="22.20753" lon="120.75009"/>
    <trkpt lat="22.20755" lon="120.75011"/>
    <trkpt lat="22.20776" lon="120.75046"/>
    <trkpt lat="22.20799" lon="120.75094"/>
    <trkpt lat="22.20854" lon="120.75202"/>
    <trkpt lat="22.20867" lon="120.75234"/>
    <trkpt lat="22.2088" lon="120.75259"/>
    <trkpt lat="22.20891" lon="120.75283"/>
    <trkpt lat="22.20896" lon="120.75294"/>
    <trkpt lat="22.20912" lon="120.75361"/>
    <trkpt lat="22.20918" lon="120.75386"/>
    <trkpt lat="22.2092" lon="120.75395"/>
    <trkpt lat="22.20924" lon="120.75412"/>
    <trkpt lat="22.2093" lon="120.75453"/>
    <trkpt lat="22.20928" lon="120.75506"/>
    <trkpt lat="22.20923" lon="120.75562"/>
    <trkpt lat="22.20917" lon="120.75613"/>
    <trkpt lat="22.20906" lon="120.75673"/>
    <trkpt lat="22.20904" lon="120.75686"/>
    <trkpt lat="22.209" lon="120.75705"/>
    <trkpt lat="22.20897" lon="120.75717"/>
    <trkpt lat="22.20898" lon="120.75719"/>
    <trkpt lat="22.20899" lon="120.7573"/>
    <trkpt lat="22.20901" lon="120.75742"/>
    <trkpt lat="22.20904" lon="120.75753"/>
    <trkpt lat="22.20907" lon="120.7576"/>
    <trkpt lat="22.20912" lon="120.75769"/>
    <trkpt lat="22.20918" lon="120.7578"/>
    <trkpt lat="22.20925" lon="120.75788"/>
    <trkpt lat="22.20932" lon="120.75797"/>
    <trkpt lat="22.20941" lon="120.75807"/>
    <trkpt lat="22.20951" lon="120.75823"/>
    <trkpt lat="22.20966" lon="120.75852"/>
    <trkpt lat="22.20974" lon="120.75874"/>
    <trkpt lat="22.20979" lon="120.75891"/>
    <trkpt lat="22.20983" lon="120.75909"/>
    <trkpt lat="22.20986" lon="120.75924"/>
    <trkpt lat="22.20993" lon="120.75938"/>
    <trkpt lat="22.21003" lon="120.75955"/>
    <trkpt lat="22.21013" lon="120.75967"/>
    <trkpt lat="22.21022" lon="120.75975"/>
    <trkpt lat="22.21042" lon="120.75996"/>
    <trkpt lat="22.21058" lon="120.76014"/>
    <trkpt lat="22.21073" lon="120.76032"/>
    <trkpt lat="22.21076" lon="120.76037"/>
    <trkpt lat="22.21082" lon="120.76047"/>
    <trkpt lat="22.21086" lon="120.76058"/>
    <trkpt lat="22.21091" lon="120.76073"/>
    <trkpt lat="22.21092" lon="120.76087"/>
    <trkpt lat="22.21093" lon="120.76101"/>
    <trkpt lat="22.21093" lon="120.76106"/>
    <trkpt lat="22.21094" lon="120.76108"/>
    <trkpt lat="22.21093" lon="120.76136"/>
    <trkpt lat="22.21089" lon="120.76161"/>
    <trkpt lat="22.21085" lon="120.76176"/>
    <trkpt lat="22.2108" lon="120.76188"/>
    <trkpt lat="22.21079" lon="120.7619"/>
    <trkpt lat="22.21075" lon="120.76199"/>
    <trkpt lat="22.21068" lon="120.76213"/>
    <trkpt lat="22.21059" lon="120.76234"/>
    <trkpt lat="22.21053" lon="120.7625"/>
    <trkpt lat="22.21049" lon="120.76263"/>
    <trkpt lat="22.21049" lon="120.76274"/>
    <trkpt lat="22.21051" lon="120.76283"/>
    <trkpt lat="22.21058" lon="120.76294"/>
    <trkpt lat="22.21064" lon="120.763"/>
    <trkpt lat="22.21078" lon="120.76314"/>
    <trkpt lat="22.21092" lon="120.76327"/>
    <trkpt lat="22.21119" lon="120.7635"/>
    <trkpt lat="22.21127" lon="120.7636"/>
    <trkpt lat="22.21146" lon="120.76374"/>
    <trkpt lat="22.21188" lon="120.76413"/>
    <trkpt lat="22.21216" lon="120.76439"/>
    <trkpt lat="22.21238" lon="120.76459"/>
    <trkpt lat="22.21243" lon="120.76464"/>
    <trkpt lat="22.21248" lon="120.7647"/>
    <trkpt lat="22.21251" lon="120.76475"/>
    <trkpt lat="22.21254" lon="120.76479"/>
    <trkpt lat="22.21256" lon="120.76482"/>
    <trkpt lat="22.21257" lon="120.76486"/>
    <trkpt lat="22.21261" lon="120.76492"/>
    <trkpt lat="22.21263" lon="120.76498"/>
    <trkpt lat="22.21265" lon="120.76501"/>
    <trkpt lat="22.21266" lon="120.76503"/>
    <trkpt lat="22.21267" lon="120.76507"/>
    <trkpt lat="22.21268" lon="120.7651"/>
    <trkpt lat="22.21268" lon="120.76512"/>
    <trkpt lat="22.21269" lon="120.76515"/>
    <trkpt lat="22.2127" lon="120.76518"/>
    <trkpt lat="22.21271" lon="120.76523"/>
    <trkpt lat="22.21271" lon="120.76526"/>
    <trkpt lat="22.21272" lon="120.7653"/>
    <trkpt lat="22.21272" lon="120.76534"/>
    <trkpt lat="22.21273" lon="120.76539"/>
    <trkpt lat="22.21274" lon="120.76543"/>
    <trkpt lat="22.21275" lon="120.76549"/>
    <trkpt lat="22.21281" lon="120.76565"/>
    <trkpt lat="22.2129" lon="120.76582"/>
    <trkpt lat="22.21296" lon="120.76602"/>
    <trkpt lat="22.21297" lon="120.76604"/>
    <trkpt lat="22.21303" lon="120.76623"/>
    <trkpt lat="22.21308" lon="120.76634"/>
    <trkpt lat="22.21312" lon="120.76642"/>
    <trkpt lat="22.2132" lon="120.76653"/>
    <trkpt lat="22.21323" lon="120.76658"/>
    <trkpt lat="22.21331" lon="120.76669"/>
    <trkpt lat="22.21334" lon="120.76673"/>
    <trkpt lat="22.21343" lon="120.76686"/>
    <trkpt lat="22.21352" lon="120.76697"/>
    <trkpt lat="22.21361" lon="120.7671"/>
    <trkpt lat="22.21365" lon="120.76718"/>
    <trkpt lat="22.21367" lon="120.76724"/>
    <trkpt lat="22.21368" lon="120.76727"/>
    <trkpt lat="22.21369" lon="120.7673"/>
    <trkpt lat="22.2137" lon="120.76733"/>
    <trkpt lat="22.21371" lon="120.76737"/>
    <trkpt lat="22.21371" lon="120.76738"/>
    <trkpt lat="22.21372" lon="120.7674"/>
    <trkpt lat="22.21373" lon="120.76745"/>
    <trkpt lat="22.21374" lon="120.76752"/>
    <trkpt lat="22.21374" lon="120.76753"/>
    <trkpt lat="22.21374" lon="120.76757"/>
    <trkpt lat="22.21376" lon="120.76771"/>
    <trkpt lat="22.21379" lon="120.76798"/>
    <trkpt lat="22.2138" lon="120.7681"/>
    <trkpt lat="22.21381" lon="120.76817"/>
    <trkpt lat="22.21382" lon="120.76822"/>
    <trkpt lat="22.21384" lon="120.76831"/>
    <trkpt lat="22.21386" lon="120.76839"/>
    <trkpt lat="22.2139" lon="120.76846"/>
    <trkpt lat="22.21396" lon="120.76854"/>
    <trkpt lat="22.21402" lon="120.76861"/>
    <trkpt lat="22.21403" lon="120.76861"/>
    <trkpt lat="22.21413" lon="120.76868"/>
    <trkpt lat="22.21418" lon="120.76871"/>
    <trkpt lat="22.21424" lon="120.76874"/>
    <trkpt lat="22.21445" lon="120.76885"/>
    <trkpt lat="22.2146" lon="120.76892"/>
    <trkpt lat="22.21467" lon="120.76895"/>
    <trkpt lat="22.21472" lon="120.76897"/>
    <trkpt lat="22.21481" lon="120.76902"/>
    <trkpt lat="22.21483" lon="120.76904"/>
    <trkpt lat="22.2149" lon="120.7691"/>
    <trkpt lat="22.21496" lon="120.76916"/>
    <trkpt lat="22.21497" lon="120.76916"/>
    <trkpt lat="22.21503" lon="120.76923"/>
    <trkpt lat="22.21512" lon="120.76936"/>
    <trkpt lat="22.21517" lon="120.76945"/>
    <trkpt lat="22.21519" lon="120.76949"/>
    <trkpt lat="22.21521" lon="120.76953"/>
    <trkpt lat="22.21522" lon="120.76957"/>
    <trkpt lat="22.21522" lon="120.76964"/>
    <trkpt lat="22.21522" lon="120.76966"/>
    <trkpt lat="22.21522" lon="120.76971"/>
    <trkpt lat="22.21521" lon="120.76978"/>
    <trkpt lat="22.21519" lon="120.76984"/>
    <trkpt lat="22.21519" lon="120.76985"/>
    <trkpt lat="22.21516" lon="120.76994"/>
    <trkpt lat="22.2151" lon="120.77018"/>
    <trkpt lat="22.21508" lon="120.7703"/>
    <trkpt lat="22.21507" lon="120.77049"/>
    <trkpt lat="22.21507" lon="120.77065"/>
    <trkpt lat="22.21506" lon="120.77077"/>
    <trkpt lat="22.21506" lon="120.77091"/>
    <trkpt lat="22.21506" lon="120.77095"/>
    <trkpt lat="22.21506" lon="120.77099"/>
    <trkpt lat="22.21507" lon="120.77104"/>
    <trkpt lat="22.21507" lon="120.7711"/>
    <trkpt lat="22.21509" lon="120.77115"/>
    <trkpt lat="22.2151" lon="120.77119"/>
    <trkpt lat="22.21511" lon="120.7712"/>
    <trkpt lat="22.21512" lon="120.77124"/>
    <trkpt lat="22.21516" lon="120.77135"/>
    <trkpt lat="22.21525" lon="120.77156"/>
    <trkpt lat="22.21535" lon="120.77174"/>
    <trkpt lat="22.21543" lon="120.77189"/>
    <trkpt lat="22.21546" lon="120.77196"/>
    <trkpt lat="22.21548" lon="120.77202"/>
    <trkpt lat="22.21549" lon="120.77206"/>
    <trkpt lat="22.21549" lon="120.7721"/>
    <trkpt lat="22.2155" lon="120.77213"/>
    <trkpt lat="22.21551" lon="120.77216"/>
    <trkpt lat="22.21551" lon="120.77219"/>
    <trkpt lat="22.21551" lon="120.77223"/>
    <trkpt lat="22.21552" lon="120.77225"/>
    <trkpt lat="22.21553" lon="120.7723"/>
    <trkpt lat="22.21553" lon="120.77234"/>
    <trkpt lat="22.21554" lon="120.77237"/>
    <trkpt lat="22.21555" lon="120.77241"/>
    <trkpt lat="22.21556" lon="120.77244"/>
    <trkpt lat="22.21556" lon="120.77245"/>
    <trkpt lat="22.21557" lon="120.77248"/>
    <trkpt lat="22.21559" lon="120.77253"/>
    <trkpt lat="22.2156" lon="120.77256"/>
    <trkpt lat="22.21562" lon="120.77262"/>
    <trkpt lat="22.21563" lon="120.77265"/>
    <trkpt lat="22.21572" lon="120.77282"/>
    <trkpt lat="22.21578" lon="120.77295"/>
    <trkpt lat="22.21587" lon="120.77307"/>
    <trkpt lat="22.21595" lon="120.77318"/>
    <trkpt lat="22.21605" lon="120.77331"/>
    <trkpt lat="22.21611" lon="120.77339"/>
    <trkpt lat="22.21622" lon="120.77355"/>
    <trkpt lat="22.21626" lon="120.77365"/>
    <trkpt lat="22.21628" lon="120.7737"/>
    <trkpt lat="22.21629" lon="120.77376"/>
    <trkpt lat="22.21628" lon="120.77382"/>
    <trkpt lat="22.21627" lon="120.77387"/>
    <trkpt lat="22.21623" lon="120.77393"/>
    <trkpt lat="22.21619" lon="120.774"/>
    <trkpt lat="22.21615" lon="120.77405"/>
    <trkpt lat="22.21611" lon="120.77409"/>
    <trkpt lat="22.2161" lon="120.7741"/>
    <trkpt lat="22.21604" lon="120.77414"/>
    <trkpt lat="22.21596" lon="120.7742"/>
    <trkpt lat="22.21595" lon="120.77421"/>
    <trkpt lat="22.21587" lon="120.77428"/>
    <trkpt lat="22.2158" lon="120.77436"/>
    <trkpt lat="22.2157" lon="120.77446"/>
    <trkpt lat="22.21563" lon="120.77456"/>
    <trkpt lat="22.21544" lon="120.77484"/>
    <trkpt lat="22.21529" lon="120.77512"/>
    <trkpt lat="22.21525" lon="120.7752"/>
    <trkpt lat="22.21522" lon="120.77528"/>
    <trkpt lat="22.21519" lon="120.77539"/>
    <trkpt lat="22.21519" lon="120.77543"/>
    <trkpt lat="22.21518" lon="120.77546"/>
    <trkpt lat="22.21518" lon="120.77549"/>
    <trkpt lat="22.21518" lon="120.77554"/>
    <trkpt lat="22.21518" lon="120.7756"/>
    <trkpt lat="22.21518" lon="120.77568"/>
    <trkpt lat="22.21517" lon="120.7758"/>
    <trkpt lat="22.21517" lon="120.77601"/>
    <trkpt lat="22.21517" lon="120.77608"/>
    <trkpt lat="22.21516" lon="120.77621"/>
    <trkpt lat="22.21515" lon="120.7764"/>
    <trkpt lat="22.21515" lon="120.77646"/>
    <trkpt lat="22.21513" lon="120.77664"/>
    <trkpt lat="22.2151" lon="120.77679"/>
    <trkpt lat="22.21509" lon="120.77682"/>
    <trkpt lat="22.21505" lon="120.77696"/>
    <trkpt lat="22.21504" lon="120.77697"/>
    <trkpt lat="22.21504" lon="120.77698"/>
    <trkpt lat="22.215" lon="120.77708"/>
    <trkpt lat="22.21497" lon="120.77715"/>
    <trkpt lat="22.21493" lon="120.77725"/>
    <trkpt lat="22.21484" lon="120.77751"/>
    <trkpt lat="22.21481" lon="120.77759"/>
    <trkpt lat="22.21473" lon="120.77783"/>
    <trkpt lat="22.21468" lon="120.77799"/>
    <trkpt lat="22.21465" lon="120.7781"/>
    <trkpt lat="22.21464" lon="120.77818"/>
    <trkpt lat="22.21462" lon="120.77826"/>
    <trkpt lat="22.21454" lon="120.77851"/>
    <trkpt lat="22.21446" lon="120.77881"/>
    <trkpt lat="22.21445" lon="120.77887"/>
    <trkpt lat="22.21441" lon="120.779"/>
    <trkpt lat="22.21441" lon="120.77902"/>
    <trkpt lat="22.21437" lon="120.77919"/>
    <trkpt lat="22.21435" lon="120.77926"/>
    <trkpt lat="22.21432" lon="120.77937"/>
    <trkpt lat="22.21431" lon="120.7794"/>
    <trkpt lat="22.21427" lon="120.77954"/>
    <trkpt lat="22.21426" lon="120.77956"/>
    <trkpt lat="22.21423" lon="120.77963"/>
    <trkpt lat="22.21419" lon="120.77972"/>
    <trkpt lat="22.21418" lon="120.77973"/>
    <trkpt lat="22.2141" lon="120.7799"/>
    <trkpt lat="22.21402" lon="120.78003"/>
    <trkpt lat="22.21395" lon="120.78013"/>
    <trkpt lat="22.21391" lon="120.78017"/>
    <trkpt lat="22.21385" lon="120.78023"/>
    <trkpt lat="22.21373" lon="120.78032"/>
    <trkpt lat="22.21367" lon="120.78036"/>
    <trkpt lat="22.21358" lon="120.78043"/>
    <trkpt lat="22.21353" lon="120.78047"/>
    <trkpt lat="22.21351" lon="120.78048"/>
    <trkpt lat="22.21349" lon="120.7805"/>
    <trkpt lat="22.21347" lon="120.78054"/>
    <trkpt lat="22.21346" lon="120.78056"/>
    <trkpt lat="22.21346" lon="120.78057"/>
    <trkpt lat="22.21345" lon="120.78059"/>
    <trkpt lat="22.21343" lon="120.78064"/>
    <trkpt lat="22.21342" lon="120.78067"/>
    <trkpt lat="22.21342" lon="120.78073"/>
    <trkpt lat="22.21342" lon="120.78079"/>
    <trkpt lat="22.21341" lon="120.78105"/>
    <trkpt lat="22.21342" lon="120.78138"/>
    <trkpt lat="22.21344" lon="120.78183"/>
    <trkpt lat="22.21344" lon="120.78192"/>
    <trkpt lat="22.21345" lon="120.78202"/>
    <trkpt lat="22.21347" lon="120.78213"/>
    <trkpt lat="22.21348" lon="120.78217"/>
    <trkpt lat="22.21349" lon="120.78221"/>
    <trkpt lat="22.2135" lon="120.78224"/>
    <trkpt lat="22.21352" lon="120.78227"/>
    <trkpt lat="22.21354" lon="120.7823"/>
    <trkpt lat="22.21356" lon="120.78233"/>
    <trkpt lat="22.21361" lon="120.78238"/>
    <trkpt lat="22.21369" lon="120.78246"/>
    <trkpt lat="22.21379" lon="120.78257"/>
    <trkpt lat="22.21389" lon="120.78269"/>
    <trkpt lat="22.21391" lon="120.78271"/>
    <trkpt lat="22.21407" lon="120.7829"/>
    <trkpt lat="22.21415" lon="120.78301"/>
    <trkpt lat="22.21418" lon="120.78305"/>
    <trkpt lat="22.2142" lon="120.78308"/>
    <trkpt lat="22.21421" lon="120.78311"/>
    <trkpt lat="22.21422" lon="120.78314"/>
    <trkpt lat="22.21425" lon="120.78321"/>
    <trkpt lat="22.21429" lon="120.78334"/>
    <trkpt lat="22.2143" lon="120.78346"/>
    <trkpt lat="22.21431" lon="120.7835"/>
    <trkpt lat="22.21432" lon="120.78358"/>
    <trkpt lat="22.21437" lon="120.78393"/>
    <trkpt lat="22.2145" lon="120.78454"/>
    <trkpt lat="22.21453" lon="120.78473"/>
    <trkpt lat="22.21456" lon="120.78492"/>
    <trkpt lat="22.21459" lon="120.78507"/>
    <trkpt lat="22.21459" lon="120.78511"/>
    <trkpt lat="22.21463" lon="120.7853"/>
    <trkpt lat="22.21466" lon="120.78542"/>
    <trkpt lat="22.21467" lon="120.78549"/>
    <trkpt lat="22.21469" lon="120.78558"/>
    <trkpt lat="22.21471" lon="120.78564"/>
    <trkpt lat="22.21471" lon="120.78568"/>
    <trkpt lat="22.21472" lon="120.78574"/>
    <trkpt lat="22.21473" lon="120.78579"/>
    <trkpt lat="22.21473" lon="120.78582"/>
    <trkpt lat="22.21472" lon="120.78586"/>
    <trkpt lat="22.21472" lon="120.78587"/>
    <trkpt lat="22.21472" lon="120.78591"/>
    <trkpt lat="22.21471" lon="120.78597"/>
    <trkpt lat="22.21467" lon="120.78608"/>
    <trkpt lat="22.21453" lon="120.78643"/>
    <trkpt lat="22.21448" lon="120.7866"/>
    <trkpt lat="22.21443" lon="120.78674"/>
    <trkpt lat="22.2144" lon="120.78688"/>
    <trkpt lat="22.21438" lon="120.78697"/>
    <trkpt lat="22.21435" lon="120.78711"/>
    <trkpt lat="22.21433" lon="120.7872"/>
    <trkpt lat="22.21432" lon="120.78731"/>
    <trkpt lat="22.2143" lon="120.78758"/>
    <trkpt lat="22.21428" lon="120.78796"/>
    <trkpt lat="22.21427" lon="120.78799"/>
    <trkpt lat="22.21426" lon="120.78838"/>
    <trkpt lat="22.21424" lon="120.78867"/>
    <trkpt lat="22.21423" lon="120.78891"/>
    <trkpt lat="22.21422" lon="120.78895"/>
    <trkpt lat="22.2142" lon="120.7893"/>
    <trkpt lat="22.21419" lon="120.78939"/>
    <trkpt lat="22.21418" lon="120.78948"/>
    <trkpt lat="22.21418" lon="120.78956"/>
    <trkpt lat="22.21418" lon="120.78962"/>
    <trkpt lat="22.21419" lon="120.78969"/>
    <trkpt lat="22.2142" lon="120.78976"/>
    <trkpt lat="22.21423" lon="120.78985"/>
    <trkpt lat="22.21428" lon="120.78998"/>
    <trkpt lat="22.21432" lon="120.79009"/>
    <trkpt lat="22.2144" lon="120.79022"/>
    <trkpt lat="22.21453" lon="120.79045"/>
    <trkpt lat="22.21454" lon="120.79049"/>
    <trkpt lat="22.21471" lon="120.79084"/>
    <trkpt lat="22.21473" lon="120.79092"/>
    <trkpt lat="22.21475" lon="120.79099"/>
    <trkpt lat="22.21476" lon="120.79102"/>
    <trkpt lat="22.21477" lon="120.79105"/>
    <trkpt lat="22.21477" lon="120.79109"/>
    <trkpt lat="22.21477" lon="120.79112"/>
    <trkpt lat="22.21477" lon="120.79115"/>
    <trkpt lat="22.21478" lon="120.79119"/>
    <trkpt lat="22.21478" lon="120.79123"/>
    <trkpt lat="22.21478" lon="120.79127"/>
    <trkpt lat="22.21478" lon="120.79131"/>
    <trkpt lat="22.21478" lon="120.79136"/>
    <trkpt lat="22.21478" lon="120.79142"/>
    <trkpt lat="22.21477" lon="120.79144"/>
    <trkpt lat="22.21477" lon="120.79149"/>
    <trkpt lat="22.21476" lon="120.79152"/>
    <trkpt lat="22.21475" lon="120.79156"/>
    <trkpt lat="22.21475" lon="120.7916"/>
    <trkpt lat="22.21475" lon="120.79163"/>
    <trkpt lat="22.21475" lon="120.79166"/>
    <trkpt lat="22.21475" lon="120.7917"/>
    <trkpt lat="22.21475" lon="120.79175"/>
    <trkpt lat="22.21475" lon="120.79178"/>
    <trkpt lat="22.21475" lon="120.79181"/>
    <trkpt lat="22.21476" lon="120.79184"/>
    <trkpt lat="22.21476" lon="120.79186"/>
    <trkpt lat="22.21478" lon="120.7919"/>
    <trkpt lat="22.2148" lon="120.79194"/>
    <trkpt lat="22.21482" lon="120.79197"/>
    <trkpt lat="22.21483" lon="120.79198"/>
    <trkpt lat="22.2149" lon="120.79209"/>
    <trkpt lat="22.21493" lon="120.79213"/>
    <trkpt lat="22.21497" lon="120.79219"/>
    <trkpt lat="22.21502" lon="120.79228"/>
    <trkpt lat="22.21503" lon="120.79229"/>
    <trkpt lat="22.21508" lon="120.79235"/>
    <trkpt lat="22.21514" lon="120.79242"/>
    <trkpt lat="22.21515" lon="120.79243"/>
    <trkpt lat="22.21518" lon="120.79248"/>
    <trkpt lat="22.21523" lon="120.79252"/>
    <trkpt lat="22.21529" lon="120.79255"/>
    <trkpt lat="22.21542" lon="120.79262"/>
    <trkpt lat="22.2155" lon="120.79267"/>
    <trkpt lat="22.21559" lon="120.7927"/>
    <trkpt lat="22.21562" lon="120.79271"/>
    <trkpt lat="22.21579" lon="120.79276"/>
    <trkpt lat="22.21581" lon="120.79277"/>
    <trkpt lat="22.21631" lon="120.79292"/>
    <trkpt lat="22.21656" lon="120.79299"/>
    <trkpt lat="22.21683" lon="120.79307"/>
    <trkpt lat="22.21742" lon="120.79324"/>
    <trkpt lat="22.21751" lon="120.79326"/>
    <trkpt lat="22.21757" lon="120.79327"/>
    <trkpt lat="22.21775" lon="120.79332"/>
    <trkpt lat="22.2181" lon="120.79342"/>
    <trkpt lat="22.21813" lon="120.79343"/>
    <trkpt lat="22.21827" lon="120.79347"/>
    <trkpt lat="22.21849" lon="120.79354"/>
    <trkpt lat="22.21861" lon="120.79358"/>
    <trkpt lat="22.21879" lon="120.79364"/>
    <trkpt lat="22.21881" lon="120.79375"/>
    <trkpt lat="22.21881" lon="120.79377"/>
    <trkpt lat="22.21881" lon="120.79378"/>
    <trkpt lat="22.21882" lon="120.79383"/>
    <trkpt lat="22.21884" lon="120.79387"/>
    <trkpt lat="22.21884" lon="120.79389"/>
    <trkpt lat="22.21884" lon="120.79387"/>
    <trkpt lat="22.21882" lon="120.79383"/>
    <trkpt lat="22.21881" lon="120.79378"/>
    <trkpt lat="22.21881" lon="120.79377"/>
    <trkpt lat="22.21881" lon="120.79375"/>
    <trkpt lat="22.21879" lon="120.79364"/>
    <trkpt lat="22.21938" lon="120.79397"/>
    <trkpt lat="22.21952" lon="120.79408"/>
    <trkpt lat="22.21965" lon="120.7942"/>
    <trkpt lat="22.21982" lon="120.7943"/>
    <trkpt lat="22.21991" lon="120.79436"/>
    <trkpt lat="22.22015" lon="120.79444"/>
    <trkpt lat="22.22038" lon="120.79455"/>
    <trkpt lat="22.22063" lon="120.79469"/>
    <trkpt lat="22.22067" lon="120.79472"/>
    <trkpt lat="22.22073" lon="120.79476"/>
    <trkpt lat="22.22077" lon="120.79478"/>
    <trkpt lat="22.22084" lon="120.79481"/>
    <trkpt lat="22.2209" lon="120.79485"/>
    <trkpt lat="22.22098" lon="120.79488"/>
    <trkpt lat="22.2211" lon="120.79495"/>
    <trkpt lat="22.2212" lon="120.79501"/>
    <trkpt lat="22.2213" lon="120.79508"/>
    <trkpt lat="22.2214" lon="120.79514"/>
    <trkpt lat="22.22144" lon="120.79517"/>
    <trkpt lat="22.22146" lon="120.79519"/>
    <trkpt lat="22.22151" lon="120.79522"/>
    <trkpt lat="22.22163" lon="120.7953"/>
    <trkpt lat="22.22175" lon="120.7954"/>
    <trkpt lat="22.2218" lon="120.79545"/>
    <trkpt lat="22.22189" lon="120.79553"/>
    <trkpt lat="22.22202" lon="120.79563"/>
    <trkpt lat="22.2221" lon="120.79571"/>
    <trkpt lat="22.22228" lon="120.79591"/>
    <trkpt lat="22.22246" lon="120.79612"/>
    <trkpt lat="22.22268" lon="120.79627"/>
    <trkpt lat="22.22291" lon="120.79637"/>
    <trkpt lat="22.22314" lon="120.7964"/>
    <trkpt lat="22.22322" lon="120.79639"/>
    <trkpt lat="22.22333" lon="120.79638"/>
    <trkpt lat="22.22364" lon="120.7963"/>
    <trkpt lat="22.22393" lon="120.79625"/>
    <trkpt lat="22.22422" lon="120.79621"/>
    <trkpt lat="22.22462" lon="120.79618"/>
    <trkpt lat="22.22477" lon="120.79617"/>
    <trkpt lat="22.22489" lon="120.79618"/>
    <trkpt lat="22.22503" lon="120.79622"/>
    <trkpt lat="22.22514" lon="120.79628"/>
    <trkpt lat="22.22516" lon="120.79629"/>
    <trkpt lat="22.2252" lon="120.79633"/>
    <trkpt lat="22.22545" lon="120.79652"/>
    <trkpt lat="22.22565" lon="120.79672"/>
    <trkpt lat="22.22583" lon="120.79686"/>
    <trkpt lat="22.22599" lon="120.79697"/>
    <trkpt lat="22.22605" lon="120.79699"/>
    <trkpt lat="22.22611" lon="120.797"/>
    <trkpt lat="22.22616" lon="120.797"/>
    <trkpt lat="22.2262" lon="120.79701"/>
    <trkpt lat="22.22624" lon="120.79701"/>
    <trkpt lat="22.22627" lon="120.79701"/>
    <trkpt lat="22.22633" lon="120.797"/>
    <trkpt lat="22.22635" lon="120.797"/>
    <trkpt lat="22.22637" lon="120.79699"/>
    <trkpt lat="22.22639" lon="120.79698"/>
    <trkpt lat="22.22642" lon="120.79698"/>
    <trkpt lat="22.22648" lon="120.79696"/>
    <trkpt lat="22.2266" lon="120.79691"/>
    <trkpt lat="22.2266" lon="120.7969"/>
    <trkpt lat="22.22672" lon="120.79686"/>
    <trkpt lat="22.22677" lon="120.79685"/>
    <trkpt lat="22.22684" lon="120.79683"/>
    <trkpt lat="22.2269" lon="120.79681"/>
    <trkpt lat="22.22692" lon="120.79681"/>
    <trkpt lat="22.227" lon="120.79679"/>
    <trkpt lat="22.22706" lon="120.79678"/>
    <trkpt lat="22.22714" lon="120.79678"/>
    <trkpt lat="22.22722" lon="120.79679"/>
    <trkpt lat="22.22735" lon="120.7968"/>
    <trkpt lat="22.2274" lon="120.79682"/>
    <trkpt lat="22.22809" lon="120.79695"/>
    <trkpt lat="22.22831" lon="120.79695"/>
    <trkpt lat="22.22849" lon="120.79696"/>
    <trkpt lat="22.22865" lon="120.79696"/>
    <trkpt lat="22.22869" lon="120.79696"/>
    <trkpt lat="22.22887" lon="120.79694"/>
    <trkpt lat="22.22904" lon="120.79694"/>
    <trkpt lat="22.22918" lon="120.79694"/>
    <trkpt lat="22.22929" lon="120.79697"/>
    <trkpt lat="22.22941" lon="120.79703"/>
    <trkpt lat="22.2295" lon="120.7971"/>
    <trkpt lat="22.2296" lon="120.79719"/>
    <trkpt lat="22.22966" lon="120.79727"/>
    <trkpt lat="22.2297" lon="120.79734"/>
    <trkpt lat="22.22973" lon="120.79743"/>
    <trkpt lat="22.22978" lon="120.79756"/>
    <trkpt lat="22.2298" lon="120.79771"/>
    <trkpt lat="22.2298" lon="120.79786"/>
    <trkpt lat="22.22974" lon="120.79805"/>
    <trkpt lat="22.2297" lon="120.7982"/>
    <trkpt lat="22.22963" lon="120.79839"/>
    <trkpt lat="22.22961" lon="120.79848"/>
    <trkpt lat="22.22957" lon="120.79863"/>
    <trkpt lat="22.22953" lon="120.79877"/>
    <trkpt lat="22.22953" lon="120.79892"/>
    <trkpt lat="22.22953" lon="120.79908"/>
    <trkpt lat="22.22954" lon="120.79921"/>
    <trkpt lat="22.22955" lon="120.79931"/>
    <trkpt lat="22.22955" lon="120.79938"/>
    <trkpt lat="22.22958" lon="120.79945"/>
    <trkpt lat="22.22965" lon="120.79958"/>
    <trkpt lat="22.22971" lon="120.79965"/>
    <trkpt lat="22.22979" lon="120.79969"/>
    <trkpt lat="22.22988" lon="120.79974"/>
    <trkpt lat="22.22996" lon="120.79976"/>
    <trkpt lat="22.23004" lon="120.79977"/>
    <trkpt lat="22.23007" lon="120.79976"/>
    <trkpt lat="22.23016" lon="120.79974"/>
    <trkpt lat="22.23035" lon="120.79968"/>
    <trkpt lat="22.23037" lon="120.79967"/>
    <trkpt lat="22.23054" lon="120.79961"/>
    <trkpt lat="22.23064" lon="120.79957"/>
    <trkpt lat="22.23074" lon="120.79956"/>
    <trkpt lat="22.23081" lon="120.79956"/>
    <trkpt lat="22.23091" lon="120.79958"/>
    <trkpt lat="22.23097" lon="120.79961"/>
    <trkpt lat="22.23103" lon="120.79965"/>
    <trkpt lat="22.2311" lon="120.79972"/>
    <trkpt lat="22.23114" lon="120.79977"/>
    <trkpt lat="22.23117" lon="120.79981"/>
    <trkpt lat="22.23122" lon="120.79992"/>
    <trkpt lat="22.23127" lon="120.80009"/>
    <trkpt lat="22.23131" lon="120.80028"/>
    <trkpt lat="22.23151" lon="120.80096"/>
    <trkpt lat="22.23155" lon="120.80108"/>
    <trkpt lat="22.23161" lon="120.80122"/>
    <trkpt lat="22.23163" lon="120.80125"/>
    <trkpt lat="22.23165" lon="120.80128"/>
    <trkpt lat="22.23169" lon="120.80132"/>
    <trkpt lat="22.23174" lon="120.80135"/>
    <trkpt lat="22.23183" lon="120.8014"/>
    <trkpt lat="22.2319" lon="120.80142"/>
    <trkpt lat="22.232" lon="120.80143"/>
    <trkpt lat="22.23208" lon="120.80143"/>
    <trkpt lat="22.23217" lon="120.8014"/>
    <trkpt lat="22.23226" lon="120.80137"/>
    <trkpt lat="22.23236" lon="120.80133"/>
    <trkpt lat="22.23246" lon="120.8013"/>
    <trkpt lat="22.23258" lon="120.80128"/>
    <trkpt lat="22.23267" lon="120.80129"/>
    <trkpt lat="22.23272" lon="120.80129"/>
    <trkpt lat="22.23277" lon="120.80131"/>
    <trkpt lat="22.2329" lon="120.80139"/>
    <trkpt lat="22.23301" lon="120.80148"/>
    <trkpt lat="22.23311" lon="120.80156"/>
    <trkpt lat="22.2332" lon="120.80164"/>
    <trkpt lat="22.23327" lon="120.80169"/>
    <trkpt lat="22.23332" lon="120.80171"/>
    <trkpt lat="22.23338" lon="120.80174"/>
    <trkpt lat="22.23393" lon="120.80185"/>
    <trkpt lat="22.23404" lon="120.80188"/>
    <trkpt lat="22.23416" lon="120.80194"/>
    <trkpt lat="22.23423" lon="120.80197"/>
    <trkpt lat="22.23427" lon="120.802"/>
    <trkpt lat="22.23431" lon="120.80203"/>
    <trkpt lat="22.23453" lon="120.80228"/>
    <trkpt lat="22.23471" lon="120.80256"/>
    <trkpt lat="22.23478" lon="120.80265"/>
    <trkpt lat="22.23483" lon="120.80269"/>
    <trkpt lat="22.23488" lon="120.80273"/>
    <trkpt lat="22.23504" lon="120.8028"/>
    <trkpt lat="22.23505" lon="120.8028"/>
    <trkpt lat="22.23521" lon="120.80285"/>
    <trkpt lat="22.23522" lon="120.80286"/>
    <trkpt lat="22.23538" lon="120.8029"/>
    <trkpt lat="22.23557" lon="120.80293"/>
    <trkpt lat="22.2361" lon="120.80308"/>
    <trkpt lat="22.23641" lon="120.8032"/>
    <trkpt lat="22.23661" lon="120.80328"/>
    <trkpt lat="22.23682" lon="120.80335"/>
    <trkpt lat="22.23738" lon="120.80349"/>
    <trkpt lat="22.23771" lon="120.80356"/>
    <trkpt lat="22.23812" lon="120.80369"/>
    <trkpt lat="22.23824" lon="120.80373"/>
    <trkpt lat="22.23831" lon="120.80376"/>
    <trkpt lat="22.2384" lon="120.80379"/>
    <trkpt lat="22.23853" lon="120.80383"/>
    <trkpt lat="22.23866" lon="120.80388"/>
    <trkpt lat="22.23879" lon="120.80395"/>
    <trkpt lat="22.23875" lon="120.80423"/>
    <trkpt lat="22.23875" lon="120.80439"/>
    <trkpt lat="22.23875" lon="120.80443"/>
    <trkpt lat="22.23868" lon="120.80459"/>
    <trkpt lat="22.23868" lon="120.8046"/>
    <trkpt lat="22.23862" lon="120.80473"/>
    <trkpt lat="22.23861" lon="120.80477"/>
    <trkpt lat="22.23855" lon="120.80491"/>
    <trkpt lat="22.23847" lon="120.80517"/>
    <trkpt lat="22.23843" lon="120.80534"/>
    <trkpt lat="22.23839" lon="120.80551"/>
    <trkpt lat="22.23833" lon="120.80591"/>
    <trkpt lat="22.23832" lon="120.80594"/>
    <trkpt lat="22.23831" lon="120.80614"/>
    <trkpt lat="22.23829" lon="120.80633"/>
    <trkpt lat="22.23828" lon="120.80641"/>
    <trkpt lat="22.23826" lon="120.80682"/>
    <trkpt lat="22.23826" lon="120.80691"/>
    <trkpt lat="22.23826" lon="120.80701"/>
    <trkpt lat="22.23828" lon="120.8071"/>
    <trkpt lat="22.23828" lon="120.80711"/>
    <trkpt lat="22.23831" lon="120.8072"/>
    <trkpt lat="22.23834" lon="120.80723"/>
    <trkpt lat="22.23838" lon="120.80726"/>
    <trkpt lat="22.23849" lon="120.80732"/>
    <trkpt lat="22.23857" lon="120.80735"/>
    <trkpt lat="22.23866" lon="120.80735"/>
    <trkpt lat="22.23888" lon="120.80731"/>
    <trkpt lat="22.23907" lon="120.80732"/>
    <trkpt lat="22.23925" lon="120.80736"/>
    <trkpt lat="22.23931" lon="120.80738"/>
    <trkpt lat="22.23945" lon="120.80743"/>
    <trkpt lat="22.23961" lon="120.80752"/>
    <trkpt lat="22.23974" lon="120.80761"/>
    <trkpt lat="22.23983" lon="120.80772"/>
    <trkpt lat="22.23989" lon="120.80784"/>
    <trkpt lat="22.23993" lon="120.80799"/>
    <trkpt lat="22.23997" lon="120.80812"/>
    <trkpt lat="22.24003" lon="120.80824"/>
    <trkpt lat="22.24006" lon="120.80829"/>
    <trkpt lat="22.24008" lon="120.80832"/>
    <trkpt lat="22.24015" lon="120.80838"/>
    <trkpt lat="22.24028" lon="120.80845"/>
    <trkpt lat="22.24053" lon="120.80857"/>
    <trkpt lat="22.24067" lon="120.80863"/>
    <trkpt lat="22.24075" lon="120.80868"/>
    <trkpt lat="22.24079" lon="120.80872"/>
    <trkpt lat="22.24083" lon="120.80876"/>
    <trkpt lat="22.24087" lon="120.80884"/>
    <trkpt lat="22.2409" lon="120.80891"/>
    <trkpt lat="22.24093" lon="120.80899"/>
    <trkpt lat="22.24097" lon="120.80911"/>
    <trkpt lat="22.24103" lon="120.80926"/>
    <trkpt lat="22.24104" lon="120.80927"/>
    <trkpt lat="22.2411" lon="120.80938"/>
    <trkpt lat="22.24118" lon="120.8095"/>
    <trkpt lat="22.24124" lon="120.80957"/>
    <trkpt lat="22.24126" lon="120.80958"/>
    <trkpt lat="22.24134" lon="120.80963"/>
    <trkpt lat="22.24159" lon="120.80972"/>
    <trkpt lat="22.24177" lon="120.80974"/>
    <trkpt lat="22.24184" lon="120.80975"/>
    <trkpt lat="22.24208" lon="120.80977"/>
    <trkpt lat="22.24218" lon="120.80979"/>
    <trkpt lat="22.24226" lon="120.80981"/>
    <trkpt lat="22.24232" lon="120.80985"/>
    <trkpt lat="22.24234" lon="120.80988"/>
    <trkpt lat="22.24238" lon="120.80993"/>
    <trkpt lat="22.2424" lon="120.80999"/>
    <trkpt lat="22.24248" lon="120.81016"/>
    <trkpt lat="22.24252" lon="120.81028"/>
    <trkpt lat="22.24256" lon="120.81042"/>
    <trkpt lat="22.2426" lon="120.81055"/>
    <trkpt lat="22.2426" lon="120.81065"/>
    <trkpt lat="22.24261" lon="120.81067"/>
    <trkpt lat="22.24259" lon="120.81076"/>
    <trkpt lat="22.24255" lon="120.81086"/>
    <trkpt lat="22.24248" lon="120.81101"/>
    <trkpt lat="22.24242" lon="120.81113"/>
    <trkpt lat="22.24239" lon="120.81122"/>
    <trkpt lat="22.24238" lon="120.81126"/>
    <trkpt lat="22.24236" lon="120.81136"/>
    <trkpt lat="22.24236" lon="120.8114"/>
    <trkpt lat="22.24236" lon="120.81147"/>
    <trkpt lat="22.24238" lon="120.81157"/>
    <trkpt lat="22.24244" lon="120.81175"/>
    <trkpt lat="22.24245" lon="120.81178"/>
    <trkpt lat="22.24251" lon="120.81196"/>
    <trkpt lat="22.24257" lon="120.81214"/>
    <trkpt lat="22.24259" lon="120.81219"/>
    <trkpt lat="22.24268" lon="120.81251"/>
    <trkpt lat="22.24271" lon="120.81258"/>
    <trkpt lat="22.24277" lon="120.81276"/>
    <trkpt lat="22.24287" lon="120.81295"/>
    <trkpt lat="22.24292" lon="120.81303"/>
    <trkpt lat="22.24302" lon="120.8132"/>
    <trkpt lat="22.24304" lon="120.81323"/>
    <trkpt lat="22.24312" lon="120.81336"/>
    <trkpt lat="22.24322" lon="120.81351"/>
    <trkpt lat="22.24327" lon="120.81358"/>
    <trkpt lat="22.24333" lon="120.81367"/>
    <trkpt lat="22.24337" lon="120.81374"/>
    <trkpt lat="22.2434" lon="120.8138"/>
    <trkpt lat="22.24341" lon="120.81384"/>
    <trkpt lat="22.24342" lon="120.81387"/>
    <trkpt lat="22.24343" lon="120.81403"/>
    <trkpt lat="22.24343" lon="120.81414"/>
    <trkpt lat="22.24344" lon="120.81424"/>
    <trkpt lat="22.24346" lon="120.81436"/>
    <trkpt lat="22.24349" lon="120.81447"/>
    <trkpt lat="22.24355" lon="120.8146"/>
    <trkpt lat="22.2436" lon="120.81471"/>
    <trkpt lat="22.24364" lon="120.81483"/>
    <trkpt lat="22.24364" lon="120.81495"/>
    <trkpt lat="22.24363" lon="120.81507"/>
    <trkpt lat="22.24357" lon="120.81532"/>
    <trkpt lat="22.24356" lon="120.81533"/>
    <trkpt lat="22.24353" lon="120.81546"/>
    <trkpt lat="22.24352" lon="120.81552"/>
    <trkpt lat="22.24351" lon="120.81559"/>
    <trkpt lat="22.24351" lon="120.81571"/>
    <trkpt lat="22.24351" lon="120.81575"/>
    <trkpt lat="22.24355" lon="120.8159"/>
    <trkpt lat="22.24355" lon="120.81593"/>
    <trkpt lat="22.24361" lon="120.81609"/>
    <trkpt lat="22.24367" lon="120.81627"/>
    <trkpt lat="22.24373" lon="120.81644"/>
    <trkpt lat="22.2438" lon="120.81667"/>
    <trkpt lat="22.2438" lon="120.81691"/>
    <trkpt lat="22.2438" lon="120.81702"/>
    <trkpt lat="22.24379" lon="120.81717"/>
    <trkpt lat="22.24376" lon="120.81743"/>
    <trkpt lat="22.24376" lon="120.81755"/>
    <trkpt lat="22.24376" lon="120.81767"/>
    <trkpt lat="22.24379" lon="120.81782"/>
    <trkpt lat="22.24385" lon="120.81797"/>
    <trkpt lat="22.24385" lon="120.81798"/>
    <trkpt lat="22.24394" lon="120.81814"/>
    <trkpt lat="22.24398" lon="120.81821"/>
    <trkpt lat="22.24404" lon="120.8183"/>
    <trkpt lat="22.24415" lon="120.81846"/>
    <trkpt lat="22.2442" lon="120.81853"/>
    <trkpt lat="22.2443" lon="120.81871"/>
    <trkpt lat="22.24432" lon="120.8188"/>
    <trkpt lat="22.24435" lon="120.81893"/>
    <trkpt lat="22.24437" lon="120.81898"/>
    <trkpt lat="22.24439" lon="120.81909"/>
    <trkpt lat="22.24446" lon="120.81924"/>
    <trkpt lat="22.24452" lon="120.81934"/>
    <trkpt lat="22.24461" lon="120.81949"/>
    <trkpt lat="22.24461" lon="120.8195"/>
    <trkpt lat="22.24471" lon="120.81966"/>
    <trkpt lat="22.24477" lon="120.81975"/>
    <trkpt lat="22.24491" lon="120.81998"/>
    <trkpt lat="22.24494" lon="120.82002"/>
    <trkpt lat="22.24507" lon="120.82021"/>
    <trkpt lat="22.2451" lon="120.82031"/>
    <trkpt lat="22.24511" lon="120.82032"/>
    <trkpt lat="22.24513" lon="120.82046"/>
    <trkpt lat="22.24513" lon="120.8205"/>
    <trkpt lat="22.24513" lon="120.82061"/>
    <trkpt lat="22.24514" lon="120.82081"/>
    <trkpt lat="22.24514" lon="120.82089"/>
    <trkpt lat="22.24513" lon="120.82108"/>
    <trkpt lat="22.24512" lon="120.82114"/>
    <trkpt lat="22.2451" lon="120.82128"/>
    <trkpt lat="22.24507" lon="120.82141"/>
    <trkpt lat="22.24506" lon="120.82146"/>
    <trkpt lat="22.24497" lon="120.82169"/>
    <trkpt lat="22.24489" lon="120.82186"/>
    <trkpt lat="22.24483" lon="120.82198"/>
    <trkpt lat="22.24483" lon="120.82199"/>
    <trkpt lat="22.2448" lon="120.8221"/>
    <trkpt lat="22.2448" lon="120.82218"/>
    <trkpt lat="22.2448" lon="120.8222"/>
    <trkpt lat="22.24482" lon="120.82228"/>
    <trkpt lat="22.24485" lon="120.82234"/>
    <trkpt lat="22.24486" lon="120.82236"/>
    <trkpt lat="22.24497" lon="120.82251"/>
    <trkpt lat="22.245" lon="120.82255"/>
    <trkpt lat="22.24508" lon="120.82267"/>
    <trkpt lat="22.2451" lon="120.82268"/>
    <trkpt lat="22.24516" lon="120.82278"/>
    <trkpt lat="22.24519" lon="120.82286"/>
    <trkpt lat="22.24519" lon="120.82288"/>
    <trkpt lat="22.24519" lon="120.82292"/>
    <trkpt lat="22.24517" lon="120.82304"/>
    <trkpt lat="22.24508" lon="120.82328"/>
    <trkpt lat="22.24503" lon="120.82338"/>
    <trkpt lat="22.24496" lon="120.82354"/>
    <trkpt lat="22.24481" lon="120.82376"/>
    <trkpt lat="22.24461" lon="120.82398"/>
    <trkpt lat="22.24436" lon="120.82422"/>
    <trkpt lat="22.24419" lon="120.82438"/>
    <trkpt lat="22.24398" lon="120.82461"/>
    <trkpt lat="22.24378" lon="120.82482"/>
    <trkpt lat="22.24367" lon="120.82494"/>
    <trkpt lat="22.24338" lon="120.82533"/>
    <trkpt lat="22.24316" lon="120.82565"/>
    <trkpt lat="22.24311" lon="120.82573"/>
    <trkpt lat="22.243" lon="120.82588"/>
    <trkpt lat="22.24291" lon="120.82598"/>
    <trkpt lat="22.24286" lon="120.82608"/>
    <trkpt lat="22.24284" lon="120.82615"/>
    <trkpt lat="22.24282" lon="120.82621"/>
    <trkpt lat="22.24286" lon="120.82638"/>
    <trkpt lat="22.24292" lon="120.82652"/>
    <trkpt lat="22.24301" lon="120.82666"/>
    <trkpt lat="22.2431" lon="120.82679"/>
    <trkpt lat="22.24318" lon="120.82688"/>
    <trkpt lat="22.24328" lon="120.82695"/>
    <trkpt lat="22.24339" lon="120.82701"/>
    <trkpt lat="22.24362" lon="120.82705"/>
    <trkpt lat="22.24386" lon="120.82704"/>
    <trkpt lat="22.24398" lon="120.82706"/>
    <trkpt lat="22.24412" lon="120.8271"/>
    <trkpt lat="22.24415" lon="120.82711"/>
    <trkpt lat="22.24432" lon="120.8272"/>
    <trkpt lat="22.24466" lon="120.82737"/>
    <trkpt lat="22.24477" lon="120.82742"/>
    <trkpt lat="22.24484" lon="120.82749"/>
    <trkpt lat="22.2449" lon="120.82755"/>
    <trkpt lat="22.24495" lon="120.82764"/>
    <trkpt lat="22.245" lon="120.82777"/>
    <trkpt lat="22.24505" lon="120.82792"/>
    <trkpt lat="22.24507" lon="120.82798"/>
    <trkpt lat="22.24509" lon="120.82816"/>
    <trkpt lat="22.2451" lon="120.8283"/>
    <trkpt lat="22.24508" lon="120.82844"/>
    <trkpt lat="22.24502" lon="120.82857"/>
    <trkpt lat="22.24487" lon="120.82877"/>
    <trkpt lat="22.24468" lon="120.82898"/>
    <trkpt lat="22.24463" lon="120.82902"/>
    <trkpt lat="22.2445" lon="120.82914"/>
    <trkpt lat="22.24432" lon="120.82924"/>
    <trkpt lat="22.24412" lon="120.82929"/>
    <trkpt lat="22.24388" lon="120.82929"/>
    <trkpt lat="22.2438" lon="120.8293"/>
    <trkpt lat="22.24374" lon="120.8293"/>
    <trkpt lat="22.24362" lon="120.82934"/>
    <trkpt lat="22.24358" lon="120.82936"/>
    <trkpt lat="22.24355" lon="120.82939"/>
    <trkpt lat="22.24353" lon="120.82941"/>
    <trkpt lat="22.24351" lon="120.82945"/>
    <trkpt lat="22.2435" lon="120.82949"/>
    <trkpt lat="22.24349" lon="120.82952"/>
    <trkpt lat="22.24349" lon="120.8296"/>
    <trkpt lat="22.24352" lon="120.82971"/>
    <trkpt lat="22.2437" lon="120.83002"/>
    <trkpt lat="22.24377" lon="120.83016"/>
    <trkpt lat="22.24386" lon="120.83033"/>
    <trkpt lat="22.24389" lon="120.83038"/>
    <trkpt lat="22.24397" lon="120.83048"/>
    <trkpt lat="22.24405" lon="120.83058"/>
    <trkpt lat="22.2443" lon="120.83076"/>
    <trkpt lat="22.24445" lon="120.83085"/>
    <trkpt lat="22.24456" lon="120.8309"/>
    <trkpt lat="22.24462" lon="120.83094"/>
    <trkpt lat="22.24468" lon="120.83101"/>
    <trkpt lat="22.2447" lon="120.83104"/>
    <trkpt lat="22.24471" lon="120.83106"/>
    <trkpt lat="22.24472" lon="120.83112"/>
    <trkpt lat="22.24473" lon="120.83118"/>
    <trkpt lat="22.24473" lon="120.83123"/>
    <trkpt lat="22.24471" lon="120.83149"/>
    <trkpt lat="22.2447" lon="120.83161"/>
    <trkpt lat="22.24467" lon="120.83185"/>
    <trkpt lat="22.24466" lon="120.83191"/>
    <trkpt lat="22.24462" lon="120.83198"/>
    <trkpt lat="22.24458" lon="120.83203"/>
    <trkpt lat="22.2445" lon="120.83208"/>
    <trkpt lat="22.2444" lon="120.83213"/>
    <trkpt lat="22.2443" lon="120.83215"/>
    <trkpt lat="22.24426" lon="120.83215"/>
    <trkpt lat="22.24412" lon="120.83217"/>
    <trkpt lat="22.24397" lon="120.83219"/>
    <trkpt lat="22.24381" lon="120.83221"/>
    <trkpt lat="22.24369" lon="120.83226"/>
    <trkpt lat="22.24358" lon="120.83234"/>
    <trkpt lat="22.24349" lon="120.83242"/>
    <trkpt lat="22.24342" lon="120.8325"/>
    <trkpt lat="22.24337" lon="120.83259"/>
    <trkpt lat="22.24337" lon="120.8326"/>
    <trkpt lat="22.24333" lon="120.83271"/>
    <trkpt lat="22.24332" lon="120.83284"/>
    <trkpt lat="22.24332" lon="120.83296"/>
    <trkpt lat="22.24332" lon="120.83298"/>
    <trkpt lat="22.24333" lon="120.83308"/>
    <trkpt lat="22.24336" lon="120.83317"/>
    <trkpt lat="22.24341" lon="120.83325"/>
    <trkpt lat="22.24348" lon="120.83331"/>
    <trkpt lat="22.24353" lon="120.83335"/>
    <trkpt lat="22.24363" lon="120.83342"/>
    <trkpt lat="22.24383" lon="120.83354"/>
    <trkpt lat="22.24387" lon="120.83358"/>
    <trkpt lat="22.24391" lon="120.83365"/>
    <trkpt lat="22.24395" lon="120.83378"/>
    <trkpt lat="22.24398" lon="120.83391"/>
    <trkpt lat="22.24399" lon="120.83403"/>
    <trkpt lat="22.244" lon="120.83408"/>
    <trkpt lat="22.24403" lon="120.83419"/>
    <trkpt lat="22.24406" lon="120.83428"/>
    <trkpt lat="22.24411" lon="120.83436"/>
    <trkpt lat="22.24416" lon="120.83442"/>
    <trkpt lat="22.2442" lon="120.83444"/>
    <trkpt lat="22.24424" lon="120.83446"/>
    <trkpt lat="22.24431" lon="120.83447"/>
    <trkpt lat="22.24442" lon="120.83448"/>
    <trkpt lat="22.24457" lon="120.83451"/>
    <trkpt lat="22.24459" lon="120.83452"/>
    <trkpt lat="22.24463" lon="120.83455"/>
    <trkpt lat="22.24467" lon="120.83459"/>
    <trkpt lat="22.2447" lon="120.83464"/>
    <trkpt lat="22.24473" lon="120.83469"/>
    <trkpt lat="22.24476" lon="120.83477"/>
    <trkpt lat="22.24477" lon="120.83489"/>
    <trkpt lat="22.24479" lon="120.83511"/>
    <trkpt lat="22.2448" lon="120.83519"/>
    <trkpt lat="22.2448" lon="120.83522"/>
    <trkpt lat="22.24482" lon="120.83524"/>
    <trkpt lat="22.24487" lon="120.83529"/>
    <trkpt lat="22.24495" lon="120.83537"/>
    <trkpt lat="22.24512" lon="120.83547"/>
    <trkpt lat="22.2453" lon="120.83557"/>
    <trkpt lat="22.24532" lon="120.83573"/>
    <trkpt lat="22.2453" lon="120.83557"/>
    <trkpt lat="22.24551" lon="120.83557"/>
    <trkpt lat="22.24563" lon="120.83556"/>
    <trkpt lat="22.24571" lon="120.83555"/>
    <trkpt lat="22.24578" lon="120.83552"/>
    <trkpt lat="22.24585" lon="120.83548"/>
    <trkpt lat="22.24592" lon="120.83542"/>
    <trkpt lat="22.24596" lon="120.83538"/>
    <trkpt lat="22.24604" lon="120.83526"/>
    <trkpt lat="22.24611" lon="120.83516"/>
    <trkpt lat="22.24616" lon="120.83511"/>
    <trkpt lat="22.24623" lon="120.83503"/>
    <trkpt lat="22.24625" lon="120.83502"/>
    <trkpt lat="22.24633" lon="120.83496"/>
    <trkpt lat="22.24641" lon="120.83491"/>
    <trkpt lat="22.24644" lon="120.8349"/>
    <trkpt lat="22.24654" lon="120.83485"/>
    <trkpt lat="22.24661" lon="120.83481"/>
    <trkpt lat="22.2468" lon="120.83473"/>
    <trkpt lat="22.24686" lon="120.83471"/>
    <trkpt lat="22.24691" lon="120.8347"/>
    <trkpt lat="22.24697" lon="120.8347"/>
    <trkpt lat="22.24704" lon="120.83471"/>
    <trkpt lat="22.24707" lon="120.83472"/>
    <trkpt lat="22.24711" lon="120.83474"/>
    <trkpt lat="22.24715" lon="120.83477"/>
    <trkpt lat="22.24718" lon="120.8348"/>
    <trkpt lat="22.2472" lon="120.83483"/>
    <trkpt lat="22.24722" lon="120.83487"/>
    <trkpt lat="22.24725" lon="120.83492"/>
    <trkpt lat="22.24726" lon="120.83498"/>
    <trkpt lat="22.24726" lon="120.83503"/>
    <trkpt lat="22.24726" lon="120.8351"/>
    <trkpt lat="22.24725" lon="120.83512"/>
    <trkpt lat="22.24724" lon="120.83516"/>
    <trkpt lat="22.24721" lon="120.83523"/>
    <trkpt lat="22.24717" lon="120.83528"/>
    <trkpt lat="22.24713" lon="120.83532"/>
    <trkpt lat="22.24709" lon="120.83536"/>
    <trkpt lat="22.24704" lon="120.8354"/>
    <trkpt lat="22.24695" lon="120.83547"/>
    <trkpt lat="22.24689" lon="120.83554"/>
    <trkpt lat="22.24684" lon="120.83562"/>
    <trkpt lat="22.24682" lon="120.83572"/>
    <trkpt lat="22.2468" lon="120.83582"/>
    <trkpt lat="22.2468" lon="120.83591"/>
    <trkpt lat="22.24681" lon="120.83601"/>
    <trkpt lat="22.24682" lon="120.8361"/>
    <trkpt lat="22.24685" lon="120.8362"/>
    <trkpt lat="22.24688" lon="120.83628"/>
    <trkpt lat="22.24689" lon="120.8363"/>
    <trkpt lat="22.24694" lon="120.83637"/>
    <trkpt lat="22.24699" lon="120.83644"/>
    <trkpt lat="22.24705" lon="120.8365"/>
    <trkpt lat="22.24716" lon="120.83661"/>
    <trkpt lat="22.24725" lon="120.83667"/>
    <trkpt lat="22.2473" lon="120.83672"/>
    <trkpt lat="22.24733" lon="120.83676"/>
    <trkpt lat="22.24737" lon="120.83681"/>
    <trkpt lat="22.24741" lon="120.83687"/>
    <trkpt lat="22.24744" lon="120.83695"/>
    <trkpt lat="22.24745" lon="120.83701"/>
    <trkpt lat="22.24745" lon="120.83707"/>
    <trkpt lat="22.24745" lon="120.83711"/>
    <trkpt lat="22.24745" lon="120.83714"/>
    <trkpt lat="22.24744" lon="120.83719"/>
    <trkpt lat="22.24744" lon="120.83721"/>
    <trkpt lat="22.24744" lon="120.83722"/>
    <trkpt lat="22.24743" lon="120.83728"/>
    <trkpt lat="22.24742" lon="120.83737"/>
    <trkpt lat="22.2474" lon="120.83749"/>
    <trkpt lat="22.24739" lon="120.83757"/>
    <trkpt lat="22.24739" lon="120.83759"/>
    <trkpt lat="22.24738" lon="120.83769"/>
    <trkpt lat="22.24737" lon="120.83778"/>
    <trkpt lat="22.24737" lon="120.83782"/>
    <trkpt lat="22.24736" lon="120.83787"/>
    <trkpt lat="22.24736" lon="120.83794"/>
    <trkpt lat="22.24738" lon="120.83809"/>
    <trkpt lat="22.2474" lon="120.83817"/>
    <trkpt lat="22.24742" lon="120.83825"/>
    <trkpt lat="22.24746" lon="120.83831"/>
    <trkpt lat="22.24748" lon="120.83834"/>
    <trkpt lat="22.24751" lon="120.83838"/>
    <trkpt lat="22.24757" lon="120.83843"/>
    <trkpt lat="22.24762" lon="120.83845"/>
    <trkpt lat="22.24764" lon="120.83846"/>
    <trkpt lat="22.24771" lon="120.83848"/>
    <trkpt lat="22.2478" lon="120.83849"/>
    <trkpt lat="22.24782" lon="120.83849"/>
    <trkpt lat="22.24791" lon="120.83849"/>
    <trkpt lat="22.24798" lon="120.83848"/>
    <trkpt lat="22.24809" lon="120.83847"/>
    <trkpt lat="22.24824" lon="120.83848"/>
    <trkpt lat="22.24833" lon="120.83848"/>
    <trkpt lat="22.24838" lon="120.83848"/>
    <trkpt lat="22.24856" lon="120.83852"/>
    <trkpt lat="22.24873" lon="120.83854"/>
    <trkpt lat="22.2488" lon="120.83855"/>
    <trkpt lat="22.24884" lon="120.83854"/>
    <trkpt lat="22.24888" lon="120.83853"/>
    <trkpt lat="22.24891" lon="120.83851"/>
    <trkpt lat="22.24894" lon="120.8385"/>
    <trkpt lat="22.24895" lon="120.83848"/>
    <trkpt lat="22.24897" lon="120.83847"/>
    <trkpt lat="22.24902" lon="120.83839"/>
    <trkpt lat="22.24905" lon="120.83833"/>
    <trkpt lat="22.24908" lon="120.83825"/>
    <trkpt lat="22.24914" lon="120.83804"/>
    <trkpt lat="22.2492" lon="120.83779"/>
    <trkpt lat="22.24925" lon="120.83769"/>
    <trkpt lat="22.24928" lon="120.83763"/>
    <trkpt lat="22.24936" lon="120.83756"/>
    <trkpt lat="22.24938" lon="120.83756"/>
    <trkpt lat="22.2494" lon="120.83755"/>
    <trkpt lat="22.24943" lon="120.83755"/>
    <trkpt lat="22.2495" lon="120.83755"/>
    <trkpt lat="22.24955" lon="120.83756"/>
    <trkpt lat="22.24955" lon="120.83757"/>
    <trkpt lat="22.24958" lon="120.83757"/>
    <trkpt lat="22.24963" lon="120.8376"/>
    <trkpt lat="22.24967" lon="120.83763"/>
    <trkpt lat="22.24971" lon="120.83765"/>
    <trkpt lat="22.24971" lon="120.83766"/>
    <trkpt lat="22.24973" lon="120.83767"/>
    <trkpt lat="22.24985" lon="120.83778"/>
    <trkpt lat="22.24987" lon="120.8378"/>
    <trkpt lat="22.24997" lon="120.83793"/>
    <trkpt lat="22.24999" lon="120.83796"/>
    <trkpt lat="22.25009" lon="120.83807"/>
    <trkpt lat="22.25016" lon="120.83814"/>
    <trkpt lat="22.25021" lon="120.83821"/>
    <trkpt lat="22.2503" lon="120.83834"/>
    <trkpt lat="22.25032" lon="120.83837"/>
    <trkpt lat="22.2504" lon="120.83851"/>
    <trkpt lat="22.25046" lon="120.83866"/>
    <trkpt lat="22.2505" lon="120.83874"/>
    <trkpt lat="22.25054" lon="120.8388"/>
    <trkpt lat="22.2506" lon="120.8389"/>
    <trkpt lat="22.25069" lon="120.83903"/>
    <trkpt lat="22.25072" lon="120.83907"/>
    <trkpt lat="22.25081" lon="120.83919"/>
    <trkpt lat="22.25092" lon="120.83929"/>
    <trkpt lat="22.25094" lon="120.8393"/>
    <trkpt lat="22.25099" lon="120.83933"/>
    <trkpt lat="22.25106" lon="120.83937"/>
    <trkpt lat="22.2511" lon="120.8394"/>
    <trkpt lat="22.25115" lon="120.83944"/>
    <trkpt lat="22.25124" lon="120.83952"/>
    <trkpt lat="22.2513" lon="120.83959"/>
    <trkpt lat="22.25132" lon="120.83963"/>
    <trkpt lat="22.25134" lon="120.83966"/>
    <trkpt lat="22.25138" lon="120.83973"/>
    <trkpt lat="22.25143" lon="120.83983"/>
    <trkpt lat="22.25144" lon="120.83984"/>
    <trkpt lat="22.2515" lon="120.83995"/>
    <trkpt lat="22.25153" lon="120.84001"/>
    <trkpt lat="22.25161" lon="120.84018"/>
    <trkpt lat="22.25163" lon="120.84022"/>
    <trkpt lat="22.2517" lon="120.84035"/>
    <trkpt lat="22.2518" lon="120.84051"/>
    <trkpt lat="22.25183" lon="120.84056"/>
    <trkpt lat="22.25189" lon="120.84068"/>
    <trkpt lat="22.25197" lon="120.84083"/>
    <trkpt lat="22.25198" lon="120.84085"/>
    <trkpt lat="22.25208" lon="120.84101"/>
    <trkpt lat="22.25211" lon="120.84106"/>
    <trkpt lat="22.25219" lon="120.84117"/>
    <trkpt lat="22.25227" lon="120.8413"/>
    <trkpt lat="22.25237" lon="120.8414"/>
    <trkpt lat="22.25241" lon="120.84143"/>
    <trkpt lat="22.25246" lon="120.84145"/>
    <trkpt lat="22.25251" lon="120.84146"/>
    <trkpt lat="22.25255" lon="120.84146"/>
    <trkpt lat="22.25259" lon="120.84147"/>
    <trkpt lat="22.25262" lon="120.84147"/>
    <trkpt lat="22.25268" lon="120.84147"/>
    <trkpt lat="22.25272" lon="120.84147"/>
    <trkpt lat="22.25279" lon="120.84147"/>
    <trkpt lat="22.25296" lon="120.84145"/>
    <trkpt lat="22.25297" lon="120.84145"/>
    <trkpt lat="22.25315" lon="120.84144"/>
    <trkpt lat="22.25325" lon="120.84143"/>
    <trkpt lat="22.25351" lon="120.84143"/>
    <trkpt lat="22.25359" lon="120.84143"/>
    <trkpt lat="22.25369" lon="120.84144"/>
    <trkpt lat="22.2538" lon="120.84145"/>
    <trkpt lat="22.25387" lon="120.84145"/>
    <trkpt lat="22.25388" lon="120.84145"/>
    <trkpt lat="22.25392" lon="120.84145"/>
    <trkpt lat="22.25397" lon="120.84144"/>
    <trkpt lat="22.25401" lon="120.84143"/>
    <trkpt lat="22.25405" lon="120.84141"/>
    <trkpt lat="22.25411" lon="120.84139"/>
    <trkpt lat="22.2543" lon="120.84129"/>
    <trkpt lat="22.25453" lon="120.84116"/>
    <trkpt lat="22.25462" lon="120.84111"/>
    <trkpt lat="22.25475" lon="120.84108"/>
    <trkpt lat="22.25491" lon="120.84108"/>
    <trkpt lat="22.25501" lon="120.8411"/>
    <trkpt lat="22.25513" lon="120.84112"/>
    <trkpt lat="22.25536" lon="120.84118"/>
    <trkpt lat="22.25553" lon="120.84124"/>
    <trkpt lat="22.2557" lon="120.8413"/>
    <trkpt lat="22.2557" lon="120.84131"/>
    <trkpt lat="22.25587" lon="120.84138"/>
    <trkpt lat="22.25591" lon="120.8414"/>
    <trkpt lat="22.25618" lon="120.84157"/>
    <trkpt lat="22.25677" lon="120.84179"/>
    <trkpt lat="22.25698" lon="120.84183"/>
    <trkpt lat="22.25716" lon="120.84183"/>
    <trkpt lat="22.25734" lon="120.84185"/>
    <trkpt lat="22.25745" lon="120.84188"/>
    <trkpt lat="22.25764" lon="120.84194"/>
    <trkpt lat="22.2578" lon="120.84198"/>
    <trkpt lat="22.25794" lon="120.842"/>
    <trkpt lat="22.25808" lon="120.842"/>
    <trkpt lat="22.2582" lon="120.842"/>
    <trkpt lat="22.25831" lon="120.84199"/>
    <trkpt lat="22.25848" lon="120.84195"/>
    <trkpt lat="22.25865" lon="120.8419"/>
    <trkpt lat="22.25878" lon="120.84187"/>
    <trkpt lat="22.25895" lon="120.84183"/>
    <trkpt lat="22.25916" lon="120.84181"/>
    <trkpt lat="22.25926" lon="120.84183"/>
    <trkpt lat="22.25936" lon="120.84186"/>
    <trkpt lat="22.25941" lon="120.8419"/>
    <trkpt lat="22.25945" lon="120.84194"/>
    <trkpt lat="22.25947" lon="120.84197"/>
    <trkpt lat="22.25947" lon="120.84198"/>
    <trkpt lat="22.25949" lon="120.84201"/>
    <trkpt lat="22.25951" lon="120.84205"/>
    <trkpt lat="22.25952" lon="120.8421"/>
    <trkpt lat="22.25952" lon="120.84216"/>
    <trkpt lat="22.25952" lon="120.84222"/>
    <trkpt lat="22.25951" lon="120.84227"/>
    <trkpt lat="22.25948" lon="120.84234"/>
    <trkpt lat="22.25945" lon="120.84238"/>
    <trkpt lat="22.25942" lon="120.84242"/>
    <trkpt lat="22.25939" lon="120.84247"/>
    <trkpt lat="22.25937" lon="120.84252"/>
    <trkpt lat="22.25935" lon="120.84256"/>
    <trkpt lat="22.25934" lon="120.84262"/>
    <trkpt lat="22.25934" lon="120.84268"/>
    <trkpt lat="22.25934" lon="120.84274"/>
    <trkpt lat="22.25935" lon="120.84279"/>
    <trkpt lat="22.25936" lon="120.84287"/>
    <trkpt lat="22.25938" lon="120.84295"/>
    <trkpt lat="22.25939" lon="120.84301"/>
    <trkpt lat="22.2594" lon="120.84306"/>
    <trkpt lat="22.25941" lon="120.8431"/>
    <trkpt lat="22.25943" lon="120.84316"/>
    <trkpt lat="22.25944" lon="120.8432"/>
    <trkpt lat="22.25945" lon="120.84323"/>
    <trkpt lat="22.25947" lon="120.84326"/>
    <trkpt lat="22.25948" lon="120.84331"/>
    <trkpt lat="22.25948" lon="120.84334"/>
    <trkpt lat="22.25948" lon="120.84339"/>
    <trkpt lat="22.25948" lon="120.84344"/>
    <trkpt lat="22.25948" lon="120.84345"/>
    <trkpt lat="22.25948" lon="120.84351"/>
    <trkpt lat="22.25948" lon="120.84354"/>
    <trkpt lat="22.25949" lon="120.84359"/>
    <trkpt lat="22.25951" lon="120.84365"/>
    <trkpt lat="22.25953" lon="120.84371"/>
    <trkpt lat="22.25955" lon="120.84376"/>
    <trkpt lat="22.25958" lon="120.8438"/>
    <trkpt lat="22.25961" lon="120.84383"/>
    <trkpt lat="22.25964" lon="120.84386"/>
    <trkpt lat="22.25968" lon="120.84388"/>
    <trkpt lat="22.25971" lon="120.8439"/>
    <trkpt lat="22.25974" lon="120.84393"/>
    <trkpt lat="22.25977" lon="120.84396"/>
    <trkpt lat="22.2598" lon="120.84401"/>
    <trkpt lat="22.25982" lon="120.84406"/>
    <trkpt lat="22.25984" lon="120.8441"/>
    <trkpt lat="22.25985" lon="120.84415"/>
    <trkpt lat="22.25985" lon="120.84422"/>
    <trkpt lat="22.25985" lon="120.84429"/>
    <trkpt lat="22.25983" lon="120.84434"/>
    <trkpt lat="22.25981" lon="120.84442"/>
    <trkpt lat="22.2598" lon="120.84448"/>
    <trkpt lat="22.25978" lon="120.84454"/>
    <trkpt lat="22.25977" lon="120.84461"/>
    <trkpt lat="22.25978" lon="120.84466"/>
    <trkpt lat="22.25979" lon="120.8447"/>
    <trkpt lat="22.25982" lon="120.84477"/>
    <trkpt lat="22.25984" lon="120.84483"/>
    <trkpt lat="22.25987" lon="120.8449"/>
    <trkpt lat="22.25992" lon="120.84497"/>
    <trkpt lat="22.25998" lon="120.84505"/>
    <trkpt lat="22.26001" lon="120.84509"/>
    <trkpt lat="22.26004" lon="120.8451"/>
    <trkpt lat="22.26007" lon="120.84512"/>
    <trkpt lat="22.2601" lon="120.84513"/>
    <trkpt lat="22.26012" lon="120.84514"/>
    <trkpt lat="22.26015" lon="120.84515"/>
    <trkpt lat="22.26022" lon="120.84515"/>
    <trkpt lat="22.2603" lon="120.84515"/>
    <trkpt lat="22.2604" lon="120.84514"/>
    <trkpt lat="22.26054" lon="120.84512"/>
    <trkpt lat="22.26057" lon="120.84512"/>
    <trkpt lat="22.2606" lon="120.84511"/>
    <trkpt lat="22.26065" lon="120.8451"/>
    <trkpt lat="22.26113" lon="120.84503"/>
    <trkpt lat="22.26123" lon="120.84507"/>
    <trkpt lat="22.26128" lon="120.8451"/>
    <trkpt lat="22.26132" lon="120.84512"/>
    <trkpt lat="22.26134" lon="120.84513"/>
    <trkpt lat="22.26137" lon="120.84516"/>
    <trkpt lat="22.26141" lon="120.8452"/>
    <trkpt lat="22.26144" lon="120.84525"/>
    <trkpt lat="22.26146" lon="120.8453"/>
    <trkpt lat="22.26147" lon="120.84531"/>
    <trkpt lat="22.26148" lon="120.84535"/>
    <trkpt lat="22.26151" lon="120.84543"/>
    <trkpt lat="22.26152" lon="120.84549"/>
    <trkpt lat="22.26153" lon="120.84558"/>
    <trkpt lat="22.26152" lon="120.84572"/>
    <trkpt lat="22.2615" lon="120.84587"/>
    <trkpt lat="22.2615" lon="120.84589"/>
    <trkpt lat="22.26149" lon="120.84595"/>
    <trkpt lat="22.2615" lon="120.84602"/>
    <trkpt lat="22.26151" lon="120.84608"/>
    <trkpt lat="22.26152" lon="120.84616"/>
    <trkpt lat="22.26154" lon="120.84621"/>
    <trkpt lat="22.26156" lon="120.84627"/>
    <trkpt lat="22.26157" lon="120.84628"/>
    <trkpt lat="22.26162" lon="120.84638"/>
    <trkpt lat="22.26169" lon="120.84652"/>
    <trkpt lat="22.26174" lon="120.84665"/>
    <trkpt lat="22.26176" lon="120.84673"/>
    <trkpt lat="22.26177" lon="120.8468"/>
    <trkpt lat="22.26178" lon="120.84687"/>
    <trkpt lat="22.26177" lon="120.84698"/>
    <trkpt lat="22.26176" lon="120.84706"/>
    <trkpt lat="22.26169" lon="120.84736"/>
    <trkpt lat="22.26168" lon="120.84737"/>
    <trkpt lat="22.26165" lon="120.84751"/>
    <trkpt lat="22.26152" lon="120.84811"/>
    <trkpt lat="22.26151" lon="120.84814"/>
    <trkpt lat="22.26146" lon="120.8484"/>
    <trkpt lat="22.26147" lon="120.84846"/>
    <trkpt lat="22.26148" lon="120.84852"/>
    <trkpt lat="22.2615" lon="120.84857"/>
    <trkpt lat="22.26159" lon="120.84876"/>
    <trkpt lat="22.2616" lon="120.84877"/>
    <trkpt lat="22.26171" lon="120.84893"/>
    <trkpt lat="22.26189" lon="120.84918"/>
    <trkpt lat="22.26214" lon="120.84945"/>
    <trkpt lat="22.26221" lon="120.8495"/>
    <trkpt lat="22.26227" lon="120.84954"/>
    <trkpt lat="22.2623" lon="120.84957"/>
    <trkpt lat="22.26236" lon="120.8496"/>
    <trkpt lat="22.26243" lon="120.84964"/>
    <trkpt lat="22.26257" lon="120.84972"/>
    <trkpt lat="22.26279" lon="120.84982"/>
    <trkpt lat="22.26301" lon="120.8499"/>
    <trkpt lat="22.26307" lon="120.84992"/>
    <trkpt lat="22.26311" lon="120.84993"/>
    <trkpt lat="22.26314" lon="120.84993"/>
    <trkpt lat="22.26317" lon="120.84993"/>
    <trkpt lat="22.26321" lon="120.84993"/>
    <trkpt lat="22.26324" lon="120.84993"/>
    <trkpt lat="22.26327" lon="120.84992"/>
    <trkpt lat="22.26328" lon="120.84992"/>
    <trkpt lat="22.26331" lon="120.84991"/>
    <trkpt lat="22.26336" lon="120.8499"/>
    <trkpt lat="22.26342" lon="120.84988"/>
    <trkpt lat="22.26353" lon="120.84984"/>
    <trkpt lat="22.26362" lon="120.84982"/>
    <trkpt lat="22.26369" lon="120.8498"/>
    <trkpt lat="22.26374" lon="120.84979"/>
    <trkpt lat="22.26375" lon="120.84978"/>
    <trkpt lat="22.26388" lon="120.84978"/>
    <trkpt lat="22.26405" lon="120.8498"/>
    <trkpt lat="22.26427" lon="120.84981"/>
    <trkpt lat="22.26439" lon="120.84982"/>
    <trkpt lat="22.26457" lon="120.8498"/>
    <trkpt lat="22.26478" lon="120.84976"/>
    <trkpt lat="22.265" lon="120.8497"/>
    <trkpt lat="22.26502" lon="120.8497"/>
    <trkpt lat="22.26518" lon="120.84965"/>
    <trkpt lat="22.26523" lon="120.84963"/>
    <trkpt lat="22.26572" lon="120.84942"/>
    <trkpt lat="22.26589" lon="120.84936"/>
    <trkpt lat="22.26602" lon="120.8493"/>
    <trkpt lat="22.26606" lon="120.84929"/>
    <trkpt lat="22.2661" lon="120.84929"/>
    <trkpt lat="22.26613" lon="120.84928"/>
    <trkpt lat="22.26618" lon="120.84928"/>
    <trkpt lat="22.2662" lon="120.84928"/>
    <trkpt lat="22.26625" lon="120.84928"/>
    <trkpt lat="22.2663" lon="120.8493"/>
    <trkpt lat="22.26636" lon="120.84933"/>
    <trkpt lat="22.26641" lon="120.84936"/>
    <trkpt lat="22.2667" lon="120.84951"/>
    <trkpt lat="22.26706" lon="120.84966"/>
    <trkpt lat="22.26711" lon="120.84969"/>
    <trkpt lat="22.26717" lon="120.84971"/>
    <trkpt lat="22.26722" lon="120.84974"/>
    <trkpt lat="22.26742" lon="120.84982"/>
    <trkpt lat="22.26751" lon="120.84987"/>
    <trkpt lat="22.26755" lon="120.8499"/>
    <trkpt lat="22.26758" lon="120.84993"/>
    <trkpt lat="22.26761" lon="120.84996"/>
    <trkpt lat="22.26762" lon="120.84998"/>
    <trkpt lat="22.26762" lon="120.85002"/>
    <trkpt lat="22.26763" lon="120.85006"/>
    <trkpt lat="22.26762" lon="120.85012"/>
    <trkpt lat="22.2676" lon="120.8502"/>
    <trkpt lat="22.26758" lon="120.85027"/>
    <trkpt lat="22.2675" lon="120.85052"/>
    <trkpt lat="22.26745" lon="120.85064"/>
    <trkpt lat="22.26743" lon="120.85072"/>
    <trkpt lat="22.26741" lon="120.85079"/>
    <trkpt lat="22.26741" lon="120.85084"/>
    <trkpt lat="22.26742" lon="120.8509"/>
    <trkpt lat="22.26742" lon="120.85093"/>
    <trkpt lat="22.26747" lon="120.85102"/>
    <trkpt lat="22.26749" lon="120.85104"/>
    <trkpt lat="22.26753" lon="120.85107"/>
    <trkpt lat="22.26761" lon="120.85112"/>
    <trkpt lat="22.26772" lon="120.85116"/>
    <trkpt lat="22.26786" lon="120.85119"/>
    <trkpt lat="22.26799" lon="120.85121"/>
    <trkpt lat="22.26813" lon="120.85123"/>
    <trkpt lat="22.26822" lon="120.85122"/>
    <trkpt lat="22.26832" lon="120.8512"/>
    <trkpt lat="22.26841" lon="120.85118"/>
    <trkpt lat="22.26852" lon="120.85116"/>
    <trkpt lat="22.26864" lon="120.85113"/>
    <trkpt lat="22.26873" lon="120.85112"/>
    <trkpt lat="22.26884" lon="120.85112"/>
    <trkpt lat="22.26894" lon="120.85112"/>
    <trkpt lat="22.26895" lon="120.85112"/>
    <trkpt lat="22.26902" lon="120.85112"/>
    <trkpt lat="22.2691" lon="120.85112"/>
    <trkpt lat="22.26917" lon="120.8511"/>
    <trkpt lat="22.26925" lon="120.85107"/>
    <trkpt lat="22.26932" lon="120.85104"/>
    <trkpt lat="22.26945" lon="120.85096"/>
    <trkpt lat="22.26947" lon="120.85096"/>
    <trkpt lat="22.26955" lon="120.85091"/>
    <trkpt lat="22.2696" lon="120.85088"/>
    <trkpt lat="22.26964" lon="120.85085"/>
    <trkpt lat="22.26973" lon="120.85081"/>
    <trkpt lat="22.26983" lon="120.85078"/>
    <trkpt lat="22.26992" lon="120.85077"/>
    <trkpt lat="22.27003" lon="120.85078"/>
    <trkpt lat="22.27014" lon="120.85081"/>
    <trkpt lat="22.2703" lon="120.85085"/>
    <trkpt lat="22.27054" lon="120.85094"/>
    <trkpt lat="22.27064" lon="120.85099"/>
    <trkpt lat="22.27075" lon="120.85105"/>
    <trkpt lat="22.27078" lon="120.85108"/>
    <trkpt lat="22.27079" lon="120.85109"/>
    <trkpt lat="22.27088" lon="120.85118"/>
    <trkpt lat="22.2709" lon="120.85122"/>
    <trkpt lat="22.27094" lon="120.85128"/>
    <trkpt lat="22.27098" lon="120.85138"/>
    <trkpt lat="22.27099" lon="120.85146"/>
    <trkpt lat="22.27099" lon="120.85154"/>
    <trkpt lat="22.27098" lon="120.85162"/>
    <trkpt lat="22.27096" lon="120.8517"/>
    <trkpt lat="22.27093" lon="120.85179"/>
    <trkpt lat="22.27086" lon="120.85191"/>
    <trkpt lat="22.27077" lon="120.85202"/>
    <trkpt lat="22.27067" lon="120.85214"/>
    <trkpt lat="22.27059" lon="120.85224"/>
    <trkpt lat="22.27057" lon="120.85227"/>
    <trkpt lat="22.27047" lon="120.85237"/>
    <trkpt lat="22.27046" lon="120.85238"/>
    <trkpt lat="22.27036" lon="120.85246"/>
    <trkpt lat="22.27014" lon="120.8526"/>
    <trkpt lat="22.27004" lon="120.85265"/>
    <trkpt lat="22.26999" lon="120.85267"/>
    <trkpt lat="22.26997" lon="120.85267"/>
    <trkpt lat="22.26992" lon="120.85268"/>
    <trkpt lat="22.26983" lon="120.8527"/>
    <trkpt lat="22.2698" lon="120.85271"/>
    <trkpt lat="22.26977" lon="120.85272"/>
    <trkpt lat="22.26967" lon="120.85273"/>
    <trkpt lat="22.26962" lon="120.85275"/>
    <trkpt lat="22.2696" lon="120.85275"/>
    <trkpt lat="22.26954" lon="120.85277"/>
    <trkpt lat="22.26949" lon="120.85279"/>
    <trkpt lat="22.26945" lon="120.85282"/>
    <trkpt lat="22.26941" lon="120.85286"/>
    <trkpt lat="22.26939" lon="120.85292"/>
    <trkpt lat="22.26938" lon="120.85298"/>
    <trkpt lat="22.26938" lon="120.85306"/>
    <trkpt lat="22.26941" lon="120.85311"/>
    <trkpt lat="22.26944" lon="120.85318"/>
    <trkpt lat="22.26953" lon="120.85329"/>
    <trkpt lat="22.26959" lon="120.85333"/>
    <trkpt lat="22.26965" lon="120.85339"/>
    <trkpt lat="22.2697" lon="120.85345"/>
    <trkpt lat="22.26973" lon="120.8535"/>
    <trkpt lat="22.26975" lon="120.85356"/>
    <trkpt lat="22.26976" lon="120.85362"/>
    <trkpt lat="22.26976" lon="120.85368"/>
    <trkpt lat="22.26976" lon="120.85371"/>
    <trkpt lat="22.26973" lon="120.85378"/>
    <trkpt lat="22.26969" lon="120.85383"/>
    <trkpt lat="22.26961" lon="120.8539"/>
    <trkpt lat="22.26954" lon="120.85393"/>
    <trkpt lat="22.26947" lon="120.85394"/>
    <trkpt lat="22.26937" lon="120.85395"/>
    <trkpt lat="22.26928" lon="120.85395"/>
    <trkpt lat="22.26924" lon="120.85395"/>
    <trkpt lat="22.26917" lon="120.85396"/>
    <trkpt lat="22.26906" lon="120.85396"/>
    <trkpt lat="22.26871" lon="120.85397"/>
    <trkpt lat="22.26868" lon="120.85397"/>
    <trkpt lat="22.26858" lon="120.85398"/>
    <trkpt lat="22.26852" lon="120.85398"/>
    <trkpt lat="22.2685" lon="120.85398"/>
    <trkpt lat="22.26844" lon="120.85398"/>
    <trkpt lat="22.26839" lon="120.854"/>
    <trkpt lat="22.26835" lon="120.85401"/>
    <trkpt lat="22.26832" lon="120.85402"/>
    <trkpt lat="22.26827" lon="120.85404"/>
    <trkpt lat="22.26824" lon="120.85407"/>
    <trkpt lat="22.26822" lon="120.8541"/>
    <trkpt lat="22.26821" lon="120.85412"/>
    <trkpt lat="22.2682" lon="120.85414"/>
    <trkpt lat="22.26818" lon="120.85418"/>
    <trkpt lat="22.26817" lon="120.85424"/>
    <trkpt lat="22.26816" lon="120.8543"/>
    <trkpt lat="22.26818" lon="120.85435"/>
    <trkpt lat="22.26822" lon="120.85441"/>
    <trkpt lat="22.26826" lon="120.85446"/>
    <trkpt lat="22.26828" lon="120.85449"/>
    <trkpt lat="22.26828" lon="120.8545"/>
    <trkpt lat="22.26835" lon="120.85457"/>
    <trkpt lat="22.26842" lon="120.85466"/>
    <trkpt lat="22.26847" lon="120.85474"/>
    <trkpt lat="22.26851" lon="120.85481"/>
    <trkpt lat="22.26852" lon="120.85491"/>
    <trkpt lat="22.26851" lon="120.85495"/>
    <trkpt lat="22.26851" lon="120.85497"/>
    <trkpt lat="22.26849" lon="120.85503"/>
    <trkpt lat="22.26846" lon="120.85511"/>
    <trkpt lat="22.26845" lon="120.85512"/>
    <trkpt lat="22.26841" lon="120.85518"/>
    <trkpt lat="22.26834" lon="120.85523"/>
    <trkpt lat="22.26831" lon="120.85525"/>
    <trkpt lat="22.26827" lon="120.85528"/>
    <trkpt lat="22.26821" lon="120.85531"/>
    <trkpt lat="22.26815" lon="120.85534"/>
    <trkpt lat="22.26808" lon="120.85541"/>
    <trkpt lat="22.26803" lon="120.85546"/>
    <trkpt lat="22.26801" lon="120.8555"/>
    <trkpt lat="22.268" lon="120.85556"/>
    <trkpt lat="22.26801" lon="120.85562"/>
    <trkpt lat="22.26803" lon="120.85572"/>
    <trkpt lat="22.26807" lon="120.85581"/>
    <trkpt lat="22.2681" lon="120.85588"/>
    <trkpt lat="22.26812" lon="120.85592"/>
    <trkpt lat="22.26816" lon="120.85599"/>
    <trkpt lat="22.26818" lon="120.85605"/>
    <trkpt lat="22.26818" lon="120.85607"/>
    <trkpt lat="22.26819" lon="120.85614"/>
    <trkpt lat="22.26819" lon="120.85619"/>
    <trkpt lat="22.26819" lon="120.85621"/>
    <trkpt lat="22.26816" lon="120.85629"/>
    <trkpt lat="22.26812" lon="120.85636"/>
    <trkpt lat="22.26811" lon="120.85636"/>
    <trkpt lat="22.26804" lon="120.85644"/>
    <trkpt lat="22.26795" lon="120.85649"/>
    <trkpt lat="22.26789" lon="120.85652"/>
    <trkpt lat="22.26775" lon="120.8566"/>
    <trkpt lat="22.26763" lon="120.85666"/>
    <trkpt lat="22.26756" lon="120.85672"/>
    <trkpt lat="22.26749" lon="120.85679"/>
    <trkpt lat="22.26742" lon="120.85687"/>
    <trkpt lat="22.26734" lon="120.85695"/>
    <trkpt lat="22.26729" lon="120.85704"/>
    <trkpt lat="22.26723" lon="120.85721"/>
    <trkpt lat="22.26722" lon="120.85726"/>
    <trkpt lat="22.26722" lon="120.8573"/>
    <trkpt lat="22.26723" lon="120.85735"/>
    <trkpt lat="22.26726" lon="120.85741"/>
    <trkpt lat="22.26729" lon="120.85745"/>
    <trkpt lat="22.26732" lon="120.85748"/>
    <trkpt lat="22.26741" lon="120.85753"/>
    <trkpt lat="22.26755" lon="120.85757"/>
    <trkpt lat="22.26792" lon="120.8577"/>
    <trkpt lat="22.26811" lon="120.85776"/>
    <trkpt lat="22.26824" lon="120.8578"/>
    <trkpt lat="22.26848" lon="120.85783"/>
    <trkpt lat="22.26856" lon="120.85782"/>
    <trkpt lat="22.26868" lon="120.85781"/>
    <trkpt lat="22.26878" lon="120.85778"/>
    <trkpt lat="22.26892" lon="120.85773"/>
    <trkpt lat="22.26906" lon="120.85767"/>
    <trkpt lat="22.26917" lon="120.85763"/>
    <trkpt lat="22.26923" lon="120.85761"/>
    <trkpt lat="22.26931" lon="120.8576"/>
    <trkpt lat="22.26939" lon="120.8576"/>
    <trkpt lat="22.26956" lon="120.85762"/>
    <trkpt lat="22.26965" lon="120.85763"/>
    <trkpt lat="22.2697" lon="120.85764"/>
    <trkpt lat="22.26981" lon="120.85768"/>
    <trkpt lat="22.26988" lon="120.85773"/>
    <trkpt lat="22.26993" lon="120.8578"/>
    <trkpt lat="22.26995" lon="120.85785"/>
    <trkpt lat="22.26995" lon="120.8579"/>
    <trkpt lat="22.26995" lon="120.85794"/>
    <trkpt lat="22.26994" lon="120.858"/>
    <trkpt lat="22.26992" lon="120.85805"/>
    <trkpt lat="22.2699" lon="120.85808"/>
    <trkpt lat="22.26986" lon="120.85812"/>
    <trkpt lat="22.26983" lon="120.85817"/>
    <trkpt lat="22.26969" lon="120.85823"/>
    <trkpt lat="22.26968" lon="120.85824"/>
    <trkpt lat="22.26956" lon="120.85829"/>
    <trkpt lat="22.26933" lon="120.85839"/>
    <trkpt lat="22.26921" lon="120.85848"/>
    <trkpt lat="22.26909" lon="120.85856"/>
    <trkpt lat="22.26896" lon="120.85868"/>
    <trkpt lat="22.26886" lon="120.85874"/>
    <trkpt lat="22.26877" lon="120.85879"/>
    <trkpt lat="22.26866" lon="120.85884"/>
    <trkpt lat="22.26849" lon="120.8589"/>
    <trkpt lat="22.26832" lon="120.85897"/>
    <trkpt lat="22.26827" lon="120.859"/>
    <trkpt lat="22.26824" lon="120.85904"/>
    <trkpt lat="22.2682" lon="120.85912"/>
    <trkpt lat="22.26817" lon="120.85925"/>
    <trkpt lat="22.26814" lon="120.8594"/>
    <trkpt lat="22.26808" lon="120.85978"/>
    <trkpt lat="22.26808" lon="120.85985"/>
    <trkpt lat="22.26807" lon="120.85996"/>
    <trkpt lat="22.26811" lon="120.86014"/>
    <trkpt lat="22.26821" lon="120.86045"/>
    <trkpt lat="22.26825" lon="120.86054"/>
    <trkpt lat="22.2683" lon="120.86064"/>
    <trkpt lat="22.26837" lon="120.86075"/>
    <trkpt lat="22.26848" lon="120.86089"/>
    <trkpt lat="22.26849" lon="120.8609"/>
    <trkpt lat="22.26856" lon="120.86095"/>
    <trkpt lat="22.26882" lon="120.86116"/>
    <trkpt lat="22.26894" lon="120.86125"/>
    <trkpt lat="22.269" lon="120.8613"/>
    <trkpt lat="22.26904" lon="120.86135"/>
    <trkpt lat="22.26907" lon="120.86138"/>
    <trkpt lat="22.2691" lon="120.86142"/>
    <trkpt lat="22.26913" lon="120.86146"/>
    <trkpt lat="22.26915" lon="120.86151"/>
    <trkpt lat="22.26917" lon="120.86155"/>
    <trkpt lat="22.2692" lon="120.86163"/>
    <trkpt lat="22.26923" lon="120.86172"/>
    <trkpt lat="22.26928" lon="120.86191"/>
    <trkpt lat="22.26934" lon="120.86208"/>
    <trkpt lat="22.26936" lon="120.86213"/>
    <trkpt lat="22.26939" lon="120.86219"/>
    <trkpt lat="22.26942" lon="120.86224"/>
    <trkpt lat="22.26945" lon="120.86229"/>
    <trkpt lat="22.2695" lon="120.86237"/>
    <trkpt lat="22.26952" lon="120.86239"/>
    <trkpt lat="22.26957" lon="120.86245"/>
    <trkpt lat="22.26964" lon="120.86252"/>
    <trkpt lat="22.26965" lon="120.86253"/>
    <trkpt lat="22.26971" lon="120.86258"/>
    <trkpt lat="22.26976" lon="120.86262"/>
    <trkpt lat="22.2698" lon="120.86264"/>
    <trkpt lat="22.26981" lon="120.86265"/>
    <trkpt lat="22.26987" lon="120.86268"/>
    <trkpt lat="22.26991" lon="120.8627"/>
    <trkpt lat="22.26995" lon="120.86271"/>
    <trkpt lat="22.26996" lon="120.86271"/>
    <trkpt lat="22.26999" lon="120.86272"/>
    <trkpt lat="22.27003" lon="120.86273"/>
    <trkpt lat="22.27007" lon="120.86273"/>
    <trkpt lat="22.2701" lon="120.86273"/>
    <trkpt lat="22.27014" lon="120.86273"/>
    <trkpt lat="22.27017" lon="120.86273"/>
    <trkpt lat="22.2702" lon="120.86272"/>
    <trkpt lat="22.27024" lon="120.86271"/>
    <trkpt lat="22.27027" lon="120.8627"/>
    <trkpt lat="22.27035" lon="120.86267"/>
    <trkpt lat="22.27056" lon="120.86261"/>
    <trkpt lat="22.27057" lon="120.86261"/>
    <trkpt lat="22.27081" lon="120.86255"/>
    <trkpt lat="22.27099" lon="120.86252"/>
    <trkpt lat="22.27111" lon="120.86252"/>
    <trkpt lat="22.27118" lon="120.86251"/>
    <trkpt lat="22.27129" lon="120.86252"/>
    <trkpt lat="22.27132" lon="120.86252"/>
    <trkpt lat="22.27145" lon="120.86251"/>
    <trkpt lat="22.27156" lon="120.8625"/>
    <trkpt lat="22.27164" lon="120.86248"/>
    <trkpt lat="22.27166" lon="120.86248"/>
    <trkpt lat="22.27175" lon="120.86243"/>
    <trkpt lat="22.27191" lon="120.86235"/>
    <trkpt lat="22.27201" lon="120.86228"/>
    <trkpt lat="22.27213" lon="120.86221"/>
    <trkpt lat="22.27226" lon="120.86215"/>
    <trkpt lat="22.27235" lon="120.86209"/>
    <trkpt lat="22.27244" lon="120.86202"/>
    <trkpt lat="22.27263" lon="120.86188"/>
    <trkpt lat="22.27269" lon="120.86185"/>
    <trkpt lat="22.27275" lon="120.86183"/>
    <trkpt lat="22.27282" lon="120.86182"/>
    <trkpt lat="22.27298" lon="120.86181"/>
    <trkpt lat="22.27313" lon="120.86181"/>
    <trkpt lat="22.2732" lon="120.86181"/>
    <trkpt lat="22.27326" lon="120.86181"/>
    <trkpt lat="22.27333" lon="120.86181"/>
    <trkpt lat="22.27338" lon="120.86182"/>
    <trkpt lat="22.27344" lon="120.86183"/>
    <trkpt lat="22.27353" lon="120.86186"/>
    <trkpt lat="22.27361" lon="120.8619"/>
    <trkpt lat="22.27369" lon="120.86194"/>
    <trkpt lat="22.27375" lon="120.862"/>
    <trkpt lat="22.27381" lon="120.86208"/>
    <trkpt lat="22.27382" lon="120.86208"/>
    <trkpt lat="22.27385" lon="120.86212"/>
    <trkpt lat="22.27387" lon="120.86215"/>
    <trkpt lat="22.2739" lon="120.86219"/>
    <trkpt lat="22.27392" lon="120.86223"/>
    <trkpt lat="22.27392" lon="120.86224"/>
    <trkpt lat="22.27393" lon="120.86227"/>
    <trkpt lat="22.27394" lon="120.86232"/>
    <trkpt lat="22.27394" lon="120.86235"/>
    <trkpt lat="22.27393" lon="120.86238"/>
    <trkpt lat="22.27392" lon="120.8624"/>
    <trkpt lat="22.27391" lon="120.86242"/>
    <trkpt lat="22.2739" lon="120.86245"/>
    <trkpt lat="22.27388" lon="120.86249"/>
    <trkpt lat="22.27387" lon="120.86253"/>
    <trkpt lat="22.27384" lon="120.8626"/>
    <trkpt lat="22.27381" lon="120.86267"/>
    <trkpt lat="22.27381" lon="120.86273"/>
    <trkpt lat="22.27381" lon="120.86279"/>
    <trkpt lat="22.27382" lon="120.86283"/>
    <trkpt lat="22.27384" lon="120.86287"/>
    <trkpt lat="22.27386" lon="120.8629"/>
    <trkpt lat="22.27388" lon="120.86292"/>
    <trkpt lat="22.27391" lon="120.86294"/>
    <trkpt lat="22.27391" lon="120.86295"/>
    <trkpt lat="22.27395" lon="120.86298"/>
    <trkpt lat="22.27399" lon="120.863"/>
    <trkpt lat="22.27407" lon="120.86302"/>
    <trkpt lat="22.27413" lon="120.86303"/>
    <trkpt lat="22.27425" lon="120.86306"/>
    <trkpt lat="22.27426" lon="120.86306"/>
    <trkpt lat="22.27434" lon="120.86307"/>
    <trkpt lat="22.2744" lon="120.86307"/>
    <trkpt lat="22.27443" lon="120.86307"/>
    <trkpt lat="22.27449" lon="120.86306"/>
    <trkpt lat="22.27453" lon="120.86305"/>
    <trkpt lat="22.2746" lon="120.86303"/>
    <trkpt lat="22.27473" lon="120.86298"/>
    <trkpt lat="22.27483" lon="120.86295"/>
    <trkpt lat="22.27494" lon="120.8629"/>
    <trkpt lat="22.275" lon="120.86288"/>
    <trkpt lat="22.27503" lon="120.86286"/>
    <trkpt lat="22.27506" lon="120.86285"/>
    <trkpt lat="22.27509" lon="120.86283"/>
    <trkpt lat="22.27512" lon="120.86282"/>
    <trkpt lat="22.27516" lon="120.86279"/>
    <trkpt lat="22.27519" lon="120.86277"/>
    <trkpt lat="22.27522" lon="120.86275"/>
    <trkpt lat="22.27525" lon="120.8627"/>
    <trkpt lat="22.2753" lon="120.86262"/>
    <trkpt lat="22.27538" lon="120.86251"/>
    <trkpt lat="22.27552" lon="120.8623"/>
    <trkpt lat="22.27559" lon="120.86222"/>
    <trkpt lat="22.27564" lon="120.86215"/>
    <trkpt lat="22.27569" lon="120.8621"/>
    <trkpt lat="22.2757" lon="120.86209"/>
    <trkpt lat="22.27575" lon="120.86204"/>
    <trkpt lat="22.2758" lon="120.86199"/>
    <trkpt lat="22.27586" lon="120.86194"/>
    <trkpt lat="22.27591" lon="120.8619"/>
    <trkpt lat="22.27606" lon="120.86181"/>
    <trkpt lat="22.27612" lon="120.86178"/>
    <trkpt lat="22.27619" lon="120.86175"/>
    <trkpt lat="22.27631" lon="120.86174"/>
    <trkpt lat="22.27642" lon="120.86174"/>
    <trkpt lat="22.27652" lon="120.86175"/>
    <trkpt lat="22.27658" lon="120.86176"/>
    <trkpt lat="22.27665" lon="120.86178"/>
    <trkpt lat="22.27669" lon="120.8618"/>
    <trkpt lat="22.27675" lon="120.86182"/>
    <trkpt lat="22.2768" lon="120.86184"/>
    <trkpt lat="22.27685" lon="120.86188"/>
    <trkpt lat="22.27691" lon="120.86191"/>
    <trkpt lat="22.27696" lon="120.86196"/>
    <trkpt lat="22.27707" lon="120.86205"/>
    <trkpt lat="22.27713" lon="120.86209"/>
    <trkpt lat="22.27717" lon="120.86212"/>
    <trkpt lat="22.27722" lon="120.86213"/>
    <trkpt lat="22.27726" lon="120.86213"/>
    <trkpt lat="22.2773" lon="120.86213"/>
    <trkpt lat="22.27734" lon="120.86213"/>
    <trkpt lat="22.27745" lon="120.86213"/>
    <trkpt lat="22.2775" lon="120.86213"/>
    <trkpt lat="22.27758" lon="120.86214"/>
    <trkpt lat="22.27763" lon="120.86216"/>
    <trkpt lat="22.27766" lon="120.86218"/>
    <trkpt lat="22.27769" lon="120.86221"/>
    <trkpt lat="22.27771" lon="120.86224"/>
    <trkpt lat="22.27773" lon="120.86227"/>
    <trkpt lat="22.27774" lon="120.86231"/>
    <trkpt lat="22.27775" lon="120.86235"/>
    <trkpt lat="22.27775" lon="120.86238"/>
    <trkpt lat="22.27775" lon="120.86242"/>
    <trkpt lat="22.27775" lon="120.86247"/>
    <trkpt lat="22.27775" lon="120.86251"/>
    <trkpt lat="22.27775" lon="120.86255"/>
    <trkpt lat="22.27774" lon="120.8626"/>
    <trkpt lat="22.27774" lon="120.86267"/>
    <trkpt lat="22.27772" lon="120.86275"/>
    <trkpt lat="22.27771" lon="120.86281"/>
    <trkpt lat="22.27768" lon="120.86287"/>
    <trkpt lat="22.27765" lon="120.86291"/>
    <trkpt lat="22.27762" lon="120.86294"/>
    <trkpt lat="22.27759" lon="120.86297"/>
    <trkpt lat="22.27757" lon="120.86299"/>
    <trkpt lat="22.27754" lon="120.86301"/>
    <trkpt lat="22.27752" lon="120.86303"/>
    <trkpt lat="22.27748" lon="120.86305"/>
    <trkpt lat="22.27742" lon="120.86307"/>
    <trkpt lat="22.27735" lon="120.86309"/>
    <trkpt lat="22.27729" lon="120.86312"/>
    <trkpt lat="22.27724" lon="120.86313"/>
    <trkpt lat="22.27721" lon="120.86315"/>
    <trkpt lat="22.27716" lon="120.86317"/>
    <trkpt lat="22.27714" lon="120.86319"/>
    <trkpt lat="22.27711" lon="120.86322"/>
    <trkpt lat="22.27709" lon="120.86326"/>
    <trkpt lat="22.27708" lon="120.8633"/>
    <trkpt lat="22.27708" lon="120.86334"/>
    <trkpt lat="22.27708" lon="120.86339"/>
    <trkpt lat="22.27708" lon="120.86344"/>
    <trkpt lat="22.2771" lon="120.86348"/>
    <trkpt lat="22.27712" lon="120.86352"/>
    <trkpt lat="22.27714" lon="120.86356"/>
    <trkpt lat="22.27717" lon="120.8636"/>
    <trkpt lat="22.27721" lon="120.86362"/>
    <trkpt lat="22.27725" lon="120.86365"/>
    <trkpt lat="22.2773" lon="120.86368"/>
    <trkpt lat="22.27735" lon="120.8637"/>
    <trkpt lat="22.27739" lon="120.86373"/>
    <trkpt lat="22.27747" lon="120.86378"/>
    <trkpt lat="22.27757" lon="120.86385"/>
    <trkpt lat="22.27764" lon="120.86391"/>
    <trkpt lat="22.27772" lon="120.86398"/>
    <trkpt lat="22.27782" lon="120.86407"/>
    <trkpt lat="22.27788" lon="120.86415"/>
    <trkpt lat="22.27791" lon="120.86421"/>
    <trkpt lat="22.27793" lon="120.86428"/>
    <trkpt lat="22.27795" lon="120.86435"/>
    <trkpt lat="22.27795" lon="120.86441"/>
    <trkpt lat="22.27795" lon="120.8645"/>
    <trkpt lat="22.27794" lon="120.86459"/>
    <trkpt lat="22.27792" lon="120.86467"/>
    <trkpt lat="22.27788" lon="120.86482"/>
    <trkpt lat="22.27783" lon="120.86498"/>
    <trkpt lat="22.27781" lon="120.86503"/>
    <trkpt lat="22.2778" lon="120.86506"/>
    <trkpt lat="22.27778" lon="120.86509"/>
    <trkpt lat="22.27776" lon="120.86511"/>
    <trkpt lat="22.27774" lon="120.86514"/>
    <trkpt lat="22.27772" lon="120.86516"/>
    <trkpt lat="22.27768" lon="120.86518"/>
    <trkpt lat="22.27764" lon="120.8652"/>
    <trkpt lat="22.27761" lon="120.86522"/>
    <trkpt lat="22.2776" lon="120.86522"/>
    <trkpt lat="22.27747" lon="120.86528"/>
    <trkpt lat="22.27745" lon="120.86529"/>
    <trkpt lat="22.2774" lon="120.86532"/>
    <trkpt lat="22.27736" lon="120.86534"/>
    <trkpt lat="22.27734" lon="120.86536"/>
    <trkpt lat="22.27728" lon="120.86542"/>
    <trkpt lat="22.27722" lon="120.86552"/>
    <trkpt lat="22.27719" lon="120.86558"/>
    <trkpt lat="22.27718" lon="120.86561"/>
    <trkpt lat="22.27717" lon="120.86563"/>
    <trkpt lat="22.27716" lon="120.86566"/>
    <trkpt lat="22.27716" lon="120.8657"/>
    <trkpt lat="22.27715" lon="120.8658"/>
    <trkpt lat="22.27714" lon="120.86588"/>
    <trkpt lat="22.2771" lon="120.86595"/>
    <trkpt lat="22.27706" lon="120.866"/>
    <trkpt lat="22.27702" lon="120.86605"/>
    <trkpt lat="22.27691" lon="120.86614"/>
    <trkpt lat="22.27679" lon="120.86627"/>
    <trkpt lat="22.27664" lon="120.86637"/>
    <trkpt lat="22.27647" lon="120.86649"/>
    <trkpt lat="22.27639" lon="120.86656"/>
    <trkpt lat="22.27635" lon="120.8666"/>
    <trkpt lat="22.27633" lon="120.86662"/>
    <trkpt lat="22.27632" lon="120.86666"/>
    <trkpt lat="22.27632" lon="120.86669"/>
    <trkpt lat="22.27632" lon="120.86671"/>
    <trkpt lat="22.27633" lon="120.86679"/>
    <trkpt lat="22.27635" lon="120.86684"/>
    <trkpt lat="22.27638" lon="120.86692"/>
    <trkpt lat="22.2764" lon="120.86695"/>
    <trkpt lat="22.27643" lon="120.86698"/>
    <trkpt lat="22.27646" lon="120.867"/>
    <trkpt lat="22.2765" lon="120.86702"/>
    <trkpt lat="22.27658" lon="120.86703"/>
    <trkpt lat="22.27676" lon="120.86701"/>
    <trkpt lat="22.27688" lon="120.86699"/>
    <trkpt lat="22.27702" lon="120.86698"/>
    <trkpt lat="22.27708" lon="120.86698"/>
    <trkpt lat="22.27713" lon="120.86699"/>
    <trkpt lat="22.27717" lon="120.86699"/>
    <trkpt lat="22.27722" lon="120.86701"/>
    <trkpt lat="22.27727" lon="120.86704"/>
    <trkpt lat="22.27736" lon="120.86711"/>
    <trkpt lat="22.27746" lon="120.86717"/>
    <trkpt lat="22.27754" lon="120.86721"/>
    <trkpt lat="22.27761" lon="120.86723"/>
    <trkpt lat="22.27775" lon="120.86726"/>
    <trkpt lat="22.27793" lon="120.86727"/>
    <trkpt lat="22.27806" lon="120.86729"/>
    <trkpt lat="22.27807" lon="120.86729"/>
    <trkpt lat="22.27817" lon="120.86732"/>
    <trkpt lat="22.27825" lon="120.86735"/>
    <trkpt lat="22.27828" lon="120.86738"/>
    <trkpt lat="22.27831" lon="120.8674"/>
    <trkpt lat="22.27833" lon="120.86743"/>
    <trkpt lat="22.27839" lon="120.86753"/>
    <trkpt lat="22.27845" lon="120.86769"/>
    <trkpt lat="22.27849" lon="120.86785"/>
    <trkpt lat="22.2785" lon="120.86795"/>
    <trkpt lat="22.27851" lon="120.86803"/>
    <trkpt lat="22.27851" lon="120.86807"/>
    <trkpt lat="22.2785" lon="120.8681"/>
    <trkpt lat="22.27849" lon="120.86813"/>
    <trkpt lat="22.27846" lon="120.86817"/>
    <trkpt lat="22.27839" lon="120.86827"/>
    <trkpt lat="22.27833" lon="120.86833"/>
    <trkpt lat="22.27831" lon="120.86835"/>
    <trkpt lat="22.2783" lon="120.86838"/>
    <trkpt lat="22.27828" lon="120.86842"/>
    <trkpt lat="22.27827" lon="120.86846"/>
    <trkpt lat="22.27826" lon="120.86852"/>
    <trkpt lat="22.27826" lon="120.8686"/>
    <trkpt lat="22.27827" lon="120.86866"/>
    <trkpt lat="22.27828" lon="120.8687"/>
    <trkpt lat="22.2783" lon="120.86873"/>
    <trkpt lat="22.27833" lon="120.86876"/>
    <trkpt lat="22.27836" lon="120.86879"/>
    <trkpt lat="22.27839" lon="120.8688"/>
    <trkpt lat="22.27843" lon="120.86882"/>
    <trkpt lat="22.27845" lon="120.86882"/>
    <trkpt lat="22.27849" lon="120.86883"/>
    <trkpt lat="22.27851" lon="120.86883"/>
    <trkpt lat="22.27853" lon="120.86883"/>
    <trkpt lat="22.27857" lon="120.86882"/>
    <trkpt lat="22.2786" lon="120.86881"/>
    <trkpt lat="22.27868" lon="120.86879"/>
    <trkpt lat="22.27877" lon="120.86874"/>
    <trkpt lat="22.27888" lon="120.86868"/>
    <trkpt lat="22.27896" lon="120.86861"/>
    <trkpt lat="22.27903" lon="120.86855"/>
    <trkpt lat="22.27907" lon="120.8685"/>
    <trkpt lat="22.2791" lon="120.86844"/>
    <trkpt lat="22.27911" lon="120.8684"/>
    <trkpt lat="22.27911" lon="120.86837"/>
    <trkpt lat="22.2791" lon="120.86827"/>
    <trkpt lat="22.27907" lon="120.86814"/>
    <trkpt lat="22.27906" lon="120.86808"/>
    <trkpt lat="22.27905" lon="120.86802"/>
    <trkpt lat="22.27905" lon="120.86799"/>
    <trkpt lat="22.27906" lon="120.86795"/>
    <trkpt lat="22.27908" lon="120.86792"/>
    <trkpt lat="22.2791" lon="120.8679"/>
    <trkpt lat="22.27915" lon="120.86785"/>
    <trkpt lat="22.27917" lon="120.86783"/>
    <trkpt lat="22.2792" lon="120.86782"/>
    <trkpt lat="22.27928" lon="120.86781"/>
    <trkpt lat="22.27935" lon="120.86782"/>
    <trkpt lat="22.27938" lon="120.86782"/>
    <trkpt lat="22.27942" lon="120.86783"/>
    <trkpt lat="22.27953" lon="120.86787"/>
    <trkpt lat="22.2796" lon="120.86792"/>
    <trkpt lat="22.27966" lon="120.868"/>
    <trkpt lat="22.27969" lon="120.86806"/>
    <trkpt lat="22.27972" lon="120.86813"/>
    <trkpt lat="22.27972" lon="120.86821"/>
    <trkpt lat="22.27973" lon="120.86831"/>
    <trkpt lat="22.27974" lon="120.86839"/>
    <trkpt lat="22.27975" lon="120.86845"/>
    <trkpt lat="22.27978" lon="120.86854"/>
    <trkpt lat="22.27981" lon="120.86862"/>
    <trkpt lat="22.27987" lon="120.8687"/>
    <trkpt lat="22.2799" lon="120.86874"/>
    <trkpt lat="22.27992" lon="120.86876"/>
    <trkpt lat="22.27994" lon="120.86878"/>
    <trkpt lat="22.27999" lon="120.86881"/>
    <trkpt lat="22.28005" lon="120.86882"/>
    <trkpt lat="22.28012" lon="120.86883"/>
    <trkpt lat="22.28025" lon="120.86885"/>
    <trkpt lat="22.2804" lon="120.86889"/>
    <trkpt lat="22.28041" lon="120.86889"/>
    <trkpt lat="22.28054" lon="120.86892"/>
    <trkpt lat="22.28058" lon="120.86893"/>
    <trkpt lat="22.28065" lon="120.86894"/>
    <trkpt lat="22.28075" lon="120.86894"/>
    <trkpt lat="22.28086" lon="120.86897"/>
    <trkpt lat="22.28095" lon="120.869"/>
    <trkpt lat="22.28101" lon="120.86904"/>
    <trkpt lat="22.28107" lon="120.8691"/>
    <trkpt lat="22.28112" lon="120.86917"/>
    <trkpt lat="22.28117" lon="120.86927"/>
    <trkpt lat="22.28121" lon="120.8694"/>
    <trkpt lat="22.28124" lon="120.86949"/>
    <trkpt lat="22.28127" lon="120.86957"/>
    <trkpt lat="22.28131" lon="120.86964"/>
    <trkpt lat="22.28136" lon="120.8697"/>
    <trkpt lat="22.28145" lon="120.86976"/>
    <trkpt lat="22.28156" lon="120.86979"/>
    <trkpt lat="22.28161" lon="120.86982"/>
    <trkpt lat="22.28166" lon="120.86985"/>
    <trkpt lat="22.28174" lon="120.86988"/>
    <trkpt lat="22.28177" lon="120.86991"/>
    <trkpt lat="22.2818" lon="120.86993"/>
    <trkpt lat="22.28186" lon="120.87"/>
    <trkpt lat="22.28192" lon="120.8701"/>
    <trkpt lat="22.28197" lon="120.8702"/>
    <trkpt lat="22.28205" lon="120.87034"/>
    <trkpt lat="22.2821" lon="120.87046"/>
    <trkpt lat="22.28214" lon="120.87054"/>
    <trkpt lat="22.28217" lon="120.87061"/>
    <trkpt lat="22.28219" lon="120.87071"/>
    <trkpt lat="22.28219" lon="120.87075"/>
    <trkpt lat="22.28218" lon="120.87079"/>
    <trkpt lat="22.28216" lon="120.87089"/>
    <trkpt lat="22.28214" lon="120.87093"/>
    <trkpt lat="22.28211" lon="120.87099"/>
    <trkpt lat="22.28208" lon="120.87102"/>
    <trkpt lat="22.28198" lon="120.87112"/>
    <trkpt lat="22.28186" lon="120.87119"/>
    <trkpt lat="22.28176" lon="120.87126"/>
    <trkpt lat="22.28166" lon="120.87134"/>
    <trkpt lat="22.2816" lon="120.8714"/>
    <trkpt lat="22.28154" lon="120.87147"/>
    <trkpt lat="22.28148" lon="120.87154"/>
    <trkpt lat="22.28147" lon="120.87157"/>
    <trkpt lat="22.28145" lon="120.87167"/>
    <trkpt lat="22.28138" lon="120.87191"/>
    <trkpt lat="22.28135" lon="120.87211"/>
    <trkpt lat="22.28135" lon="120.87214"/>
    <trkpt lat="22.28135" lon="120.87221"/>
    <trkpt lat="22.28136" lon="120.87228"/>
    <trkpt lat="22.28139" lon="120.87238"/>
    <trkpt lat="22.28143" lon="120.87245"/>
    <trkpt lat="22.28146" lon="120.87248"/>
    <trkpt lat="22.28149" lon="120.8725"/>
    <trkpt lat="22.28153" lon="120.87252"/>
    <trkpt lat="22.28157" lon="120.87253"/>
    <trkpt lat="22.28161" lon="120.87254"/>
    <trkpt lat="22.28165" lon="120.87254"/>
    <trkpt lat="22.28168" lon="120.87254"/>
    <trkpt lat="22.28172" lon="120.87253"/>
    <trkpt lat="22.28177" lon="120.87251"/>
    <trkpt lat="22.28188" lon="120.87244"/>
    <trkpt lat="22.282" lon="120.87235"/>
    <trkpt lat="22.28208" lon="120.87229"/>
    <trkpt lat="22.28211" lon="120.87227"/>
    <trkpt lat="22.28214" lon="120.87224"/>
    <trkpt lat="22.28217" lon="120.87222"/>
    <trkpt lat="22.28222" lon="120.87219"/>
    <trkpt lat="22.28225" lon="120.87218"/>
    <trkpt lat="22.28229" lon="120.87218"/>
    <trkpt lat="22.28239" lon="120.87215"/>
    <trkpt lat="22.28246" lon="120.87213"/>
    <trkpt lat="22.28255" lon="120.87209"/>
    <trkpt lat="22.28264" lon="120.87204"/>
    <trkpt lat="22.28272" lon="120.87197"/>
    <trkpt lat="22.28284" lon="120.87181"/>
    <trkpt lat="22.28299" lon="120.87163"/>
    <trkpt lat="22.28303" lon="120.8716"/>
    <trkpt lat="22.28306" lon="120.87155"/>
    <trkpt lat="22.28312" lon="120.87151"/>
    <trkpt lat="22.28316" lon="120.87149"/>
    <trkpt lat="22.28321" lon="120.87148"/>
    <trkpt lat="22.28331" lon="120.87148"/>
    <trkpt lat="22.28347" lon="120.87152"/>
    <trkpt lat="22.28375" lon="120.87161"/>
    <trkpt lat="22.28407" lon="120.87163"/>
    <trkpt lat="22.28439" lon="120.87162"/>
    <trkpt lat="22.28467" lon="120.87159"/>
    <trkpt lat="22.28485" lon="120.87157"/>
    <trkpt lat="22.2851" lon="120.87154"/>
    <trkpt lat="22.28536" lon="120.87152"/>
    <trkpt lat="22.28546" lon="120.87154"/>
    <trkpt lat="22.28553" lon="120.87159"/>
    <trkpt lat="22.28558" lon="120.87164"/>
    <trkpt lat="22.28579" lon="120.87185"/>
    <trkpt lat="22.28599" lon="120.87216"/>
    <trkpt lat="22.28603" lon="120.87227"/>
    <trkpt lat="22.28606" lon="120.87233"/>
    <trkpt lat="22.28609" lon="120.87238"/>
    <trkpt lat="22.28612" lon="120.87242"/>
    <trkpt lat="22.28614" lon="120.87245"/>
    <trkpt lat="22.28617" lon="120.87248"/>
    <trkpt lat="22.28621" lon="120.87251"/>
    <trkpt lat="22.28627" lon="120.87253"/>
    <trkpt lat="22.28634" lon="120.87254"/>
    <trkpt lat="22.28642" lon="120.87252"/>
    <trkpt lat="22.28649" lon="120.8725"/>
    <trkpt lat="22.28658" lon="120.87247"/>
    <trkpt lat="22.28671" lon="120.87244"/>
    <trkpt lat="22.28683" lon="120.87241"/>
    <trkpt lat="22.28697" lon="120.87239"/>
    <trkpt lat="22.28719" lon="120.87238"/>
    <trkpt lat="22.2872" lon="120.87238"/>
    <trkpt lat="22.28726" lon="120.87239"/>
    <trkpt lat="22.28736" lon="120.87244"/>
    <trkpt lat="22.28769" lon="120.8726"/>
    <trkpt lat="22.28784" lon="120.87268"/>
    <trkpt lat="22.28799" lon="120.87276"/>
    <trkpt lat="22.28811" lon="120.87283"/>
    <trkpt lat="22.28825" lon="120.87291"/>
    <trkpt lat="22.28844" lon="120.87302"/>
    <trkpt lat="22.2885" lon="120.87305"/>
    <trkpt lat="22.28853" lon="120.87306"/>
    <trkpt lat="22.28857" lon="120.87308"/>
    <trkpt lat="22.28862" lon="120.8731"/>
    <trkpt lat="22.28865" lon="120.87312"/>
    <trkpt lat="22.28872" lon="120.87314"/>
    <trkpt lat="22.28899" lon="120.87324"/>
    <trkpt lat="22.28928" lon="120.87334"/>
    <trkpt lat="22.28947" lon="120.87342"/>
    <trkpt lat="22.28951" lon="120.87344"/>
    <trkpt lat="22.28955" lon="120.87345"/>
    <trkpt lat="22.28958" lon="120.87347"/>
    <trkpt lat="22.28961" lon="120.8735"/>
    <trkpt lat="22.28964" lon="120.87353"/>
    <trkpt lat="22.28968" lon="120.87356"/>
    <trkpt lat="22.28971" lon="120.8736"/>
    <trkpt lat="22.28974" lon="120.87364"/>
    <trkpt lat="22.28977" lon="120.87368"/>
    <trkpt lat="22.2898" lon="120.87373"/>
    <trkpt lat="22.28981" lon="120.87376"/>
    <trkpt lat="22.28982" lon="120.87377"/>
    <trkpt lat="22.28985" lon="120.87386"/>
    <trkpt lat="22.28988" lon="120.87395"/>
    <trkpt lat="22.2899" lon="120.87402"/>
    <trkpt lat="22.28991" lon="120.87409"/>
    <trkpt lat="22.28992" lon="120.87417"/>
    <trkpt lat="22.28995" lon="120.87442"/>
    <trkpt lat="22.28997" lon="120.87471"/>
    <trkpt lat="22.28996" lon="120.87489"/>
    <trkpt lat="22.28997" lon="120.87518"/>
    <trkpt lat="22.29002" lon="120.87547"/>
    <trkpt lat="22.29011" lon="120.87571"/>
    <trkpt lat="22.29019" lon="120.87589"/>
    <trkpt lat="22.29029" lon="120.87614"/>
    <trkpt lat="22.29035" lon="120.87635"/>
    <trkpt lat="22.29035" lon="120.87636"/>
    <trkpt lat="22.29036" lon="120.87639"/>
    <trkpt lat="22.29042" lon="120.87653"/>
    <trkpt lat="22.29043" lon="120.87656"/>
    <trkpt lat="22.29045" lon="120.87662"/>
    <trkpt lat="22.29046" lon="120.87672"/>
    <trkpt lat="22.29047" lon="120.87676"/>
    <trkpt lat="22.2905" lon="120.87694"/>
    <trkpt lat="22.2905" lon="120.87699"/>
    <trkpt lat="22.29052" lon="120.87715"/>
    <trkpt lat="22.29052" lon="120.87736"/>
    <trkpt lat="22.29049" lon="120.87766"/>
    <trkpt lat="22.29048" lon="120.87779"/>
    <trkpt lat="22.29048" lon="120.87786"/>
    <trkpt lat="22.29048" lon="120.87791"/>
    <trkpt lat="22.29048" lon="120.87793"/>
    <trkpt lat="22.29049" lon="120.87798"/>
    <trkpt lat="22.29049" lon="120.87805"/>
    <trkpt lat="22.29049" lon="120.8781"/>
    <trkpt lat="22.29049" lon="120.87811"/>
    <trkpt lat="22.29051" lon="120.87826"/>
    <trkpt lat="22.29053" lon="120.87842"/>
    <trkpt lat="22.29055" lon="120.87857"/>
    <trkpt lat="22.29059" lon="120.87872"/>
    <trkpt lat="22.29064" lon="120.87892"/>
    <trkpt lat="22.29071" lon="120.87918"/>
    <trkpt lat="22.29078" lon="120.87943"/>
    <trkpt lat="22.29083" lon="120.8796"/>
    <trkpt lat="22.29084" lon="120.87961"/>
    <trkpt lat="22.29088" lon="120.87971"/>
    <trkpt lat="22.29089" lon="120.87975"/>
    <trkpt lat="22.29095" lon="120.87988"/>
    <trkpt lat="22.29096" lon="120.87991"/>
    <trkpt lat="22.29102" lon="120.88003"/>
    <trkpt lat="22.29103" lon="120.88005"/>
    <trkpt lat="22.29106" lon="120.88014"/>
    <trkpt lat="22.29111" lon="120.88022"/>
    <trkpt lat="22.29112" lon="120.88024"/>
    <trkpt lat="22.29117" lon="120.88033"/>
    <trkpt lat="22.2912" lon="120.88039"/>
    <trkpt lat="22.29125" lon="120.88048"/>
    <trkpt lat="22.29143" lon="120.88071"/>
    <trkpt lat="22.29152" lon="120.88083"/>
    <trkpt lat="22.29161" lon="120.88091"/>
    <trkpt lat="22.29169" lon="120.88099"/>
    <trkpt lat="22.29177" lon="120.88106"/>
    <trkpt lat="22.29187" lon="120.88114"/>
    <trkpt lat="22.29241" lon="120.88154"/>
    <trkpt lat="22.29308" lon="120.88204"/>
    <trkpt lat="22.29335" lon="120.88221"/>
    <trkpt lat="22.29342" lon="120.88225"/>
    <trkpt lat="22.29343" lon="120.8823"/>
    <trkpt lat="22.29346" lon="120.88234"/>
    <trkpt lat="22.29347" lon="120.88236"/>
    <trkpt lat="22.29352" lon="120.88239"/>
    <trkpt lat="22.29357" lon="120.88243"/>
    <trkpt lat="22.29379" lon="120.88261"/>
    <trkpt lat="22.29393" lon="120.88274"/>
    <trkpt lat="22.29412" lon="120.88288"/>
    <trkpt lat="22.29458" lon="120.88394"/>
    <trkpt lat="22.29465" lon="120.88419"/>
    <trkpt lat="22.29467" lon="120.8843"/>
    <trkpt lat="22.29468" lon="120.88437"/>
    <trkpt lat="22.29469" lon="120.88445"/>
    <trkpt lat="22.29471" lon="120.88459"/>
    <trkpt lat="22.29473" lon="120.88525"/>
    <trkpt lat="22.29471" lon="120.88604"/>
    <trkpt lat="22.2947" lon="120.88694"/>
    <trkpt lat="22.29469" lon="120.88702"/>
    <trkpt lat="22.2947" lon="120.88723"/>
    <trkpt lat="22.29472" lon="120.88745"/>
    <trkpt lat="22.29473" lon="120.88755"/>
    <trkpt lat="22.29475" lon="120.88763"/>
    <trkpt lat="22.29476" lon="120.8877"/>
    <trkpt lat="22.29478" lon="120.88776"/>
    <trkpt lat="22.29481" lon="120.88789"/>
    <trkpt lat="22.29489" lon="120.88802"/>
    <trkpt lat="22.29493" lon="120.88809"/>
    <trkpt lat="22.29497" lon="120.88815"/>
    <trkpt lat="22.29502" lon="120.88821"/>
    <trkpt lat="22.2951" lon="120.88829"/>
    <trkpt lat="22.29517" lon="120.88837"/>
    <trkpt lat="22.29527" lon="120.88842"/>
    <trkpt lat="22.29532" lon="120.88844"/>
    <trkpt lat="22.2954" lon="120.88847"/>
    <trkpt lat="22.29568" lon="120.88854"/>
    <trkpt lat="22.29574" lon="120.88856"/>
    <trkpt lat="22.29645" lon="120.88866"/>
    <trkpt lat="22.29663" lon="120.88869"/>
    <trkpt lat="22.29681" lon="120.88872"/>
    <trkpt lat="22.29682" lon="120.88872"/>
    <trkpt lat="22.29697" lon="120.88874"/>
    <trkpt lat="22.29711" lon="120.88876"/>
    <trkpt lat="22.29723" lon="120.88878"/>
    <trkpt lat="22.29753" lon="120.8888"/>
    <trkpt lat="22.29768" lon="120.88881"/>
    <trkpt lat="22.29771" lon="120.88881"/>
    <trkpt lat="22.29789" lon="120.88881"/>
    <trkpt lat="22.29807" lon="120.88881"/>
    <trkpt lat="22.2984" lon="120.8888"/>
    <trkpt lat="22.29909" lon="120.88874"/>
    <trkpt lat="22.29915" lon="120.88874"/>
    <trkpt lat="22.29927" lon="120.88873"/>
    <trkpt lat="22.29944" lon="120.88873"/>
    <trkpt lat="22.29951" lon="120.88873"/>
    <trkpt lat="22.29969" lon="120.88874"/>
    <trkpt lat="22.29988" lon="120.88874"/>
    <trkpt lat="22.30072" lon="120.88878"/>
    <trkpt lat="22.30183" lon="120.88885"/>
    <trkpt lat="22.30203" lon="120.88886"/>
    <trkpt lat="22.30288" lon="120.88892"/>
    <trkpt lat="22.30298" lon="120.88893"/>
    <trkpt lat="22.30307" lon="120.88894"/>
    <trkpt lat="22.30316" lon="120.88896"/>
    <trkpt lat="22.30328" lon="120.889"/>
    <trkpt lat="22.3034" lon="120.88904"/>
    <trkpt lat="22.30348" lon="120.88907"/>
    <trkpt lat="22.30361" lon="120.88912"/>
    <trkpt lat="22.30438" lon="120.88949"/>
    <trkpt lat="22.30446" lon="120.88953"/>
    <trkpt lat="22.30471" lon="120.88964"/>
    <trkpt lat="22.30476" lon="120.88967"/>
    <trkpt lat="22.30483" lon="120.88969"/>
    <trkpt lat="22.3049" lon="120.8897"/>
    <trkpt lat="22.30508" lon="120.88976"/>
    <trkpt lat="22.30532" lon="120.88979"/>
    <trkpt lat="22.30543" lon="120.88981"/>
    <trkpt lat="22.30547" lon="120.88982"/>
    <trkpt lat="22.30561" lon="120.88984"/>
    <trkpt lat="22.3061" lon="120.8899"/>
    <trkpt lat="22.30635" lon="120.88992"/>
    <trkpt lat="22.30671" lon="120.88996"/>
    <trkpt lat="22.30689" lon="120.88997"/>
    <trkpt lat="22.307" lon="120.88998"/>
    <trkpt lat="22.30718" lon="120.89"/>
    <trkpt lat="22.30739" lon="120.89003"/>
    <trkpt lat="22.30772" lon="120.89009"/>
    <trkpt lat="22.30774" lon="120.89009"/>
    <trkpt lat="22.30792" lon="120.89012"/>
    <trkpt lat="22.30802" lon="120.89015"/>
    <trkpt lat="22.30824" lon="120.89019"/>
    <trkpt lat="22.30848" lon="120.89026"/>
    <trkpt lat="22.30941" lon="120.89054"/>
    <trkpt lat="22.30985" lon="120.89067"/>
    <trkpt lat="22.31002" lon="120.89072"/>
    <trkpt lat="22.31005" lon="120.89073"/>
    <trkpt lat="22.31044" lon="120.89085"/>
    <trkpt lat="22.31072" lon="120.89092"/>
    <trkpt lat="22.31126" lon="120.89102"/>
    <trkpt lat="22.31197" lon="120.89108"/>
    <trkpt lat="22.31301" lon="120.89118"/>
    <trkpt lat="22.31421" lon="120.89126"/>
    <trkpt lat="22.31454" lon="120.89128"/>
    <trkpt lat="22.31472" lon="120.89129"/>
    <trkpt lat="22.3149" lon="120.8913"/>
    <trkpt lat="22.3158" lon="120.89136"/>
    <trkpt lat="22.31598" lon="120.89137"/>
    <trkpt lat="22.31621" lon="120.89139"/>
    <trkpt lat="22.3167" lon="120.89142"/>
    <trkpt lat="22.31795" lon="120.89151"/>
    <trkpt lat="22.31946" lon="120.89159"/>
    <trkpt lat="22.32234" lon="120.89185"/>
    <trkpt lat="22.32333" lon="120.89193"/>
    <trkpt lat="22.32416" lon="120.89201"/>
    <trkpt lat="22.32464" lon="120.89207"/>
    <trkpt lat="22.32487" lon="120.89208"/>
    <trkpt lat="22.32511" lon="120.8921"/>
    <trkpt lat="22.32563" lon="120.89213"/>
    <trkpt lat="22.32686" lon="120.89213"/>
    <trkpt lat="22.3273" lon="120.89214"/>
    <trkpt lat="22.32748" lon="120.89214"/>
    <trkpt lat="22.32825" lon="120.89215"/>
    <trkpt lat="22.32878" lon="120.89218"/>
    <trkpt lat="22.33019" lon="120.8922"/>
    <trkpt lat="22.3303" lon="120.89221"/>
    <trkpt lat="22.33046" lon="120.89224"/>
    <trkpt lat="22.33062" lon="120.89228"/>
    <trkpt lat="22.33075" lon="120.89233"/>
    <trkpt lat="22.33101" lon="120.89247"/>
    <trkpt lat="22.33121" lon="120.89259"/>
    <trkpt lat="22.33129" lon="120.89265"/>
    <trkpt lat="22.33144" lon="120.89276"/>
    <trkpt lat="22.33145" lon="120.89277"/>
    <trkpt lat="22.33158" lon="120.89288"/>
    <trkpt lat="22.33171" lon="120.89298"/>
    <trkpt lat="22.33173" lon="120.89299"/>
    <trkpt lat="22.33185" lon="120.89309"/>
    <trkpt lat="22.33188" lon="120.8931"/>
    <trkpt lat="22.33199" lon="120.89316"/>
    <trkpt lat="22.33217" lon="120.89325"/>
    <trkpt lat="22.33252" lon="120.89338"/>
    <trkpt lat="22.3331" lon="120.89354"/>
    <trkpt lat="22.33395" lon="120.89376"/>
    <trkpt lat="22.33447" lon="120.89387"/>
    <trkpt lat="22.33465" lon="120.89391"/>
    <trkpt lat="22.33483" lon="120.89394"/>
    <trkpt lat="22.33484" lon="120.89394"/>
    <trkpt lat="22.33515" lon="120.89399"/>
    <trkpt lat="22.33544" lon="120.89402"/>
    <trkpt lat="22.33557" lon="120.89403"/>
    <trkpt lat="22.33563" lon="120.89403"/>
    <trkpt lat="22.3358" lon="120.89405"/>
    <trkpt lat="22.3359" lon="120.89406"/>
    <trkpt lat="22.33671" lon="120.89413"/>
    <trkpt lat="22.33686" lon="120.89414"/>
    <trkpt lat="22.33696" lon="120.89415"/>
    <trkpt lat="22.33718" lon="120.89414"/>
    <trkpt lat="22.33729" lon="120.89411"/>
    <trkpt lat="22.3373" lon="120.8941"/>
    <trkpt lat="22.33741" lon="120.89406"/>
    <trkpt lat="22.3375" lon="120.89403"/>
    <trkpt lat="22.33763" lon="120.89398"/>
    <trkpt lat="22.33769" lon="120.89395"/>
    <trkpt lat="22.33777" lon="120.8939"/>
    <trkpt lat="22.33791" lon="120.8938"/>
    <trkpt lat="22.33796" lon="120.89375"/>
    <trkpt lat="22.33805" lon="120.89369"/>
    <trkpt lat="22.3382" lon="120.89355"/>
    <trkpt lat="22.33837" lon="120.89341"/>
    <trkpt lat="22.33856" lon="120.89329"/>
    <trkpt lat="22.33868" lon="120.89323"/>
    <trkpt lat="22.33878" lon="120.8932"/>
    <trkpt lat="22.33883" lon="120.89318"/>
    <trkpt lat="22.33894" lon="120.89315"/>
    <trkpt lat="22.33908" lon="120.89313"/>
    <trkpt lat="22.33923" lon="120.89313"/>
    <trkpt lat="22.33933" lon="120.89314"/>
    <trkpt lat="22.33954" lon="120.89316"/>
    <trkpt lat="22.33975" lon="120.89317"/>
    <trkpt lat="22.34042" lon="120.89321"/>
    <trkpt lat="22.34055" lon="120.89322"/>
    <trkpt lat="22.34061" lon="120.89323"/>
    <trkpt lat="22.34074" lon="120.89328"/>
    <trkpt lat="22.34082" lon="120.89332"/>
    <trkpt lat="22.34095" lon="120.89342"/>
    <trkpt lat="22.34119" lon="120.8936"/>
    <trkpt lat="22.34134" lon="120.89375"/>
    <trkpt lat="22.34141" lon="120.89384"/>
    <trkpt lat="22.34149" lon="120.894"/>
    <trkpt lat="22.34159" lon="120.89423"/>
    <trkpt lat="22.34161" lon="120.89426"/>
    <trkpt lat="22.34169" lon="120.89443"/>
    <trkpt lat="22.34211" lon="120.89529"/>
    <trkpt lat="22.34216" lon="120.89539"/>
    <trkpt lat="22.3424" lon="120.89597"/>
    <trkpt lat="22.34248" lon="120.89612"/>
    <trkpt lat="22.34265" lon="120.89644"/>
    <trkpt lat="22.34274" lon="120.89661"/>
    <trkpt lat="22.34279" lon="120.8967"/>
    <trkpt lat="22.3429" lon="120.89685"/>
    <trkpt lat="22.34301" lon="120.897"/>
    <trkpt lat="22.34308" lon="120.89707"/>
    <trkpt lat="22.34316" lon="120.89713"/>
    <trkpt lat="22.34331" lon="120.89725"/>
    <trkpt lat="22.34379" lon="120.89762"/>
    <trkpt lat="22.34395" lon="120.89774"/>
    <trkpt lat="22.34438" lon="120.89806"/>
    <trkpt lat="22.34457" lon="120.8982"/>
    <trkpt lat="22.34494" lon="120.89842"/>
    <trkpt lat="22.34574" lon="120.8989"/>
    <trkpt lat="22.34612" lon="120.89908"/>
    <trkpt lat="22.34635" lon="120.89919"/>
    <trkpt lat="22.34749" lon="120.89978"/>
    <trkpt lat="22.34753" lon="120.8998"/>
    <trkpt lat="22.34828" lon="120.90013"/>
    <trkpt lat="22.34836" lon="120.90016"/>
    <trkpt lat="22.3486" lon="120.90026"/>
    <trkpt lat="22.34893" lon="120.90038"/>
    <trkpt lat="22.34933" lon="120.9005"/>
    <trkpt lat="22.35033" lon="120.90085"/>
    <trkpt lat="22.3514" lon="120.90127"/>
    <trkpt lat="22.35195" lon="120.90149"/>
    <trkpt lat="22.35277" lon="120.90179"/>
    <trkpt lat="22.35309" lon="120.9019"/>
    <trkpt lat="22.35322" lon="120.90195"/>
    <trkpt lat="22.35339" lon="120.90201"/>
    <trkpt lat="22.35356" lon="120.90208"/>
    <trkpt lat="22.35362" lon="120.90211"/>
    <trkpt lat="22.35376" lon="120.90216"/>
    <trkpt lat="22.35403" lon="120.90238"/>
    <trkpt lat="22.35409" lon="120.90243"/>
    <trkpt lat="22.35426" lon="120.90256"/>
    <trkpt lat="22.35463" lon="120.90286"/>
    <trkpt lat="22.35473" lon="120.90295"/>
    <trkpt lat="22.35489" lon="120.90311"/>
    <trkpt lat="22.35532" lon="120.90353"/>
    <trkpt lat="22.35553" lon="120.90374"/>
    <trkpt lat="22.35563" lon="120.90386"/>
    <trkpt lat="22.35621" lon="120.90461"/>
    <trkpt lat="22.35624" lon="120.90466"/>
    <trkpt lat="22.35647" lon="120.90497"/>
    <trkpt lat="22.35653" lon="120.90505"/>
    <trkpt lat="22.35685" lon="120.90557"/>
    <trkpt lat="22.35699" lon="120.90585"/>
    <trkpt lat="22.35721" lon="120.90618"/>
    <trkpt lat="22.35729" lon="120.9063"/>
    <trkpt lat="22.35751" lon="120.90656"/>
    <trkpt lat="22.35765" lon="120.90672"/>
    <trkpt lat="22.35776" lon="120.90684"/>
    <trkpt lat="22.35783" lon="120.9069"/>
    <trkpt lat="22.3579" lon="120.90697"/>
    <trkpt lat="22.35794" lon="120.907"/>
    <trkpt lat="22.358" lon="120.90704"/>
    <trkpt lat="22.35822" lon="120.90712"/>
    <trkpt lat="22.35829" lon="120.90714"/>
    <trkpt lat="22.35849" lon="120.90717"/>
    <trkpt lat="22.35874" lon="120.90716"/>
    <trkpt lat="22.3588" lon="120.90716"/>
    <trkpt lat="22.35886" lon="120.90714"/>
    <trkpt lat="22.35893" lon="120.90713"/>
    <trkpt lat="22.35911" lon="120.90708"/>
    <trkpt lat="22.35918" lon="120.90706"/>
    <trkpt lat="22.35919" lon="120.90706"/>
    <trkpt lat="22.35942" lon="120.90699"/>
    <trkpt lat="22.35979" lon="120.90686"/>
    <trkpt lat="22.35988" lon="120.90685"/>
    <trkpt lat="22.35994" lon="120.90685"/>
    <trkpt lat="22.36009" lon="120.90688"/>
    <trkpt lat="22.36025" lon="120.90691"/>
    <trkpt lat="22.3608" lon="120.90698"/>
    <trkpt lat="22.3609" lon="120.907"/>
    <trkpt lat="22.36114" lon="120.90703"/>
    <trkpt lat="22.3612" lon="120.90704"/>
    <trkpt lat="22.36138" lon="120.90706"/>
    <trkpt lat="22.36144" lon="120.90706"/>
    <trkpt lat="22.36154" lon="120.90707"/>
    <trkpt lat="22.36175" lon="120.9071"/>
    <trkpt lat="22.36183" lon="120.90711"/>
    <trkpt lat="22.36196" lon="120.90712"/>
    <trkpt lat="22.36199" lon="120.90712"/>
    <trkpt lat="22.36246" lon="120.9072"/>
    <trkpt lat="22.36275" lon="120.90725"/>
    <trkpt lat="22.36304" lon="120.9073"/>
    <trkpt lat="22.36341" lon="120.90735"/>
    <trkpt lat="22.36355" lon="120.90738"/>
    <trkpt lat="22.36432" lon="120.90765"/>
    <trkpt lat="22.36438" lon="120.90768"/>
    <trkpt lat="22.36457" lon="120.90776"/>
    <trkpt lat="22.36465" lon="120.9078"/>
    <trkpt lat="22.36474" lon="120.90784"/>
    <trkpt lat="22.36515" lon="120.90808"/>
    <trkpt lat="22.36578" lon="120.90844"/>
    <trkpt lat="22.36587" lon="120.90849"/>
    <trkpt lat="22.36602" lon="120.90857"/>
    <trkpt lat="22.36619" lon="120.90867"/>
    <trkpt lat="22.36642" lon="120.90877"/>
    <trkpt lat="22.36657" lon="120.90885"/>
    <trkpt lat="22.36724" lon="120.90909"/>
    <trkpt lat="22.36776" lon="120.90926"/>
    <trkpt lat="22.36789" lon="120.9093"/>
    <trkpt lat="22.36806" lon="120.90936"/>
    <trkpt lat="22.36816" lon="120.9094"/>
    <trkpt lat="22.36823" lon="120.90943"/>
    <trkpt lat="22.3688" lon="120.90966"/>
    <trkpt lat="22.36906" lon="120.90977"/>
    <trkpt lat="22.36945" lon="120.90992"/>
    <trkpt lat="22.37021" lon="120.91014"/>
    <trkpt lat="22.37058" lon="120.91023"/>
    <trkpt lat="22.37075" lon="120.91026"/>
    <trkpt lat="22.37101" lon="120.91031"/>
    <trkpt lat="22.3717" lon="120.91041"/>
    <trkpt lat="22.37223" lon="120.9105"/>
    <trkpt lat="22.37269" lon="120.91057"/>
    <trkpt lat="22.37318" lon="120.91065"/>
    <trkpt lat="22.37348" lon="120.91071"/>
    <trkpt lat="22.37385" lon="120.91077"/>
    <trkpt lat="22.37453" lon="120.91089"/>
    <trkpt lat="22.37484" lon="120.91094"/>
    <trkpt lat="22.3753" lon="120.91102"/>
    <trkpt lat="22.37593" lon="120.91118"/>
    <trkpt lat="22.37665" lon="120.91136"/>
    <trkpt lat="22.37672" lon="120.91138"/>
    <trkpt lat="22.37747" lon="120.91161"/>
    <trkpt lat="22.37823" lon="120.91181"/>
    <trkpt lat="22.37827" lon="120.91182"/>
    <trkpt lat="22.37882" lon="120.91195"/>
    <trkpt lat="22.37892" lon="120.91197"/>
    <trkpt lat="22.37897" lon="120.91198"/>
    <trkpt lat="22.37909" lon="120.912"/>
    <trkpt lat="22.37915" lon="120.91201"/>
    <trkpt lat="22.37955" lon="120.91209"/>
    <trkpt lat="22.37974" lon="120.91211"/>
    <trkpt lat="22.37991" lon="120.91213"/>
    <trkpt lat="22.38031" lon="120.91217"/>
    <trkpt lat="22.38113" lon="120.91226"/>
    <trkpt lat="22.38155" lon="120.9123"/>
    <trkpt lat="22.38172" lon="120.91232"/>
    <trkpt lat="22.3821" lon="120.91236"/>
    <trkpt lat="22.38258" lon="120.91244"/>
    <trkpt lat="22.3833" lon="120.91255"/>
    <trkpt lat="22.38335" lon="120.91257"/>
    <trkpt lat="22.38388" lon="120.91268"/>
    <trkpt lat="22.38422" lon="120.91275"/>
    <trkpt lat="22.38445" lon="120.9128"/>
    <trkpt lat="22.38469" lon="120.91286"/>
    <trkpt lat="22.38478" lon="120.91288"/>
    <trkpt lat="22.38498" lon="120.91292"/>
    <trkpt lat="22.38509" lon="120.91295"/>
    <trkpt lat="22.38522" lon="120.91299"/>
    <trkpt lat="22.38542" lon="120.91306"/>
    <trkpt lat="22.38561" lon="120.91314"/>
    <trkpt lat="22.38584" lon="120.91326"/>
    <trkpt lat="22.38589" lon="120.91328"/>
    <trkpt lat="22.38598" lon="120.91332"/>
    <trkpt lat="22.38611" lon="120.9134"/>
    <trkpt lat="22.38627" lon="120.91349"/>
    <trkpt lat="22.38673" lon="120.91378"/>
    <trkpt lat="22.38689" lon="120.91389"/>
    <trkpt lat="22.38698" lon="120.91395"/>
    <trkpt lat="22.38703" lon="120.91399"/>
    <trkpt lat="22.38705" lon="120.914"/>
    <trkpt lat="22.3871" lon="120.91405"/>
    <trkpt lat="22.38714" lon="120.91409"/>
    <trkpt lat="22.38719" lon="120.91413"/>
    <trkpt lat="22.38724" lon="120.91418"/>
    <trkpt lat="22.38728" lon="120.91421"/>
    <trkpt lat="22.38731" lon="120.91424"/>
    <trkpt lat="22.38739" lon="120.91432"/>
    <trkpt lat="22.38746" lon="120.91439"/>
    <trkpt lat="22.38756" lon="120.91448"/>
    <trkpt lat="22.38761" lon="120.91453"/>
    <trkpt lat="22.38771" lon="120.9146"/>
    <trkpt lat="22.38775" lon="120.91462"/>
    <trkpt lat="22.38783" lon="120.91466"/>
    <trkpt lat="22.38806" lon="120.91476"/>
    <trkpt lat="22.3881" lon="120.91477"/>
    <trkpt lat="22.38822" lon="120.91481"/>
    <trkpt lat="22.38836" lon="120.91487"/>
    <trkpt lat="22.38848" lon="120.91494"/>
    <trkpt lat="22.38855" lon="120.91498"/>
    <trkpt lat="22.3887" lon="120.91509"/>
    <trkpt lat="22.38881" lon="120.91517"/>
    <trkpt lat="22.38895" lon="120.91526"/>
    <trkpt lat="22.38911" lon="120.91537"/>
    <trkpt lat="22.38919" lon="120.91542"/>
    <trkpt lat="22.3892" lon="120.91543"/>
    <trkpt lat="22.3895" lon="120.9156"/>
    <trkpt lat="22.38965" lon="120.91568"/>
    <trkpt lat="22.38981" lon="120.91576"/>
    <trkpt lat="22.39003" lon="120.91587"/>
    <trkpt lat="22.39024" lon="120.91597"/>
    <trkpt lat="22.39046" lon="120.91608"/>
    <trkpt lat="22.3906" lon="120.91615"/>
    <trkpt lat="22.39062" lon="120.91616"/>
    <trkpt lat="22.39081" lon="120.91623"/>
    <trkpt lat="22.3909" lon="120.91626"/>
    <trkpt lat="22.39091" lon="120.91626"/>
    <trkpt lat="22.39101" lon="120.9163"/>
    <trkpt lat="22.39118" lon="120.91637"/>
    <trkpt lat="22.39136" lon="120.91645"/>
    <trkpt lat="22.39143" lon="120.91649"/>
    <trkpt lat="22.39151" lon="120.91652"/>
    <trkpt lat="22.39156" lon="120.91655"/>
    <trkpt lat="22.39162" lon="120.91658"/>
    <trkpt lat="22.39174" lon="120.91664"/>
    <trkpt lat="22.39186" lon="120.91668"/>
    <trkpt lat="22.39197" lon="120.91672"/>
    <trkpt lat="22.39216" lon="120.91679"/>
    <trkpt lat="22.39223" lon="120.91681"/>
    <trkpt lat="22.39233" lon="120.91685"/>
    <trkpt lat="22.39249" lon="120.91692"/>
    <trkpt lat="22.39259" lon="120.91698"/>
    <trkpt lat="22.39266" lon="120.91702"/>
    <trkpt lat="22.39273" lon="120.91707"/>
    <trkpt lat="22.3928" lon="120.91712"/>
    <trkpt lat="22.39288" lon="120.91719"/>
    <trkpt lat="22.39296" lon="120.91727"/>
    <trkpt lat="22.39321" lon="120.91751"/>
    <trkpt lat="22.39323" lon="120.91753"/>
    <trkpt lat="22.39334" lon="120.91764"/>
    <trkpt lat="22.39339" lon="120.91769"/>
    <trkpt lat="22.39344" lon="120.91775"/>
    <trkpt lat="22.39355" lon="120.91786"/>
    <trkpt lat="22.39371" lon="120.91803"/>
    <trkpt lat="22.394" lon="120.91831"/>
    <trkpt lat="22.39411" lon="120.91841"/>
    <trkpt lat="22.39426" lon="120.91855"/>
    <trkpt lat="22.39434" lon="120.9186"/>
    <trkpt lat="22.39446" lon="120.91867"/>
    <trkpt lat="22.39451" lon="120.91869"/>
    <trkpt lat="22.39458" lon="120.91872"/>
    <trkpt lat="22.39465" lon="120.91874"/>
    <trkpt lat="22.39472" lon="120.91875"/>
    <trkpt lat="22.39485" lon="120.91876"/>
    <trkpt lat="22.39496" lon="120.91877"/>
    <trkpt lat="22.39504" lon="120.91877"/>
    <trkpt lat="22.39518" lon="120.91879"/>
    <trkpt lat="22.39526" lon="120.91882"/>
    <trkpt lat="22.39536" lon="120.91885"/>
    <trkpt lat="22.39545" lon="120.91889"/>
    <trkpt lat="22.3955" lon="120.91891"/>
    <trkpt lat="22.39554" lon="120.91894"/>
    <trkpt lat="22.39558" lon="120.91897"/>
    <trkpt lat="22.39564" lon="120.91903"/>
    <trkpt lat="22.39574" lon="120.91912"/>
    <trkpt lat="22.39575" lon="120.91913"/>
    <trkpt lat="22.3958" lon="120.91918"/>
    <trkpt lat="22.39591" lon="120.91931"/>
    <trkpt lat="22.39601" lon="120.9194"/>
    <trkpt lat="22.39617" lon="120.91956"/>
    <trkpt lat="22.39625" lon="120.91962"/>
    <trkpt lat="22.39633" lon="120.91969"/>
    <trkpt lat="22.39642" lon="120.91975"/>
    <trkpt lat="22.39649" lon="120.9198"/>
    <trkpt lat="22.3965" lon="120.9198"/>
    <trkpt lat="22.39657" lon="120.91984"/>
    <trkpt lat="22.39668" lon="120.91989"/>
    <trkpt lat="22.3968" lon="120.91995"/>
    <trkpt lat="22.39694" lon="120.92"/>
    <trkpt lat="22.39707" lon="120.92004"/>
    <trkpt lat="22.39712" lon="120.92005"/>
    <trkpt lat="22.39732" lon="120.92009"/>
    <trkpt lat="22.39744" lon="120.92011"/>
    <trkpt lat="22.39755" lon="120.92012"/>
    <trkpt lat="22.39765" lon="120.92013"/>
    <trkpt lat="22.39774" lon="120.92015"/>
    <trkpt lat="22.39782" lon="120.92017"/>
    <trkpt lat="22.39783" lon="120.92017"/>
    <trkpt lat="22.39792" lon="120.92021"/>
    <trkpt lat="22.39798" lon="120.92026"/>
    <trkpt lat="22.39802" lon="120.92029"/>
    <trkpt lat="22.39806" lon="120.92033"/>
    <trkpt lat="22.3981" lon="120.92037"/>
    <trkpt lat="22.39815" lon="120.92042"/>
    <trkpt lat="22.3982" lon="120.92048"/>
    <trkpt lat="22.39826" lon="120.92055"/>
    <trkpt lat="22.39829" lon="120.92059"/>
    <trkpt lat="22.39835" lon="120.92065"/>
    <trkpt lat="22.39844" lon="120.92073"/>
    <trkpt lat="22.39853" lon="120.9208"/>
    <trkpt lat="22.39862" lon="120.92087"/>
    <trkpt lat="22.39888" lon="120.92096"/>
    <trkpt lat="22.39915" lon="120.92104"/>
    <trkpt lat="22.39932" lon="120.9211"/>
    <trkpt lat="22.39965" lon="120.92121"/>
    <trkpt lat="22.39974" lon="120.92124"/>
    <trkpt lat="22.3999" lon="120.92129"/>
    <trkpt lat="22.40033" lon="120.92142"/>
    <trkpt lat="22.40044" lon="120.92144"/>
    <trkpt lat="22.4006" lon="120.92147"/>
    <trkpt lat="22.40072" lon="120.92148"/>
    <trkpt lat="22.40086" lon="120.92149"/>
    <trkpt lat="22.40093" lon="120.92149"/>
    <trkpt lat="22.40108" lon="120.9215"/>
    <trkpt lat="22.40122" lon="120.92151"/>
    <trkpt lat="22.40142" lon="120.92153"/>
    <trkpt lat="22.40176" lon="120.92155"/>
    <trkpt lat="22.40183" lon="120.92156"/>
    <trkpt lat="22.40196" lon="120.92156"/>
    <trkpt lat="22.40213" lon="120.92157"/>
    <trkpt lat="22.40226" lon="120.92157"/>
    <trkpt lat="22.40239" lon="120.92158"/>
    <trkpt lat="22.4025" lon="120.9216"/>
    <trkpt lat="22.40256" lon="120.92162"/>
    <trkpt lat="22.40262" lon="120.92164"/>
    <trkpt lat="22.40271" lon="120.92167"/>
    <trkpt lat="22.40281" lon="120.92172"/>
    <trkpt lat="22.40298" lon="120.9218"/>
    <trkpt lat="22.4031" lon="120.92187"/>
    <trkpt lat="22.40339" lon="120.92204"/>
    <trkpt lat="22.40346" lon="120.92207"/>
    <trkpt lat="22.40357" lon="120.92213"/>
    <trkpt lat="22.40362" lon="120.92215"/>
    <trkpt lat="22.40397" lon="120.92232"/>
    <trkpt lat="22.40421" lon="120.92245"/>
    <trkpt lat="22.4043" lon="120.9225"/>
    <trkpt lat="22.40438" lon="120.92254"/>
    <trkpt lat="22.4045" lon="120.92259"/>
    <trkpt lat="22.40467" lon="120.92266"/>
    <trkpt lat="22.40478" lon="120.92268"/>
    <trkpt lat="22.40485" lon="120.92269"/>
    <trkpt lat="22.40503" lon="120.92271"/>
    <trkpt lat="22.40516" lon="120.92273"/>
    <trkpt lat="22.40519" lon="120.92274"/>
    <trkpt lat="22.40535" lon="120.9228"/>
    <trkpt lat="22.40548" lon="120.92287"/>
    <trkpt lat="22.40559" lon="120.92295"/>
    <trkpt lat="22.40562" lon="120.92297"/>
    <trkpt lat="22.40575" lon="120.92307"/>
    <trkpt lat="22.40575" lon="120.92311"/>
    <trkpt lat="22.40576" lon="120.92313"/>
    <trkpt lat="22.40578" lon="120.92316"/>
    <trkpt lat="22.4058" lon="120.92318"/>
    <trkpt lat="22.40581" lon="120.92319"/>
    <trkpt lat="22.40586" lon="120.92323"/>
    <trkpt lat="22.40594" lon="120.92329"/>
    <trkpt lat="22.40595" lon="120.92331"/>
    <trkpt lat="22.40609" lon="120.9234"/>
    <trkpt lat="22.4061" lon="120.92341"/>
    <trkpt lat="22.40624" lon="120.92351"/>
    <trkpt lat="22.4064" lon="120.92359"/>
    <trkpt lat="22.40642" lon="120.9236"/>
    <trkpt lat="22.40657" lon="120.92366"/>
    <trkpt lat="22.40665" lon="120.9237"/>
    <trkpt lat="22.40674" lon="120.92373"/>
    <trkpt lat="22.40691" lon="120.92379"/>
    <trkpt lat="22.40694" lon="120.92381"/>
    <trkpt lat="22.40738" lon="120.92394"/>
    <trkpt lat="22.40777" lon="120.92407"/>
    <trkpt lat="22.40786" lon="120.9241"/>
    <trkpt lat="22.40794" lon="120.92412"/>
    <trkpt lat="22.40812" lon="120.92417"/>
    <trkpt lat="22.40824" lon="120.92421"/>
    <trkpt lat="22.40829" lon="120.92423"/>
    <trkpt lat="22.40863" lon="120.92434"/>
    <trkpt lat="22.40898" lon="120.92445"/>
    <trkpt lat="22.40901" lon="120.92446"/>
    <trkpt lat="22.40915" lon="120.92451"/>
    <trkpt lat="22.40928" lon="120.92456"/>
    <trkpt lat="22.40933" lon="120.92457"/>
    <trkpt lat="22.40937" lon="120.92458"/>
    <trkpt lat="22.4094" lon="120.92458"/>
    <trkpt lat="22.40944" lon="120.92458"/>
    <trkpt lat="22.40946" lon="120.92458"/>
    <trkpt lat="22.4095" lon="120.92457"/>
    <trkpt lat="22.40978" lon="120.92468"/>
    <trkpt lat="22.41" lon="120.92477"/>
    <trkpt lat="22.41025" lon="120.92487"/>
    <trkpt lat="22.41034" lon="120.92491"/>
    <trkpt lat="22.4106" lon="120.92503"/>
    <trkpt lat="22.41082" lon="120.92514"/>
    <trkpt lat="22.41098" lon="120.92522"/>
    <trkpt lat="22.41122" lon="120.92536"/>
    <trkpt lat="22.41131" lon="120.92541"/>
    <trkpt lat="22.41142" lon="120.92548"/>
    <trkpt lat="22.41162" lon="120.92558"/>
    <trkpt lat="22.41163" lon="120.92559"/>
    <trkpt lat="22.41181" lon="120.92569"/>
    <trkpt lat="22.41199" lon="120.92577"/>
    <trkpt lat="22.4122" lon="120.92587"/>
    <trkpt lat="22.41245" lon="120.92599"/>
    <trkpt lat="22.41247" lon="120.926"/>
    <trkpt lat="22.41262" lon="120.92605"/>
    <trkpt lat="22.41272" lon="120.92608"/>
    <trkpt lat="22.41297" lon="120.92615"/>
    <trkpt lat="22.41301" lon="120.92616"/>
    <trkpt lat="22.41327" lon="120.92621"/>
    <trkpt lat="22.41356" lon="120.92627"/>
    <trkpt lat="22.41385" lon="120.92632"/>
    <trkpt lat="22.41438" lon="120.92644"/>
    <trkpt lat="22.41442" lon="120.92645"/>
    <trkpt lat="22.41455" lon="120.92649"/>
    <trkpt lat="22.41473" lon="120.92654"/>
    <trkpt lat="22.4149" lon="120.92659"/>
    <trkpt lat="22.41498" lon="120.92661"/>
    <trkpt lat="22.41507" lon="120.92664"/>
    <trkpt lat="22.41526" lon="120.9267"/>
    <trkpt lat="22.41554" lon="120.92678"/>
    <trkpt lat="22.41558" lon="120.92679"/>
    <trkpt lat="22.41566" lon="120.92682"/>
    <trkpt lat="22.41573" lon="120.92685"/>
    <trkpt lat="22.41581" lon="120.92689"/>
    <trkpt lat="22.41585" lon="120.92691"/>
    <trkpt lat="22.41594" lon="120.92697"/>
    <trkpt lat="22.41602" lon="120.92701"/>
    <trkpt lat="22.41642" lon="120.92731"/>
    <trkpt lat="22.41674" lon="120.92759"/>
    <trkpt lat="22.41684" lon="120.92768"/>
    <trkpt lat="22.41694" lon="120.92774"/>
    <trkpt lat="22.41733" lon="120.92803"/>
    <trkpt lat="22.41759" lon="120.92824"/>
    <trkpt lat="22.41796" lon="120.92854"/>
    <trkpt lat="22.41826" lon="120.9288"/>
    <trkpt lat="22.41837" lon="120.92889"/>
    <trkpt lat="22.41849" lon="120.92901"/>
    <trkpt lat="22.41865" lon="120.92914"/>
    <trkpt lat="22.41891" lon="120.92938"/>
    <trkpt lat="22.41892" lon="120.92939"/>
    <trkpt lat="22.41894" lon="120.92942"/>
    <trkpt lat="22.41923" lon="120.92968"/>
    <trkpt lat="22.41945" lon="120.9299"/>
    <trkpt lat="22.41961" lon="120.93006"/>
    <trkpt lat="22.41975" lon="120.93019"/>
    <trkpt lat="22.41987" lon="120.93029"/>
    <trkpt lat="22.41998" lon="120.93038"/>
    <trkpt lat="22.42008" lon="120.93044"/>
    <trkpt lat="22.42017" lon="120.93051"/>
    <trkpt lat="22.42023" lon="120.93054"/>
    <trkpt lat="22.42031" lon="120.93058"/>
    <trkpt lat="22.42065" lon="120.93073"/>
    <trkpt lat="22.42069" lon="120.93075"/>
    <trkpt lat="22.42081" lon="120.9308"/>
    <trkpt lat="22.42106" lon="120.93091"/>
    <trkpt lat="22.4211" lon="120.93093"/>
    <trkpt lat="22.42127" lon="120.931"/>
    <trkpt lat="22.4216" lon="120.93115"/>
    <trkpt lat="22.42184" lon="120.93125"/>
    <trkpt lat="22.42227" lon="120.93143"/>
    <trkpt lat="22.42252" lon="120.93153"/>
    <trkpt lat="22.42322" lon="120.93175"/>
    <trkpt lat="22.42412" lon="120.93201"/>
    <trkpt lat="22.42424" lon="120.93205"/>
    <trkpt lat="22.42441" lon="120.9321"/>
    <trkpt lat="22.42452" lon="120.93214"/>
    <trkpt lat="22.42466" lon="120.93219"/>
    <trkpt lat="22.42477" lon="120.93224"/>
    <trkpt lat="22.42487" lon="120.93228"/>
    <trkpt lat="22.42494" lon="120.93232"/>
    <trkpt lat="22.42502" lon="120.93236"/>
    <trkpt lat="22.42511" lon="120.93242"/>
    <trkpt lat="22.42518" lon="120.93246"/>
    <trkpt lat="22.42538" lon="120.93257"/>
    <trkpt lat="22.42549" lon="120.93263"/>
    <trkpt lat="22.42557" lon="120.93266"/>
    <trkpt lat="22.42598" lon="120.93283"/>
    <trkpt lat="22.42631" lon="120.93296"/>
    <trkpt lat="22.42669" lon="120.93312"/>
    <trkpt lat="22.42677" lon="120.93315"/>
    <trkpt lat="22.42697" lon="120.93323"/>
    <trkpt lat="22.42723" lon="120.93333"/>
    <trkpt lat="22.42745" lon="120.93341"/>
    <trkpt lat="22.42755" lon="120.93345"/>
    <trkpt lat="22.42778" lon="120.93354"/>
    <trkpt lat="22.42789" lon="120.93358"/>
    <trkpt lat="22.42825" lon="120.93372"/>
    <trkpt lat="22.42838" lon="120.93377"/>
    <trkpt lat="22.42873" lon="120.93389"/>
    <trkpt lat="22.42874" lon="120.9339"/>
    <trkpt lat="22.42903" lon="120.93401"/>
    <trkpt lat="22.42918" lon="120.93406"/>
    <trkpt lat="22.4295" lon="120.93417"/>
    <trkpt lat="22.42963" lon="120.93421"/>
    <trkpt lat="22.42965" lon="120.93422"/>
    <trkpt lat="22.42999" lon="120.93431"/>
    <trkpt lat="22.43007" lon="120.93433"/>
    <trkpt lat="22.43012" lon="120.93435"/>
    <trkpt lat="22.43018" lon="120.93436"/>
    <trkpt lat="22.43053" lon="120.93445"/>
    <trkpt lat="22.43074" lon="120.93451"/>
    <trkpt lat="22.43092" lon="120.93454"/>
    <trkpt lat="22.43109" lon="120.93458"/>
    <trkpt lat="22.43141" lon="120.93465"/>
    <trkpt lat="22.43148" lon="120.93467"/>
    <trkpt lat="22.4317" lon="120.93473"/>
    <trkpt lat="22.43174" lon="120.93475"/>
    <trkpt lat="22.43187" lon="120.93479"/>
    <trkpt lat="22.43193" lon="120.93481"/>
    <trkpt lat="22.43198" lon="120.93482"/>
    <trkpt lat="22.43206" lon="120.93486"/>
    <trkpt lat="22.43213" lon="120.9349"/>
    <trkpt lat="22.43234" lon="120.93505"/>
    <trkpt lat="22.43252" lon="120.93519"/>
    <trkpt lat="22.43265" lon="120.93528"/>
    <trkpt lat="22.43283" lon="120.93538"/>
    <trkpt lat="22.43284" lon="120.93539"/>
    <trkpt lat="22.43289" lon="120.93541"/>
    <trkpt lat="22.43296" lon="120.93544"/>
    <trkpt lat="22.43303" lon="120.93546"/>
    <trkpt lat="22.4331" lon="120.93548"/>
    <trkpt lat="22.43319" lon="120.93548"/>
    <trkpt lat="22.4332" lon="120.93548"/>
    <trkpt lat="22.43339" lon="120.93548"/>
    <trkpt lat="22.43353" lon="120.93547"/>
    <trkpt lat="22.43355" lon="120.93547"/>
    <trkpt lat="22.43372" lon="120.93546"/>
    <trkpt lat="22.43386" lon="120.93547"/>
    <trkpt lat="22.43394" lon="120.93547"/>
    <trkpt lat="22.43401" lon="120.93549"/>
    <trkpt lat="22.43408" lon="120.93551"/>
    <trkpt lat="22.43416" lon="120.93554"/>
    <trkpt lat="22.43424" lon="120.93557"/>
    <trkpt lat="22.43436" lon="120.93563"/>
    <trkpt lat="22.43448" lon="120.93572"/>
    <trkpt lat="22.4346" lon="120.93581"/>
    <trkpt lat="22.43469" lon="120.93589"/>
    <trkpt lat="22.43486" lon="120.93602"/>
    <trkpt lat="22.43499" lon="120.93614"/>
    <trkpt lat="22.43502" lon="120.93615"/>
    <trkpt lat="22.43511" lon="120.93621"/>
    <trkpt lat="22.43527" lon="120.93628"/>
    <trkpt lat="22.43543" lon="120.93633"/>
    <trkpt lat="22.43569" lon="120.93638"/>
    <trkpt lat="22.43586" lon="120.93642"/>
    <trkpt lat="22.43614" lon="120.93651"/>
    <trkpt lat="22.43633" lon="120.93658"/>
    <trkpt lat="22.43638" lon="120.9366"/>
    <trkpt lat="22.43668" lon="120.93673"/>
    <trkpt lat="22.43734" lon="120.93703"/>
    <trkpt lat="22.43795" lon="120.93729"/>
    <trkpt lat="22.43861" lon="120.93756"/>
    <trkpt lat="22.43916" lon="120.93775"/>
    <trkpt lat="22.43965" lon="120.9379"/>
    <trkpt lat="22.44031" lon="120.93812"/>
    <trkpt lat="22.44048" lon="120.93819"/>
    <trkpt lat="22.44099" lon="120.93838"/>
    <trkpt lat="22.44112" lon="120.93843"/>
    <trkpt lat="22.44116" lon="120.93844"/>
    <trkpt lat="22.44129" lon="120.93849"/>
    <trkpt lat="22.44146" lon="120.93856"/>
    <trkpt lat="22.44163" lon="120.93862"/>
    <trkpt lat="22.44167" lon="120.93864"/>
    <trkpt lat="22.44184" lon="120.9387"/>
    <trkpt lat="22.44262" lon="120.939"/>
    <trkpt lat="22.44282" lon="120.93908"/>
    <trkpt lat="22.44286" lon="120.9391"/>
    <trkpt lat="22.44302" lon="120.93917"/>
    <trkpt lat="22.44319" lon="120.93923"/>
    <trkpt lat="22.44332" lon="120.93929"/>
    <trkpt lat="22.44353" lon="120.93937"/>
    <trkpt lat="22.44361" lon="120.9394"/>
    <trkpt lat="22.44366" lon="120.93942"/>
    <trkpt lat="22.44412" lon="120.93963"/>
    <trkpt lat="22.44444" lon="120.93979"/>
    <trkpt lat="22.44448" lon="120.93981"/>
    <trkpt lat="22.44452" lon="120.93982"/>
    <trkpt lat="22.44469" lon="120.9399"/>
    <trkpt lat="22.4448" lon="120.93994"/>
    <trkpt lat="22.44482" lon="120.93994"/>
    <trkpt lat="22.44486" lon="120.93996"/>
    <trkpt lat="22.4449" lon="120.93997"/>
    <trkpt lat="22.44497" lon="120.93998"/>
    <trkpt lat="22.44504" lon="120.93999"/>
    <trkpt lat="22.44515" lon="120.94002"/>
    <trkpt lat="22.44521" lon="120.94003"/>
    <trkpt lat="22.44523" lon="120.94004"/>
    <trkpt lat="22.44531" lon="120.94007"/>
    <trkpt lat="22.44539" lon="120.9401"/>
    <trkpt lat="22.44546" lon="120.94014"/>
    <trkpt lat="22.44551" lon="120.94016"/>
    <trkpt lat="22.44552" lon="120.94016"/>
    <trkpt lat="22.44562" lon="120.94022"/>
    <trkpt lat="22.446" lon="120.94043"/>
    <trkpt lat="22.44633" lon="120.94061"/>
    <trkpt lat="22.44653" lon="120.94071"/>
    <trkpt lat="22.44689" lon="120.94087"/>
    <trkpt lat="22.44701" lon="120.94092"/>
    <trkpt lat="22.44714" lon="120.94098"/>
    <trkpt lat="22.44721" lon="120.94101"/>
    <trkpt lat="22.44747" lon="120.94113"/>
    <trkpt lat="22.44763" lon="120.94121"/>
    <trkpt lat="22.44767" lon="120.94123"/>
    <trkpt lat="22.44784" lon="120.94131"/>
    <trkpt lat="22.448" lon="120.94138"/>
    <trkpt lat="22.44829" lon="120.94152"/>
    <trkpt lat="22.44846" lon="120.9416"/>
    <trkpt lat="22.4485" lon="120.94162"/>
    <trkpt lat="22.44869" lon="120.94171"/>
    <trkpt lat="22.44879" lon="120.94175"/>
    <trkpt lat="22.44921" lon="120.94192"/>
    <trkpt lat="22.44929" lon="120.94196"/>
    <trkpt lat="22.4495" lon="120.94205"/>
    <trkpt lat="22.44967" lon="120.94212"/>
    <trkpt lat="22.44968" lon="120.94212"/>
    <trkpt lat="22.44979" lon="120.94217"/>
    <trkpt lat="22.45007" lon="120.9423"/>
    <trkpt lat="22.45016" lon="120.94235"/>
    <trkpt lat="22.45017" lon="120.94235"/>
    <trkpt lat="22.45032" lon="120.94244"/>
    <trkpt lat="22.45033" lon="120.94244"/>
    <trkpt lat="22.45048" lon="120.94253"/>
    <trkpt lat="22.45056" lon="120.94257"/>
    <trkpt lat="22.45064" lon="120.94262"/>
    <trkpt lat="22.4508" lon="120.94271"/>
    <trkpt lat="22.45092" lon="120.94277"/>
    <trkpt lat="22.45096" lon="120.9428"/>
    <trkpt lat="22.45097" lon="120.9428"/>
    <trkpt lat="22.45112" lon="120.94289"/>
    <trkpt lat="22.45175" lon="120.94322"/>
    <trkpt lat="22.45207" lon="120.94339"/>
    <trkpt lat="22.45243" lon="120.94359"/>
    <trkpt lat="22.45279" lon="120.94369"/>
    <trkpt lat="22.45291" lon="120.94372"/>
    <trkpt lat="22.45309" lon="120.94376"/>
    <trkpt lat="22.45326" lon="120.9438"/>
    <trkpt lat="22.45339" lon="120.94384"/>
    <trkpt lat="22.45344" lon="120.94385"/>
    <trkpt lat="22.45361" lon="120.94389"/>
    <trkpt lat="22.45397" lon="120.94395"/>
    <trkpt lat="22.45414" lon="120.94398"/>
    <trkpt lat="22.45421" lon="120.944"/>
    <trkpt lat="22.4543" lon="120.94401"/>
    <trkpt lat="22.45441" lon="120.94402"/>
    <trkpt lat="22.45447" lon="120.94403"/>
    <trkpt lat="22.45454" lon="120.94403"/>
    <trkpt lat="22.45462" lon="120.94402"/>
    <trkpt lat="22.4547" lon="120.944"/>
    <trkpt lat="22.45474" lon="120.94398"/>
    <trkpt lat="22.45476" lon="120.94397"/>
    <trkpt lat="22.45478" lon="120.94397"/>
    <trkpt lat="22.45484" lon="120.94393"/>
    <trkpt lat="22.45489" lon="120.9439"/>
    <trkpt lat="22.4549" lon="120.94389"/>
    <trkpt lat="22.45493" lon="120.94387"/>
    <trkpt lat="22.45499" lon="120.94381"/>
    <trkpt lat="22.45504" lon="120.94377"/>
    <trkpt lat="22.45509" lon="120.94373"/>
    <trkpt lat="22.45513" lon="120.94368"/>
    <trkpt lat="22.45517" lon="120.94362"/>
    <trkpt lat="22.45526" lon="120.94346"/>
    <trkpt lat="22.45529" lon="120.9434"/>
    <trkpt lat="22.45532" lon="120.94335"/>
    <trkpt lat="22.45543" lon="120.94312"/>
    <trkpt lat="22.45557" lon="120.9429"/>
    <trkpt lat="22.45559" lon="120.94287"/>
    <trkpt lat="22.45563" lon="120.94281"/>
    <trkpt lat="22.45605" lon="120.94203"/>
    <trkpt lat="22.45614" lon="120.94194"/>
    <trkpt lat="22.45618" lon="120.94187"/>
    <trkpt lat="22.45626" lon="120.94173"/>
    <trkpt lat="22.4564" lon="120.94148"/>
    <trkpt lat="22.45652" lon="120.94128"/>
    <trkpt lat="22.4566" lon="120.94118"/>
    <trkpt lat="22.45666" lon="120.94111"/>
    <trkpt lat="22.45674" lon="120.94104"/>
    <trkpt lat="22.45684" lon="120.94097"/>
    <trkpt lat="22.45691" lon="120.94093"/>
    <trkpt lat="22.45694" lon="120.94092"/>
    <trkpt lat="22.45702" lon="120.94089"/>
    <trkpt lat="22.45713" lon="120.94087"/>
    <trkpt lat="22.45718" lon="120.94086"/>
    <trkpt lat="22.45722" lon="120.94086"/>
    <trkpt lat="22.4573" lon="120.94085"/>
    <trkpt lat="22.45741" lon="120.94086"/>
    <trkpt lat="22.45747" lon="120.94086"/>
    <trkpt lat="22.45754" lon="120.94087"/>
    <trkpt lat="22.45758" lon="120.94088"/>
    <trkpt lat="22.45767" lon="120.94091"/>
    <trkpt lat="22.45771" lon="120.94092"/>
    <trkpt lat="22.4578" lon="120.94096"/>
    <trkpt lat="22.45788" lon="120.941"/>
    <trkpt lat="22.45796" lon="120.94104"/>
    <trkpt lat="22.45804" lon="120.94109"/>
    <trkpt lat="22.45819" lon="120.94119"/>
    <trkpt lat="22.45822" lon="120.9412"/>
    <trkpt lat="22.45827" lon="120.94123"/>
    <trkpt lat="22.45843" lon="120.94132"/>
    <trkpt lat="22.45875" lon="120.94151"/>
    <trkpt lat="22.45891" lon="120.9416"/>
    <trkpt lat="22.45965" lon="120.94203"/>
    <trkpt lat="22.46004" lon="120.94224"/>
    <trkpt lat="22.46008" lon="120.94226"/>
    <trkpt lat="22.46012" lon="120.94228"/>
    <trkpt lat="22.46015" lon="120.94229"/>
    <trkpt lat="22.46019" lon="120.94229"/>
    <trkpt lat="22.46068" lon="120.94258"/>
    <trkpt lat="22.46093" lon="120.94274"/>
    <trkpt lat="22.46122" lon="120.94298"/>
    <trkpt lat="22.46129" lon="120.94304"/>
    <trkpt lat="22.46145" lon="120.94322"/>
    <trkpt lat="22.46147" lon="120.94325"/>
    <trkpt lat="22.46159" lon="120.94339"/>
    <trkpt lat="22.46163" lon="120.94344"/>
    <trkpt lat="22.4618" lon="120.94368"/>
    <trkpt lat="22.46191" lon="120.94385"/>
    <trkpt lat="22.462" lon="120.94401"/>
    <trkpt lat="22.46207" lon="120.94418"/>
    <trkpt lat="22.46215" lon="120.94436"/>
    <trkpt lat="22.46222" lon="120.94455"/>
    <trkpt lat="22.46238" lon="120.94515"/>
    <trkpt lat="22.46242" lon="120.94533"/>
    <trkpt lat="22.46251" lon="120.94576"/>
    <trkpt lat="22.46256" lon="120.94599"/>
    <trkpt lat="22.46259" lon="120.94607"/>
    <trkpt lat="22.46264" lon="120.94618"/>
    <trkpt lat="22.46266" lon="120.94621"/>
    <trkpt lat="22.46268" lon="120.94625"/>
    <trkpt lat="22.46272" lon="120.9463"/>
    <trkpt lat="22.46277" lon="120.94635"/>
    <trkpt lat="22.46281" lon="120.94639"/>
    <trkpt lat="22.46289" lon="120.94644"/>
    <trkpt lat="22.46296" lon="120.94649"/>
    <trkpt lat="22.46303" lon="120.94652"/>
    <trkpt lat="22.46309" lon="120.94655"/>
    <trkpt lat="22.46313" lon="120.94656"/>
    <trkpt lat="22.46314" lon="120.94656"/>
    <trkpt lat="22.46321" lon="120.94659"/>
    <trkpt lat="22.46326" lon="120.94661"/>
    <trkpt lat="22.46331" lon="120.94662"/>
    <trkpt lat="22.46332" lon="120.94663"/>
    <trkpt lat="22.46348" lon="120.94667"/>
    <trkpt lat="22.46348" lon="120.94668"/>
    <trkpt lat="22.46349" lon="120.94668"/>
    <trkpt lat="22.46366" lon="120.94673"/>
    <trkpt lat="22.46383" lon="120.94678"/>
    <trkpt lat="22.46393" lon="120.94681"/>
    <trkpt lat="22.464" lon="120.94683"/>
    <trkpt lat="22.46416" lon="120.94688"/>
    <trkpt lat="22.46417" lon="120.94689"/>
    <trkpt lat="22.46434" lon="120.94694"/>
    <trkpt lat="22.46435" lon="120.94694"/>
    <trkpt lat="22.46452" lon="120.94699"/>
    <trkpt lat="22.46452" lon="120.947"/>
    <trkpt lat="22.46469" lon="120.94705"/>
    <trkpt lat="22.46483" lon="120.94709"/>
    <trkpt lat="22.46516" lon="120.94719"/>
    <trkpt lat="22.46521" lon="120.94721"/>
    <trkpt lat="22.46536" lon="120.94724"/>
    <trkpt lat="22.46538" lon="120.94725"/>
    <trkpt lat="22.46539" lon="120.94725"/>
    <trkpt lat="22.46565" lon="120.9473"/>
    <trkpt lat="22.46574" lon="120.94731"/>
    <trkpt lat="22.46592" lon="120.94734"/>
    <trkpt lat="22.46598" lon="120.94735"/>
    <trkpt lat="22.4661" lon="120.94737"/>
    <trkpt lat="22.46628" lon="120.9474"/>
    <trkpt lat="22.46631" lon="120.94741"/>
    <trkpt lat="22.46642" lon="120.94744"/>
    <trkpt lat="22.46645" lon="120.94745"/>
    <trkpt lat="22.46646" lon="120.94745"/>
    <trkpt lat="22.46657" lon="120.94749"/>
    <trkpt lat="22.46667" lon="120.94754"/>
    <trkpt lat="22.46696" lon="120.9477"/>
    <trkpt lat="22.4671" lon="120.94778"/>
    <trkpt lat="22.46713" lon="120.94779"/>
    <trkpt lat="22.46721" lon="120.94783"/>
    <trkpt lat="22.46729" lon="120.94786"/>
    <trkpt lat="22.46742" lon="120.94788"/>
    <trkpt lat="22.46744" lon="120.94788"/>
    <trkpt lat="22.46745" lon="120.94789"/>
    <trkpt lat="22.46762" lon="120.94791"/>
    <trkpt lat="22.46765" lon="120.94791"/>
    <trkpt lat="22.46795" lon="120.94795"/>
    <trkpt lat="22.46798" lon="120.94795"/>
    <trkpt lat="22.46804" lon="120.94796"/>
    <trkpt lat="22.46811" lon="120.94797"/>
    <trkpt lat="22.46821" lon="120.94799"/>
    <trkpt lat="22.46823" lon="120.94799"/>
    <trkpt lat="22.4684" lon="120.94802"/>
    <trkpt lat="22.46857" lon="120.94807"/>
    <trkpt lat="22.46867" lon="120.94809"/>
    <trkpt lat="22.469" lon="120.94818"/>
    <trkpt lat="22.46935" lon="120.94826"/>
    <trkpt lat="22.46939" lon="120.94826"/>
    <trkpt lat="22.46957" lon="120.9483"/>
    <trkpt lat="22.46975" lon="120.94833"/>
    <trkpt lat="22.46988" lon="120.94835"/>
    <trkpt lat="22.46992" lon="120.94836"/>
    <trkpt lat="22.47005" lon="120.9484"/>
    <trkpt lat="22.47025" lon="120.94845"/>
    <trkpt lat="22.47045" lon="120.9485"/>
    <trkpt lat="22.47062" lon="120.94855"/>
    <trkpt lat="22.4708" lon="120.94859"/>
    <trkpt lat="22.47081" lon="120.94859"/>
    <trkpt lat="22.47132" lon="120.94872"/>
    <trkpt lat="22.4715" lon="120.94876"/>
    <trkpt lat="22.47165" lon="120.9488"/>
    <trkpt lat="22.47168" lon="120.9488"/>
    <trkpt lat="22.47185" lon="120.94885"/>
    <trkpt lat="22.47219" lon="120.94893"/>
    <trkpt lat="22.4722" lon="120.94893"/>
    <trkpt lat="22.47237" lon="120.94897"/>
    <trkpt lat="22.47238" lon="120.94898"/>
    <trkpt lat="22.47254" lon="120.94903"/>
    <trkpt lat="22.4727" lon="120.94909"/>
    <trkpt lat="22.47288" lon="120.94919"/>
    <trkpt lat="22.47299" lon="120.94925"/>
    <trkpt lat="22.47304" lon="120.94927"/>
    <trkpt lat="22.47314" lon="120.94932"/>
    <trkpt lat="22.47321" lon="120.94935"/>
    <trkpt lat="22.47329" lon="120.94938"/>
    <trkpt lat="22.47338" lon="120.94941"/>
    <trkpt lat="22.47355" lon="120.94948"/>
    <trkpt lat="22.47382" lon="120.94954"/>
    <trkpt lat="22.47388" lon="120.94956"/>
    <trkpt lat="22.47398" lon="120.94957"/>
    <trkpt lat="22.47406" lon="120.94958"/>
    <trkpt lat="22.47423" lon="120.94959"/>
    <trkpt lat="22.47435" lon="120.94961"/>
    <trkpt lat="22.47447" lon="120.94963"/>
    <trkpt lat="22.4746" lon="120.94965"/>
    <trkpt lat="22.47472" lon="120.94968"/>
    <trkpt lat="22.47477" lon="120.94969"/>
    <trkpt lat="22.47479" lon="120.9497"/>
    <trkpt lat="22.47496" lon="120.94974"/>
    <trkpt lat="22.47512" lon="120.94978"/>
    <trkpt lat="22.47516" lon="120.94979"/>
    <trkpt lat="22.47529" lon="120.94983"/>
    <trkpt lat="22.47548" lon="120.94989"/>
    <trkpt lat="22.47559" lon="120.94992"/>
    <trkpt lat="22.47564" lon="120.94993"/>
    <trkpt lat="22.47566" lon="120.94994"/>
    <trkpt lat="22.47575" lon="120.94997"/>
    <trkpt lat="22.47583" lon="120.94999"/>
    <trkpt lat="22.47598" lon="120.95004"/>
    <trkpt lat="22.476" lon="120.95005"/>
    <trkpt lat="22.47611" lon="120.95009"/>
    <trkpt lat="22.47615" lon="120.95011"/>
    <trkpt lat="22.47617" lon="120.95012"/>
    <trkpt lat="22.47625" lon="120.95015"/>
    <trkpt lat="22.47651" lon="120.95026"/>
    <trkpt lat="22.47661" lon="120.9503"/>
    <trkpt lat="22.47666" lon="120.95032"/>
    <trkpt lat="22.47667" lon="120.95033"/>
    <trkpt lat="22.4767" lon="120.95034"/>
    <trkpt lat="22.47682" lon="120.95039"/>
    <trkpt lat="22.47684" lon="120.9504"/>
    <trkpt lat="22.47689" lon="120.95043"/>
    <trkpt lat="22.47699" lon="120.95046"/>
    <trkpt lat="22.47709" lon="120.9505"/>
    <trkpt lat="22.47718" lon="120.95053"/>
    <trkpt lat="22.47728" lon="120.95057"/>
    <trkpt lat="22.47733" lon="120.95059"/>
    <trkpt lat="22.47735" lon="120.95059"/>
    <trkpt lat="22.47757" lon="120.95065"/>
    <trkpt lat="22.47781" lon="120.9507"/>
    <trkpt lat="22.47812" lon="120.95075"/>
    <trkpt lat="22.47859" lon="120.9508"/>
    <trkpt lat="22.47877" lon="120.95083"/>
    <trkpt lat="22.47885" lon="120.95084"/>
    <trkpt lat="22.47888" lon="120.95085"/>
    <trkpt lat="22.47895" lon="120.95086"/>
    <trkpt lat="22.47901" lon="120.95087"/>
    <trkpt lat="22.47906" lon="120.95088"/>
    <trkpt lat="22.47922" lon="120.95092"/>
    <trkpt lat="22.47937" lon="120.95095"/>
    <trkpt lat="22.47941" lon="120.95096"/>
    <trkpt lat="22.47948" lon="120.95098"/>
    <trkpt lat="22.47959" lon="120.951"/>
    <trkpt lat="22.47965" lon="120.95101"/>
    <trkpt lat="22.47972" lon="120.95103"/>
    <trkpt lat="22.4799" lon="120.95107"/>
    <trkpt lat="22.4803" lon="120.95117"/>
    <trkpt lat="22.48042" lon="120.95121"/>
    <trkpt lat="22.4806" lon="120.95126"/>
    <trkpt lat="22.48077" lon="120.95131"/>
    <trkpt lat="22.48091" lon="120.95136"/>
    <trkpt lat="22.48094" lon="120.95137"/>
    <trkpt lat="22.48111" lon="120.95143"/>
    <trkpt lat="22.48128" lon="120.95149"/>
    <trkpt lat="22.48145" lon="120.95156"/>
    <trkpt lat="22.48162" lon="120.95162"/>
    <trkpt lat="22.48179" lon="120.95168"/>
    <trkpt lat="22.4819" lon="120.95172"/>
    <trkpt lat="22.48196" lon="120.95174"/>
    <trkpt lat="22.48213" lon="120.95181"/>
    <trkpt lat="22.4823" lon="120.95187"/>
    <trkpt lat="22.48247" lon="120.95194"/>
    <trkpt lat="22.48264" lon="120.952"/>
    <trkpt lat="22.48281" lon="120.95207"/>
    <trkpt lat="22.48298" lon="120.95213"/>
    <trkpt lat="22.48299" lon="120.95213"/>
    <trkpt lat="22.48315" lon="120.95221"/>
    <trkpt lat="22.48332" lon="120.95228"/>
    <trkpt lat="22.48348" lon="120.95236"/>
    <trkpt lat="22.48365" lon="120.95243"/>
    <trkpt lat="22.48381" lon="120.95251"/>
    <trkpt lat="22.48391" lon="120.95255"/>
    <trkpt lat="22.48398" lon="120.95258"/>
    <trkpt lat="22.48414" lon="120.95266"/>
    <trkpt lat="22.48431" lon="120.95273"/>
    <trkpt lat="22.48448" lon="120.95281"/>
    <trkpt lat="22.48464" lon="120.95288"/>
    <trkpt lat="22.48481" lon="120.95296"/>
    <trkpt lat="22.48494" lon="120.95302"/>
    <trkpt lat="22.48497" lon="120.95303"/>
    <trkpt lat="22.48538" lon="120.95322"/>
    <trkpt lat="22.48547" lon="120.95326"/>
    <trkpt lat="22.48563" lon="120.95331"/>
    <trkpt lat="22.48588" lon="120.95335"/>
    <trkpt lat="22.48593" lon="120.95336"/>
    <trkpt lat="22.48633" lon="120.9534"/>
    <trkpt lat="22.48647" lon="120.9534"/>
    <trkpt lat="22.48669" lon="120.9534"/>
    <trkpt lat="22.48683" lon="120.95341"/>
    <trkpt lat="22.48701" lon="120.95342"/>
    <trkpt lat="22.4871" lon="120.95343"/>
    <trkpt lat="22.48719" lon="120.95344"/>
    <trkpt lat="22.48773" lon="120.95349"/>
    <trkpt lat="22.48776" lon="120.95349"/>
    <trkpt lat="22.48791" lon="120.95351"/>
    <trkpt lat="22.48856" lon="120.95358"/>
    <trkpt lat="22.48862" lon="120.95359"/>
    <trkpt lat="22.4888" lon="120.95361"/>
    <trkpt lat="22.48891" lon="120.95362"/>
    <trkpt lat="22.48898" lon="120.95364"/>
    <trkpt lat="22.48911" lon="120.95366"/>
    <trkpt lat="22.48933" lon="120.95373"/>
    <trkpt lat="22.48935" lon="120.95374"/>
    <trkpt lat="22.4895" lon="120.95378"/>
    <trkpt lat="22.48979" lon="120.95386"/>
    <trkpt lat="22.48985" lon="120.95388"/>
    <trkpt lat="22.4902" lon="120.95397"/>
    <trkpt lat="22.49025" lon="120.95398"/>
    <trkpt lat="22.49038" lon="120.95402"/>
    <trkpt lat="22.49084" lon="120.95414"/>
    <trkpt lat="22.49119" lon="120.95425"/>
    <trkpt lat="22.49132" lon="120.95429"/>
    <trkpt lat="22.49149" lon="120.95435"/>
    <trkpt lat="22.49166" lon="120.95442"/>
    <trkpt lat="22.49178" lon="120.95446"/>
    <trkpt lat="22.49184" lon="120.95448"/>
    <trkpt lat="22.49201" lon="120.95454"/>
    <trkpt lat="22.49218" lon="120.95461"/>
    <trkpt lat="22.49235" lon="120.95467"/>
    <trkpt lat="22.49252" lon="120.95473"/>
    <trkpt lat="22.49267" lon="120.95479"/>
    <trkpt lat="22.49269" lon="120.9548"/>
    <trkpt lat="22.49286" lon="120.95486"/>
    <trkpt lat="22.49303" lon="120.95492"/>
    <trkpt lat="22.4931" lon="120.95495"/>
    <trkpt lat="22.49319" lon="120.955"/>
    <trkpt lat="22.49334" lon="120.95507"/>
    <trkpt lat="22.49352" lon="120.95517"/>
    <trkpt lat="22.4936" lon="120.95521"/>
    <trkpt lat="22.4938" lon="120.9553"/>
    <trkpt lat="22.49385" lon="120.95532"/>
    <trkpt lat="22.49404" lon="120.95538"/>
    <trkpt lat="22.49419" lon="120.95542"/>
    <trkpt lat="22.4943" lon="120.95545"/>
    <trkpt lat="22.49437" lon="120.95547"/>
    <trkpt lat="22.49454" lon="120.95553"/>
    <trkpt lat="22.49465" lon="120.95557"/>
    <trkpt lat="22.49522" lon="120.95578"/>
    <trkpt lat="22.49531" lon="120.95582"/>
    <trkpt lat="22.49539" lon="120.95584"/>
    <trkpt lat="22.49556" lon="120.9559"/>
    <trkpt lat="22.49573" lon="120.95595"/>
    <trkpt lat="22.49574" lon="120.95595"/>
    <trkpt lat="22.49601" lon="120.95604"/>
    <trkpt lat="22.49626" lon="120.9561"/>
    <trkpt lat="22.4964" lon="120.95614"/>
    <trkpt lat="22.49643" lon="120.95615"/>
    <trkpt lat="22.4966" lon="120.9562"/>
    <trkpt lat="22.49678" lon="120.95625"/>
    <trkpt lat="22.49681" lon="120.95626"/>
    <trkpt lat="22.49729" lon="120.95643"/>
    <trkpt lat="22.49764" lon="120.95659"/>
    <trkpt lat="22.4978" lon="120.95667"/>
    <trkpt lat="22.49826" lon="120.95689"/>
    <trkpt lat="22.49875" lon="120.95709"/>
    <trkpt lat="22.49882" lon="120.95712"/>
    <trkpt lat="22.49922" lon="120.95725"/>
    <trkpt lat="22.49973" lon="120.95742"/>
    <trkpt lat="22.50001" lon="120.95751"/>
    <trkpt lat="22.50074" lon="120.95773"/>
    <trkpt lat="22.50078" lon="120.95774"/>
    <trkpt lat="22.50089" lon="120.95776"/>
    <trkpt lat="22.50096" lon="120.95778"/>
    <trkpt lat="22.50107" lon="120.95781"/>
    <trkpt lat="22.50132" lon="120.95787"/>
    <trkpt lat="22.50162" lon="120.95794"/>
    <trkpt lat="22.50179" lon="120.95796"/>
    <trkpt lat="22.50194" lon="120.95796"/>
    <trkpt lat="22.50213" lon="120.95794"/>
    <trkpt lat="22.50231" lon="120.95791"/>
    <trkpt lat="22.50234" lon="120.9579"/>
    <trkpt lat="22.50249" lon="120.95788"/>
    <trkpt lat="22.50255" lon="120.95787"/>
    <trkpt lat="22.50264" lon="120.95785"/>
    <trkpt lat="22.50266" lon="120.95785"/>
    <trkpt lat="22.50284" lon="120.95783"/>
    <trkpt lat="22.50288" lon="120.95782"/>
    <trkpt lat="22.50317" lon="120.95782"/>
    <trkpt lat="22.50349" lon="120.95784"/>
    <trkpt lat="22.50386" lon="120.95789"/>
    <trkpt lat="22.50409" lon="120.95793"/>
    <trkpt lat="22.50428" lon="120.95797"/>
    <trkpt lat="22.50462" lon="120.95806"/>
    <trkpt lat="22.50469" lon="120.95808"/>
    <trkpt lat="22.50506" lon="120.95821"/>
    <trkpt lat="22.50533" lon="120.95832"/>
    <trkpt lat="22.5061" lon="120.95867"/>
    <trkpt lat="22.50654" lon="120.95887"/>
    <trkpt lat="22.50728" lon="120.95925"/>
    <trkpt lat="22.50728" lon="120.95923"/>
    <trkpt lat="22.50728" lon="120.9592"/>
    <trkpt lat="22.50727" lon="120.95917"/>
    <trkpt lat="22.50724" lon="120.95909"/>
    <trkpt lat="22.50721" lon="120.95905"/>
    <trkpt lat="22.50719" lon="120.95903"/>
    <trkpt lat="22.50715" lon="120.95897"/>
    <trkpt lat="22.50712" lon="120.95893"/>
    <trkpt lat="22.50702" lon="120.95883"/>
    <trkpt lat="22.50698" lon="120.9588"/>
    <trkpt lat="22.50695" lon="120.95878"/>
    <trkpt lat="22.50693" lon="120.95877"/>
    <trkpt lat="22.50684" lon="120.95871"/>
    <trkpt lat="22.5068" lon="120.95869"/>
    <trkpt lat="22.50678" lon="120.95868"/>
    <trkpt lat="22.50663" lon="120.95861"/>
    <trkpt lat="22.50652" lon="120.95857"/>
    <trkpt lat="22.5065" lon="120.95855"/>
    <trkpt lat="22.50649" lon="120.95852"/>
    <trkpt lat="22.50649" lon="120.95851"/>
    <trkpt lat="22.50648" lon="120.95849"/>
    <trkpt lat="22.50649" lon="120.95845"/>
    <trkpt lat="22.5065" lon="120.95842"/>
    <trkpt lat="22.50651" lon="120.95841"/>
    <trkpt lat="22.50653" lon="120.95841"/>
    <trkpt lat="22.50655" lon="120.95841"/>
    <trkpt lat="22.50658" lon="120.95841"/>
    <trkpt lat="22.50659" lon="120.95841"/>
    <trkpt lat="22.50665" lon="120.95842"/>
    <trkpt lat="22.50671" lon="120.95843"/>
    <trkpt lat="22.50676" lon="120.95845"/>
    <trkpt lat="22.50677" lon="120.95845"/>
    <trkpt lat="22.5069" lon="120.95852"/>
    <trkpt lat="22.50693" lon="120.95854"/>
    <trkpt lat="22.50707" lon="120.95862"/>
    <trkpt lat="22.50708" lon="120.95863"/>
    <trkpt lat="22.50716" lon="120.95867"/>
    <trkpt lat="22.50725" lon="120.95871"/>
    <trkpt lat="22.50725" lon="120.95872"/>
    <trkpt lat="22.5073" lon="120.95874"/>
    <trkpt lat="22.50733" lon="120.95873"/>
    <trkpt lat="22.5073" lon="120.95874"/>
    <trkpt lat="22.50725" lon="120.95872"/>
    <trkpt lat="22.50725" lon="120.95871"/>
    <trkpt lat="22.50716" lon="120.95867"/>
    <trkpt lat="22.50708" lon="120.95863"/>
    <trkpt lat="22.50707" lon="120.95862"/>
    <trkpt lat="22.50693" lon="120.95854"/>
    <trkpt lat="22.5069" lon="120.95852"/>
    <trkpt lat="22.50677" lon="120.95845"/>
    <trkpt lat="22.50676" lon="120.95845"/>
    <trkpt lat="22.50671" lon="120.95843"/>
    <trkpt lat="22.50665" lon="120.95842"/>
    <trkpt lat="22.50659" lon="120.95841"/>
    <trkpt lat="22.50658" lon="120.95841"/>
    <trkpt lat="22.50655" lon="120.95841"/>
    <trkpt lat="22.50653" lon="120.95841"/>
    <trkpt lat="22.50651" lon="120.95841"/>
    <trkpt lat="22.5065" lon="120.95842"/>
    <trkpt lat="22.50649" lon="120.95845"/>
    <trkpt lat="22.50648" lon="120.95849"/>
    <trkpt lat="22.50649" lon="120.95851"/>
    <trkpt lat="22.50649" lon="120.95852"/>
    <trkpt lat="22.5065" lon="120.95855"/>
    <trkpt lat="22.50652" lon="120.95857"/>
    <trkpt lat="22.50663" lon="120.95861"/>
    <trkpt lat="22.50678" lon="120.95868"/>
    <trkpt lat="22.5068" lon="120.95869"/>
    <trkpt lat="22.50684" lon="120.95871"/>
    <trkpt lat="22.50693" lon="120.95877"/>
    <trkpt lat="22.50695" lon="120.95878"/>
    <trkpt lat="22.50698" lon="120.9588"/>
    <trkpt lat="22.50702" lon="120.95883"/>
    <trkpt lat="22.50712" lon="120.95893"/>
    <trkpt lat="22.50715" lon="120.95897"/>
    <trkpt lat="22.50719" lon="120.95903"/>
    <trkpt lat="22.50721" lon="120.95905"/>
    <trkpt lat="22.50724" lon="120.95909"/>
    <trkpt lat="22.50727" lon="120.95917"/>
    <trkpt lat="22.50728" lon="120.9592"/>
    <trkpt lat="22.50728" lon="120.95923"/>
    <trkpt lat="22.50728" lon="120.95925"/>
    <trkpt lat="22.50748" lon="120.95935"/>
    <trkpt lat="22.50796" lon="120.95961"/>
    <trkpt lat="22.50892" lon="120.96014"/>
    <trkpt lat="22.50914" lon="120.96025"/>
    <trkpt lat="22.5095" lon="120.96038"/>
    <trkpt lat="22.51005" lon="120.96057"/>
    <trkpt lat="22.5102" lon="120.96062"/>
    <trkpt lat="22.51038" lon="120.96067"/>
    <trkpt lat="22.51055" lon="120.96072"/>
    <trkpt lat="22.51076" lon="120.96085"/>
    <trkpt lat="22.51104" lon="120.96097"/>
    <trkpt lat="22.5112" lon="120.96104"/>
    <trkpt lat="22.51132" lon="120.96109"/>
    <trkpt lat="22.51137" lon="120.9611"/>
    <trkpt lat="22.51181" lon="120.96126"/>
    <trkpt lat="22.51205" lon="120.96135"/>
    <trkpt lat="22.51223" lon="120.96142"/>
    <trkpt lat="22.5123" lon="120.96144"/>
    <trkpt lat="22.5124" lon="120.96148"/>
    <trkpt lat="22.51257" lon="120.96154"/>
    <trkpt lat="22.51262" lon="120.96156"/>
    <trkpt lat="22.51274" lon="120.9616"/>
    <trkpt lat="22.51291" lon="120.96166"/>
    <trkpt lat="22.51294" lon="120.96168"/>
    <trkpt lat="22.51308" lon="120.96173"/>
    <trkpt lat="22.51325" lon="120.96179"/>
    <trkpt lat="22.51346" lon="120.96187"/>
    <trkpt lat="22.51359" lon="120.96192"/>
    <trkpt lat="22.51386" lon="120.96202"/>
    <trkpt lat="22.51392" lon="120.96205"/>
    <trkpt lat="22.51409" lon="120.96213"/>
    <trkpt lat="22.51425" lon="120.96221"/>
    <trkpt lat="22.51433" lon="120.96225"/>
    <trkpt lat="22.51442" lon="120.96229"/>
    <trkpt lat="22.51459" lon="120.96236"/>
    <trkpt lat="22.51462" lon="120.96238"/>
    <trkpt lat="22.51487" lon="120.9625"/>
    <trkpt lat="22.51491" lon="120.96252"/>
    <trkpt lat="22.51508" lon="120.9626"/>
    <trkpt lat="22.51524" lon="120.96268"/>
    <trkpt lat="22.51531" lon="120.96271"/>
    <trkpt lat="22.5154" lon="120.96276"/>
    <trkpt lat="22.51557" lon="120.96284"/>
    <trkpt lat="22.51573" lon="120.96293"/>
    <trkpt lat="22.51576" lon="120.96294"/>
    <trkpt lat="22.5159" lon="120.96301"/>
    <trkpt lat="22.51606" lon="120.96309"/>
    <trkpt lat="22.51622" lon="120.96317"/>
    <trkpt lat="22.51639" lon="120.96325"/>
    <trkpt lat="22.5164" lon="120.96325"/>
    <trkpt lat="22.51671" lon="120.96341"/>
    <trkpt lat="22.5168" lon="120.96345"/>
    <trkpt lat="22.51688" lon="120.96349"/>
    <trkpt lat="22.51735" lon="120.96371"/>
    <trkpt lat="22.5177" lon="120.96388"/>
    <trkpt lat="22.51789" lon="120.96398"/>
    <trkpt lat="22.51829" lon="120.96415"/>
    <trkpt lat="22.5187" lon="120.96431"/>
    <trkpt lat="22.51881" lon="120.96435"/>
    <trkpt lat="22.51887" lon="120.96438"/>
    <trkpt lat="22.51904" lon="120.96443"/>
    <trkpt lat="22.51917" lon="120.96448"/>
    <trkpt lat="22.51939" lon="120.96455"/>
    <trkpt lat="22.51951" lon="120.96459"/>
    <trkpt lat="22.51956" lon="120.96461"/>
    <trkpt lat="22.51973" lon="120.96468"/>
    <trkpt lat="22.5199" lon="120.96475"/>
    <trkpt lat="22.51997" lon="120.96478"/>
    <trkpt lat="22.52052" lon="120.96504"/>
    <trkpt lat="22.52056" lon="120.96505"/>
    <trkpt lat="22.52072" lon="120.96513"/>
    <trkpt lat="22.52089" lon="120.96521"/>
    <trkpt lat="22.52109" lon="120.96531"/>
    <trkpt lat="22.52122" lon="120.96536"/>
    <trkpt lat="22.52139" lon="120.96543"/>
    <trkpt lat="22.5214" lon="120.96544"/>
    <trkpt lat="22.52156" lon="120.96549"/>
    <trkpt lat="22.52168" lon="120.96553"/>
    <trkpt lat="22.52173" lon="120.96554"/>
    <trkpt lat="22.52187" lon="120.9656"/>
    <trkpt lat="22.52202" lon="120.96565"/>
    <trkpt lat="22.52207" lon="120.96566"/>
    <trkpt lat="22.52237" lon="120.96577"/>
    <trkpt lat="22.52259" lon="120.96586"/>
    <trkpt lat="22.52269" lon="120.96587"/>
    <trkpt lat="22.5228" lon="120.96589"/>
    <trkpt lat="22.52296" lon="120.96592"/>
    <trkpt lat="22.52324" lon="120.96599"/>
    <trkpt lat="22.52395" lon="120.96618"/>
    <trkpt lat="22.52442" lon="120.96631"/>
    <trkpt lat="22.52679" lon="120.96693"/>
    <trkpt lat="22.5277" lon="120.96717"/>
    <trkpt lat="22.52848" lon="120.96737"/>
    <trkpt lat="22.52882" lon="120.96746"/>
    <trkpt lat="22.52912" lon="120.96753"/>
    <trkpt lat="22.52944" lon="120.96762"/>
    <trkpt lat="22.52981" lon="120.9677"/>
    <trkpt lat="22.53015" lon="120.96779"/>
    <trkpt lat="22.53061" lon="120.9679"/>
    <trkpt lat="22.53086" lon="120.96796"/>
    <trkpt lat="22.5311" lon="120.96803"/>
    <trkpt lat="22.53268" lon="120.96843"/>
    <trkpt lat="22.53306" lon="120.96853"/>
    <trkpt lat="22.53348" lon="120.96865"/>
    <trkpt lat="22.53385" lon="120.96873"/>
    <trkpt lat="22.53408" lon="120.96878"/>
    <trkpt lat="22.53428" lon="120.96887"/>
    <trkpt lat="22.53441" lon="120.96897"/>
    <trkpt lat="22.53468" lon="120.96914"/>
    <trkpt lat="22.53472" lon="120.96916"/>
    <trkpt lat="22.53499" lon="120.96927"/>
    <trkpt lat="22.53536" lon="120.9694"/>
    <trkpt lat="22.53543" lon="120.96941"/>
    <trkpt lat="22.53563" lon="120.9694"/>
    <trkpt lat="22.53566" lon="120.9694"/>
    <trkpt lat="22.53605" lon="120.96935"/>
    <trkpt lat="22.53622" lon="120.96932"/>
    <trkpt lat="22.53636" lon="120.9693"/>
    <trkpt lat="22.5364" lon="120.96929"/>
    <trkpt lat="22.53651" lon="120.96928"/>
    <trkpt lat="22.53664" lon="120.96928"/>
    <trkpt lat="22.53674" lon="120.9693"/>
    <trkpt lat="22.53699" lon="120.96939"/>
    <trkpt lat="22.53709" lon="120.96945"/>
    <trkpt lat="22.53736" lon="120.96959"/>
    <trkpt lat="22.53742" lon="120.96962"/>
    <trkpt lat="22.53758" lon="120.96971"/>
    <trkpt lat="22.5377" lon="120.96978"/>
    <trkpt lat="22.53774" lon="120.96979"/>
    <trkpt lat="22.53781" lon="120.96982"/>
    <trkpt lat="22.53791" lon="120.96984"/>
    <trkpt lat="22.53809" lon="120.96987"/>
    <trkpt lat="22.53845" lon="120.96991"/>
    <trkpt lat="22.53846" lon="120.96991"/>
    <trkpt lat="22.53874" lon="120.96993"/>
    <trkpt lat="22.53881" lon="120.96994"/>
    <trkpt lat="22.53888" lon="120.96995"/>
    <trkpt lat="22.53905" lon="120.97"/>
    <trkpt lat="22.53916" lon="120.97003"/>
    <trkpt lat="22.53931" lon="120.97008"/>
    <trkpt lat="22.53957" lon="120.97017"/>
    <trkpt lat="22.53967" lon="120.9702"/>
    <trkpt lat="22.53977" lon="120.97023"/>
    <trkpt lat="22.53985" lon="120.97025"/>
    <trkpt lat="22.54009" lon="120.97031"/>
    <trkpt lat="22.5402" lon="120.97033"/>
    <trkpt lat="22.54022" lon="120.97034"/>
    <trkpt lat="22.54061" lon="120.97038"/>
    <trkpt lat="22.54109" lon="120.97043"/>
    <trkpt lat="22.54127" lon="120.97045"/>
    <trkpt lat="22.54145" lon="120.97047"/>
    <trkpt lat="22.54168" lon="120.97049"/>
    <trkpt lat="22.54187" lon="120.97053"/>
    <trkpt lat="22.54198" lon="120.97057"/>
    <trkpt lat="22.54216" lon="120.97063"/>
    <trkpt lat="22.54232" lon="120.9707"/>
    <trkpt lat="22.54262" lon="120.97087"/>
    <trkpt lat="22.54284" lon="120.97101"/>
    <trkpt lat="22.54295" lon="120.97107"/>
    <trkpt lat="22.54302" lon="120.9711"/>
    <trkpt lat="22.54315" lon="120.97115"/>
    <trkpt lat="22.54332" lon="120.97122"/>
    <trkpt lat="22.54355" lon="120.97127"/>
    <trkpt lat="22.54395" lon="120.97134"/>
    <trkpt lat="22.54402" lon="120.97135"/>
    <trkpt lat="22.54417" lon="120.97138"/>
    <trkpt lat="22.5442" lon="120.97138"/>
    <trkpt lat="22.54434" lon="120.97141"/>
    <trkpt lat="22.54438" lon="120.97142"/>
    <trkpt lat="22.54455" lon="120.97145"/>
    <trkpt lat="22.54463" lon="120.97146"/>
    <trkpt lat="22.5449" lon="120.97152"/>
    <trkpt lat="22.54508" lon="120.97155"/>
    <trkpt lat="22.54524" lon="120.9716"/>
    <trkpt lat="22.54534" lon="120.97165"/>
    <trkpt lat="22.54544" lon="120.97172"/>
    <trkpt lat="22.54554" lon="120.97179"/>
    <trkpt lat="22.54556" lon="120.97181"/>
    <trkpt lat="22.54567" lon="120.9719"/>
    <trkpt lat="22.54582" lon="120.97204"/>
    <trkpt lat="22.54595" lon="120.97215"/>
    <trkpt lat="22.54596" lon="120.97216"/>
    <trkpt lat="22.5461" lon="120.97224"/>
    <trkpt lat="22.54624" lon="120.9723"/>
    <trkpt lat="22.54632" lon="120.97232"/>
    <trkpt lat="22.54635" lon="120.97233"/>
    <trkpt lat="22.5465" lon="120.97234"/>
    <trkpt lat="22.54667" lon="120.97233"/>
    <trkpt lat="22.54676" lon="120.97231"/>
    <trkpt lat="22.54685" lon="120.97228"/>
    <trkpt lat="22.54689" lon="120.97227"/>
    <trkpt lat="22.54699" lon="120.97222"/>
    <trkpt lat="22.54701" lon="120.9722"/>
    <trkpt lat="22.54711" lon="120.97214"/>
    <trkpt lat="22.54719" lon="120.97208"/>
    <trkpt lat="22.54731" lon="120.97198"/>
    <trkpt lat="22.54741" lon="120.9719"/>
    <trkpt lat="22.54746" lon="120.97188"/>
    <trkpt lat="22.54747" lon="120.97187"/>
    <trkpt lat="22.54765" lon="120.97177"/>
    <trkpt lat="22.54779" lon="120.97173"/>
    <trkpt lat="22.54781" lon="120.97173"/>
    <trkpt lat="22.54786" lon="120.97173"/>
    <trkpt lat="22.54793" lon="120.97173"/>
    <trkpt lat="22.54797" lon="120.97174"/>
    <trkpt lat="22.548" lon="120.97174"/>
    <trkpt lat="22.54808" lon="120.97177"/>
    <trkpt lat="22.54813" lon="120.97179"/>
    <trkpt lat="22.54814" lon="120.9718"/>
    <trkpt lat="22.54822" lon="120.97186"/>
    <trkpt lat="22.54828" lon="120.97192"/>
    <trkpt lat="22.54829" lon="120.97192"/>
    <trkpt lat="22.54832" lon="120.97195"/>
    <trkpt lat="22.54836" lon="120.972"/>
    <trkpt lat="22.54841" lon="120.97207"/>
    <trkpt lat="22.54845" lon="120.97213"/>
    <trkpt lat="22.54881" lon="120.97263"/>
    <trkpt lat="22.54897" lon="120.97279"/>
    <trkpt lat="22.54914" lon="120.97296"/>
    <trkpt lat="22.54932" lon="120.97311"/>
    <trkpt lat="22.54958" lon="120.97327"/>
    <trkpt lat="22.54974" lon="120.97333"/>
    <trkpt lat="22.54977" lon="120.97335"/>
    <trkpt lat="22.54991" lon="120.97338"/>
    <trkpt lat="22.54997" lon="120.97339"/>
    <trkpt lat="22.55008" lon="120.9734"/>
    <trkpt lat="22.55009" lon="120.97341"/>
    <trkpt lat="22.55011" lon="120.97341"/>
    <trkpt lat="22.55024" lon="120.97341"/>
    <trkpt lat="22.55044" lon="120.97339"/>
    <trkpt lat="22.5505" lon="120.97338"/>
    <trkpt lat="22.55058" lon="120.97337"/>
    <trkpt lat="22.55062" lon="120.97336"/>
    <trkpt lat="22.55066" lon="120.97336"/>
    <trkpt lat="22.55072" lon="120.97335"/>
    <trkpt lat="22.55082" lon="120.97334"/>
    <trkpt lat="22.55098" lon="120.97333"/>
    <trkpt lat="22.55112" lon="120.97336"/>
    <trkpt lat="22.55115" lon="120.97336"/>
    <trkpt lat="22.55121" lon="120.97338"/>
    <trkpt lat="22.55128" lon="120.9734"/>
    <trkpt lat="22.55137" lon="120.97344"/>
    <trkpt lat="22.55145" lon="120.97349"/>
    <trkpt lat="22.55152" lon="120.97355"/>
    <trkpt lat="22.55161" lon="120.97364"/>
    <trkpt lat="22.55162" lon="120.97365"/>
    <trkpt lat="22.55175" lon="120.97378"/>
    <trkpt lat="22.55181" lon="120.97384"/>
    <trkpt lat="22.55198" lon="120.97404"/>
    <trkpt lat="22.55206" lon="120.97414"/>
    <trkpt lat="22.5522" lon="120.97425"/>
    <trkpt lat="22.55227" lon="120.97429"/>
    <trkpt lat="22.55229" lon="120.9743"/>
    <trkpt lat="22.55233" lon="120.97432"/>
    <trkpt lat="22.5524" lon="120.97435"/>
    <trkpt lat="22.55247" lon="120.97437"/>
    <trkpt lat="22.55257" lon="120.97438"/>
    <trkpt lat="22.55259" lon="120.97438"/>
    <trkpt lat="22.5528" lon="120.9744"/>
    <trkpt lat="22.55281" lon="120.97441"/>
    <trkpt lat="22.55288" lon="120.97441"/>
    <trkpt lat="22.55298" lon="120.97442"/>
    <trkpt lat="22.55304" lon="120.97443"/>
    <trkpt lat="22.55314" lon="120.97446"/>
    <trkpt lat="22.55322" lon="120.97448"/>
    <trkpt lat="22.55348" lon="120.9746"/>
    <trkpt lat="22.5535" lon="120.97461"/>
    <trkpt lat="22.55362" lon="120.97466"/>
    <trkpt lat="22.55367" lon="120.97468"/>
    <trkpt lat="22.55383" lon="120.97474"/>
    <trkpt lat="22.55388" lon="120.97476"/>
    <trkpt lat="22.55413" lon="120.97485"/>
    <trkpt lat="22.55459" lon="120.97495"/>
    <trkpt lat="22.55466" lon="120.97497"/>
    <trkpt lat="22.55481" lon="120.975"/>
    <trkpt lat="22.55488" lon="120.97502"/>
    <trkpt lat="22.55509" lon="120.97507"/>
    <trkpt lat="22.5557" lon="120.97525"/>
    <trkpt lat="22.55571" lon="120.97525"/>
    <trkpt lat="22.55626" lon="120.9754"/>
    <trkpt lat="22.55645" lon="120.97546"/>
    <trkpt lat="22.55662" lon="120.97552"/>
    <trkpt lat="22.55679" lon="120.97556"/>
    <trkpt lat="22.55692" lon="120.97559"/>
    <trkpt lat="22.55698" lon="120.9756"/>
    <trkpt lat="22.55711" lon="120.97563"/>
    <trkpt lat="22.55725" lon="120.97567"/>
    <trkpt lat="22.55735" lon="120.9757"/>
    <trkpt lat="22.55744" lon="120.97575"/>
    <trkpt lat="22.55748" lon="120.97577"/>
    <trkpt lat="22.55749" lon="120.97579"/>
    <trkpt lat="22.55753" lon="120.97584"/>
    <trkpt lat="22.55759" lon="120.97594"/>
    <trkpt lat="22.55763" lon="120.97605"/>
    <trkpt lat="22.55768" lon="120.97618"/>
    <trkpt lat="22.55773" lon="120.97633"/>
    <trkpt lat="22.55774" lon="120.97637"/>
    <trkpt lat="22.55778" lon="120.97653"/>
    <trkpt lat="22.55787" lon="120.97678"/>
    <trkpt lat="22.55793" lon="120.97688"/>
    <trkpt lat="22.55798" lon="120.97695"/>
    <trkpt lat="22.55807" lon="120.97705"/>
    <trkpt lat="22.55814" lon="120.9771"/>
    <trkpt lat="22.55833" lon="120.97718"/>
    <trkpt lat="22.55888" lon="120.97736"/>
    <trkpt lat="22.55906" lon="120.97741"/>
    <trkpt lat="22.55957" lon="120.97758"/>
    <trkpt lat="22.56027" lon="120.97776"/>
    <trkpt lat="22.56045" lon="120.9778"/>
    <trkpt lat="22.56072" lon="120.97786"/>
    <trkpt lat="22.56095" lon="120.97791"/>
    <trkpt lat="22.56125" lon="120.97802"/>
    <trkpt lat="22.56183" lon="120.97823"/>
    <trkpt lat="22.56193" lon="120.97825"/>
    <trkpt lat="22.56201" lon="120.97827"/>
    <trkpt lat="22.56206" lon="120.97827"/>
    <trkpt lat="22.56217" lon="120.97829"/>
    <trkpt lat="22.56225" lon="120.9783"/>
    <trkpt lat="22.56237" lon="120.9783"/>
    <trkpt lat="22.56286" lon="120.97829"/>
    <trkpt lat="22.56295" lon="120.97829"/>
    <trkpt lat="22.56311" lon="120.9783"/>
    <trkpt lat="22.56322" lon="120.97833"/>
    <trkpt lat="22.56332" lon="120.97836"/>
    <trkpt lat="22.56342" lon="120.97841"/>
    <trkpt lat="22.56349" lon="120.97845"/>
    <trkpt lat="22.56354" lon="120.9785"/>
    <trkpt lat="22.5636" lon="120.97855"/>
    <trkpt lat="22.56365" lon="120.97861"/>
    <trkpt lat="22.5637" lon="120.97866"/>
    <trkpt lat="22.56374" lon="120.97873"/>
    <trkpt lat="22.56378" lon="120.97878"/>
    <trkpt lat="22.56381" lon="120.97885"/>
    <trkpt lat="22.56384" lon="120.97893"/>
    <trkpt lat="22.56387" lon="120.97902"/>
    <trkpt lat="22.56403" lon="120.97958"/>
    <trkpt lat="22.56408" lon="120.9797"/>
    <trkpt lat="22.56414" lon="120.9798"/>
    <trkpt lat="22.56421" lon="120.9799"/>
    <trkpt lat="22.5643" lon="120.98"/>
    <trkpt lat="22.56436" lon="120.98004"/>
    <trkpt lat="22.56442" lon="120.98008"/>
    <trkpt lat="22.56447" lon="120.9801"/>
    <trkpt lat="22.56458" lon="120.98016"/>
    <trkpt lat="22.56471" lon="120.98021"/>
    <trkpt lat="22.56627" lon="120.98073"/>
    <trkpt lat="22.56691" lon="120.98094"/>
    <trkpt lat="22.56748" lon="120.98113"/>
    <trkpt lat="22.56775" lon="120.98124"/>
    <trkpt lat="22.56789" lon="120.9813"/>
    <trkpt lat="22.56806" lon="120.98138"/>
    <trkpt lat="22.56833" lon="120.98155"/>
    <trkpt lat="22.56869" lon="120.9818"/>
    <trkpt lat="22.56887" lon="120.98192"/>
    <trkpt lat="22.56897" lon="120.98196"/>
    <trkpt lat="22.56901" lon="120.98198"/>
    <trkpt lat="22.56917" lon="120.98204"/>
    <trkpt lat="22.56934" lon="120.98207"/>
    <trkpt lat="22.56962" lon="120.98209"/>
    <trkpt lat="22.56981" lon="120.98211"/>
    <trkpt lat="22.56991" lon="120.98213"/>
    <trkpt lat="22.57003" lon="120.98216"/>
    <trkpt lat="22.57025" lon="120.98224"/>
    <trkpt lat="22.57044" lon="120.98232"/>
    <trkpt lat="22.57049" lon="120.98236"/>
    <trkpt lat="22.57058" lon="120.98243"/>
    <trkpt lat="22.57069" lon="120.98254"/>
    <trkpt lat="22.57093" lon="120.98283"/>
    <trkpt lat="22.57133" lon="120.98333"/>
    <trkpt lat="22.57172" lon="120.9838"/>
    <trkpt lat="22.57185" lon="120.98395"/>
    <trkpt lat="22.57198" lon="120.98412"/>
    <trkpt lat="22.57203" lon="120.98418"/>
    <trkpt lat="22.57206" lon="120.98424"/>
    <trkpt lat="22.57206" lon="120.98425"/>
    <trkpt lat="22.57212" lon="120.98439"/>
    <trkpt lat="22.57213" lon="120.98441"/>
    <trkpt lat="22.57213" lon="120.98442"/>
    <trkpt lat="22.57218" lon="120.98455"/>
    <trkpt lat="22.57219" lon="120.98459"/>
    <trkpt lat="22.57219" lon="120.9846"/>
    <trkpt lat="22.57227" lon="120.98485"/>
    <trkpt lat="22.5723" lon="120.98497"/>
    <trkpt lat="22.57232" lon="120.98503"/>
    <trkpt lat="22.57234" lon="120.98516"/>
    <trkpt lat="22.57235" lon="120.98518"/>
    <trkpt lat="22.57238" lon="120.98535"/>
    <trkpt lat="22.5724" lon="120.98547"/>
    <trkpt lat="22.57241" lon="120.98554"/>
    <trkpt lat="22.57242" lon="120.98566"/>
    <trkpt lat="22.57246" lon="120.98591"/>
    <trkpt lat="22.57248" lon="120.98608"/>
    <trkpt lat="22.57249" lon="120.98615"/>
    <trkpt lat="22.57251" lon="120.98627"/>
    <trkpt lat="22.57252" lon="120.98633"/>
    <trkpt lat="22.57255" lon="120.98649"/>
    <trkpt lat="22.57259" lon="120.98664"/>
    <trkpt lat="22.57267" lon="120.98694"/>
    <trkpt lat="22.57272" lon="120.98708"/>
    <trkpt lat="22.57278" lon="120.98723"/>
    <trkpt lat="22.57284" lon="120.98736"/>
    <trkpt lat="22.57292" lon="120.98748"/>
    <trkpt lat="22.57296" lon="120.98755"/>
    <trkpt lat="22.57299" lon="120.98761"/>
    <trkpt lat="22.57316" lon="120.98786"/>
    <trkpt lat="22.57326" lon="120.98802"/>
    <trkpt lat="22.57336" lon="120.98817"/>
    <trkpt lat="22.5737" lon="120.98864"/>
    <trkpt lat="22.57388" lon="120.98886"/>
    <trkpt lat="22.57416" lon="120.98917"/>
    <trkpt lat="22.57428" lon="120.98929"/>
    <trkpt lat="22.57445" lon="120.98946"/>
    <trkpt lat="22.57449" lon="120.9895"/>
    <trkpt lat="22.57471" lon="120.98969"/>
    <trkpt lat="22.57488" lon="120.98983"/>
    <trkpt lat="22.57489" lon="120.98984"/>
    <trkpt lat="22.57494" lon="120.98988"/>
    <trkpt lat="22.57528" lon="120.99015"/>
    <trkpt lat="22.57539" lon="120.99022"/>
    <trkpt lat="22.57562" lon="120.99037"/>
    <trkpt lat="22.57605" lon="120.99061"/>
    <trkpt lat="22.57655" lon="120.99088"/>
    <trkpt lat="22.57679" lon="120.991"/>
    <trkpt lat="22.577" lon="120.9911"/>
    <trkpt lat="22.57741" lon="120.99131"/>
    <trkpt lat="22.57794" lon="120.99159"/>
    <trkpt lat="22.57854" lon="120.9919"/>
    <trkpt lat="22.57907" lon="120.99218"/>
    <trkpt lat="22.57939" lon="120.99235"/>
    <trkpt lat="22.58119" lon="120.99329"/>
    <trkpt lat="22.58233" lon="120.99388"/>
    <trkpt lat="22.58325" lon="120.99437"/>
    <trkpt lat="22.58341" lon="120.99445"/>
    <trkpt lat="22.58406" lon="120.99479"/>
    <trkpt lat="22.58422" lon="120.99487"/>
    <trkpt lat="22.58436" lon="120.99493"/>
    <trkpt lat="22.58447" lon="120.99499"/>
    <trkpt lat="22.58466" lon="120.99507"/>
    <trkpt lat="22.58483" lon="120.99512"/>
    <trkpt lat="22.58493" lon="120.99514"/>
    <trkpt lat="22.58516" lon="120.99517"/>
    <trkpt lat="22.58532" lon="120.99517"/>
    <trkpt lat="22.58544" lon="120.99516"/>
    <trkpt lat="22.58549" lon="120.99515"/>
    <trkpt lat="22.58576" lon="120.9951"/>
    <trkpt lat="22.58654" lon="120.99488"/>
    <trkpt lat="22.58668" lon="120.99484"/>
    <trkpt lat="22.58701" lon="120.99475"/>
    <trkpt lat="22.58708" lon="120.99473"/>
    <trkpt lat="22.58724" lon="120.99468"/>
    <trkpt lat="22.58736" lon="120.99464"/>
    <trkpt lat="22.58855" lon="120.99431"/>
    <trkpt lat="22.58893" lon="120.99421"/>
    <trkpt lat="22.589" lon="120.99419"/>
    <trkpt lat="22.58904" lon="120.99418"/>
    <trkpt lat="22.58909" lon="120.99422"/>
    <trkpt lat="22.5892" lon="120.99419"/>
    <trkpt lat="22.58927" lon="120.99417"/>
    <trkpt lat="22.59035" lon="120.9939"/>
    <trkpt lat="22.59095" lon="120.9938"/>
    <trkpt lat="22.59107" lon="120.99378"/>
    <trkpt lat="22.59118" lon="120.99377"/>
    <trkpt lat="22.5913" lon="120.99375"/>
    <trkpt lat="22.59142" lon="120.99373"/>
    <trkpt lat="22.59151" lon="120.99372"/>
    <trkpt lat="22.59161" lon="120.9937"/>
    <trkpt lat="22.59357" lon="120.9934"/>
    <trkpt lat="22.59393" lon="120.99335"/>
    <trkpt lat="22.59411" lon="120.99332"/>
    <trkpt lat="22.59416" lon="120.99331"/>
    <trkpt lat="22.59422" lon="120.9933"/>
    <trkpt lat="22.59428" lon="120.99329"/>
    <trkpt lat="22.5947" lon="120.99322"/>
    <trkpt lat="22.595" lon="120.99318"/>
    <trkpt lat="22.59512" lon="120.99317"/>
    <trkpt lat="22.59528" lon="120.99317"/>
    <trkpt lat="22.59538" lon="120.99318"/>
    <trkpt lat="22.59549" lon="120.99321"/>
    <trkpt lat="22.59566" lon="120.99327"/>
    <trkpt lat="22.59577" lon="120.99331"/>
    <trkpt lat="22.59581" lon="120.99333"/>
    <trkpt lat="22.59593" lon="120.99341"/>
    <trkpt lat="22.59616" lon="120.99357"/>
    <trkpt lat="22.59622" lon="120.99362"/>
    <trkpt lat="22.5965" lon="120.99383"/>
    <trkpt lat="22.59655" lon="120.99384"/>
    <trkpt lat="22.59659" lon="120.99386"/>
    <trkpt lat="22.59671" lon="120.99395"/>
    <trkpt lat="22.5968" lon="120.99402"/>
    <trkpt lat="22.59686" lon="120.99407"/>
    <trkpt lat="22.597" lon="120.99418"/>
    <trkpt lat="22.59707" lon="120.99423"/>
    <trkpt lat="22.59762" lon="120.99466"/>
    <trkpt lat="22.59886" lon="120.99562"/>
    <trkpt lat="22.59947" lon="120.99609"/>
    <trkpt lat="22.59972" lon="120.99628"/>
    <trkpt lat="22.59978" lon="120.99633"/>
    <trkpt lat="22.59996" lon="120.99648"/>
    <trkpt lat="22.6002" lon="120.99669"/>
    <trkpt lat="22.60052" lon="120.99696"/>
    <trkpt lat="22.60073" lon="120.99713"/>
    <trkpt lat="22.60099" lon="120.99739"/>
    <trkpt lat="22.60112" lon="120.99754"/>
    <trkpt lat="22.60154" lon="120.99827"/>
    <trkpt lat="22.60219" lon="120.99933"/>
    <trkpt lat="22.60251" lon="120.99985"/>
    <trkpt lat="22.60261" lon="121.00001"/>
    <trkpt lat="22.60281" lon="121.00034"/>
    <trkpt lat="22.60283" lon="121.00038"/>
    <trkpt lat="22.60288" lon="121.00046"/>
    <trkpt lat="22.60293" lon="121.00054"/>
    <trkpt lat="22.60338" lon="121.00132"/>
    <trkpt lat="22.60384" lon="121.00216"/>
    <trkpt lat="22.60389" lon="121.00225"/>
    <trkpt lat="22.60402" lon="121.00243"/>
    <trkpt lat="22.60419" lon="121.00264"/>
    <trkpt lat="22.60429" lon="121.00274"/>
    <trkpt lat="22.60455" lon="121.00294"/>
    <trkpt lat="22.60487" lon="121.00318"/>
    <trkpt lat="22.6057" lon="121.00362"/>
    <trkpt lat="22.60624" lon="121.0039"/>
    <trkpt lat="22.60643" lon="121.004"/>
    <trkpt lat="22.60746" lon="121.00455"/>
    <trkpt lat="22.60751" lon="121.00458"/>
    <trkpt lat="22.60776" lon="121.00471"/>
    <trkpt lat="22.60793" lon="121.00481"/>
    <trkpt lat="22.60944" lon="121.00562"/>
    <trkpt lat="22.60956" lon="121.00569"/>
    <trkpt lat="22.61012" lon="121.006"/>
    <trkpt lat="22.61019" lon="121.00604"/>
    <trkpt lat="22.61033" lon="121.00611"/>
    <trkpt lat="22.61137" lon="121.00667"/>
    <trkpt lat="22.61165" lon="121.00683"/>
    <trkpt lat="22.61249" lon="121.00728"/>
    <trkpt lat="22.61282" lon="121.00741"/>
    <trkpt lat="22.61291" lon="121.00746"/>
    <trkpt lat="22.61298" lon="121.00748"/>
    <trkpt lat="22.61311" lon="121.00753"/>
    <trkpt lat="22.61322" lon="121.00754"/>
    <trkpt lat="22.61345" lon="121.00759"/>
    <trkpt lat="22.61363" lon="121.00761"/>
    <trkpt lat="22.61369" lon="121.00761"/>
    <trkpt lat="22.61401" lon="121.00765"/>
    <trkpt lat="22.61434" lon="121.00769"/>
    <trkpt lat="22.61456" lon="121.00777"/>
    <trkpt lat="22.61525" lon="121.00819"/>
    <trkpt lat="22.61537" lon="121.00825"/>
    <trkpt lat="22.61581" lon="121.00851"/>
    <trkpt lat="22.61601" lon="121.00862"/>
    <trkpt lat="22.61607" lon="121.00867"/>
    <trkpt lat="22.61625" lon="121.0084"/>
    <trkpt lat="22.61629" lon="121.00836"/>
    <trkpt lat="22.61632" lon="121.00831"/>
    <trkpt lat="22.61634" lon="121.00828"/>
    <trkpt lat="22.6165" lon="121.00806"/>
    <trkpt lat="22.61677" lon="121.00773"/>
    <trkpt lat="22.61755" lon="121.00671"/>
    <trkpt lat="22.61781" lon="121.00634"/>
    <trkpt lat="22.61834" lon="121.0056"/>
    <trkpt lat="22.61836" lon="121.00552"/>
    <trkpt lat="22.61859" lon="121.00522"/>
    <trkpt lat="22.61861" lon="121.00518"/>
    <trkpt lat="22.61862" lon="121.00517"/>
    <trkpt lat="22.61862" lon="121.00516"/>
  </trkseg></trk>
</gpx>