<?xml version="1.0" encoding="UTF-8"?>
<gpx xmlns="http://www.topografix.com/GPX/1/1" version="1.1" creator="CyclingTW">
  <metadata><name>Day 3 濱海極西．西螺到台南</name>
    <bounds minlat="23.06661" minlon="120.03591" maxlat="23.80141" maxlon="120.46193"/></metadata>
  <wpt lat="23.8014431" lon="120.46190379999999"><name>西螺延平老街</name><sym>Flag, Green</sym></wpt>
  <wpt lat="23.6947446" lon="120.31236630000001"><name>全家便利商店 褒忠聚寶店</name><sym>Waypoint</sym></wpt>
  <wpt lat="23.620801" lon="120.2612908"><name>黃金蝙蝠生態館</name><sym>Waypoint</sym></wpt>
  <wpt lat="23.546027799999997" lon="120.1912791"><name>7-ELEVEN 宜梧門市</name><sym>Waypoint</sym></wpt>
  <wpt lat="23.451768599999998" lon="120.13608299999999"><name>蚵老大海鮮碳烤-東石美食推薦/烤蚵吃到飽/東石海鮮餐廳/東石漁人碼頭美食/嘉義鮮蚵吃到飽推薦/東石團餐餐廳推薦/東石進香團餐廳推薦/東石香客餐廳/東石鮮蚵200元吃到飽/嘉義縣美食推薦</name><sym>Waypoint</sym></wpt>
  <wpt lat="23.4514662" lon="120.13733839999998"><name>東石漁港</name><sym>Waypoint</sym></wpt>
  <wpt lat="23.3824008" lon="120.1705189"><name>7-ELEVEN 布鹽門市</name><sym>Waypoint</sym></wpt>
  <wpt lat="23.267152199999998" lon="120.12396949999999"><name>北門遊客中心</name><sym>Waypoint</sym></wpt>
  <wpt lat="23.1876166" lon="120.1328125"><name>萊爾富 七股台潭店</name><sym>Waypoint</sym></wpt>
  <wpt lat="23.1537345" lon="120.0998464"><name>七股鹽山</name><sym>Waypoint</sym></wpt>
  <wpt lat="23.1007127" lon="120.0360012"><name>國聖港燈塔</name><sym>Waypoint</sym></wpt>
  <wpt lat="23.068023399999998" lon="120.12724139999997"><name>鹿耳門聖母廟</name><sym>Flag, Red</sym></wpt>
  <trk><name>Day 3</name><trkseg>
    <trkpt lat="23.80141" lon="120.46193"/>
    <trkpt lat="23.80132" lon="120.46177"/>
    <trkpt lat="23.80129" lon="120.4617"/>
    <trkpt lat="23.80128" lon="120.46166"/>
    <trkpt lat="23.80126" lon="120.46157"/>
    <trkpt lat="23.80124" lon="120.46126"/>
    <trkpt lat="23.80124" lon="120.46056"/>
    <trkpt lat="23.80117" lon="120.45998"/>
    <trkpt lat="23.80106" lon="120.45922"/>
    <trkpt lat="23.80103" lon="120.45888"/>
    <trkpt lat="23.801" lon="120.45871"/>
    <trkpt lat="23.80098" lon="120.45859"/>
    <trkpt lat="23.80092" lon="120.45813"/>
    <trkpt lat="23.80089" lon="120.45797"/>
    <trkpt lat="23.80086" lon="120.45771"/>
    <trkpt lat="23.80084" lon="120.45756"/>
    <trkpt lat="23.80071" lon="120.45665"/>
    <trkpt lat="23.80063" lon="120.45606"/>
    <trkpt lat="23.8006" lon="120.45584"/>
    <trkpt lat="23.80052" lon="120.45524"/>
    <trkpt lat="23.80044" lon="120.45455"/>
    <trkpt lat="23.80037" lon="120.45403"/>
    <trkpt lat="23.80025" lon="120.45318"/>
    <trkpt lat="23.80011" lon="120.4521"/>
    <trkpt lat="23.8" lon="120.45134"/>
    <trkpt lat="23.79998" lon="120.45126"/>
    <trkpt lat="23.79992" lon="120.45077"/>
    <trkpt lat="23.79985" lon="120.45032"/>
    <trkpt lat="23.79985" lon="120.4503"/>
    <trkpt lat="23.79983" lon="120.45014"/>
    <trkpt lat="23.79982" lon="120.45002"/>
    <trkpt lat="23.79979" lon="120.44983"/>
    <trkpt lat="23.79977" lon="120.44967"/>
    <trkpt lat="23.79972" lon="120.44932"/>
    <trkpt lat="23.79965" lon="120.44881"/>
    <trkpt lat="23.79962" lon="120.44862"/>
    <trkpt lat="23.79942" lon="120.44718"/>
    <trkpt lat="23.79937" lon="120.44693"/>
    <trkpt lat="23.79936" lon="120.44684"/>
    <trkpt lat="23.79934" lon="120.44672"/>
    <trkpt lat="23.7993" lon="120.44654"/>
    <trkpt lat="23.79919" lon="120.44612"/>
    <trkpt lat="23.79911" lon="120.44576"/>
    <trkpt lat="23.79907" lon="120.4456"/>
    <trkpt lat="23.79899" lon="120.44524"/>
    <trkpt lat="23.79896" lon="120.44512"/>
    <trkpt lat="23.79891" lon="120.4449"/>
    <trkpt lat="23.79887" lon="120.44471"/>
    <trkpt lat="23.79882" lon="120.44452"/>
    <trkpt lat="23.7988" lon="120.44443"/>
    <trkpt lat="23.79876" lon="120.44428"/>
    <trkpt lat="23.7987" lon="120.44399"/>
    <trkpt lat="23.79868" lon="120.44385"/>
    <trkpt lat="23.7986" lon="120.44356"/>
    <trkpt lat="23.79857" lon="120.44346"/>
    <trkpt lat="23.79857" lon="120.44344"/>
    <trkpt lat="23.79855" lon="120.44336"/>
    <trkpt lat="23.79845" lon="120.44293"/>
    <trkpt lat="23.79839" lon="120.44269"/>
    <trkpt lat="23.79832" lon="120.44238"/>
    <trkpt lat="23.79826" lon="120.44211"/>
    <trkpt lat="23.79823" lon="120.44197"/>
    <trkpt lat="23.79816" lon="120.4417"/>
    <trkpt lat="23.79803" lon="120.44117"/>
    <trkpt lat="23.79795" lon="120.44086"/>
    <trkpt lat="23.79792" lon="120.44074"/>
    <trkpt lat="23.7979" lon="120.44056"/>
    <trkpt lat="23.79769" lon="120.44042"/>
    <trkpt lat="23.79753" lon="120.44031"/>
    <trkpt lat="23.79713" lon="120.44001"/>
    <trkpt lat="23.79682" lon="120.43977"/>
    <trkpt lat="23.79623" lon="120.43938"/>
    <trkpt lat="23.79604" lon="120.43926"/>
    <trkpt lat="23.79541" lon="120.43884"/>
    <trkpt lat="23.79464" lon="120.4383"/>
    <trkpt lat="23.79438" lon="120.43811"/>
    <trkpt lat="23.79392" lon="120.43782"/>
    <trkpt lat="23.79359" lon="120.4376"/>
    <trkpt lat="23.79261" lon="120.43691"/>
    <trkpt lat="23.79228" lon="120.43667"/>
    <trkpt lat="23.79218" lon="120.43661"/>
    <trkpt lat="23.79151" lon="120.43616"/>
    <trkpt lat="23.79116" lon="120.43591"/>
    <trkpt lat="23.79104" lon="120.43582"/>
    <trkpt lat="23.79096" lon="120.43576"/>
    <trkpt lat="23.79034" lon="120.43523"/>
    <trkpt lat="23.79009" lon="120.43501"/>
    <trkpt lat="23.78993" lon="120.43486"/>
    <trkpt lat="23.78974" lon="120.43467"/>
    <trkpt lat="23.78956" lon="120.43449"/>
    <trkpt lat="23.78913" lon="120.43402"/>
    <trkpt lat="23.78687" lon="120.43153"/>
    <trkpt lat="23.78682" lon="120.43148"/>
    <trkpt lat="23.78644" lon="120.43106"/>
    <trkpt lat="23.78576" lon="120.43031"/>
    <trkpt lat="23.78478" lon="120.42922"/>
    <trkpt lat="23.78438" lon="120.42878"/>
    <trkpt lat="23.7843" lon="120.42869"/>
    <trkpt lat="23.78319" lon="120.4274"/>
    <trkpt lat="23.78236" lon="120.42643"/>
    <trkpt lat="23.78221" lon="120.42625"/>
    <trkpt lat="23.78172" lon="120.42574"/>
    <trkpt lat="23.78157" lon="120.42558"/>
    <trkpt lat="23.77877" lon="120.42281"/>
    <trkpt lat="23.77834" lon="120.42238"/>
    <trkpt lat="23.77825" lon="120.42228"/>
    <trkpt lat="23.77813" lon="120.42216"/>
    <trkpt lat="23.77811" lon="120.42214"/>
    <trkpt lat="23.77687" lon="120.42091"/>
    <trkpt lat="23.77618" lon="120.42023"/>
    <trkpt lat="23.77585" lon="120.41991"/>
    <trkpt lat="23.77572" lon="120.41979"/>
    <trkpt lat="23.77535" lon="120.41942"/>
    <trkpt lat="23.77469" lon="120.41879"/>
    <trkpt lat="23.77385" lon="120.41797"/>
    <trkpt lat="23.77366" lon="120.41778"/>
    <trkpt lat="23.77351" lon="120.41778"/>
    <trkpt lat="23.7734" lon="120.41778"/>
    <trkpt lat="23.77321" lon="120.41776"/>
    <trkpt lat="23.77305" lon="120.41774"/>
    <trkpt lat="23.77247" lon="120.41768"/>
    <trkpt lat="23.772" lon="120.41763"/>
    <trkpt lat="23.77158" lon="120.41758"/>
    <trkpt lat="23.77131" lon="120.41755"/>
    <trkpt lat="23.77115" lon="120.41753"/>
    <trkpt lat="23.77044" lon="120.41739"/>
    <trkpt lat="23.7703" lon="120.41736"/>
    <trkpt lat="23.77024" lon="120.41734"/>
    <trkpt lat="23.77017" lon="120.41733"/>
    <trkpt lat="23.77006" lon="120.41728"/>
    <trkpt lat="23.76982" lon="120.4172"/>
    <trkpt lat="23.76971" lon="120.41715"/>
    <trkpt lat="23.76945" lon="120.41703"/>
    <trkpt lat="23.76931" lon="120.41694"/>
    <trkpt lat="23.76918" lon="120.41683"/>
    <trkpt lat="23.76911" lon="120.41676"/>
    <trkpt lat="23.76903" lon="120.41668"/>
    <trkpt lat="23.76898" lon="120.41662"/>
    <trkpt lat="23.76895" lon="120.41658"/>
    <trkpt lat="23.76889" lon="120.41647"/>
    <trkpt lat="23.76885" lon="120.41639"/>
    <trkpt lat="23.76883" lon="120.41635"/>
    <trkpt lat="23.76879" lon="120.41619"/>
    <trkpt lat="23.76871" lon="120.41582"/>
    <trkpt lat="23.76864" lon="120.41546"/>
    <trkpt lat="23.76856" lon="120.41508"/>
    <trkpt lat="23.7685" lon="120.41484"/>
    <trkpt lat="23.76805" lon="120.41297"/>
    <trkpt lat="23.76801" lon="120.41282"/>
    <trkpt lat="23.76794" lon="120.41256"/>
    <trkpt lat="23.76788" lon="120.41234"/>
    <trkpt lat="23.76736" lon="120.41017"/>
    <trkpt lat="23.76731" lon="120.40993"/>
    <trkpt lat="23.7673" lon="120.40984"/>
    <trkpt lat="23.76728" lon="120.40974"/>
    <trkpt lat="23.76728" lon="120.40971"/>
    <trkpt lat="23.76726" lon="120.40954"/>
    <trkpt lat="23.76726" lon="120.40942"/>
    <trkpt lat="23.76726" lon="120.40928"/>
    <trkpt lat="23.76728" lon="120.40915"/>
    <trkpt lat="23.76729" lon="120.40905"/>
    <trkpt lat="23.7673" lon="120.40898"/>
    <trkpt lat="23.76731" lon="120.40891"/>
    <trkpt lat="23.76744" lon="120.40837"/>
    <trkpt lat="23.7676" lon="120.40776"/>
    <trkpt lat="23.7675" lon="120.40755"/>
    <trkpt lat="23.76736" lon="120.40727"/>
    <trkpt lat="23.76724" lon="120.40698"/>
    <trkpt lat="23.76723" lon="120.40696"/>
    <trkpt lat="23.76687" lon="120.4061"/>
    <trkpt lat="23.7664" lon="120.40501"/>
    <trkpt lat="23.76637" lon="120.40494"/>
    <trkpt lat="23.76635" lon="120.4049"/>
    <trkpt lat="23.76617" lon="120.40448"/>
    <trkpt lat="23.76594" lon="120.40395"/>
    <trkpt lat="23.76532" lon="120.40248"/>
    <trkpt lat="23.76531" lon="120.40245"/>
    <trkpt lat="23.76528" lon="120.40236"/>
    <trkpt lat="23.76505" lon="120.40185"/>
    <trkpt lat="23.76503" lon="120.40181"/>
    <trkpt lat="23.76491" lon="120.40153"/>
    <trkpt lat="23.76478" lon="120.40125"/>
    <trkpt lat="23.76462" lon="120.40092"/>
    <trkpt lat="23.76447" lon="120.40062"/>
    <trkpt lat="23.76443" lon="120.40053"/>
    <trkpt lat="23.76437" lon="120.4004"/>
    <trkpt lat="23.76429" lon="120.4002"/>
    <trkpt lat="23.76426" lon="120.40012"/>
    <trkpt lat="23.76424" lon="120.39999"/>
    <trkpt lat="23.76422" lon="120.39986"/>
    <trkpt lat="23.76417" lon="120.39944"/>
    <trkpt lat="23.76413" lon="120.3991"/>
    <trkpt lat="23.76412" lon="120.39906"/>
    <trkpt lat="23.76393" lon="120.3983"/>
    <trkpt lat="23.76387" lon="120.39808"/>
    <trkpt lat="23.76378" lon="120.39779"/>
    <trkpt lat="23.76377" lon="120.39775"/>
    <trkpt lat="23.76373" lon="120.39761"/>
    <trkpt lat="23.76359" lon="120.39715"/>
    <trkpt lat="23.76354" lon="120.39699"/>
    <trkpt lat="23.76353" lon="120.39695"/>
    <trkpt lat="23.76333" lon="120.39625"/>
    <trkpt lat="23.7632" lon="120.39583"/>
    <trkpt lat="23.76316" lon="120.39571"/>
    <trkpt lat="23.76313" lon="120.39557"/>
    <trkpt lat="23.76294" lon="120.39475"/>
    <trkpt lat="23.76279" lon="120.39412"/>
    <trkpt lat="23.76279" lon="120.39409"/>
    <trkpt lat="23.76278" lon="120.39403"/>
    <trkpt lat="23.7626" lon="120.39319"/>
    <trkpt lat="23.76251" lon="120.39284"/>
    <trkpt lat="23.7625" lon="120.39279"/>
    <trkpt lat="23.76245" lon="120.39254"/>
    <trkpt lat="23.76213" lon="120.39111"/>
    <trkpt lat="23.76176" lon="120.38947"/>
    <trkpt lat="23.76173" lon="120.38935"/>
    <trkpt lat="23.7617" lon="120.38924"/>
    <trkpt lat="23.76165" lon="120.38902"/>
    <trkpt lat="23.76142" lon="120.38798"/>
    <trkpt lat="23.76136" lon="120.38762"/>
    <trkpt lat="23.7613" lon="120.38718"/>
    <trkpt lat="23.76129" lon="120.38704"/>
    <trkpt lat="23.76124" lon="120.38647"/>
    <trkpt lat="23.76122" lon="120.38609"/>
    <trkpt lat="23.76121" lon="120.38558"/>
    <trkpt lat="23.7612" lon="120.38535"/>
    <trkpt lat="23.7612" lon="120.38523"/>
    <trkpt lat="23.76121" lon="120.38515"/>
    <trkpt lat="23.76121" lon="120.38478"/>
    <trkpt lat="23.76128" lon="120.38044"/>
    <trkpt lat="23.76129" lon="120.38028"/>
    <trkpt lat="23.76129" lon="120.38007"/>
    <trkpt lat="23.76132" lon="120.37728"/>
    <trkpt lat="23.76133" lon="120.37715"/>
    <trkpt lat="23.76133" lon="120.37656"/>
    <trkpt lat="23.76133" lon="120.37645"/>
    <trkpt lat="23.76133" lon="120.37632"/>
    <trkpt lat="23.76132" lon="120.37461"/>
    <trkpt lat="23.7613" lon="120.3713"/>
    <trkpt lat="23.7613" lon="120.37095"/>
    <trkpt lat="23.7613" lon="120.37089"/>
    <trkpt lat="23.7613" lon="120.36953"/>
    <trkpt lat="23.7613" lon="120.36903"/>
    <trkpt lat="23.76128" lon="120.36761"/>
    <trkpt lat="23.76128" lon="120.36749"/>
    <trkpt lat="23.76112" lon="120.36735"/>
    <trkpt lat="23.76075" lon="120.36705"/>
    <trkpt lat="23.76042" lon="120.36676"/>
    <trkpt lat="23.76025" lon="120.36659"/>
    <trkpt lat="23.75966" lon="120.36601"/>
    <trkpt lat="23.7591" lon="120.36551"/>
    <trkpt lat="23.75835" lon="120.36484"/>
    <trkpt lat="23.75828" lon="120.36477"/>
    <trkpt lat="23.75803" lon="120.36454"/>
    <trkpt lat="23.75678" lon="120.36343"/>
    <trkpt lat="23.75667" lon="120.36334"/>
    <trkpt lat="23.75644" lon="120.36311"/>
    <trkpt lat="23.75565" lon="120.36236"/>
    <trkpt lat="23.75543" lon="120.36212"/>
    <trkpt lat="23.75403" lon="120.36045"/>
    <trkpt lat="23.75384" lon="120.36022"/>
    <trkpt lat="23.75349" lon="120.3598"/>
    <trkpt lat="23.75216" lon="120.35817"/>
    <trkpt lat="23.75094" lon="120.35667"/>
    <trkpt lat="23.75074" lon="120.35643"/>
    <trkpt lat="23.75026" lon="120.35582"/>
    <trkpt lat="23.74994" lon="120.35537"/>
    <trkpt lat="23.74983" lon="120.3552"/>
    <trkpt lat="23.7492" lon="120.35414"/>
    <trkpt lat="23.74803" lon="120.3521"/>
    <trkpt lat="23.74796" lon="120.35198"/>
    <trkpt lat="23.74768" lon="120.35149"/>
    <trkpt lat="23.74731" lon="120.35084"/>
    <trkpt lat="23.74709" lon="120.35044"/>
    <trkpt lat="23.74694" lon="120.35019"/>
    <trkpt lat="23.74671" lon="120.3498"/>
    <trkpt lat="23.74654" lon="120.34954"/>
    <trkpt lat="23.74628" lon="120.34919"/>
    <trkpt lat="23.74613" lon="120.34901"/>
    <trkpt lat="23.74598" lon="120.34886"/>
    <trkpt lat="23.74558" lon="120.34847"/>
    <trkpt lat="23.74548" lon="120.34839"/>
    <trkpt lat="23.74497" lon="120.34804"/>
    <trkpt lat="23.7444" lon="120.34765"/>
    <trkpt lat="23.7443" lon="120.34758"/>
    <trkpt lat="23.7441" lon="120.34745"/>
    <trkpt lat="23.74401" lon="120.3474"/>
    <trkpt lat="23.74389" lon="120.34734"/>
    <trkpt lat="23.74363" lon="120.34724"/>
    <trkpt lat="23.74357" lon="120.34723"/>
    <trkpt lat="23.74353" lon="120.34722"/>
    <trkpt lat="23.74347" lon="120.34721"/>
    <trkpt lat="23.74342" lon="120.3472"/>
    <trkpt lat="23.74338" lon="120.34719"/>
    <trkpt lat="23.7433" lon="120.34718"/>
    <trkpt lat="23.7432" lon="120.34717"/>
    <trkpt lat="23.74312" lon="120.34716"/>
    <trkpt lat="23.74253" lon="120.34717"/>
    <trkpt lat="23.74235" lon="120.34718"/>
    <trkpt lat="23.74167" lon="120.34719"/>
    <trkpt lat="23.74141" lon="120.34719"/>
    <trkpt lat="23.74129" lon="120.34719"/>
    <trkpt lat="23.74114" lon="120.34718"/>
    <trkpt lat="23.74103" lon="120.34716"/>
    <trkpt lat="23.74094" lon="120.34715"/>
    <trkpt lat="23.74091" lon="120.34714"/>
    <trkpt lat="23.74075" lon="120.3471"/>
    <trkpt lat="23.74067" lon="120.34709"/>
    <trkpt lat="23.74058" lon="120.34705"/>
    <trkpt lat="23.7405" lon="120.34702"/>
    <trkpt lat="23.74041" lon="120.34698"/>
    <trkpt lat="23.74039" lon="120.34697"/>
    <trkpt lat="23.7403" lon="120.34692"/>
    <trkpt lat="23.74025" lon="120.34689"/>
    <trkpt lat="23.74013" lon="120.34681"/>
    <trkpt lat="23.73996" lon="120.34668"/>
    <trkpt lat="23.73941" lon="120.34618"/>
    <trkpt lat="23.73888" lon="120.34571"/>
    <trkpt lat="23.73884" lon="120.34567"/>
    <trkpt lat="23.73867" lon="120.34555"/>
    <trkpt lat="23.73833" lon="120.34534"/>
    <trkpt lat="23.73807" lon="120.3452"/>
    <trkpt lat="23.73764" lon="120.34499"/>
    <trkpt lat="23.73758" lon="120.34496"/>
    <trkpt lat="23.73731" lon="120.34485"/>
    <trkpt lat="23.73722" lon="120.34482"/>
    <trkpt lat="23.73693" lon="120.34471"/>
    <trkpt lat="23.73684" lon="120.34467"/>
    <trkpt lat="23.73658" lon="120.34459"/>
    <trkpt lat="23.73653" lon="120.34457"/>
    <trkpt lat="23.73648" lon="120.34456"/>
    <trkpt lat="23.73597" lon="120.34445"/>
    <trkpt lat="23.73509" lon="120.3443"/>
    <trkpt lat="23.73496" lon="120.34426"/>
    <trkpt lat="23.73391" lon="120.34398"/>
    <trkpt lat="23.73309" lon="120.34371"/>
    <trkpt lat="23.73266" lon="120.34357"/>
    <trkpt lat="23.7326" lon="120.34355"/>
    <trkpt lat="23.73122" lon="120.34306"/>
    <trkpt lat="23.731" lon="120.34297"/>
    <trkpt lat="23.73099" lon="120.34297"/>
    <trkpt lat="23.73077" lon="120.34288"/>
    <trkpt lat="23.73001" lon="120.34252"/>
    <trkpt lat="23.72949" lon="120.34223"/>
    <trkpt lat="23.7292" lon="120.34208"/>
    <trkpt lat="23.72807" lon="120.34146"/>
    <trkpt lat="23.72768" lon="120.34124"/>
    <trkpt lat="23.72746" lon="120.3411"/>
    <trkpt lat="23.72727" lon="120.34095"/>
    <trkpt lat="23.72709" lon="120.34078"/>
    <trkpt lat="23.7269" lon="120.34056"/>
    <trkpt lat="23.72679" lon="120.34043"/>
    <trkpt lat="23.72666" lon="120.34024"/>
    <trkpt lat="23.7266" lon="120.34013"/>
    <trkpt lat="23.72651" lon="120.33997"/>
    <trkpt lat="23.72639" lon="120.33969"/>
    <trkpt lat="23.72631" lon="120.33945"/>
    <trkpt lat="23.72625" lon="120.33919"/>
    <trkpt lat="23.72623" lon="120.33898"/>
    <trkpt lat="23.72621" lon="120.33873"/>
    <trkpt lat="23.72622" lon="120.33803"/>
    <trkpt lat="23.72629" lon="120.33679"/>
    <trkpt lat="23.72638" lon="120.33508"/>
    <trkpt lat="23.72647" lon="120.33374"/>
    <trkpt lat="23.72648" lon="120.33292"/>
    <trkpt lat="23.72646" lon="120.33254"/>
    <trkpt lat="23.72644" lon="120.33239"/>
    <trkpt lat="23.7264" lon="120.3322"/>
    <trkpt lat="23.72635" lon="120.33201"/>
    <trkpt lat="23.72629" lon="120.33183"/>
    <trkpt lat="23.7262" lon="120.33161"/>
    <trkpt lat="23.72608" lon="120.33138"/>
    <trkpt lat="23.72587" lon="120.33104"/>
    <trkpt lat="23.72574" lon="120.33088"/>
    <trkpt lat="23.72574" lon="120.33087"/>
    <trkpt lat="23.72561" lon="120.33073"/>
    <trkpt lat="23.72549" lon="120.33062"/>
    <trkpt lat="23.72537" lon="120.33051"/>
    <trkpt lat="23.72527" lon="120.33044"/>
    <trkpt lat="23.72499" lon="120.33025"/>
    <trkpt lat="23.72487" lon="120.33017"/>
    <trkpt lat="23.7248" lon="120.33013"/>
    <trkpt lat="23.72419" lon="120.32977"/>
    <trkpt lat="23.72394" lon="120.32963"/>
    <trkpt lat="23.72202" lon="120.32854"/>
    <trkpt lat="23.72089" lon="120.32788"/>
    <trkpt lat="23.72018" lon="120.32748"/>
    <trkpt lat="23.71989" lon="120.3273"/>
    <trkpt lat="23.71848" lon="120.32645"/>
    <trkpt lat="23.71736" lon="120.32583"/>
    <trkpt lat="23.71703" lon="120.32563"/>
    <trkpt lat="23.71627" lon="120.3252"/>
    <trkpt lat="23.71616" lon="120.32515"/>
    <trkpt lat="23.71598" lon="120.32505"/>
    <trkpt lat="23.71587" lon="120.32498"/>
    <trkpt lat="23.71562" lon="120.32484"/>
    <trkpt lat="23.71508" lon="120.32454"/>
    <trkpt lat="23.71413" lon="120.32401"/>
    <trkpt lat="23.71372" lon="120.32378"/>
    <trkpt lat="23.7132" lon="120.32348"/>
    <trkpt lat="23.71223" lon="120.32292"/>
    <trkpt lat="23.71177" lon="120.32264"/>
    <trkpt lat="23.71014" lon="120.32172"/>
    <trkpt lat="23.71008" lon="120.32169"/>
    <trkpt lat="23.71005" lon="120.32167"/>
    <trkpt lat="23.70858" lon="120.32082"/>
    <trkpt lat="23.70844" lon="120.32074"/>
    <trkpt lat="23.70736" lon="120.32011"/>
    <trkpt lat="23.70653" lon="120.31961"/>
    <trkpt lat="23.70647" lon="120.31959"/>
    <trkpt lat="23.70478" lon="120.31861"/>
    <trkpt lat="23.70466" lon="120.31854"/>
    <trkpt lat="23.70297" lon="120.31757"/>
    <trkpt lat="23.7029" lon="120.31753"/>
    <trkpt lat="23.70235" lon="120.31721"/>
    <trkpt lat="23.70174" lon="120.31684"/>
    <trkpt lat="23.70169" lon="120.31682"/>
    <trkpt lat="23.70145" lon="120.31668"/>
    <trkpt lat="23.69974" lon="120.31569"/>
    <trkpt lat="23.69971" lon="120.31567"/>
    <trkpt lat="23.69966" lon="120.31564"/>
    <trkpt lat="23.69956" lon="120.31558"/>
    <trkpt lat="23.69826" lon="120.31482"/>
    <trkpt lat="23.69785" lon="120.31458"/>
    <trkpt lat="23.69758" lon="120.31443"/>
    <trkpt lat="23.69721" lon="120.31422"/>
    <trkpt lat="23.6966" lon="120.31389"/>
    <trkpt lat="23.69653" lon="120.31385"/>
    <trkpt lat="23.6964" lon="120.31377"/>
    <trkpt lat="23.69539" lon="120.31321"/>
    <trkpt lat="23.69535" lon="120.31319"/>
    <trkpt lat="23.69509" lon="120.31302"/>
    <trkpt lat="23.69497" lon="120.31271"/>
    <trkpt lat="23.69486" lon="120.31237"/>
    <trkpt lat="23.69475" lon="120.31207"/>
    <trkpt lat="23.69472" lon="120.31197"/>
    <trkpt lat="23.69468" lon="120.31185"/>
    <trkpt lat="23.69461" lon="120.31166"/>
    <trkpt lat="23.69457" lon="120.31143"/>
    <trkpt lat="23.6945" lon="120.31063"/>
    <trkpt lat="23.69444" lon="120.31024"/>
    <trkpt lat="23.69441" lon="120.31009"/>
    <trkpt lat="23.69436" lon="120.30986"/>
    <trkpt lat="23.69432" lon="120.30967"/>
    <trkpt lat="23.69428" lon="120.30948"/>
    <trkpt lat="23.69416" lon="120.30917"/>
    <trkpt lat="23.69396" lon="120.30877"/>
    <trkpt lat="23.69394" lon="120.30873"/>
    <trkpt lat="23.69392" lon="120.30869"/>
    <trkpt lat="23.69369" lon="120.30827"/>
    <trkpt lat="23.69345" lon="120.30785"/>
    <trkpt lat="23.69316" lon="120.3073"/>
    <trkpt lat="23.69308" lon="120.30716"/>
    <trkpt lat="23.69303" lon="120.30707"/>
    <trkpt lat="23.69286" lon="120.30674"/>
    <trkpt lat="23.69268" lon="120.30638"/>
    <trkpt lat="23.69244" lon="120.30591"/>
    <trkpt lat="23.69227" lon="120.30554"/>
    <trkpt lat="23.69159" lon="120.30417"/>
    <trkpt lat="23.6912" lon="120.30332"/>
    <trkpt lat="23.6912" lon="120.30319"/>
    <trkpt lat="23.69044" lon="120.30173"/>
    <trkpt lat="23.69043" lon="120.30171"/>
    <trkpt lat="23.68979" lon="120.30035"/>
    <trkpt lat="23.68947" lon="120.29966"/>
    <trkpt lat="23.68942" lon="120.29957"/>
    <trkpt lat="23.68936" lon="120.29945"/>
    <trkpt lat="23.68827" lon="120.29732"/>
    <trkpt lat="23.68737" lon="120.29568"/>
    <trkpt lat="23.68719" lon="120.29534"/>
    <trkpt lat="23.68686" lon="120.29473"/>
    <trkpt lat="23.68672" lon="120.29447"/>
    <trkpt lat="23.68627" lon="120.29362"/>
    <trkpt lat="23.68578" lon="120.29267"/>
    <trkpt lat="23.68571" lon="120.29253"/>
    <trkpt lat="23.68543" lon="120.29201"/>
    <trkpt lat="23.6843" lon="120.28971"/>
    <trkpt lat="23.68391" lon="120.28891"/>
    <trkpt lat="23.68357" lon="120.28822"/>
    <trkpt lat="23.68339" lon="120.28782"/>
    <trkpt lat="23.68325" lon="120.28753"/>
    <trkpt lat="23.68321" lon="120.28742"/>
    <trkpt lat="23.683" lon="120.28689"/>
    <trkpt lat="23.68292" lon="120.28694"/>
    <trkpt lat="23.68283" lon="120.28699"/>
    <trkpt lat="23.68276" lon="120.28703"/>
    <trkpt lat="23.68239" lon="120.28727"/>
    <trkpt lat="23.68204" lon="120.28743"/>
    <trkpt lat="23.68194" lon="120.28747"/>
    <trkpt lat="23.6819" lon="120.28748"/>
    <trkpt lat="23.68185" lon="120.28749"/>
    <trkpt lat="23.68178" lon="120.28749"/>
    <trkpt lat="23.68171" lon="120.28748"/>
    <trkpt lat="23.68023" lon="120.2874"/>
    <trkpt lat="23.67999" lon="120.28739"/>
    <trkpt lat="23.67989" lon="120.28741"/>
    <trkpt lat="23.67913" lon="120.28769"/>
    <trkpt lat="23.67861" lon="120.28787"/>
    <trkpt lat="23.67853" lon="120.28789"/>
    <trkpt lat="23.67851" lon="120.28789"/>
    <trkpt lat="23.6785" lon="120.28788"/>
    <trkpt lat="23.67844" lon="120.28785"/>
    <trkpt lat="23.67836" lon="120.28781"/>
    <trkpt lat="23.67812" lon="120.28766"/>
    <trkpt lat="23.67775" lon="120.28744"/>
    <trkpt lat="23.67766" lon="120.2874"/>
    <trkpt lat="23.67755" lon="120.28736"/>
    <trkpt lat="23.67692" lon="120.28718"/>
    <trkpt lat="23.67632" lon="120.28711"/>
    <trkpt lat="23.67606" lon="120.28708"/>
    <trkpt lat="23.67527" lon="120.2869"/>
    <trkpt lat="23.67491" lon="120.28682"/>
    <trkpt lat="23.67429" lon="120.28668"/>
    <trkpt lat="23.67411" lon="120.28664"/>
    <trkpt lat="23.67394" lon="120.2866"/>
    <trkpt lat="23.67324" lon="120.28643"/>
    <trkpt lat="23.672" lon="120.28615"/>
    <trkpt lat="23.67143" lon="120.28602"/>
    <trkpt lat="23.67001" lon="120.28565"/>
    <trkpt lat="23.66877" lon="120.28533"/>
    <trkpt lat="23.66662" lon="120.28477"/>
    <trkpt lat="23.66554" lon="120.2845"/>
    <trkpt lat="23.66451" lon="120.28423"/>
    <trkpt lat="23.66241" lon="120.28367"/>
    <trkpt lat="23.66146" lon="120.28343"/>
    <trkpt lat="23.6611" lon="120.28334"/>
    <trkpt lat="23.6603" lon="120.28313"/>
    <trkpt lat="23.66016" lon="120.2831"/>
    <trkpt lat="23.65937" lon="120.2829"/>
    <trkpt lat="23.65931" lon="120.28288"/>
    <trkpt lat="23.65923" lon="120.28286"/>
    <trkpt lat="23.65828" lon="120.28239"/>
    <trkpt lat="23.65773" lon="120.28212"/>
    <trkpt lat="23.65762" lon="120.28207"/>
    <trkpt lat="23.65756" lon="120.28206"/>
    <trkpt lat="23.65751" lon="120.28204"/>
    <trkpt lat="23.6574" lon="120.28201"/>
    <trkpt lat="23.65713" lon="120.28194"/>
    <trkpt lat="23.65704" lon="120.28191"/>
    <trkpt lat="23.65691" lon="120.28188"/>
    <trkpt lat="23.65669" lon="120.28182"/>
    <trkpt lat="23.6561" lon="120.2817"/>
    <trkpt lat="23.65618" lon="120.28077"/>
    <trkpt lat="23.65627" lon="120.27969"/>
    <trkpt lat="23.65636" lon="120.27874"/>
    <trkpt lat="23.65639" lon="120.27832"/>
    <trkpt lat="23.65642" lon="120.27786"/>
    <trkpt lat="23.65648" lon="120.27704"/>
    <trkpt lat="23.65655" lon="120.27633"/>
    <trkpt lat="23.65658" lon="120.27604"/>
    <trkpt lat="23.65663" lon="120.27574"/>
    <trkpt lat="23.65666" lon="120.27554"/>
    <trkpt lat="23.65671" lon="120.27528"/>
    <trkpt lat="23.65695" lon="120.274"/>
    <trkpt lat="23.65699" lon="120.27382"/>
    <trkpt lat="23.65712" lon="120.27314"/>
    <trkpt lat="23.65702" lon="120.27304"/>
    <trkpt lat="23.65678" lon="120.27282"/>
    <trkpt lat="23.65572" lon="120.27186"/>
    <trkpt lat="23.6555" lon="120.27165"/>
    <trkpt lat="23.65525" lon="120.27143"/>
    <trkpt lat="23.65498" lon="120.27119"/>
    <trkpt lat="23.65433" lon="120.27059"/>
    <trkpt lat="23.6542" lon="120.27049"/>
    <trkpt lat="23.65371" lon="120.27003"/>
    <trkpt lat="23.6532" lon="120.26955"/>
    <trkpt lat="23.65257" lon="120.26898"/>
    <trkpt lat="23.65249" lon="120.26891"/>
    <trkpt lat="23.6522" lon="120.26865"/>
    <trkpt lat="23.65173" lon="120.26822"/>
    <trkpt lat="23.65146" lon="120.26797"/>
    <trkpt lat="23.65025" lon="120.26687"/>
    <trkpt lat="23.64959" lon="120.26627"/>
    <trkpt lat="23.6491" lon="120.26583"/>
    <trkpt lat="23.64899" lon="120.26574"/>
    <trkpt lat="23.64884" lon="120.26561"/>
    <trkpt lat="23.6485" lon="120.26531"/>
    <trkpt lat="23.64848" lon="120.26529"/>
    <trkpt lat="23.64836" lon="120.26517"/>
    <trkpt lat="23.64827" lon="120.26508"/>
    <trkpt lat="23.64818" lon="120.265"/>
    <trkpt lat="23.64813" lon="120.26494"/>
    <trkpt lat="23.64809" lon="120.26488"/>
    <trkpt lat="23.64804" lon="120.2648"/>
    <trkpt lat="23.64779" lon="120.26432"/>
    <trkpt lat="23.64737" lon="120.26346"/>
    <trkpt lat="23.64723" lon="120.26319"/>
    <trkpt lat="23.64712" lon="120.26298"/>
    <trkpt lat="23.64699" lon="120.26274"/>
    <trkpt lat="23.64697" lon="120.26269"/>
    <trkpt lat="23.64695" lon="120.26265"/>
    <trkpt lat="23.64694" lon="120.26261"/>
    <trkpt lat="23.64693" lon="120.26257"/>
    <trkpt lat="23.64692" lon="120.2625"/>
    <trkpt lat="23.64691" lon="120.26239"/>
    <trkpt lat="23.6469" lon="120.26227"/>
    <trkpt lat="23.64691" lon="120.2621"/>
    <trkpt lat="23.64693" lon="120.26151"/>
    <trkpt lat="23.64695" lon="120.26125"/>
    <trkpt lat="23.64696" lon="120.26117"/>
    <trkpt lat="23.64705" lon="120.26028"/>
    <trkpt lat="23.64715" lon="120.2592"/>
    <trkpt lat="23.64718" lon="120.25884"/>
    <trkpt lat="23.64696" lon="120.25876"/>
    <trkpt lat="23.64618" lon="120.25849"/>
    <trkpt lat="23.64536" lon="120.2582"/>
    <trkpt lat="23.6451" lon="120.25812"/>
    <trkpt lat="23.64294" lon="120.25741"/>
    <trkpt lat="23.64231" lon="120.2572"/>
    <trkpt lat="23.64214" lon="120.25715"/>
    <trkpt lat="23.64197" lon="120.2571"/>
    <trkpt lat="23.64179" lon="120.25706"/>
    <trkpt lat="23.64163" lon="120.25703"/>
    <trkpt lat="23.639" lon="120.25653"/>
    <trkpt lat="23.63826" lon="120.25639"/>
    <trkpt lat="23.63729" lon="120.2562"/>
    <trkpt lat="23.63556" lon="120.25587"/>
    <trkpt lat="23.63448" lon="120.25565"/>
    <trkpt lat="23.6341" lon="120.25557"/>
    <trkpt lat="23.63333" lon="120.2554"/>
    <trkpt lat="23.6326" lon="120.25525"/>
    <trkpt lat="23.63216" lon="120.25515"/>
    <trkpt lat="23.63208" lon="120.25514"/>
    <trkpt lat="23.63201" lon="120.25516"/>
    <trkpt lat="23.63195" lon="120.25517"/>
    <trkpt lat="23.63189" lon="120.25519"/>
    <trkpt lat="23.63158" lon="120.25529"/>
    <trkpt lat="23.63148" lon="120.25532"/>
    <trkpt lat="23.63043" lon="120.25567"/>
    <trkpt lat="23.63017" lon="120.25577"/>
    <trkpt lat="23.6301" lon="120.2558"/>
    <trkpt lat="23.6295" lon="120.256"/>
    <trkpt lat="23.62937" lon="120.25604"/>
    <trkpt lat="23.62928" lon="120.25608"/>
    <trkpt lat="23.62864" lon="120.25641"/>
    <trkpt lat="23.62746" lon="120.25701"/>
    <trkpt lat="23.62528" lon="120.25812"/>
    <trkpt lat="23.62326" lon="120.25913"/>
    <trkpt lat="23.62314" lon="120.25919"/>
    <trkpt lat="23.62179" lon="120.25985"/>
    <trkpt lat="23.62159" lon="120.25995"/>
    <trkpt lat="23.62116" lon="120.26017"/>
    <trkpt lat="23.62061" lon="120.26045"/>
    <trkpt lat="23.62046" lon="120.26053"/>
    <trkpt lat="23.6205" lon="120.26062"/>
    <trkpt lat="23.62074" lon="120.26102"/>
    <trkpt lat="23.62079" lon="120.26109"/>
    <trkpt lat="23.62088" lon="120.26123"/>
    <trkpt lat="23.62079" lon="120.26109"/>
    <trkpt lat="23.62074" lon="120.26102"/>
    <trkpt lat="23.6205" lon="120.26062"/>
    <trkpt lat="23.62046" lon="120.26053"/>
    <trkpt lat="23.62006" lon="120.25934"/>
    <trkpt lat="23.62005" lon="120.2593"/>
    <trkpt lat="23.61946" lon="120.25766"/>
    <trkpt lat="23.61836" lon="120.25473"/>
    <trkpt lat="23.61798" lon="120.25373"/>
    <trkpt lat="23.61719" lon="120.25208"/>
    <trkpt lat="23.61717" lon="120.25205"/>
    <trkpt lat="23.61689" lon="120.25145"/>
    <trkpt lat="23.61682" lon="120.2513"/>
    <trkpt lat="23.61668" lon="120.25097"/>
    <trkpt lat="23.61664" lon="120.25088"/>
    <trkpt lat="23.6166" lon="120.25082"/>
    <trkpt lat="23.61657" lon="120.25076"/>
    <trkpt lat="23.61654" lon="120.25073"/>
    <trkpt lat="23.61645" lon="120.25069"/>
    <trkpt lat="23.61642" lon="120.25067"/>
    <trkpt lat="23.61638" lon="120.25065"/>
    <trkpt lat="23.61634" lon="120.25063"/>
    <trkpt lat="23.61617" lon="120.25053"/>
    <trkpt lat="23.61602" lon="120.25046"/>
    <trkpt lat="23.61589" lon="120.25039"/>
    <trkpt lat="23.61584" lon="120.25037"/>
    <trkpt lat="23.61574" lon="120.2503"/>
    <trkpt lat="23.61562" lon="120.25023"/>
    <trkpt lat="23.61553" lon="120.25015"/>
    <trkpt lat="23.61545" lon="120.25007"/>
    <trkpt lat="23.61538" lon="120.25"/>
    <trkpt lat="23.61531" lon="120.24985"/>
    <trkpt lat="23.61529" lon="120.2498"/>
    <trkpt lat="23.61487" lon="120.24906"/>
    <trkpt lat="23.61475" lon="120.24888"/>
    <trkpt lat="23.61336" lon="120.2465"/>
    <trkpt lat="23.61292" lon="120.24574"/>
    <trkpt lat="23.61271" lon="120.2454"/>
    <trkpt lat="23.61179" lon="120.24384"/>
    <trkpt lat="23.61087" lon="120.24225"/>
    <trkpt lat="23.60906" lon="120.24182"/>
    <trkpt lat="23.60881" lon="120.24176"/>
    <trkpt lat="23.60711" lon="120.24138"/>
    <trkpt lat="23.60617" lon="120.24115"/>
    <trkpt lat="23.60528" lon="120.24095"/>
    <trkpt lat="23.60404" lon="120.24066"/>
    <trkpt lat="23.604" lon="120.24073"/>
    <trkpt lat="23.60244" lon="120.24063"/>
    <trkpt lat="23.60236" lon="120.24063"/>
    <trkpt lat="23.60122" lon="120.24058"/>
    <trkpt lat="23.601" lon="120.2391"/>
    <trkpt lat="23.60092" lon="120.23867"/>
    <trkpt lat="23.60026" lon="120.2387"/>
    <trkpt lat="23.5994" lon="120.23872"/>
    <trkpt lat="23.59827" lon="120.23875"/>
    <trkpt lat="23.59799" lon="120.23876"/>
    <trkpt lat="23.59679" lon="120.23879"/>
    <trkpt lat="23.5965" lon="120.23879"/>
    <trkpt lat="23.59536" lon="120.2388"/>
    <trkpt lat="23.59437" lon="120.23883"/>
    <trkpt lat="23.59434" lon="120.23883"/>
    <trkpt lat="23.59331" lon="120.23886"/>
    <trkpt lat="23.59216" lon="120.23889"/>
    <trkpt lat="23.59202" lon="120.2389"/>
    <trkpt lat="23.59164" lon="120.23891"/>
    <trkpt lat="23.59144" lon="120.23891"/>
    <trkpt lat="23.5914" lon="120.23891"/>
    <trkpt lat="23.59085" lon="120.23893"/>
    <trkpt lat="23.58889" lon="120.239"/>
    <trkpt lat="23.58794" lon="120.23901"/>
    <trkpt lat="23.58714" lon="120.23903"/>
    <trkpt lat="23.58685" lon="120.23905"/>
    <trkpt lat="23.58655" lon="120.23905"/>
    <trkpt lat="23.58539" lon="120.23908"/>
    <trkpt lat="23.58491" lon="120.2391"/>
    <trkpt lat="23.58436" lon="120.2391"/>
    <trkpt lat="23.58426" lon="120.23911"/>
    <trkpt lat="23.58278" lon="120.23915"/>
    <trkpt lat="23.58274" lon="120.23914"/>
    <trkpt lat="23.5825" lon="120.23914"/>
    <trkpt lat="23.58246" lon="120.23914"/>
    <trkpt lat="23.5817" lon="120.23917"/>
    <trkpt lat="23.58079" lon="120.23922"/>
    <trkpt lat="23.57949" lon="120.23931"/>
    <trkpt lat="23.57788" lon="120.23942"/>
    <trkpt lat="23.57549" lon="120.23955"/>
    <trkpt lat="23.57527" lon="120.23956"/>
    <trkpt lat="23.575" lon="120.23958"/>
    <trkpt lat="23.57466" lon="120.23961"/>
    <trkpt lat="23.57383" lon="120.23966"/>
    <trkpt lat="23.57364" lon="120.23967"/>
    <trkpt lat="23.57306" lon="120.2397"/>
    <trkpt lat="23.57266" lon="120.2397"/>
    <trkpt lat="23.57192" lon="120.23975"/>
    <trkpt lat="23.57196" lon="120.23925"/>
    <trkpt lat="23.57211" lon="120.2372"/>
    <trkpt lat="23.5722" lon="120.23594"/>
    <trkpt lat="23.57222" lon="120.2357"/>
    <trkpt lat="23.57209" lon="120.23553"/>
    <trkpt lat="23.57201" lon="120.23541"/>
    <trkpt lat="23.57182" lon="120.23519"/>
    <trkpt lat="23.57055" lon="120.23364"/>
    <trkpt lat="23.57044" lon="120.23352"/>
    <trkpt lat="23.57009" lon="120.2331"/>
    <trkpt lat="23.5687" lon="120.23144"/>
    <trkpt lat="23.56773" lon="120.23025"/>
    <trkpt lat="23.56578" lon="120.22797"/>
    <trkpt lat="23.56521" lon="120.22729"/>
    <trkpt lat="23.56511" lon="120.22718"/>
    <trkpt lat="23.56479" lon="120.22679"/>
    <trkpt lat="23.56381" lon="120.22573"/>
    <trkpt lat="23.56184" lon="120.22355"/>
    <trkpt lat="23.56163" lon="120.22331"/>
    <trkpt lat="23.56123" lon="120.22282"/>
    <trkpt lat="23.56119" lon="120.22277"/>
    <trkpt lat="23.56088" lon="120.22238"/>
    <trkpt lat="23.56005" lon="120.22144"/>
    <trkpt lat="23.55948" lon="120.2208"/>
    <trkpt lat="23.55942" lon="120.22072"/>
    <trkpt lat="23.55899" lon="120.22023"/>
    <trkpt lat="23.55891" lon="120.22014"/>
    <trkpt lat="23.55867" lon="120.21985"/>
    <trkpt lat="23.55852" lon="120.21966"/>
    <trkpt lat="23.55811" lon="120.21916"/>
    <trkpt lat="23.55759" lon="120.21852"/>
    <trkpt lat="23.55754" lon="120.21838"/>
    <trkpt lat="23.55752" lon="120.21825"/>
    <trkpt lat="23.55748" lon="120.2179"/>
    <trkpt lat="23.55744" lon="120.21758"/>
    <trkpt lat="23.55739" lon="120.21712"/>
    <trkpt lat="23.55728" lon="120.21597"/>
    <trkpt lat="23.55725" lon="120.2157"/>
    <trkpt lat="23.55701" lon="120.21327"/>
    <trkpt lat="23.55699" lon="120.2128"/>
    <trkpt lat="23.55693" lon="120.21196"/>
    <trkpt lat="23.55692" lon="120.2118"/>
    <trkpt lat="23.55681" lon="120.20939"/>
    <trkpt lat="23.55678" lon="120.20877"/>
    <trkpt lat="23.55676" lon="120.20814"/>
    <trkpt lat="23.55675" lon="120.20777"/>
    <trkpt lat="23.55672" lon="120.20715"/>
    <trkpt lat="23.55646" lon="120.20686"/>
    <trkpt lat="23.55626" lon="120.20665"/>
    <trkpt lat="23.55604" lon="120.20639"/>
    <trkpt lat="23.55599" lon="120.20633"/>
    <trkpt lat="23.55596" lon="120.20629"/>
    <trkpt lat="23.55593" lon="120.20623"/>
    <trkpt lat="23.55574" lon="120.20585"/>
    <trkpt lat="23.55571" lon="120.20577"/>
    <trkpt lat="23.55563" lon="120.20562"/>
    <trkpt lat="23.55544" lon="120.20522"/>
    <trkpt lat="23.5551" lon="120.20455"/>
    <trkpt lat="23.55494" lon="120.20421"/>
    <trkpt lat="23.5548" lon="120.20386"/>
    <trkpt lat="23.55461" lon="120.20334"/>
    <trkpt lat="23.55456" lon="120.20321"/>
    <trkpt lat="23.55388" lon="120.20144"/>
    <trkpt lat="23.55366" lon="120.20087"/>
    <trkpt lat="23.5536" lon="120.20076"/>
    <trkpt lat="23.55354" lon="120.20063"/>
    <trkpt lat="23.55272" lon="120.19956"/>
    <trkpt lat="23.55229" lon="120.19909"/>
    <trkpt lat="23.55209" lon="120.19884"/>
    <trkpt lat="23.552" lon="120.19874"/>
    <trkpt lat="23.55049" lon="120.19683"/>
    <trkpt lat="23.54951" lon="120.19555"/>
    <trkpt lat="23.54931" lon="120.19529"/>
    <trkpt lat="23.54926" lon="120.19523"/>
    <trkpt lat="23.54855" lon="120.19436"/>
    <trkpt lat="23.54826" lon="120.19399"/>
    <trkpt lat="23.54777" lon="120.19338"/>
    <trkpt lat="23.5477" lon="120.19329"/>
    <trkpt lat="23.54756" lon="120.19311"/>
    <trkpt lat="23.54756" lon="120.1931"/>
    <trkpt lat="23.54745" lon="120.19296"/>
    <trkpt lat="23.54744" lon="120.19295"/>
    <trkpt lat="23.54728" lon="120.19273"/>
    <trkpt lat="23.5471" lon="120.19251"/>
    <trkpt lat="23.54662" lon="120.19192"/>
    <trkpt lat="23.5463" lon="120.19193"/>
    <trkpt lat="23.5455" lon="120.1919"/>
    <trkpt lat="23.54517" lon="120.19186"/>
    <trkpt lat="23.54507" lon="120.19184"/>
    <trkpt lat="23.54504" lon="120.19183"/>
    <trkpt lat="23.54527" lon="120.19119"/>
    <trkpt lat="23.54528" lon="120.19117"/>
    <trkpt lat="23.54529" lon="120.19116"/>
    <trkpt lat="23.54531" lon="120.19114"/>
    <trkpt lat="23.54532" lon="120.19114"/>
    <trkpt lat="23.54534" lon="120.19113"/>
    <trkpt lat="23.54535" lon="120.19113"/>
    <trkpt lat="23.54536" lon="120.19113"/>
    <trkpt lat="23.54538" lon="120.19114"/>
    <trkpt lat="23.54549" lon="120.19122"/>
    <trkpt lat="23.54551" lon="120.19122"/>
    <trkpt lat="23.54553" lon="120.19123"/>
    <trkpt lat="23.54554" lon="120.19123"/>
    <trkpt lat="23.54556" lon="120.19123"/>
    <trkpt lat="23.54557" lon="120.19123"/>
    <trkpt lat="23.54564" lon="120.1912"/>
    <trkpt lat="23.54565" lon="120.1912"/>
    <trkpt lat="23.54567" lon="120.1912"/>
    <trkpt lat="23.54568" lon="120.1912"/>
    <trkpt lat="23.5458" lon="120.19127"/>
    <trkpt lat="23.54591" lon="120.19132"/>
    <trkpt lat="23.54601" lon="120.19135"/>
    <trkpt lat="23.54591" lon="120.19132"/>
    <trkpt lat="23.5458" lon="120.19127"/>
    <trkpt lat="23.54568" lon="120.1912"/>
    <trkpt lat="23.54567" lon="120.1912"/>
    <trkpt lat="23.54565" lon="120.1912"/>
    <trkpt lat="23.54564" lon="120.1912"/>
    <trkpt lat="23.54557" lon="120.19123"/>
    <trkpt lat="23.54556" lon="120.19123"/>
    <trkpt lat="23.54554" lon="120.19123"/>
    <trkpt lat="23.54553" lon="120.19123"/>
    <trkpt lat="23.54551" lon="120.19122"/>
    <trkpt lat="23.54549" lon="120.19122"/>
    <trkpt lat="23.54538" lon="120.19114"/>
    <trkpt lat="23.54536" lon="120.19113"/>
    <trkpt lat="23.54535" lon="120.19113"/>
    <trkpt lat="23.54534" lon="120.19113"/>
    <trkpt lat="23.54532" lon="120.19114"/>
    <trkpt lat="23.54531" lon="120.19114"/>
    <trkpt lat="23.54529" lon="120.19116"/>
    <trkpt lat="23.54528" lon="120.19117"/>
    <trkpt lat="23.54527" lon="120.19119"/>
    <trkpt lat="23.54504" lon="120.19183"/>
    <trkpt lat="23.54487" lon="120.1918"/>
    <trkpt lat="23.5445" lon="120.19169"/>
    <trkpt lat="23.54423" lon="120.19159"/>
    <trkpt lat="23.54416" lon="120.19156"/>
    <trkpt lat="23.54408" lon="120.1915"/>
    <trkpt lat="23.544" lon="120.19142"/>
    <trkpt lat="23.54393" lon="120.19135"/>
    <trkpt lat="23.54387" lon="120.19126"/>
    <trkpt lat="23.54367" lon="120.19081"/>
    <trkpt lat="23.54353" lon="120.19021"/>
    <trkpt lat="23.54351" lon="120.19013"/>
    <trkpt lat="23.54311" lon="120.19011"/>
    <trkpt lat="23.54307" lon="120.19011"/>
    <trkpt lat="23.54222" lon="120.18994"/>
    <trkpt lat="23.54194" lon="120.18988"/>
    <trkpt lat="23.54125" lon="120.18977"/>
    <trkpt lat="23.54086" lon="120.18969"/>
    <trkpt lat="23.53948" lon="120.18943"/>
    <trkpt lat="23.53892" lon="120.18933"/>
    <trkpt lat="23.53889" lon="120.1893"/>
    <trkpt lat="23.53888" lon="120.18929"/>
    <trkpt lat="23.53886" lon="120.18928"/>
    <trkpt lat="23.53882" lon="120.18927"/>
    <trkpt lat="23.53867" lon="120.18925"/>
    <trkpt lat="23.53847" lon="120.18921"/>
    <trkpt lat="23.5384" lon="120.18919"/>
    <trkpt lat="23.5381" lon="120.1891"/>
    <trkpt lat="23.5378" lon="120.18893"/>
    <trkpt lat="23.53762" lon="120.1888"/>
    <trkpt lat="23.53753" lon="120.18882"/>
    <trkpt lat="23.53723" lon="120.18882"/>
    <trkpt lat="23.53639" lon="120.18876"/>
    <trkpt lat="23.5355" lon="120.18864"/>
    <trkpt lat="23.53426" lon="120.18847"/>
    <trkpt lat="23.53409" lon="120.18846"/>
    <trkpt lat="23.53388" lon="120.18842"/>
    <trkpt lat="23.53364" lon="120.18839"/>
    <trkpt lat="23.53272" lon="120.18828"/>
    <trkpt lat="23.53257" lon="120.18826"/>
    <trkpt lat="23.53132" lon="120.18814"/>
    <trkpt lat="23.53021" lon="120.18804"/>
    <trkpt lat="23.53011" lon="120.18802"/>
    <trkpt lat="23.52999" lon="120.18801"/>
    <trkpt lat="23.52994" lon="120.188"/>
    <trkpt lat="23.52976" lon="120.18797"/>
    <trkpt lat="23.52954" lon="120.18792"/>
    <trkpt lat="23.52936" lon="120.18787"/>
    <trkpt lat="23.52923" lon="120.18783"/>
    <trkpt lat="23.52905" lon="120.18777"/>
    <trkpt lat="23.52865" lon="120.18759"/>
    <trkpt lat="23.5285" lon="120.18752"/>
    <trkpt lat="23.52835" lon="120.18743"/>
    <trkpt lat="23.5271" lon="120.18663"/>
    <trkpt lat="23.52662" lon="120.18628"/>
    <trkpt lat="23.52644" lon="120.18616"/>
    <trkpt lat="23.5254" lon="120.18547"/>
    <trkpt lat="23.52457" lon="120.18496"/>
    <trkpt lat="23.52246" lon="120.18362"/>
    <trkpt lat="23.52214" lon="120.18343"/>
    <trkpt lat="23.52176" lon="120.18321"/>
    <trkpt lat="23.52082" lon="120.18263"/>
    <trkpt lat="23.52035" lon="120.18234"/>
    <trkpt lat="23.51967" lon="120.18191"/>
    <trkpt lat="23.51932" lon="120.18173"/>
    <trkpt lat="23.51901" lon="120.18154"/>
    <trkpt lat="23.51886" lon="120.18144"/>
    <trkpt lat="23.51874" lon="120.18137"/>
    <trkpt lat="23.5184" lon="120.18113"/>
    <trkpt lat="23.51825" lon="120.18102"/>
    <trkpt lat="23.5181" lon="120.18092"/>
    <trkpt lat="23.51795" lon="120.18081"/>
    <trkpt lat="23.51754" lon="120.18052"/>
    <trkpt lat="23.5175" lon="120.18049"/>
    <trkpt lat="23.51736" lon="120.18037"/>
    <trkpt lat="23.51658" lon="120.17975"/>
    <trkpt lat="23.51649" lon="120.17968"/>
    <trkpt lat="23.51635" lon="120.17956"/>
    <trkpt lat="23.51621" lon="120.17944"/>
    <trkpt lat="23.51615" lon="120.17939"/>
    <trkpt lat="23.516" lon="120.17927"/>
    <trkpt lat="23.51592" lon="120.17921"/>
    <trkpt lat="23.51585" lon="120.17914"/>
    <trkpt lat="23.5157" lon="120.17902"/>
    <trkpt lat="23.51532" lon="120.17873"/>
    <trkpt lat="23.51512" lon="120.17857"/>
    <trkpt lat="23.51498" lon="120.17845"/>
    <trkpt lat="23.51454" lon="120.1781"/>
    <trkpt lat="23.5144" lon="120.17798"/>
    <trkpt lat="23.51411" lon="120.17775"/>
    <trkpt lat="23.51397" lon="120.17763"/>
    <trkpt lat="23.51396" lon="120.17763"/>
    <trkpt lat="23.51382" lon="120.17751"/>
    <trkpt lat="23.51354" lon="120.17728"/>
    <trkpt lat="23.51353" lon="120.17728"/>
    <trkpt lat="23.51304" lon="120.17688"/>
    <trkpt lat="23.51296" lon="120.17681"/>
    <trkpt lat="23.51282" lon="120.1767"/>
    <trkpt lat="23.51254" lon="120.17646"/>
    <trkpt lat="23.51239" lon="120.17634"/>
    <trkpt lat="23.51238" lon="120.17633"/>
    <trkpt lat="23.5123" lon="120.17626"/>
    <trkpt lat="23.51182" lon="120.17587"/>
    <trkpt lat="23.51166" lon="120.17575"/>
    <trkpt lat="23.51124" lon="120.17541"/>
    <trkpt lat="23.51101" lon="120.17522"/>
    <trkpt lat="23.51095" lon="120.17518"/>
    <trkpt lat="23.51072" lon="120.17501"/>
    <trkpt lat="23.51057" lon="120.1749"/>
    <trkpt lat="23.51042" lon="120.17479"/>
    <trkpt lat="23.51041" lon="120.17478"/>
    <trkpt lat="23.5103" lon="120.1747"/>
    <trkpt lat="23.50987" lon="120.17447"/>
    <trkpt lat="23.50982" lon="120.17444"/>
    <trkpt lat="23.5095" lon="120.17427"/>
    <trkpt lat="23.50937" lon="120.1742"/>
    <trkpt lat="23.50933" lon="120.17418"/>
    <trkpt lat="23.509" lon="120.17404"/>
    <trkpt lat="23.50884" lon="120.17397"/>
    <trkpt lat="23.50883" lon="120.17397"/>
    <trkpt lat="23.50866" lon="120.1739"/>
    <trkpt lat="23.50834" lon="120.17378"/>
    <trkpt lat="23.50796" lon="120.17364"/>
    <trkpt lat="23.50693" lon="120.17329"/>
    <trkpt lat="23.5042" lon="120.17241"/>
    <trkpt lat="23.50265" lon="120.17191"/>
    <trkpt lat="23.50212" lon="120.17175"/>
    <trkpt lat="23.50178" lon="120.17165"/>
    <trkpt lat="23.50175" lon="120.17164"/>
    <trkpt lat="23.50144" lon="120.17154"/>
    <trkpt lat="23.50058" lon="120.17125"/>
    <trkpt lat="23.49994" lon="120.17103"/>
    <trkpt lat="23.49892" lon="120.17073"/>
    <trkpt lat="23.4989" lon="120.17072"/>
    <trkpt lat="23.49804" lon="120.17046"/>
    <trkpt lat="23.49746" lon="120.17025"/>
    <trkpt lat="23.4974" lon="120.17023"/>
    <trkpt lat="23.49653" lon="120.17"/>
    <trkpt lat="23.4962" lon="120.16992"/>
    <trkpt lat="23.49582" lon="120.16985"/>
    <trkpt lat="23.4954" lon="120.16981"/>
    <trkpt lat="23.49507" lon="120.16977"/>
    <trkpt lat="23.49458" lon="120.16975"/>
    <trkpt lat="23.49401" lon="120.16973"/>
    <trkpt lat="23.4935" lon="120.16976"/>
    <trkpt lat="23.49259" lon="120.16979"/>
    <trkpt lat="23.49237" lon="120.1698"/>
    <trkpt lat="23.49214" lon="120.1698"/>
    <trkpt lat="23.49082" lon="120.16976"/>
    <trkpt lat="23.49072" lon="120.16975"/>
    <trkpt lat="23.48992" lon="120.16973"/>
    <trkpt lat="23.48982" lon="120.16973"/>
    <trkpt lat="23.48965" lon="120.16975"/>
    <trkpt lat="23.48926" lon="120.16974"/>
    <trkpt lat="23.48878" lon="120.16974"/>
    <trkpt lat="23.48822" lon="120.16974"/>
    <trkpt lat="23.48811" lon="120.16973"/>
    <trkpt lat="23.48754" lon="120.16973"/>
    <trkpt lat="23.4867" lon="120.1697"/>
    <trkpt lat="23.48546" lon="120.16966"/>
    <trkpt lat="23.48477" lon="120.16965"/>
    <trkpt lat="23.48464" lon="120.16966"/>
    <trkpt lat="23.48433" lon="120.16962"/>
    <trkpt lat="23.48361" lon="120.16953"/>
    <trkpt lat="23.48326" lon="120.16951"/>
    <trkpt lat="23.48254" lon="120.16943"/>
    <trkpt lat="23.48189" lon="120.16934"/>
    <trkpt lat="23.48062" lon="120.16916"/>
    <trkpt lat="23.48023" lon="120.16909"/>
    <trkpt lat="23.48015" lon="120.16908"/>
    <trkpt lat="23.47957" lon="120.16897"/>
    <trkpt lat="23.47951" lon="120.16896"/>
    <trkpt lat="23.47927" lon="120.16894"/>
    <trkpt lat="23.47911" lon="120.16892"/>
    <trkpt lat="23.47876" lon="120.16886"/>
    <trkpt lat="23.47857" lon="120.16883"/>
    <trkpt lat="23.47822" lon="120.16879"/>
    <trkpt lat="23.47806" lon="120.16876"/>
    <trkpt lat="23.4776" lon="120.16868"/>
    <trkpt lat="23.47735" lon="120.16864"/>
    <trkpt lat="23.47689" lon="120.16857"/>
    <trkpt lat="23.47688" lon="120.16857"/>
    <trkpt lat="23.47633" lon="120.16849"/>
    <trkpt lat="23.47596" lon="120.16846"/>
    <trkpt lat="23.47581" lon="120.16844"/>
    <trkpt lat="23.47556" lon="120.16841"/>
    <trkpt lat="23.47432" lon="120.16823"/>
    <trkpt lat="23.47343" lon="120.1681"/>
    <trkpt lat="23.47264" lon="120.16797"/>
    <trkpt lat="23.47156" lon="120.1678"/>
    <trkpt lat="23.47132" lon="120.16777"/>
    <trkpt lat="23.47096" lon="120.16775"/>
    <trkpt lat="23.46948" lon="120.16754"/>
    <trkpt lat="23.46937" lon="120.16752"/>
    <trkpt lat="23.4692" lon="120.16749"/>
    <trkpt lat="23.46881" lon="120.16744"/>
    <trkpt lat="23.46839" lon="120.16738"/>
    <trkpt lat="23.46815" lon="120.16701"/>
    <trkpt lat="23.46802" lon="120.16678"/>
    <trkpt lat="23.46693" lon="120.16486"/>
    <trkpt lat="23.46652" lon="120.16413"/>
    <trkpt lat="23.46614" lon="120.16345"/>
    <trkpt lat="23.46582" lon="120.16288"/>
    <trkpt lat="23.46549" lon="120.16231"/>
    <trkpt lat="23.46491" lon="120.16127"/>
    <trkpt lat="23.4643" lon="120.1602"/>
    <trkpt lat="23.46411" lon="120.15986"/>
    <trkpt lat="23.4638" lon="120.15934"/>
    <trkpt lat="23.46375" lon="120.15924"/>
    <trkpt lat="23.46263" lon="120.15725"/>
    <trkpt lat="23.46262" lon="120.15723"/>
    <trkpt lat="23.46253" lon="120.15709"/>
    <trkpt lat="23.46234" lon="120.15682"/>
    <trkpt lat="23.4623" lon="120.15679"/>
    <trkpt lat="23.46227" lon="120.15674"/>
    <trkpt lat="23.46213" lon="120.15659"/>
    <trkpt lat="23.46157" lon="120.15598"/>
    <trkpt lat="23.46088" lon="120.1552"/>
    <trkpt lat="23.45998" lon="120.15423"/>
    <trkpt lat="23.45963" lon="120.15384"/>
    <trkpt lat="23.45904" lon="120.1532"/>
    <trkpt lat="23.45885" lon="120.15298"/>
    <trkpt lat="23.45868" lon="120.15281"/>
    <trkpt lat="23.45844" lon="120.15254"/>
    <trkpt lat="23.45831" lon="120.15238"/>
    <trkpt lat="23.45829" lon="120.15235"/>
    <trkpt lat="23.45821" lon="120.15225"/>
    <trkpt lat="23.45812" lon="120.15214"/>
    <trkpt lat="23.45789" lon="120.1519"/>
    <trkpt lat="23.45762" lon="120.15162"/>
    <trkpt lat="23.45742" lon="120.15142"/>
    <trkpt lat="23.4575" lon="120.15124"/>
    <trkpt lat="23.45763" lon="120.15106"/>
    <trkpt lat="23.45766" lon="120.15101"/>
    <trkpt lat="23.45771" lon="120.15089"/>
    <trkpt lat="23.45776" lon="120.15076"/>
    <trkpt lat="23.45788" lon="120.15046"/>
    <trkpt lat="23.4579" lon="120.15041"/>
    <trkpt lat="23.45798" lon="120.15016"/>
    <trkpt lat="23.45821" lon="120.14958"/>
    <trkpt lat="23.45828" lon="120.14936"/>
    <trkpt lat="23.45831" lon="120.14922"/>
    <trkpt lat="23.45831" lon="120.14916"/>
    <trkpt lat="23.4583" lon="120.14909"/>
    <trkpt lat="23.45828" lon="120.14891"/>
    <trkpt lat="23.45813" lon="120.14837"/>
    <trkpt lat="23.45803" lon="120.14802"/>
    <trkpt lat="23.45758" lon="120.14643"/>
    <trkpt lat="23.45742" lon="120.14594"/>
    <trkpt lat="23.45742" lon="120.14582"/>
    <trkpt lat="23.45738" lon="120.14573"/>
    <trkpt lat="23.45718" lon="120.14524"/>
    <trkpt lat="23.45674" lon="120.14437"/>
    <trkpt lat="23.45634" lon="120.14351"/>
    <trkpt lat="23.45587" lon="120.14253"/>
    <trkpt lat="23.45543" lon="120.14162"/>
    <trkpt lat="23.45499" lon="120.14068"/>
    <trkpt lat="23.45482" lon="120.14032"/>
    <trkpt lat="23.45474" lon="120.14014"/>
    <trkpt lat="23.45443" lon="120.13944"/>
    <trkpt lat="23.45438" lon="120.13933"/>
    <trkpt lat="23.45424" lon="120.13904"/>
    <trkpt lat="23.45388" lon="120.13829"/>
    <trkpt lat="23.45357" lon="120.13765"/>
    <trkpt lat="23.45326" lon="120.13699"/>
    <trkpt lat="23.45314" lon="120.1367"/>
    <trkpt lat="23.45288" lon="120.13616"/>
    <trkpt lat="23.45279" lon="120.13599"/>
    <trkpt lat="23.4527" lon="120.13604"/>
    <trkpt lat="23.45212" lon="120.13637"/>
    <trkpt lat="23.45194" lon="120.13599"/>
    <trkpt lat="23.45212" lon="120.13637"/>
    <trkpt lat="23.45178" lon="120.13656"/>
    <trkpt lat="23.45172" lon="120.1366"/>
    <trkpt lat="23.45186" lon="120.13692"/>
    <trkpt lat="23.45193" lon="120.13707"/>
    <trkpt lat="23.45216" lon="120.13753"/>
    <trkpt lat="23.45218" lon="120.13759"/>
    <trkpt lat="23.45227" lon="120.13754"/>
    <trkpt lat="23.45293" lon="120.13718"/>
    <trkpt lat="23.45294" lon="120.13718"/>
    <trkpt lat="23.45316" lon="120.13704"/>
    <trkpt lat="23.45346" lon="120.13771"/>
    <trkpt lat="23.4536" lon="120.138"/>
    <trkpt lat="23.45376" lon="120.13835"/>
    <trkpt lat="23.45413" lon="120.13911"/>
    <trkpt lat="23.45427" lon="120.13939"/>
    <trkpt lat="23.45432" lon="120.13949"/>
    <trkpt lat="23.45491" lon="120.14073"/>
    <trkpt lat="23.45535" lon="120.14166"/>
    <trkpt lat="23.45579" lon="120.14258"/>
    <trkpt lat="23.45601" lon="120.14304"/>
    <trkpt lat="23.45625" lon="120.14357"/>
    <trkpt lat="23.45665" lon="120.14441"/>
    <trkpt lat="23.45706" lon="120.14532"/>
    <trkpt lat="23.45707" lon="120.14534"/>
    <trkpt lat="23.45729" lon="120.14577"/>
    <trkpt lat="23.45732" lon="120.14586"/>
    <trkpt lat="23.45742" lon="120.14594"/>
    <trkpt lat="23.45758" lon="120.14643"/>
    <trkpt lat="23.45803" lon="120.14802"/>
    <trkpt lat="23.45813" lon="120.14837"/>
    <trkpt lat="23.45828" lon="120.14891"/>
    <trkpt lat="23.4583" lon="120.14909"/>
    <trkpt lat="23.45831" lon="120.14916"/>
    <trkpt lat="23.45831" lon="120.14922"/>
    <trkpt lat="23.45828" lon="120.14936"/>
    <trkpt lat="23.45821" lon="120.14958"/>
    <trkpt lat="23.45798" lon="120.15016"/>
    <trkpt lat="23.4579" lon="120.15041"/>
    <trkpt lat="23.45788" lon="120.15046"/>
    <trkpt lat="23.45776" lon="120.15076"/>
    <trkpt lat="23.45771" lon="120.15089"/>
    <trkpt lat="23.45766" lon="120.15101"/>
    <trkpt lat="23.45763" lon="120.15106"/>
    <trkpt lat="23.4575" lon="120.15124"/>
    <trkpt lat="23.45738" lon="120.15137"/>
    <trkpt lat="23.45727" lon="120.15151"/>
    <trkpt lat="23.45722" lon="120.15159"/>
    <trkpt lat="23.45718" lon="120.15169"/>
    <trkpt lat="23.45714" lon="120.15187"/>
    <trkpt lat="23.45711" lon="120.15205"/>
    <trkpt lat="23.45711" lon="120.15233"/>
    <trkpt lat="23.45713" lon="120.15246"/>
    <trkpt lat="23.45717" lon="120.1526"/>
    <trkpt lat="23.45721" lon="120.15269"/>
    <trkpt lat="23.45726" lon="120.15281"/>
    <trkpt lat="23.45733" lon="120.15289"/>
    <trkpt lat="23.45747" lon="120.15305"/>
    <trkpt lat="23.4576" lon="120.1532"/>
    <trkpt lat="23.45798" lon="120.15362"/>
    <trkpt lat="23.45802" lon="120.15369"/>
    <trkpt lat="23.45806" lon="120.15376"/>
    <trkpt lat="23.45819" lon="120.15404"/>
    <trkpt lat="23.45823" lon="120.15415"/>
    <trkpt lat="23.45827" lon="120.15427"/>
    <trkpt lat="23.4583" lon="120.15442"/>
    <trkpt lat="23.45833" lon="120.1546"/>
    <trkpt lat="23.45835" lon="120.15474"/>
    <trkpt lat="23.45835" lon="120.15479"/>
    <trkpt lat="23.45841" lon="120.15557"/>
    <trkpt lat="23.45853" lon="120.15682"/>
    <trkpt lat="23.45854" lon="120.15694"/>
    <trkpt lat="23.45856" lon="120.15713"/>
    <trkpt lat="23.45859" lon="120.15735"/>
    <trkpt lat="23.45875" lon="120.15904"/>
    <trkpt lat="23.45879" lon="120.15937"/>
    <trkpt lat="23.4589" lon="120.16046"/>
    <trkpt lat="23.45901" lon="120.16148"/>
    <trkpt lat="23.45911" lon="120.16238"/>
    <trkpt lat="23.45919" lon="120.1631"/>
    <trkpt lat="23.45928" lon="120.16401"/>
    <trkpt lat="23.4594" lon="120.16531"/>
    <trkpt lat="23.45945" lon="120.16604"/>
    <trkpt lat="23.45917" lon="120.166"/>
    <trkpt lat="23.45757" lon="120.16578"/>
    <trkpt lat="23.45739" lon="120.16576"/>
    <trkpt lat="23.45697" lon="120.16569"/>
    <trkpt lat="23.45677" lon="120.16568"/>
    <trkpt lat="23.45669" lon="120.16567"/>
    <trkpt lat="23.45647" lon="120.16565"/>
    <trkpt lat="23.45601" lon="120.16561"/>
    <trkpt lat="23.45586" lon="120.1656"/>
    <trkpt lat="23.4556" lon="120.16557"/>
    <trkpt lat="23.45545" lon="120.16556"/>
    <trkpt lat="23.45536" lon="120.16556"/>
    <trkpt lat="23.45528" lon="120.16555"/>
    <trkpt lat="23.45477" lon="120.16553"/>
    <trkpt lat="23.45413" lon="120.1655"/>
    <trkpt lat="23.45406" lon="120.1655"/>
    <trkpt lat="23.45328" lon="120.1655"/>
    <trkpt lat="23.45298" lon="120.16549"/>
    <trkpt lat="23.45185" lon="120.1655"/>
    <trkpt lat="23.45113" lon="120.1655"/>
    <trkpt lat="23.45098" lon="120.1655"/>
    <trkpt lat="23.45084" lon="120.16551"/>
    <trkpt lat="23.45037" lon="120.16551"/>
    <trkpt lat="23.45001" lon="120.16551"/>
    <trkpt lat="23.44983" lon="120.16551"/>
    <trkpt lat="23.44971" lon="120.16551"/>
    <trkpt lat="23.44947" lon="120.16551"/>
    <trkpt lat="23.44915" lon="120.16551"/>
    <trkpt lat="23.44911" lon="120.16552"/>
    <trkpt lat="23.44893" lon="120.16552"/>
    <trkpt lat="23.44887" lon="120.16552"/>
    <trkpt lat="23.44881" lon="120.16552"/>
    <trkpt lat="23.44872" lon="120.16552"/>
    <trkpt lat="23.44863" lon="120.16552"/>
    <trkpt lat="23.44741" lon="120.16551"/>
    <trkpt lat="23.4466" lon="120.16551"/>
    <trkpt lat="23.44648" lon="120.16551"/>
    <trkpt lat="23.44621" lon="120.16551"/>
    <trkpt lat="23.44612" lon="120.16551"/>
    <trkpt lat="23.44594" lon="120.16551"/>
    <trkpt lat="23.44558" lon="120.16551"/>
    <trkpt lat="23.44497" lon="120.1655"/>
    <trkpt lat="23.44416" lon="120.1655"/>
    <trkpt lat="23.44372" lon="120.16549"/>
    <trkpt lat="23.44363" lon="120.16549"/>
    <trkpt lat="23.44328" lon="120.16548"/>
    <trkpt lat="23.44298" lon="120.16549"/>
    <trkpt lat="23.4428" lon="120.16549"/>
    <trkpt lat="23.44271" lon="120.16549"/>
    <trkpt lat="23.44244" lon="120.16549"/>
    <trkpt lat="23.44176" lon="120.16548"/>
    <trkpt lat="23.44116" lon="120.16546"/>
    <trkpt lat="23.44052" lon="120.16544"/>
    <trkpt lat="23.43998" lon="120.16543"/>
    <trkpt lat="23.43948" lon="120.16542"/>
    <trkpt lat="23.43924" lon="120.16541"/>
    <trkpt lat="23.43897" lon="120.1654"/>
    <trkpt lat="23.43864" lon="120.16538"/>
    <trkpt lat="23.43826" lon="120.16537"/>
    <trkpt lat="23.43818" lon="120.16536"/>
    <trkpt lat="23.4378" lon="120.16533"/>
    <trkpt lat="23.43792" lon="120.16572"/>
    <trkpt lat="23.43804" lon="120.16639"/>
    <trkpt lat="23.4381" lon="120.16672"/>
    <trkpt lat="23.43811" lon="120.16678"/>
    <trkpt lat="23.43814" lon="120.16689"/>
    <trkpt lat="23.43814" lon="120.16693"/>
    <trkpt lat="23.43815" lon="120.16697"/>
    <trkpt lat="23.43816" lon="120.16699"/>
    <trkpt lat="23.43816" lon="120.16702"/>
    <trkpt lat="23.43816" lon="120.16704"/>
    <trkpt lat="23.43817" lon="120.16707"/>
    <trkpt lat="23.43816" lon="120.16712"/>
    <trkpt lat="23.43816" lon="120.16723"/>
    <trkpt lat="23.43816" lon="120.16727"/>
    <trkpt lat="23.43816" lon="120.16734"/>
    <trkpt lat="23.4381" lon="120.16734"/>
    <trkpt lat="23.43806" lon="120.16735"/>
    <trkpt lat="23.43803" lon="120.16735"/>
    <trkpt lat="23.43801" lon="120.16736"/>
    <trkpt lat="23.43798" lon="120.16737"/>
    <trkpt lat="23.43795" lon="120.16739"/>
    <trkpt lat="23.43791" lon="120.16741"/>
    <trkpt lat="23.4379" lon="120.16742"/>
    <trkpt lat="23.43773" lon="120.16752"/>
    <trkpt lat="23.43756" lon="120.16764"/>
    <trkpt lat="23.43749" lon="120.1677"/>
    <trkpt lat="23.43745" lon="120.16772"/>
    <trkpt lat="23.43729" lon="120.16786"/>
    <trkpt lat="23.43643" lon="120.1686"/>
    <trkpt lat="23.43582" lon="120.16911"/>
    <trkpt lat="23.43504" lon="120.16979"/>
    <trkpt lat="23.43466" lon="120.17011"/>
    <trkpt lat="23.43404" lon="120.17064"/>
    <trkpt lat="23.43375" lon="120.17088"/>
    <trkpt lat="23.43345" lon="120.17115"/>
    <trkpt lat="23.43136" lon="120.17294"/>
    <trkpt lat="23.43088" lon="120.17333"/>
    <trkpt lat="23.43077" lon="120.17341"/>
    <trkpt lat="23.43031" lon="120.17374"/>
    <trkpt lat="23.42996" lon="120.17396"/>
    <trkpt lat="23.4295" lon="120.17421"/>
    <trkpt lat="23.42928" lon="120.17429"/>
    <trkpt lat="23.42922" lon="120.17431"/>
    <trkpt lat="23.42894" lon="120.17439"/>
    <trkpt lat="23.42894" lon="120.1744"/>
    <trkpt lat="23.42781" lon="120.1747"/>
    <trkpt lat="23.42714" lon="120.17488"/>
    <trkpt lat="23.42672" lon="120.17501"/>
    <trkpt lat="23.42659" lon="120.17505"/>
    <trkpt lat="23.42599" lon="120.17527"/>
    <trkpt lat="23.42555" lon="120.17543"/>
    <trkpt lat="23.42496" lon="120.17564"/>
    <trkpt lat="23.42436" lon="120.17587"/>
    <trkpt lat="23.424" lon="120.17599"/>
    <trkpt lat="23.42344" lon="120.1762"/>
    <trkpt lat="23.42325" lon="120.17627"/>
    <trkpt lat="23.42236" lon="120.17662"/>
    <trkpt lat="23.42232" lon="120.17663"/>
    <trkpt lat="23.42212" lon="120.17671"/>
    <trkpt lat="23.42196" lon="120.17677"/>
    <trkpt lat="23.4209" lon="120.1772"/>
    <trkpt lat="23.42032" lon="120.17742"/>
    <trkpt lat="23.41876" lon="120.17803"/>
    <trkpt lat="23.41866" lon="120.17808"/>
    <trkpt lat="23.41837" lon="120.17821"/>
    <trkpt lat="23.41809" lon="120.17833"/>
    <trkpt lat="23.41769" lon="120.17849"/>
    <trkpt lat="23.41758" lon="120.17853"/>
    <trkpt lat="23.41755" lon="120.17855"/>
    <trkpt lat="23.41753" lon="120.17856"/>
    <trkpt lat="23.41752" lon="120.17857"/>
    <trkpt lat="23.41751" lon="120.17858"/>
    <trkpt lat="23.4175" lon="120.17859"/>
    <trkpt lat="23.41748" lon="120.17862"/>
    <trkpt lat="23.41742" lon="120.1786"/>
    <trkpt lat="23.41727" lon="120.17857"/>
    <trkpt lat="23.41703" lon="120.17852"/>
    <trkpt lat="23.41701" lon="120.17851"/>
    <trkpt lat="23.41659" lon="120.1784"/>
    <trkpt lat="23.41631" lon="120.17832"/>
    <trkpt lat="23.41613" lon="120.17828"/>
    <trkpt lat="23.41586" lon="120.1782"/>
    <trkpt lat="23.41506" lon="120.178"/>
    <trkpt lat="23.41488" lon="120.17795"/>
    <trkpt lat="23.41479" lon="120.17793"/>
    <trkpt lat="23.41455" lon="120.17786"/>
    <trkpt lat="23.40981" lon="120.17661"/>
    <trkpt lat="23.40916" lon="120.1765"/>
    <trkpt lat="23.40857" lon="120.17645"/>
    <trkpt lat="23.40746" lon="120.17634"/>
    <trkpt lat="23.40706" lon="120.17629"/>
    <trkpt lat="23.40683" lon="120.17628"/>
    <trkpt lat="23.40624" lon="120.17622"/>
    <trkpt lat="23.40552" lon="120.17616"/>
    <trkpt lat="23.40534" lon="120.17614"/>
    <trkpt lat="23.40222" lon="120.17588"/>
    <trkpt lat="23.40191" lon="120.17586"/>
    <trkpt lat="23.40037" lon="120.17571"/>
    <trkpt lat="23.40015" lon="120.17569"/>
    <trkpt lat="23.39979" lon="120.17567"/>
    <trkpt lat="23.39803" lon="120.17553"/>
    <trkpt lat="23.39759" lon="120.17549"/>
    <trkpt lat="23.39702" lon="120.17544"/>
    <trkpt lat="23.39598" lon="120.17536"/>
    <trkpt lat="23.39567" lon="120.17532"/>
    <trkpt lat="23.39553" lon="120.1753"/>
    <trkpt lat="23.39517" lon="120.17522"/>
    <trkpt lat="23.39466" lon="120.17506"/>
    <trkpt lat="23.39409" lon="120.17486"/>
    <trkpt lat="23.39311" lon="120.17444"/>
    <trkpt lat="23.39301" lon="120.1744"/>
    <trkpt lat="23.39294" lon="120.17436"/>
    <trkpt lat="23.3925" lon="120.1742"/>
    <trkpt lat="23.39247" lon="120.17419"/>
    <trkpt lat="23.39229" lon="120.17411"/>
    <trkpt lat="23.39219" lon="120.17407"/>
    <trkpt lat="23.3921" lon="120.17408"/>
    <trkpt lat="23.39189" lon="120.17397"/>
    <trkpt lat="23.39141" lon="120.17379"/>
    <trkpt lat="23.39125" lon="120.17372"/>
    <trkpt lat="23.39097" lon="120.1736"/>
    <trkpt lat="23.39072" lon="120.17349"/>
    <trkpt lat="23.39055" lon="120.17342"/>
    <trkpt lat="23.39012" lon="120.17326"/>
    <trkpt lat="23.38875" lon="120.17268"/>
    <trkpt lat="23.38832" lon="120.17251"/>
    <trkpt lat="23.38787" lon="120.17233"/>
    <trkpt lat="23.38772" lon="120.17227"/>
    <trkpt lat="23.38761" lon="120.1722"/>
    <trkpt lat="23.38742" lon="120.17209"/>
    <trkpt lat="23.38712" lon="120.17188"/>
    <trkpt lat="23.38686" lon="120.17167"/>
    <trkpt lat="23.3866" lon="120.17146"/>
    <trkpt lat="23.38631" lon="120.17127"/>
    <trkpt lat="23.38625" lon="120.17123"/>
    <trkpt lat="23.38597" lon="120.17106"/>
    <trkpt lat="23.38586" lon="120.17101"/>
    <trkpt lat="23.3857" lon="120.17095"/>
    <trkpt lat="23.38558" lon="120.17092"/>
    <trkpt lat="23.38541" lon="120.17087"/>
    <trkpt lat="23.38538" lon="120.17087"/>
    <trkpt lat="23.38501" lon="120.1708"/>
    <trkpt lat="23.38473" lon="120.17074"/>
    <trkpt lat="23.3845" lon="120.1707"/>
    <trkpt lat="23.38427" lon="120.17064"/>
    <trkpt lat="23.38369" lon="120.17055"/>
    <trkpt lat="23.38337" lon="120.17051"/>
    <trkpt lat="23.38307" lon="120.17046"/>
    <trkpt lat="23.38282" lon="120.17038"/>
    <trkpt lat="23.38271" lon="120.17031"/>
    <trkpt lat="23.38256" lon="120.17024"/>
    <trkpt lat="23.38245" lon="120.17018"/>
    <trkpt lat="23.38228" lon="120.17008"/>
    <trkpt lat="23.38222" lon="120.17049"/>
    <trkpt lat="23.38228" lon="120.17008"/>
    <trkpt lat="23.38245" lon="120.17018"/>
    <trkpt lat="23.38256" lon="120.17024"/>
    <trkpt lat="23.38271" lon="120.17031"/>
    <trkpt lat="23.38282" lon="120.17038"/>
    <trkpt lat="23.38285" lon="120.17134"/>
    <trkpt lat="23.38289" lon="120.17193"/>
    <trkpt lat="23.3829" lon="120.17216"/>
    <trkpt lat="23.38296" lon="120.17301"/>
    <trkpt lat="23.38298" lon="120.17321"/>
    <trkpt lat="23.38299" lon="120.17352"/>
    <trkpt lat="23.38303" lon="120.17394"/>
    <trkpt lat="23.38306" lon="120.1745"/>
    <trkpt lat="23.38252" lon="120.17454"/>
    <trkpt lat="23.38248" lon="120.17454"/>
    <trkpt lat="23.38168" lon="120.17463"/>
    <trkpt lat="23.38157" lon="120.17463"/>
    <trkpt lat="23.38149" lon="120.17461"/>
    <trkpt lat="23.38112" lon="120.17448"/>
    <trkpt lat="23.38106" lon="120.17446"/>
    <trkpt lat="23.38098" lon="120.17445"/>
    <trkpt lat="23.38027" lon="120.17435"/>
    <trkpt lat="23.37979" lon="120.17427"/>
    <trkpt lat="23.37944" lon="120.17423"/>
    <trkpt lat="23.37928" lon="120.17421"/>
    <trkpt lat="23.37918" lon="120.17421"/>
    <trkpt lat="23.37911" lon="120.17421"/>
    <trkpt lat="23.37903" lon="120.17423"/>
    <trkpt lat="23.37892" lon="120.17428"/>
    <trkpt lat="23.37887" lon="120.17427"/>
    <trkpt lat="23.3772" lon="120.17458"/>
    <trkpt lat="23.37698" lon="120.17462"/>
    <trkpt lat="23.37634" lon="120.17473"/>
    <trkpt lat="23.37543" lon="120.17488"/>
    <trkpt lat="23.3747" lon="120.17498"/>
    <trkpt lat="23.37458" lon="120.17501"/>
    <trkpt lat="23.3745" lon="120.17503"/>
    <trkpt lat="23.37438" lon="120.17506"/>
    <trkpt lat="23.37425" lon="120.17515"/>
    <trkpt lat="23.37368" lon="120.17554"/>
    <trkpt lat="23.37329" lon="120.17579"/>
    <trkpt lat="23.37267" lon="120.17614"/>
    <trkpt lat="23.37225" lon="120.1764"/>
    <trkpt lat="23.37012" lon="120.17773"/>
    <trkpt lat="23.36996" lon="120.17783"/>
    <trkpt lat="23.36936" lon="120.17817"/>
    <trkpt lat="23.36932" lon="120.17817"/>
    <trkpt lat="23.36928" lon="120.17817"/>
    <trkpt lat="23.36925" lon="120.17818"/>
    <trkpt lat="23.36907" lon="120.17825"/>
    <trkpt lat="23.369" lon="120.17827"/>
    <trkpt lat="23.36872" lon="120.17834"/>
    <trkpt lat="23.36834" lon="120.17837"/>
    <trkpt lat="23.36762" lon="120.17839"/>
    <trkpt lat="23.36744" lon="120.1784"/>
    <trkpt lat="23.36726" lon="120.1784"/>
    <trkpt lat="23.36658" lon="120.17842"/>
    <trkpt lat="23.36343" lon="120.17853"/>
    <trkpt lat="23.36183" lon="120.17859"/>
    <trkpt lat="23.35844" lon="120.17866"/>
    <trkpt lat="23.35586" lon="120.17874"/>
    <trkpt lat="23.35405" lon="120.17886"/>
    <trkpt lat="23.35273" lon="120.17893"/>
    <trkpt lat="23.35054" lon="120.17902"/>
    <trkpt lat="23.34963" lon="120.17903"/>
    <trkpt lat="23.34871" lon="120.17905"/>
    <trkpt lat="23.34849" lon="120.17904"/>
    <trkpt lat="23.34836" lon="120.17902"/>
    <trkpt lat="23.34828" lon="120.179"/>
    <trkpt lat="23.34817" lon="120.17896"/>
    <trkpt lat="23.34809" lon="120.17892"/>
    <trkpt lat="23.34797" lon="120.17886"/>
    <trkpt lat="23.34617" lon="120.17762"/>
    <trkpt lat="23.34589" lon="120.17742"/>
    <trkpt lat="23.34572" lon="120.1773"/>
    <trkpt lat="23.34294" lon="120.17537"/>
    <trkpt lat="23.34274" lon="120.17524"/>
    <trkpt lat="23.34132" lon="120.17427"/>
    <trkpt lat="23.34111" lon="120.17413"/>
    <trkpt lat="23.33938" lon="120.17297"/>
    <trkpt lat="23.33717" lon="120.17149"/>
    <trkpt lat="23.33638" lon="120.17096"/>
    <trkpt lat="23.33612" lon="120.17078"/>
    <trkpt lat="23.33596" lon="120.17068"/>
    <trkpt lat="23.33584" lon="120.17059"/>
    <trkpt lat="23.33568" lon="120.17045"/>
    <trkpt lat="23.33561" lon="120.17038"/>
    <trkpt lat="23.33556" lon="120.17032"/>
    <trkpt lat="23.33549" lon="120.17022"/>
    <trkpt lat="23.33542" lon="120.17009"/>
    <trkpt lat="23.33533" lon="120.16988"/>
    <trkpt lat="23.33527" lon="120.16958"/>
    <trkpt lat="23.33526" lon="120.16943"/>
    <trkpt lat="23.33526" lon="120.16928"/>
    <trkpt lat="23.33526" lon="120.1691"/>
    <trkpt lat="23.33529" lon="120.16792"/>
    <trkpt lat="23.33529" lon="120.16701"/>
    <trkpt lat="23.33525" lon="120.16624"/>
    <trkpt lat="23.33516" lon="120.16495"/>
    <trkpt lat="23.33512" lon="120.16427"/>
    <trkpt lat="23.33507" lon="120.16282"/>
    <trkpt lat="23.335" lon="120.16114"/>
    <trkpt lat="23.33498" lon="120.16102"/>
    <trkpt lat="23.33494" lon="120.16078"/>
    <trkpt lat="23.33481" lon="120.16043"/>
    <trkpt lat="23.33471" lon="120.16029"/>
    <trkpt lat="23.33463" lon="120.16021"/>
    <trkpt lat="23.33452" lon="120.16012"/>
    <trkpt lat="23.33441" lon="120.16005"/>
    <trkpt lat="23.33432" lon="120.16"/>
    <trkpt lat="23.3342" lon="120.15995"/>
    <trkpt lat="23.33404" lon="120.1599"/>
    <trkpt lat="23.3339" lon="120.15987"/>
    <trkpt lat="23.33362" lon="120.15984"/>
    <trkpt lat="23.33286" lon="120.15978"/>
    <trkpt lat="23.33285" lon="120.15978"/>
    <trkpt lat="23.33259" lon="120.15977"/>
    <trkpt lat="23.33135" lon="120.15965"/>
    <trkpt lat="23.33107" lon="120.15962"/>
    <trkpt lat="23.33077" lon="120.15958"/>
    <trkpt lat="23.32981" lon="120.15946"/>
    <trkpt lat="23.32969" lon="120.15945"/>
    <trkpt lat="23.32782" lon="120.15919"/>
    <trkpt lat="23.32752" lon="120.15916"/>
    <trkpt lat="23.3271" lon="120.15916"/>
    <trkpt lat="23.32652" lon="120.15921"/>
    <trkpt lat="23.32639" lon="120.15922"/>
    <trkpt lat="23.32611" lon="120.15924"/>
    <trkpt lat="23.3259" lon="120.15926"/>
    <trkpt lat="23.3256" lon="120.15927"/>
    <trkpt lat="23.32541" lon="120.15928"/>
    <trkpt lat="23.32532" lon="120.15927"/>
    <trkpt lat="23.32525" lon="120.15925"/>
    <trkpt lat="23.3252" lon="120.15924"/>
    <trkpt lat="23.32508" lon="120.15921"/>
    <trkpt lat="23.32478" lon="120.15904"/>
    <trkpt lat="23.3247" lon="120.15898"/>
    <trkpt lat="23.32406" lon="120.15855"/>
    <trkpt lat="23.32305" lon="120.15787"/>
    <trkpt lat="23.32153" lon="120.15683"/>
    <trkpt lat="23.32138" lon="120.15674"/>
    <trkpt lat="23.32122" lon="120.15665"/>
    <trkpt lat="23.32084" lon="120.15644"/>
    <trkpt lat="23.32074" lon="120.15639"/>
    <trkpt lat="23.32058" lon="120.1563"/>
    <trkpt lat="23.31982" lon="120.15592"/>
    <trkpt lat="23.31957" lon="120.15579"/>
    <trkpt lat="23.31953" lon="120.15578"/>
    <trkpt lat="23.3195" lon="120.15575"/>
    <trkpt lat="23.31948" lon="120.15573"/>
    <trkpt lat="23.31946" lon="120.15569"/>
    <trkpt lat="23.31942" lon="120.15534"/>
    <trkpt lat="23.3193" lon="120.15531"/>
    <trkpt lat="23.31851" lon="120.1551"/>
    <trkpt lat="23.31821" lon="120.15497"/>
    <trkpt lat="23.31787" lon="120.15483"/>
    <trkpt lat="23.31771" lon="120.15475"/>
    <trkpt lat="23.31754" lon="120.15468"/>
    <trkpt lat="23.31736" lon="120.1546"/>
    <trkpt lat="23.31684" lon="120.15436"/>
    <trkpt lat="23.31676" lon="120.15432"/>
    <trkpt lat="23.31668" lon="120.15428"/>
    <trkpt lat="23.31654" lon="120.15421"/>
    <trkpt lat="23.31605" lon="120.15398"/>
    <trkpt lat="23.31508" lon="120.15354"/>
    <trkpt lat="23.31505" lon="120.15352"/>
    <trkpt lat="23.31489" lon="120.15345"/>
    <trkpt lat="23.31456" lon="120.15329"/>
    <trkpt lat="23.31439" lon="120.15322"/>
    <trkpt lat="23.31422" lon="120.15314"/>
    <trkpt lat="23.31406" lon="120.15306"/>
    <trkpt lat="23.31323" lon="120.15268"/>
    <trkpt lat="23.31304" lon="120.15258"/>
    <trkpt lat="23.31286" lon="120.15249"/>
    <trkpt lat="23.31252" lon="120.15233"/>
    <trkpt lat="23.31235" lon="120.15225"/>
    <trkpt lat="23.31194" lon="120.15205"/>
    <trkpt lat="23.31181" lon="120.15199"/>
    <trkpt lat="23.31142" lon="120.1518"/>
    <trkpt lat="23.31103" lon="120.15162"/>
    <trkpt lat="23.31093" lon="120.15157"/>
    <trkpt lat="23.31076" lon="120.15149"/>
    <trkpt lat="23.3106" lon="120.15141"/>
    <trkpt lat="23.31014" lon="120.15118"/>
    <trkpt lat="23.30997" lon="120.1511"/>
    <trkpt lat="23.30962" lon="120.15093"/>
    <trkpt lat="23.30948" lon="120.15086"/>
    <trkpt lat="23.30913" lon="120.15069"/>
    <trkpt lat="23.30883" lon="120.15054"/>
    <trkpt lat="23.30871" lon="120.15047"/>
    <trkpt lat="23.30868" lon="120.15045"/>
    <trkpt lat="23.30865" lon="120.15044"/>
    <trkpt lat="23.30855" lon="120.15038"/>
    <trkpt lat="23.30816" lon="120.15017"/>
    <trkpt lat="23.30764" lon="120.14992"/>
    <trkpt lat="23.30632" lon="120.14929"/>
    <trkpt lat="23.30452" lon="120.14849"/>
    <trkpt lat="23.30351" lon="120.14799"/>
    <trkpt lat="23.30246" lon="120.14748"/>
    <trkpt lat="23.30219" lon="120.14736"/>
    <trkpt lat="23.30178" lon="120.14716"/>
    <trkpt lat="23.30112" lon="120.14685"/>
    <trkpt lat="23.30036" lon="120.14645"/>
    <trkpt lat="23.2997" lon="120.14605"/>
    <trkpt lat="23.29964" lon="120.14602"/>
    <trkpt lat="23.29958" lon="120.146"/>
    <trkpt lat="23.29951" lon="120.14597"/>
    <trkpt lat="23.29947" lon="120.14596"/>
    <trkpt lat="23.29941" lon="120.14595"/>
    <trkpt lat="23.29934" lon="120.14596"/>
    <trkpt lat="23.29921" lon="120.146"/>
    <trkpt lat="23.29903" lon="120.14604"/>
    <trkpt lat="23.29896" lon="120.14606"/>
    <trkpt lat="23.29882" lon="120.14609"/>
    <trkpt lat="23.29868" lon="120.1461"/>
    <trkpt lat="23.29833" lon="120.14611"/>
    <trkpt lat="23.29795" lon="120.14612"/>
    <trkpt lat="23.29708" lon="120.14616"/>
    <trkpt lat="23.29683" lon="120.14617"/>
    <trkpt lat="23.29652" lon="120.14617"/>
    <trkpt lat="23.2956" lon="120.14621"/>
    <trkpt lat="23.29502" lon="120.14624"/>
    <trkpt lat="23.29455" lon="120.14626"/>
    <trkpt lat="23.29429" lon="120.14626"/>
    <trkpt lat="23.29416" lon="120.14627"/>
    <trkpt lat="23.29398" lon="120.14625"/>
    <trkpt lat="23.29381" lon="120.14623"/>
    <trkpt lat="23.29374" lon="120.1462"/>
    <trkpt lat="23.29358" lon="120.14613"/>
    <trkpt lat="23.29346" lon="120.14606"/>
    <trkpt lat="23.29336" lon="120.14598"/>
    <trkpt lat="23.29325" lon="120.14588"/>
    <trkpt lat="23.29307" lon="120.14568"/>
    <trkpt lat="23.29288" lon="120.14544"/>
    <trkpt lat="23.29187" lon="120.14432"/>
    <trkpt lat="23.28991" lon="120.14211"/>
    <trkpt lat="23.28987" lon="120.14206"/>
    <trkpt lat="23.28983" lon="120.14202"/>
    <trkpt lat="23.2898" lon="120.14198"/>
    <trkpt lat="23.28974" lon="120.14192"/>
    <trkpt lat="23.28959" lon="120.14179"/>
    <trkpt lat="23.28941" lon="120.14168"/>
    <trkpt lat="23.28928" lon="120.14163"/>
    <trkpt lat="23.28927" lon="120.14163"/>
    <trkpt lat="23.28819" lon="120.1413"/>
    <trkpt lat="23.28689" lon="120.14089"/>
    <trkpt lat="23.28666" lon="120.14076"/>
    <trkpt lat="23.28659" lon="120.14073"/>
    <trkpt lat="23.28648" lon="120.14064"/>
    <trkpt lat="23.28638" lon="120.14052"/>
    <trkpt lat="23.28595" lon="120.1398"/>
    <trkpt lat="23.28575" lon="120.13948"/>
    <trkpt lat="23.28512" lon="120.13839"/>
    <trkpt lat="23.28467" lon="120.13763"/>
    <trkpt lat="23.28431" lon="120.13702"/>
    <trkpt lat="23.28379" lon="120.13609"/>
    <trkpt lat="23.28359" lon="120.13573"/>
    <trkpt lat="23.28325" lon="120.13513"/>
    <trkpt lat="23.28298" lon="120.13473"/>
    <trkpt lat="23.28254" lon="120.13396"/>
    <trkpt lat="23.28242" lon="120.13377"/>
    <trkpt lat="23.28233" lon="120.13359"/>
    <trkpt lat="23.28216" lon="120.13331"/>
    <trkpt lat="23.28186" lon="120.1329"/>
    <trkpt lat="23.28144" lon="120.13248"/>
    <trkpt lat="23.28095" lon="120.13206"/>
    <trkpt lat="23.28036" lon="120.13156"/>
    <trkpt lat="23.28006" lon="120.1313"/>
    <trkpt lat="23.27861" lon="120.13002"/>
    <trkpt lat="23.27858" lon="120.12999"/>
    <trkpt lat="23.27848" lon="120.1299"/>
    <trkpt lat="23.27845" lon="120.12987"/>
    <trkpt lat="23.27833" lon="120.12977"/>
    <trkpt lat="23.27829" lon="120.12973"/>
    <trkpt lat="23.27817" lon="120.12963"/>
    <trkpt lat="23.27721" lon="120.12882"/>
    <trkpt lat="23.27709" lon="120.12872"/>
    <trkpt lat="23.27648" lon="120.12818"/>
    <trkpt lat="23.27584" lon="120.12766"/>
    <trkpt lat="23.27563" lon="120.12747"/>
    <trkpt lat="23.27526" lon="120.12714"/>
    <trkpt lat="23.27493" lon="120.12686"/>
    <trkpt lat="23.27482" lon="120.12677"/>
    <trkpt lat="23.27446" lon="120.12651"/>
    <trkpt lat="23.27426" lon="120.1264"/>
    <trkpt lat="23.27388" lon="120.12622"/>
    <trkpt lat="23.27378" lon="120.12618"/>
    <trkpt lat="23.27348" lon="120.12609"/>
    <trkpt lat="23.27327" lon="120.12605"/>
    <trkpt lat="23.27314" lon="120.12602"/>
    <trkpt lat="23.27285" lon="120.12601"/>
    <trkpt lat="23.27262" lon="120.12601"/>
    <trkpt lat="23.27243" lon="120.12602"/>
    <trkpt lat="23.27232" lon="120.12603"/>
    <trkpt lat="23.27205" lon="120.12605"/>
    <trkpt lat="23.26977" lon="120.12636"/>
    <trkpt lat="23.269" lon="120.12646"/>
    <trkpt lat="23.26844" lon="120.12656"/>
    <trkpt lat="23.2682" lon="120.12658"/>
    <trkpt lat="23.2679" lon="120.12662"/>
    <trkpt lat="23.26737" lon="120.12668"/>
    <trkpt lat="23.26706" lon="120.12669"/>
    <trkpt lat="23.26674" lon="120.12668"/>
    <trkpt lat="23.26659" lon="120.12665"/>
    <trkpt lat="23.26636" lon="120.1266"/>
    <trkpt lat="23.26572" lon="120.1264"/>
    <trkpt lat="23.26489" lon="120.12607"/>
    <trkpt lat="23.26487" lon="120.12589"/>
    <trkpt lat="23.26467" lon="120.12529"/>
    <trkpt lat="23.26461" lon="120.12503"/>
    <trkpt lat="23.26455" lon="120.1247"/>
    <trkpt lat="23.26475" lon="120.12461"/>
    <trkpt lat="23.26496" lon="120.12452"/>
    <trkpt lat="23.26515" lon="120.12445"/>
    <trkpt lat="23.26541" lon="120.12436"/>
    <trkpt lat="23.26548" lon="120.12434"/>
    <trkpt lat="23.26564" lon="120.12432"/>
    <trkpt lat="23.26582" lon="120.1243"/>
    <trkpt lat="23.26596" lon="120.12432"/>
    <trkpt lat="23.26653" lon="120.12432"/>
    <trkpt lat="23.26655" lon="120.12432"/>
    <trkpt lat="23.26663" lon="120.12435"/>
    <trkpt lat="23.26674" lon="120.12439"/>
    <trkpt lat="23.26679" lon="120.12441"/>
    <trkpt lat="23.26687" lon="120.12445"/>
    <trkpt lat="23.26679" lon="120.12441"/>
    <trkpt lat="23.26674" lon="120.12439"/>
    <trkpt lat="23.26663" lon="120.12435"/>
    <trkpt lat="23.26655" lon="120.12432"/>
    <trkpt lat="23.26653" lon="120.12432"/>
    <trkpt lat="23.26596" lon="120.12432"/>
    <trkpt lat="23.26582" lon="120.1243"/>
    <trkpt lat="23.26564" lon="120.12432"/>
    <trkpt lat="23.26548" lon="120.12434"/>
    <trkpt lat="23.26541" lon="120.12436"/>
    <trkpt lat="23.26515" lon="120.12445"/>
    <trkpt lat="23.26496" lon="120.12452"/>
    <trkpt lat="23.26475" lon="120.12461"/>
    <trkpt lat="23.26455" lon="120.1247"/>
    <trkpt lat="23.26355" lon="120.12514"/>
    <trkpt lat="23.26329" lon="120.12524"/>
    <trkpt lat="23.26317" lon="120.1253"/>
    <trkpt lat="23.26309" lon="120.12534"/>
    <trkpt lat="23.26302" lon="120.12538"/>
    <trkpt lat="23.26298" lon="120.1254"/>
    <trkpt lat="23.26296" lon="120.12542"/>
    <trkpt lat="23.26294" lon="120.12545"/>
    <trkpt lat="23.26283" lon="120.12545"/>
    <trkpt lat="23.26273" lon="120.12546"/>
    <trkpt lat="23.26254" lon="120.12551"/>
    <trkpt lat="23.26113" lon="120.12608"/>
    <trkpt lat="23.26103" lon="120.12612"/>
    <trkpt lat="23.25811" lon="120.12728"/>
    <trkpt lat="23.25751" lon="120.12752"/>
    <trkpt lat="23.25608" lon="120.12804"/>
    <trkpt lat="23.25589" lon="120.12811"/>
    <trkpt lat="23.25507" lon="120.12843"/>
    <trkpt lat="23.25447" lon="120.12864"/>
    <trkpt lat="23.25383" lon="120.12885"/>
    <trkpt lat="23.25378" lon="120.12886"/>
    <trkpt lat="23.25332" lon="120.12902"/>
    <trkpt lat="23.25275" lon="120.12921"/>
    <trkpt lat="23.25134" lon="120.12962"/>
    <trkpt lat="23.25072" lon="120.12984"/>
    <trkpt lat="23.25049" lon="120.12992"/>
    <trkpt lat="23.24981" lon="120.13016"/>
    <trkpt lat="23.24712" lon="120.13107"/>
    <trkpt lat="23.24676" lon="120.13119"/>
    <trkpt lat="23.24384" lon="120.13217"/>
    <trkpt lat="23.24333" lon="120.13235"/>
    <trkpt lat="23.24154" lon="120.13295"/>
    <trkpt lat="23.24113" lon="120.13309"/>
    <trkpt lat="23.2406" lon="120.13327"/>
    <trkpt lat="23.24" lon="120.13346"/>
    <trkpt lat="23.23923" lon="120.13372"/>
    <trkpt lat="23.23834" lon="120.13402"/>
    <trkpt lat="23.23753" lon="120.13427"/>
    <trkpt lat="23.23742" lon="120.13431"/>
    <trkpt lat="23.23579" lon="120.13484"/>
    <trkpt lat="23.2357" lon="120.13487"/>
    <trkpt lat="23.23499" lon="120.13512"/>
    <trkpt lat="23.23368" lon="120.13552"/>
    <trkpt lat="23.23298" lon="120.13576"/>
    <trkpt lat="23.23258" lon="120.13587"/>
    <trkpt lat="23.23221" lon="120.13596"/>
    <trkpt lat="23.23202" lon="120.136"/>
    <trkpt lat="23.23185" lon="120.13603"/>
    <trkpt lat="23.23166" lon="120.13605"/>
    <trkpt lat="23.23154" lon="120.13606"/>
    <trkpt lat="23.23136" lon="120.13608"/>
    <trkpt lat="23.23131" lon="120.13609"/>
    <trkpt lat="23.23121" lon="120.13608"/>
    <trkpt lat="23.23089" lon="120.13608"/>
    <trkpt lat="23.23065" lon="120.13607"/>
    <trkpt lat="23.23041" lon="120.13607"/>
    <trkpt lat="23.23002" lon="120.13606"/>
    <trkpt lat="23.2293" lon="120.13597"/>
    <trkpt lat="23.22912" lon="120.13595"/>
    <trkpt lat="23.22814" lon="120.13584"/>
    <trkpt lat="23.22706" lon="120.13573"/>
    <trkpt lat="23.22661" lon="120.13568"/>
    <trkpt lat="23.22608" lon="120.13563"/>
    <trkpt lat="23.22481" lon="120.13556"/>
    <trkpt lat="23.22394" lon="120.13556"/>
    <trkpt lat="23.22288" lon="120.13554"/>
    <trkpt lat="23.22198" lon="120.13551"/>
    <trkpt lat="23.22096" lon="120.13552"/>
    <trkpt lat="23.22002" lon="120.1355"/>
    <trkpt lat="23.21909" lon="120.13548"/>
    <trkpt lat="23.21846" lon="120.13543"/>
    <trkpt lat="23.21801" lon="120.13539"/>
    <trkpt lat="23.21704" lon="120.1353"/>
    <trkpt lat="23.21693" lon="120.13529"/>
    <trkpt lat="23.21656" lon="120.13526"/>
    <trkpt lat="23.21639" lon="120.13524"/>
    <trkpt lat="23.21586" lon="120.13519"/>
    <trkpt lat="23.21479" lon="120.1351"/>
    <trkpt lat="23.21465" lon="120.13508"/>
    <trkpt lat="23.21451" lon="120.13507"/>
    <trkpt lat="23.21405" lon="120.13505"/>
    <trkpt lat="23.21252" lon="120.13492"/>
    <trkpt lat="23.21059" lon="120.13477"/>
    <trkpt lat="23.20974" lon="120.13469"/>
    <trkpt lat="23.20927" lon="120.13466"/>
    <trkpt lat="23.20921" lon="120.13466"/>
    <trkpt lat="23.20911" lon="120.13465"/>
    <trkpt lat="23.20874" lon="120.13463"/>
    <trkpt lat="23.20868" lon="120.13462"/>
    <trkpt lat="23.20816" lon="120.13458"/>
    <trkpt lat="23.20763" lon="120.13454"/>
    <trkpt lat="23.20739" lon="120.13451"/>
    <trkpt lat="23.20623" lon="120.13441"/>
    <trkpt lat="23.20608" lon="120.1344"/>
    <trkpt lat="23.20569" lon="120.13437"/>
    <trkpt lat="23.20476" lon="120.13429"/>
    <trkpt lat="23.20248" lon="120.13409"/>
    <trkpt lat="23.2012" lon="120.13399"/>
    <trkpt lat="23.1999" lon="120.13389"/>
    <trkpt lat="23.19981" lon="120.13388"/>
    <trkpt lat="23.19882" lon="120.13379"/>
    <trkpt lat="23.19719" lon="120.13365"/>
    <trkpt lat="23.19711" lon="120.13364"/>
    <trkpt lat="23.19529" lon="120.13349"/>
    <trkpt lat="23.19438" lon="120.13342"/>
    <trkpt lat="23.19394" lon="120.13339"/>
    <trkpt lat="23.19203" lon="120.13322"/>
    <trkpt lat="23.19056" lon="120.13308"/>
    <trkpt lat="23.19019" lon="120.13305"/>
    <trkpt lat="23.18936" lon="120.133"/>
    <trkpt lat="23.18895" lon="120.13297"/>
    <trkpt lat="23.18857" lon="120.13296"/>
    <trkpt lat="23.18777" lon="120.13295"/>
    <trkpt lat="23.18762" lon="120.13296"/>
    <trkpt lat="23.18692" lon="120.133"/>
    <trkpt lat="23.18647" lon="120.13303"/>
    <trkpt lat="23.18512" lon="120.13311"/>
    <trkpt lat="23.18349" lon="120.13321"/>
    <trkpt lat="23.18297" lon="120.13323"/>
    <trkpt lat="23.18282" lon="120.13324"/>
    <trkpt lat="23.1796" lon="120.13343"/>
    <trkpt lat="23.17928" lon="120.13344"/>
    <trkpt lat="23.1792" lon="120.13345"/>
    <trkpt lat="23.17906" lon="120.13346"/>
    <trkpt lat="23.17733" lon="120.13355"/>
    <trkpt lat="23.17713" lon="120.13357"/>
    <trkpt lat="23.17456" lon="120.13371"/>
    <trkpt lat="23.17385" lon="120.13377"/>
    <trkpt lat="23.17171" lon="120.13389"/>
    <trkpt lat="23.17154" lon="120.1339"/>
    <trkpt lat="23.17004" lon="120.13398"/>
    <trkpt lat="23.16917" lon="120.13403"/>
    <trkpt lat="23.16914" lon="120.13403"/>
    <trkpt lat="23.16874" lon="120.13405"/>
    <trkpt lat="23.16748" lon="120.13411"/>
    <trkpt lat="23.16745" lon="120.13411"/>
    <trkpt lat="23.16635" lon="120.13417"/>
    <trkpt lat="23.1663" lon="120.13418"/>
    <trkpt lat="23.1639" lon="120.13431"/>
    <trkpt lat="23.1625" lon="120.13439"/>
    <trkpt lat="23.16095" lon="120.13448"/>
    <trkpt lat="23.15954" lon="120.13455"/>
    <trkpt lat="23.15848" lon="120.13462"/>
    <trkpt lat="23.15813" lon="120.13463"/>
    <trkpt lat="23.15739" lon="120.13465"/>
    <trkpt lat="23.15635" lon="120.13466"/>
    <trkpt lat="23.15589" lon="120.13465"/>
    <trkpt lat="23.15467" lon="120.13464"/>
    <trkpt lat="23.1536" lon="120.13462"/>
    <trkpt lat="23.15267" lon="120.13461"/>
    <trkpt lat="23.15215" lon="120.1346"/>
    <trkpt lat="23.15107" lon="120.13459"/>
    <trkpt lat="23.15068" lon="120.13459"/>
    <trkpt lat="23.15017" lon="120.13458"/>
    <trkpt lat="23.14967" lon="120.13457"/>
    <trkpt lat="23.14967" lon="120.13406"/>
    <trkpt lat="23.14969" lon="120.13331"/>
    <trkpt lat="23.1497" lon="120.13301"/>
    <trkpt lat="23.14971" lon="120.13228"/>
    <trkpt lat="23.14972" lon="120.13185"/>
    <trkpt lat="23.14972" lon="120.13174"/>
    <trkpt lat="23.14976" lon="120.12991"/>
    <trkpt lat="23.14979" lon="120.12962"/>
    <trkpt lat="23.14979" lon="120.12945"/>
    <trkpt lat="23.14981" lon="120.12897"/>
    <trkpt lat="23.14983" lon="120.12819"/>
    <trkpt lat="23.14986" lon="120.12715"/>
    <trkpt lat="23.14987" lon="120.12694"/>
    <trkpt lat="23.14989" lon="120.12619"/>
    <trkpt lat="23.14996" lon="120.12372"/>
    <trkpt lat="23.15002" lon="120.12116"/>
    <trkpt lat="23.15003" lon="120.12096"/>
    <trkpt lat="23.15008" lon="120.119"/>
    <trkpt lat="23.15009" lon="120.11856"/>
    <trkpt lat="23.15009" lon="120.11842"/>
    <trkpt lat="23.1501" lon="120.11826"/>
    <trkpt lat="23.15011" lon="120.11813"/>
    <trkpt lat="23.15015" lon="120.11798"/>
    <trkpt lat="23.1502" lon="120.11777"/>
    <trkpt lat="23.15025" lon="120.11758"/>
    <trkpt lat="23.15037" lon="120.11717"/>
    <trkpt lat="23.15054" lon="120.11669"/>
    <trkpt lat="23.1509" lon="120.11575"/>
    <trkpt lat="23.15148" lon="120.11424"/>
    <trkpt lat="23.15208" lon="120.11276"/>
    <trkpt lat="23.15285" lon="120.11093"/>
    <trkpt lat="23.15294" lon="120.11069"/>
    <trkpt lat="23.153" lon="120.11054"/>
    <trkpt lat="23.15302" lon="120.11047"/>
    <trkpt lat="23.15305" lon="120.11039"/>
    <trkpt lat="23.15309" lon="120.11021"/>
    <trkpt lat="23.15309" lon="120.11002"/>
    <trkpt lat="23.15309" lon="120.10986"/>
    <trkpt lat="23.15307" lon="120.10961"/>
    <trkpt lat="23.15306" lon="120.10948"/>
    <trkpt lat="23.15306" lon="120.10928"/>
    <trkpt lat="23.15306" lon="120.10909"/>
    <trkpt lat="23.15306" lon="120.10902"/>
    <trkpt lat="23.15307" lon="120.10896"/>
    <trkpt lat="23.15308" lon="120.10888"/>
    <trkpt lat="23.15314" lon="120.10862"/>
    <trkpt lat="23.15325" lon="120.1082"/>
    <trkpt lat="23.15346" lon="120.10749"/>
    <trkpt lat="23.15362" lon="120.10694"/>
    <trkpt lat="23.15365" lon="120.10685"/>
    <trkpt lat="23.15378" lon="120.10644"/>
    <trkpt lat="23.15382" lon="120.10632"/>
    <trkpt lat="23.15384" lon="120.10625"/>
    <trkpt lat="23.15384" lon="120.10621"/>
    <trkpt lat="23.15385" lon="120.10618"/>
    <trkpt lat="23.15385" lon="120.10611"/>
    <trkpt lat="23.15386" lon="120.10593"/>
    <trkpt lat="23.15387" lon="120.10542"/>
    <trkpt lat="23.15387" lon="120.10538"/>
    <trkpt lat="23.15387" lon="120.10535"/>
    <trkpt lat="23.15387" lon="120.10532"/>
    <trkpt lat="23.15386" lon="120.10529"/>
    <trkpt lat="23.15386" lon="120.10526"/>
    <trkpt lat="23.15385" lon="120.10524"/>
    <trkpt lat="23.15382" lon="120.10517"/>
    <trkpt lat="23.15379" lon="120.10512"/>
    <trkpt lat="23.15344" lon="120.10454"/>
    <trkpt lat="23.15327" lon="120.10424"/>
    <trkpt lat="23.15317" lon="120.10403"/>
    <trkpt lat="23.15311" lon="120.1039"/>
    <trkpt lat="23.15307" lon="120.10381"/>
    <trkpt lat="23.153" lon="120.10367"/>
    <trkpt lat="23.15296" lon="120.10352"/>
    <trkpt lat="23.15293" lon="120.10338"/>
    <trkpt lat="23.15287" lon="120.10315"/>
    <trkpt lat="23.15282" lon="120.10292"/>
    <trkpt lat="23.15262" lon="120.10189"/>
    <trkpt lat="23.15249" lon="120.10123"/>
    <trkpt lat="23.15245" lon="120.101"/>
    <trkpt lat="23.15241" lon="120.10079"/>
    <trkpt lat="23.15253" lon="120.10057"/>
    <trkpt lat="23.15263" lon="120.10038"/>
    <trkpt lat="23.15267" lon="120.10029"/>
    <trkpt lat="23.15268" lon="120.10025"/>
    <trkpt lat="23.1527" lon="120.10015"/>
    <trkpt lat="23.1527" lon="120.10005"/>
    <trkpt lat="23.15275" lon="120.09927"/>
    <trkpt lat="23.1531" lon="120.09927"/>
    <trkpt lat="23.15327" lon="120.09927"/>
    <trkpt lat="23.15328" lon="120.09985"/>
    <trkpt lat="23.15327" lon="120.09927"/>
    <trkpt lat="23.1531" lon="120.09927"/>
    <trkpt lat="23.15275" lon="120.09927"/>
    <trkpt lat="23.1527" lon="120.10005"/>
    <trkpt lat="23.1527" lon="120.10015"/>
    <trkpt lat="23.15268" lon="120.10025"/>
    <trkpt lat="23.15267" lon="120.10029"/>
    <trkpt lat="23.15263" lon="120.10038"/>
    <trkpt lat="23.15253" lon="120.10057"/>
    <trkpt lat="23.15241" lon="120.10079"/>
    <trkpt lat="23.15245" lon="120.101"/>
    <trkpt lat="23.15249" lon="120.10123"/>
    <trkpt lat="23.15262" lon="120.10189"/>
    <trkpt lat="23.15282" lon="120.10292"/>
    <trkpt lat="23.15287" lon="120.10315"/>
    <trkpt lat="23.15293" lon="120.10338"/>
    <trkpt lat="23.15296" lon="120.10352"/>
    <trkpt lat="23.153" lon="120.10367"/>
    <trkpt lat="23.15307" lon="120.10381"/>
    <trkpt lat="23.15311" lon="120.1039"/>
    <trkpt lat="23.15317" lon="120.10403"/>
    <trkpt lat="23.15311" lon="120.10411"/>
    <trkpt lat="23.15309" lon="120.10415"/>
    <trkpt lat="23.15306" lon="120.10423"/>
    <trkpt lat="23.15306" lon="120.1043"/>
    <trkpt lat="23.15306" lon="120.10443"/>
    <trkpt lat="23.15307" lon="120.10487"/>
    <trkpt lat="23.15308" lon="120.10565"/>
    <trkpt lat="23.15307" lon="120.10581"/>
    <trkpt lat="23.15306" lon="120.10587"/>
    <trkpt lat="23.15305" lon="120.10594"/>
    <trkpt lat="23.15301" lon="120.10604"/>
    <trkpt lat="23.15297" lon="120.10615"/>
    <trkpt lat="23.15282" lon="120.10653"/>
    <trkpt lat="23.15276" lon="120.10662"/>
    <trkpt lat="23.15274" lon="120.10665"/>
    <trkpt lat="23.15271" lon="120.10668"/>
    <trkpt lat="23.15268" lon="120.10671"/>
    <trkpt lat="23.15258" lon="120.10677"/>
    <trkpt lat="23.15248" lon="120.10681"/>
    <trkpt lat="23.15213" lon="120.10696"/>
    <trkpt lat="23.15195" lon="120.10704"/>
    <trkpt lat="23.15173" lon="120.10711"/>
    <trkpt lat="23.15132" lon="120.10727"/>
    <trkpt lat="23.15118" lon="120.10733"/>
    <trkpt lat="23.15099" lon="120.10741"/>
    <trkpt lat="23.1508" lon="120.10748"/>
    <trkpt lat="23.15036" lon="120.10766"/>
    <trkpt lat="23.14981" lon="120.10786"/>
    <trkpt lat="23.14953" lon="120.10797"/>
    <trkpt lat="23.14781" lon="120.10864"/>
    <trkpt lat="23.14751" lon="120.10876"/>
    <trkpt lat="23.14702" lon="120.10896"/>
    <trkpt lat="23.14672" lon="120.1091"/>
    <trkpt lat="23.14614" lon="120.10942"/>
    <trkpt lat="23.1449" lon="120.11011"/>
    <trkpt lat="23.14126" lon="120.11216"/>
    <trkpt lat="23.14048" lon="120.1126"/>
    <trkpt lat="23.14022" lon="120.11273"/>
    <trkpt lat="23.13978" lon="120.11298"/>
    <trkpt lat="23.1396" lon="120.11308"/>
    <trkpt lat="23.13915" lon="120.11332"/>
    <trkpt lat="23.13911" lon="120.11333"/>
    <trkpt lat="23.13909" lon="120.11334"/>
    <trkpt lat="23.13907" lon="120.11334"/>
    <trkpt lat="23.13906" lon="120.11335"/>
    <trkpt lat="23.13903" lon="120.11335"/>
    <trkpt lat="23.13902" lon="120.11335"/>
    <trkpt lat="23.139" lon="120.11336"/>
    <trkpt lat="23.13898" lon="120.11337"/>
    <trkpt lat="23.13864" lon="120.11354"/>
    <trkpt lat="23.13859" lon="120.11357"/>
    <trkpt lat="23.13811" lon="120.1138"/>
    <trkpt lat="23.13799" lon="120.11387"/>
    <trkpt lat="23.13795" lon="120.1139"/>
    <trkpt lat="23.1379" lon="120.11393"/>
    <trkpt lat="23.13787" lon="120.11396"/>
    <trkpt lat="23.13782" lon="120.11401"/>
    <trkpt lat="23.13775" lon="120.11396"/>
    <trkpt lat="23.13773" lon="120.11394"/>
    <trkpt lat="23.13759" lon="120.11396"/>
    <trkpt lat="23.13745" lon="120.11399"/>
    <trkpt lat="23.13736" lon="120.11401"/>
    <trkpt lat="23.1373" lon="120.11402"/>
    <trkpt lat="23.13727" lon="120.11402"/>
    <trkpt lat="23.13724" lon="120.11402"/>
    <trkpt lat="23.13715" lon="120.114"/>
    <trkpt lat="23.13708" lon="120.11398"/>
    <trkpt lat="23.13702" lon="120.11396"/>
    <trkpt lat="23.13689" lon="120.11394"/>
    <trkpt lat="23.1368" lon="120.11393"/>
    <trkpt lat="23.13679" lon="120.11393"/>
    <trkpt lat="23.1367" lon="120.11392"/>
    <trkpt lat="23.13652" lon="120.11392"/>
    <trkpt lat="23.13567" lon="120.11392"/>
    <trkpt lat="23.13481" lon="120.11391"/>
    <trkpt lat="23.13433" lon="120.11387"/>
    <trkpt lat="23.13363" lon="120.11382"/>
    <trkpt lat="23.13339" lon="120.11379"/>
    <trkpt lat="23.1333" lon="120.11378"/>
    <trkpt lat="23.13324" lon="120.11377"/>
    <trkpt lat="23.13318" lon="120.11375"/>
    <trkpt lat="23.13309" lon="120.1137"/>
    <trkpt lat="23.133" lon="120.11363"/>
    <trkpt lat="23.13296" lon="120.1136"/>
    <trkpt lat="23.13292" lon="120.11356"/>
    <trkpt lat="23.13285" lon="120.11348"/>
    <trkpt lat="23.13271" lon="120.1133"/>
    <trkpt lat="23.13259" lon="120.11314"/>
    <trkpt lat="23.13254" lon="120.11307"/>
    <trkpt lat="23.13249" lon="120.11303"/>
    <trkpt lat="23.13243" lon="120.11298"/>
    <trkpt lat="23.13237" lon="120.11295"/>
    <trkpt lat="23.13232" lon="120.11293"/>
    <trkpt lat="23.13227" lon="120.11293"/>
    <trkpt lat="23.1322" lon="120.11293"/>
    <trkpt lat="23.13147" lon="120.11295"/>
    <trkpt lat="23.13072" lon="120.11295"/>
    <trkpt lat="23.13057" lon="120.11296"/>
    <trkpt lat="23.13046" lon="120.11295"/>
    <trkpt lat="23.13036" lon="120.11294"/>
    <trkpt lat="23.13025" lon="120.11292"/>
    <trkpt lat="23.13005" lon="120.11287"/>
    <trkpt lat="23.12991" lon="120.11283"/>
    <trkpt lat="23.12972" lon="120.11276"/>
    <trkpt lat="23.12958" lon="120.11271"/>
    <trkpt lat="23.12945" lon="120.11266"/>
    <trkpt lat="23.12858" lon="120.11243"/>
    <trkpt lat="23.12798" lon="120.11228"/>
    <trkpt lat="23.12794" lon="120.11227"/>
    <trkpt lat="23.12771" lon="120.1122"/>
    <trkpt lat="23.12734" lon="120.11207"/>
    <trkpt lat="23.12695" lon="120.11191"/>
    <trkpt lat="23.12693" lon="120.11191"/>
    <trkpt lat="23.12692" lon="120.1119"/>
    <trkpt lat="23.1269" lon="120.11188"/>
    <trkpt lat="23.12689" lon="120.11187"/>
    <trkpt lat="23.12684" lon="120.11181"/>
    <trkpt lat="23.12679" lon="120.11171"/>
    <trkpt lat="23.12666" lon="120.11145"/>
    <trkpt lat="23.12634" lon="120.11084"/>
    <trkpt lat="23.12627" lon="120.1107"/>
    <trkpt lat="23.12616" lon="120.1105"/>
    <trkpt lat="23.12591" lon="120.11008"/>
    <trkpt lat="23.12575" lon="120.10981"/>
    <trkpt lat="23.12553" lon="120.10941"/>
    <trkpt lat="23.12547" lon="120.10929"/>
    <trkpt lat="23.12537" lon="120.1091"/>
    <trkpt lat="23.12533" lon="120.10904"/>
    <trkpt lat="23.12529" lon="120.109"/>
    <trkpt lat="23.12524" lon="120.10896"/>
    <trkpt lat="23.12518" lon="120.10892"/>
    <trkpt lat="23.1251" lon="120.1088"/>
    <trkpt lat="23.12505" lon="120.10871"/>
    <trkpt lat="23.12496" lon="120.10856"/>
    <trkpt lat="23.12485" lon="120.10836"/>
    <trkpt lat="23.12473" lon="120.10818"/>
    <trkpt lat="23.1246" lon="120.10798"/>
    <trkpt lat="23.1245" lon="120.10784"/>
    <trkpt lat="23.12432" lon="120.10763"/>
    <trkpt lat="23.12399" lon="120.10722"/>
    <trkpt lat="23.12396" lon="120.10717"/>
    <trkpt lat="23.12394" lon="120.10713"/>
    <trkpt lat="23.12393" lon="120.10707"/>
    <trkpt lat="23.12393" lon="120.10701"/>
    <trkpt lat="23.12393" lon="120.10692"/>
    <trkpt lat="23.12394" lon="120.10676"/>
    <trkpt lat="23.12393" lon="120.10667"/>
    <trkpt lat="23.12392" lon="120.10662"/>
    <trkpt lat="23.1239" lon="120.10656"/>
    <trkpt lat="23.12384" lon="120.10645"/>
    <trkpt lat="23.12365" lon="120.10621"/>
    <trkpt lat="23.12358" lon="120.10613"/>
    <trkpt lat="23.12355" lon="120.1061"/>
    <trkpt lat="23.12351" lon="120.10608"/>
    <trkpt lat="23.12347" lon="120.10606"/>
    <trkpt lat="23.12341" lon="120.10605"/>
    <trkpt lat="23.12335" lon="120.10604"/>
    <trkpt lat="23.12316" lon="120.10602"/>
    <trkpt lat="23.12297" lon="120.10598"/>
    <trkpt lat="23.12273" lon="120.10593"/>
    <trkpt lat="23.12264" lon="120.10591"/>
    <trkpt lat="23.12254" lon="120.10587"/>
    <trkpt lat="23.12247" lon="120.10582"/>
    <trkpt lat="23.1224" lon="120.10575"/>
    <trkpt lat="23.12232" lon="120.10567"/>
    <trkpt lat="23.12223" lon="120.10557"/>
    <trkpt lat="23.12211" lon="120.10544"/>
    <trkpt lat="23.12203" lon="120.10534"/>
    <trkpt lat="23.12197" lon="120.10526"/>
    <trkpt lat="23.1219" lon="120.10514"/>
    <trkpt lat="23.12185" lon="120.10503"/>
    <trkpt lat="23.12179" lon="120.10489"/>
    <trkpt lat="23.12171" lon="120.10474"/>
    <trkpt lat="23.12162" lon="120.10455"/>
    <trkpt lat="23.12147" lon="120.10428"/>
    <trkpt lat="23.12129" lon="120.104"/>
    <trkpt lat="23.12079" lon="120.103"/>
    <trkpt lat="23.12026" lon="120.10191"/>
    <trkpt lat="23.12022" lon="120.10183"/>
    <trkpt lat="23.11981" lon="120.10186"/>
    <trkpt lat="23.11958" lon="120.10187"/>
    <trkpt lat="23.11955" lon="120.10188"/>
    <trkpt lat="23.11925" lon="120.1019"/>
    <trkpt lat="23.11917" lon="120.10191"/>
    <trkpt lat="23.1191" lon="120.10193"/>
    <trkpt lat="23.11899" lon="120.10196"/>
    <trkpt lat="23.11886" lon="120.102"/>
    <trkpt lat="23.11882" lon="120.10202"/>
    <trkpt lat="23.11878" lon="120.10204"/>
    <trkpt lat="23.1185" lon="120.10224"/>
    <trkpt lat="23.11825" lon="120.10245"/>
    <trkpt lat="23.118" lon="120.10265"/>
    <trkpt lat="23.11798" lon="120.10267"/>
    <trkpt lat="23.11771" lon="120.10295"/>
    <trkpt lat="23.11751" lon="120.10317"/>
    <trkpt lat="23.1174" lon="120.10333"/>
    <trkpt lat="23.11725" lon="120.10319"/>
    <trkpt lat="23.117" lon="120.10293"/>
    <trkpt lat="23.11687" lon="120.1028"/>
    <trkpt lat="23.11602" lon="120.10192"/>
    <trkpt lat="23.11556" lon="120.10146"/>
    <trkpt lat="23.11542" lon="120.10134"/>
    <trkpt lat="23.11537" lon="120.1013"/>
    <trkpt lat="23.1153" lon="120.10125"/>
    <trkpt lat="23.11512" lon="120.10116"/>
    <trkpt lat="23.11462" lon="120.10088"/>
    <trkpt lat="23.11423" lon="120.10063"/>
    <trkpt lat="23.11376" lon="120.10022"/>
    <trkpt lat="23.11398" lon="120.09989"/>
    <trkpt lat="23.11411" lon="120.09966"/>
    <trkpt lat="23.11417" lon="120.09949"/>
    <trkpt lat="23.11429" lon="120.0991"/>
    <trkpt lat="23.11437" lon="120.09878"/>
    <trkpt lat="23.11442" lon="120.09844"/>
    <trkpt lat="23.11447" lon="120.09803"/>
    <trkpt lat="23.11468" lon="120.09733"/>
    <trkpt lat="23.11492" lon="120.09659"/>
    <trkpt lat="23.11495" lon="120.09649"/>
    <trkpt lat="23.11523" lon="120.09555"/>
    <trkpt lat="23.11529" lon="120.09536"/>
    <trkpt lat="23.11575" lon="120.09387"/>
    <trkpt lat="23.11632" lon="120.09206"/>
    <trkpt lat="23.11653" lon="120.09136"/>
    <trkpt lat="23.11684" lon="120.09035"/>
    <trkpt lat="23.11763" lon="120.08786"/>
    <trkpt lat="23.11835" lon="120.08789"/>
    <trkpt lat="23.11853" lon="120.0879"/>
    <trkpt lat="23.11865" lon="120.08791"/>
    <trkpt lat="23.11871" lon="120.08791"/>
    <trkpt lat="23.11889" lon="120.08793"/>
    <trkpt lat="23.11907" lon="120.08794"/>
    <trkpt lat="23.11923" lon="120.08795"/>
    <trkpt lat="23.11975" lon="120.08799"/>
    <trkpt lat="23.11997" lon="120.08801"/>
    <trkpt lat="23.11998" lon="120.08801"/>
    <trkpt lat="23.12007" lon="120.088"/>
    <trkpt lat="23.12015" lon="120.08798"/>
    <trkpt lat="23.12025" lon="120.08796"/>
    <trkpt lat="23.12036" lon="120.08793"/>
    <trkpt lat="23.12044" lon="120.0879"/>
    <trkpt lat="23.12053" lon="120.08787"/>
    <trkpt lat="23.12068" lon="120.08779"/>
    <trkpt lat="23.12087" lon="120.08768"/>
    <trkpt lat="23.12097" lon="120.0876"/>
    <trkpt lat="23.12109" lon="120.08747"/>
    <trkpt lat="23.12113" lon="120.08742"/>
    <trkpt lat="23.12122" lon="120.08732"/>
    <trkpt lat="23.12133" lon="120.08718"/>
    <trkpt lat="23.12139" lon="120.08711"/>
    <trkpt lat="23.12191" lon="120.08646"/>
    <trkpt lat="23.12205" lon="120.0863"/>
    <trkpt lat="23.12255" lon="120.08573"/>
    <trkpt lat="23.12291" lon="120.0853"/>
    <trkpt lat="23.12303" lon="120.08515"/>
    <trkpt lat="23.12306" lon="120.08511"/>
    <trkpt lat="23.12315" lon="120.085"/>
    <trkpt lat="23.12336" lon="120.08473"/>
    <trkpt lat="23.12349" lon="120.08455"/>
    <trkpt lat="23.1235" lon="120.08453"/>
    <trkpt lat="23.1236" lon="120.08439"/>
    <trkpt lat="23.12364" lon="120.08434"/>
    <trkpt lat="23.12374" lon="120.08415"/>
    <trkpt lat="23.12377" lon="120.08406"/>
    <trkpt lat="23.1238" lon="120.08399"/>
    <trkpt lat="23.12383" lon="120.08389"/>
    <trkpt lat="23.12386" lon="120.08377"/>
    <trkpt lat="23.12387" lon="120.08367"/>
    <trkpt lat="23.12389" lon="120.08358"/>
    <trkpt lat="23.12389" lon="120.08345"/>
    <trkpt lat="23.12388" lon="120.08326"/>
    <trkpt lat="23.12386" lon="120.08299"/>
    <trkpt lat="23.12382" lon="120.0826"/>
    <trkpt lat="23.12378" lon="120.08196"/>
    <trkpt lat="23.12377" lon="120.08193"/>
    <trkpt lat="23.12373" lon="120.08134"/>
    <trkpt lat="23.12371" lon="120.08114"/>
    <trkpt lat="23.12365" lon="120.08047"/>
    <trkpt lat="23.12364" lon="120.08029"/>
    <trkpt lat="23.12361" lon="120.07992"/>
    <trkpt lat="23.12357" lon="120.07953"/>
    <trkpt lat="23.12354" lon="120.07911"/>
    <trkpt lat="23.12352" lon="120.07882"/>
    <trkpt lat="23.1235" lon="120.0786"/>
    <trkpt lat="23.12348" lon="120.07845"/>
    <trkpt lat="23.12346" lon="120.07832"/>
    <trkpt lat="23.12343" lon="120.07812"/>
    <trkpt lat="23.12341" lon="120.07785"/>
    <trkpt lat="23.12339" lon="120.07744"/>
    <trkpt lat="23.12332" lon="120.07662"/>
    <trkpt lat="23.12325" lon="120.07581"/>
    <trkpt lat="23.12322" lon="120.07542"/>
    <trkpt lat="23.1232" lon="120.07509"/>
    <trkpt lat="23.12316" lon="120.07459"/>
    <trkpt lat="23.12313" lon="120.07424"/>
    <trkpt lat="23.12311" lon="120.07402"/>
    <trkpt lat="23.12309" lon="120.07389"/>
    <trkpt lat="23.12307" lon="120.07375"/>
    <trkpt lat="23.12305" lon="120.07362"/>
    <trkpt lat="23.12301" lon="120.07348"/>
    <trkpt lat="23.12296" lon="120.07333"/>
    <trkpt lat="23.12293" lon="120.07324"/>
    <trkpt lat="23.12292" lon="120.07321"/>
    <trkpt lat="23.12284" lon="120.07302"/>
    <trkpt lat="23.12277" lon="120.07288"/>
    <trkpt lat="23.12264" lon="120.0726"/>
    <trkpt lat="23.12244" lon="120.07219"/>
    <trkpt lat="23.12221" lon="120.07167"/>
    <trkpt lat="23.12201" lon="120.07123"/>
    <trkpt lat="23.12171" lon="120.07057"/>
    <trkpt lat="23.12124" lon="120.06954"/>
    <trkpt lat="23.12029" lon="120.06746"/>
    <trkpt lat="23.12005" lon="120.06693"/>
    <trkpt lat="23.11938" lon="120.06542"/>
    <trkpt lat="23.11871" lon="120.06394"/>
    <trkpt lat="23.11823" lon="120.06289"/>
    <trkpt lat="23.11771" lon="120.06175"/>
    <trkpt lat="23.11751" lon="120.06131"/>
    <trkpt lat="23.11711" lon="120.06047"/>
    <trkpt lat="23.11654" lon="120.05922"/>
    <trkpt lat="23.11601" lon="120.05805"/>
    <trkpt lat="23.11582" lon="120.05764"/>
    <trkpt lat="23.11502" lon="120.05589"/>
    <trkpt lat="23.115" lon="120.05585"/>
    <trkpt lat="23.1147" lon="120.05516"/>
    <trkpt lat="23.11447" lon="120.05466"/>
    <trkpt lat="23.11428" lon="120.05424"/>
    <trkpt lat="23.11404" lon="120.05368"/>
    <trkpt lat="23.11392" lon="120.05342"/>
    <trkpt lat="23.11381" lon="120.05322"/>
    <trkpt lat="23.11357" lon="120.05281"/>
    <trkpt lat="23.11346" lon="120.05266"/>
    <trkpt lat="23.11339" lon="120.05255"/>
    <trkpt lat="23.1133" lon="120.05244"/>
    <trkpt lat="23.11321" lon="120.05233"/>
    <trkpt lat="23.11314" lon="120.05225"/>
    <trkpt lat="23.11308" lon="120.0522"/>
    <trkpt lat="23.113" lon="120.05214"/>
    <trkpt lat="23.11294" lon="120.05211"/>
    <trkpt lat="23.11285" lon="120.05207"/>
    <trkpt lat="23.11284" lon="120.05207"/>
    <trkpt lat="23.11251" lon="120.05191"/>
    <trkpt lat="23.11245" lon="120.05188"/>
    <trkpt lat="23.1124" lon="120.05184"/>
    <trkpt lat="23.11236" lon="120.05179"/>
    <trkpt lat="23.11234" lon="120.05176"/>
    <trkpt lat="23.11232" lon="120.05173"/>
    <trkpt lat="23.11231" lon="120.0517"/>
    <trkpt lat="23.1123" lon="120.05166"/>
    <trkpt lat="23.11229" lon="120.05162"/>
    <trkpt lat="23.11229" lon="120.05158"/>
    <trkpt lat="23.1123" lon="120.05154"/>
    <trkpt lat="23.1123" lon="120.0515"/>
    <trkpt lat="23.11232" lon="120.05144"/>
    <trkpt lat="23.11234" lon="120.05138"/>
    <trkpt lat="23.11236" lon="120.05132"/>
    <trkpt lat="23.11237" lon="120.05129"/>
    <trkpt lat="23.11238" lon="120.05125"/>
    <trkpt lat="23.11238" lon="120.05122"/>
    <trkpt lat="23.11238" lon="120.05118"/>
    <trkpt lat="23.11238" lon="120.05116"/>
    <trkpt lat="23.11238" lon="120.05113"/>
    <trkpt lat="23.11237" lon="120.0511"/>
    <trkpt lat="23.11236" lon="120.05108"/>
    <trkpt lat="23.11235" lon="120.05105"/>
    <trkpt lat="23.1123" lon="120.05096"/>
    <trkpt lat="23.11225" lon="120.0509"/>
    <trkpt lat="23.11176" lon="120.05022"/>
    <trkpt lat="23.11014" lon="120.04787"/>
    <trkpt lat="23.10917" lon="120.04651"/>
    <trkpt lat="23.1091" lon="120.04654"/>
    <trkpt lat="23.10904" lon="120.04654"/>
    <trkpt lat="23.109" lon="120.04654"/>
    <trkpt lat="23.10894" lon="120.04653"/>
    <trkpt lat="23.10877" lon="120.0465"/>
    <trkpt lat="23.10449" lon="120.04537"/>
    <trkpt lat="23.10119" lon="120.04451"/>
    <trkpt lat="23.10034" lon="120.04433"/>
    <trkpt lat="23.09826" lon="120.04381"/>
    <trkpt lat="23.09824" lon="120.04381"/>
    <trkpt lat="23.09683" lon="120.04341"/>
    <trkpt lat="23.09445" lon="120.0428"/>
    <trkpt lat="23.09248" lon="120.04228"/>
    <trkpt lat="23.08808" lon="120.04112"/>
    <trkpt lat="23.08831" lon="120.04012"/>
    <trkpt lat="23.08867" lon="120.03851"/>
    <trkpt lat="23.0889" lon="120.03745"/>
    <trkpt lat="23.08905" lon="120.03676"/>
    <trkpt lat="23.08907" lon="120.0366"/>
    <trkpt lat="23.09133" lon="120.03643"/>
    <trkpt lat="23.09277" lon="120.03632"/>
    <trkpt lat="23.0938" lon="120.03624"/>
    <trkpt lat="23.09438" lon="120.0362"/>
    <trkpt lat="23.09492" lon="120.03616"/>
    <trkpt lat="23.09618" lon="120.03608"/>
    <trkpt lat="23.09765" lon="120.03598"/>
    <trkpt lat="23.09815" lon="120.03594"/>
    <trkpt lat="23.09824" lon="120.03593"/>
    <trkpt lat="23.09833" lon="120.03592"/>
    <trkpt lat="23.09851" lon="120.03591"/>
    <trkpt lat="23.09833" lon="120.03592"/>
    <trkpt lat="23.09824" lon="120.03593"/>
    <trkpt lat="23.09815" lon="120.03594"/>
    <trkpt lat="23.09765" lon="120.03598"/>
    <trkpt lat="23.09618" lon="120.03608"/>
    <trkpt lat="23.09492" lon="120.03616"/>
    <trkpt lat="23.09438" lon="120.0362"/>
    <trkpt lat="23.0938" lon="120.03624"/>
    <trkpt lat="23.09277" lon="120.03632"/>
    <trkpt lat="23.09133" lon="120.03643"/>
    <trkpt lat="23.08907" lon="120.0366"/>
    <trkpt lat="23.088" lon="120.03666"/>
    <trkpt lat="23.08703" lon="120.03673"/>
    <trkpt lat="23.08554" lon="120.03685"/>
    <trkpt lat="23.08355" lon="120.03699"/>
    <trkpt lat="23.08249" lon="120.03706"/>
    <trkpt lat="23.08201" lon="120.0371"/>
    <trkpt lat="23.08123" lon="120.03716"/>
    <trkpt lat="23.08072" lon="120.03718"/>
    <trkpt lat="23.08011" lon="120.03723"/>
    <trkpt lat="23.07972" lon="120.03726"/>
    <trkpt lat="23.07946" lon="120.03737"/>
    <trkpt lat="23.07925" lon="120.03748"/>
    <trkpt lat="23.07915" lon="120.03754"/>
    <trkpt lat="23.07909" lon="120.03759"/>
    <trkpt lat="23.07906" lon="120.03763"/>
    <trkpt lat="23.07904" lon="120.03766"/>
    <trkpt lat="23.07902" lon="120.03769"/>
    <trkpt lat="23.079" lon="120.03773"/>
    <trkpt lat="23.07899" lon="120.0378"/>
    <trkpt lat="23.07897" lon="120.03787"/>
    <trkpt lat="23.07897" lon="120.038"/>
    <trkpt lat="23.07895" lon="120.0382"/>
    <trkpt lat="23.07894" lon="120.03852"/>
    <trkpt lat="23.07894" lon="120.03896"/>
    <trkpt lat="23.07895" lon="120.03978"/>
    <trkpt lat="23.07896" lon="120.04026"/>
    <trkpt lat="23.07899" lon="120.04068"/>
    <trkpt lat="23.079" lon="120.04123"/>
    <trkpt lat="23.07902" lon="120.0421"/>
    <trkpt lat="23.07908" lon="120.04543"/>
    <trkpt lat="23.07909" lon="120.04601"/>
    <trkpt lat="23.07911" lon="120.04688"/>
    <trkpt lat="23.07914" lon="120.04832"/>
    <trkpt lat="23.07915" lon="120.04934"/>
    <trkpt lat="23.07916" lon="120.05031"/>
    <trkpt lat="23.07916" lon="120.05072"/>
    <trkpt lat="23.07919" lon="120.05244"/>
    <trkpt lat="23.07921" lon="120.05276"/>
    <trkpt lat="23.07927" lon="120.05309"/>
    <trkpt lat="23.07933" lon="120.05326"/>
    <trkpt lat="23.07952" lon="120.05384"/>
    <trkpt lat="23.07983" lon="120.05482"/>
    <trkpt lat="23.08004" lon="120.05546"/>
    <trkpt lat="23.0804" lon="120.05657"/>
    <trkpt lat="23.08108" lon="120.05874"/>
    <trkpt lat="23.08214" lon="120.06207"/>
    <trkpt lat="23.08276" lon="120.06396"/>
    <trkpt lat="23.08408" lon="120.06812"/>
    <trkpt lat="23.08419" lon="120.06839"/>
    <trkpt lat="23.08445" lon="120.0689"/>
    <trkpt lat="23.08473" lon="120.06943"/>
    <trkpt lat="23.08554" lon="120.07096"/>
    <trkpt lat="23.08542" lon="120.07157"/>
    <trkpt lat="23.08538" lon="120.07165"/>
    <trkpt lat="23.08536" lon="120.07173"/>
    <trkpt lat="23.08533" lon="120.07181"/>
    <trkpt lat="23.08532" lon="120.07189"/>
    <trkpt lat="23.0853" lon="120.07195"/>
    <trkpt lat="23.0853" lon="120.07201"/>
    <trkpt lat="23.08529" lon="120.07207"/>
    <trkpt lat="23.0853" lon="120.07214"/>
    <trkpt lat="23.08531" lon="120.07219"/>
    <trkpt lat="23.08532" lon="120.07227"/>
    <trkpt lat="23.08557" lon="120.07362"/>
    <trkpt lat="23.0857" lon="120.07435"/>
    <trkpt lat="23.08632" lon="120.0777"/>
    <trkpt lat="23.08637" lon="120.07799"/>
    <trkpt lat="23.08656" lon="120.07907"/>
    <trkpt lat="23.08664" lon="120.07943"/>
    <trkpt lat="23.0867" lon="120.07965"/>
    <trkpt lat="23.08677" lon="120.07984"/>
    <trkpt lat="23.08854" lon="120.08398"/>
    <trkpt lat="23.08856" lon="120.08403"/>
    <trkpt lat="23.08858" lon="120.08411"/>
    <trkpt lat="23.0886" lon="120.08421"/>
    <trkpt lat="23.08862" lon="120.08434"/>
    <trkpt lat="23.08865" lon="120.08444"/>
    <trkpt lat="23.08866" lon="120.08451"/>
    <trkpt lat="23.0887" lon="120.08462"/>
    <trkpt lat="23.08873" lon="120.08481"/>
    <trkpt lat="23.08907" lon="120.08567"/>
    <trkpt lat="23.08915" lon="120.08587"/>
    <trkpt lat="23.08942" lon="120.08651"/>
    <trkpt lat="23.0896" lon="120.08694"/>
    <trkpt lat="23.08983" lon="120.08756"/>
    <trkpt lat="23.08989" lon="120.08774"/>
    <trkpt lat="23.08993" lon="120.0879"/>
    <trkpt lat="23.08997" lon="120.08805"/>
    <trkpt lat="23.09003" lon="120.08861"/>
    <trkpt lat="23.09004" lon="120.08865"/>
    <trkpt lat="23.09004" lon="120.08868"/>
    <trkpt lat="23.09005" lon="120.08889"/>
    <trkpt lat="23.09005" lon="120.08899"/>
    <trkpt lat="23.09005" lon="120.08919"/>
    <trkpt lat="23.09005" lon="120.08941"/>
    <trkpt lat="23.08998" lon="120.08992"/>
    <trkpt lat="23.08992" lon="120.09029"/>
    <trkpt lat="23.08987" lon="120.09055"/>
    <trkpt lat="23.0896" lon="120.09188"/>
    <trkpt lat="23.08956" lon="120.09211"/>
    <trkpt lat="23.08953" lon="120.09231"/>
    <trkpt lat="23.08953" lon="120.09233"/>
    <trkpt lat="23.08951" lon="120.09251"/>
    <trkpt lat="23.0895" lon="120.09274"/>
    <trkpt lat="23.0895" lon="120.09298"/>
    <trkpt lat="23.08951" lon="120.09352"/>
    <trkpt lat="23.08952" lon="120.09383"/>
    <trkpt lat="23.08953" lon="120.0939"/>
    <trkpt lat="23.08954" lon="120.09418"/>
    <trkpt lat="23.08959" lon="120.09548"/>
    <trkpt lat="23.0896" lon="120.09563"/>
    <trkpt lat="23.08968" lon="120.09787"/>
    <trkpt lat="23.08975" lon="120.09945"/>
    <trkpt lat="23.08978" lon="120.09988"/>
    <trkpt lat="23.08981" lon="120.10044"/>
    <trkpt lat="23.08978" lon="120.10087"/>
    <trkpt lat="23.08966" lon="120.10191"/>
    <trkpt lat="23.0896" lon="120.10234"/>
    <trkpt lat="23.08957" lon="120.10277"/>
    <trkpt lat="23.08955" lon="120.10349"/>
    <trkpt lat="23.08952" lon="120.10441"/>
    <trkpt lat="23.08953" lon="120.10504"/>
    <trkpt lat="23.08954" lon="120.10525"/>
    <trkpt lat="23.08959" lon="120.10712"/>
    <trkpt lat="23.08963" lon="120.10843"/>
    <trkpt lat="23.0897" lon="120.11042"/>
    <trkpt lat="23.08974" lon="120.11114"/>
    <trkpt lat="23.08986" lon="120.11271"/>
    <trkpt lat="23.08987" lon="120.11281"/>
    <trkpt lat="23.08995" lon="120.11401"/>
    <trkpt lat="23.08995" lon="120.11404"/>
    <trkpt lat="23.09003" lon="120.11486"/>
    <trkpt lat="23.09013" lon="120.11559"/>
    <trkpt lat="23.09028" lon="120.11669"/>
    <trkpt lat="23.09057" lon="120.11848"/>
    <trkpt lat="23.09087" lon="120.12023"/>
    <trkpt lat="23.0909" lon="120.12046"/>
    <trkpt lat="23.091" lon="120.12104"/>
    <trkpt lat="23.09104" lon="120.12123"/>
    <trkpt lat="23.09118" lon="120.12199"/>
    <trkpt lat="23.09137" lon="120.12291"/>
    <trkpt lat="23.09168" lon="120.12438"/>
    <trkpt lat="23.0917" lon="120.12442"/>
    <trkpt lat="23.09197" lon="120.12559"/>
    <trkpt lat="23.09205" lon="120.12591"/>
    <trkpt lat="23.09214" lon="120.12631"/>
    <trkpt lat="23.09254" lon="120.12838"/>
    <trkpt lat="23.09265" lon="120.12898"/>
    <trkpt lat="23.09272" lon="120.12933"/>
    <trkpt lat="23.09278" lon="120.12961"/>
    <trkpt lat="23.0929" lon="120.13027"/>
    <trkpt lat="23.09306" lon="120.13119"/>
    <trkpt lat="23.09309" lon="120.13134"/>
    <trkpt lat="23.09319" lon="120.13134"/>
    <trkpt lat="23.09357" lon="120.13135"/>
    <trkpt lat="23.09394" lon="120.13135"/>
    <trkpt lat="23.09431" lon="120.13135"/>
    <trkpt lat="23.09434" lon="120.13135"/>
    <trkpt lat="23.09437" lon="120.13137"/>
    <trkpt lat="23.09439" lon="120.13138"/>
    <trkpt lat="23.09441" lon="120.13141"/>
    <trkpt lat="23.09443" lon="120.13143"/>
    <trkpt lat="23.09443" lon="120.13145"/>
    <trkpt lat="23.09444" lon="120.13147"/>
    <trkpt lat="23.09445" lon="120.13156"/>
    <trkpt lat="23.09399" lon="120.13171"/>
    <trkpt lat="23.09353" lon="120.13187"/>
    <trkpt lat="23.09339" lon="120.13191"/>
    <trkpt lat="23.09338" lon="120.13191"/>
    <trkpt lat="23.09321" lon="120.13197"/>
    <trkpt lat="23.09304" lon="120.13202"/>
    <trkpt lat="23.09281" lon="120.1321"/>
    <trkpt lat="23.0923" lon="120.13227"/>
    <trkpt lat="23.09212" lon="120.13233"/>
    <trkpt lat="23.09195" lon="120.13238"/>
    <trkpt lat="23.09161" lon="120.1325"/>
    <trkpt lat="23.09134" lon="120.13258"/>
    <trkpt lat="23.09081" lon="120.13277"/>
    <trkpt lat="23.09066" lon="120.13282"/>
    <trkpt lat="23.09052" lon="120.13286"/>
    <trkpt lat="23.09038" lon="120.1329"/>
    <trkpt lat="23.0891" lon="120.13329"/>
    <trkpt lat="23.0889" lon="120.13336"/>
    <trkpt lat="23.08839" lon="120.13352"/>
    <trkpt lat="23.08821" lon="120.13358"/>
    <trkpt lat="23.08815" lon="120.1336"/>
    <trkpt lat="23.08742" lon="120.13385"/>
    <trkpt lat="23.08736" lon="120.13387"/>
    <trkpt lat="23.08719" lon="120.13393"/>
    <trkpt lat="23.08684" lon="120.13405"/>
    <trkpt lat="23.08674" lon="120.13409"/>
    <trkpt lat="23.08667" lon="120.13411"/>
    <trkpt lat="23.08598" lon="120.13432"/>
    <trkpt lat="23.0858" lon="120.13437"/>
    <trkpt lat="23.08563" lon="120.13442"/>
    <trkpt lat="23.08561" lon="120.13443"/>
    <trkpt lat="23.08546" lon="120.13448"/>
    <trkpt lat="23.08459" lon="120.13474"/>
    <trkpt lat="23.08442" lon="120.1348"/>
    <trkpt lat="23.08425" lon="120.13485"/>
    <trkpt lat="23.08217" lon="120.13549"/>
    <trkpt lat="23.08212" lon="120.1355"/>
    <trkpt lat="23.082" lon="120.13554"/>
    <trkpt lat="23.0819" lon="120.13557"/>
    <trkpt lat="23.08185" lon="120.13558"/>
    <trkpt lat="23.08177" lon="120.13559"/>
    <trkpt lat="23.08166" lon="120.1356"/>
    <trkpt lat="23.08159" lon="120.1356"/>
    <trkpt lat="23.08143" lon="120.13559"/>
    <trkpt lat="23.08145" lon="120.13539"/>
    <trkpt lat="23.08147" lon="120.13521"/>
    <trkpt lat="23.08151" lon="120.13479"/>
    <trkpt lat="23.08154" lon="120.1345"/>
    <trkpt lat="23.08154" lon="120.13439"/>
    <trkpt lat="23.08154" lon="120.13434"/>
    <trkpt lat="23.08154" lon="120.13426"/>
    <trkpt lat="23.08154" lon="120.13415"/>
    <trkpt lat="23.08152" lon="120.13399"/>
    <trkpt lat="23.0815" lon="120.13383"/>
    <trkpt lat="23.08144" lon="120.13344"/>
    <trkpt lat="23.08144" lon="120.13343"/>
    <trkpt lat="23.08136" lon="120.133"/>
    <trkpt lat="23.08133" lon="120.13284"/>
    <trkpt lat="23.0811" lon="120.13165"/>
    <trkpt lat="23.08101" lon="120.13121"/>
    <trkpt lat="23.08101" lon="120.13119"/>
    <trkpt lat="23.081" lon="120.13108"/>
    <trkpt lat="23.08098" lon="120.13095"/>
    <trkpt lat="23.08097" lon="120.13086"/>
    <trkpt lat="23.08093" lon="120.13076"/>
    <trkpt lat="23.0809" lon="120.13073"/>
    <trkpt lat="23.08088" lon="120.13072"/>
    <trkpt lat="23.08086" lon="120.1307"/>
    <trkpt lat="23.08084" lon="120.13069"/>
    <trkpt lat="23.08082" lon="120.13068"/>
    <trkpt lat="23.08079" lon="120.13068"/>
    <trkpt lat="23.08076" lon="120.13067"/>
    <trkpt lat="23.08049" lon="120.13065"/>
    <trkpt lat="23.08012" lon="120.13063"/>
    <trkpt lat="23.07989" lon="120.13062"/>
    <trkpt lat="23.07937" lon="120.13058"/>
    <trkpt lat="23.07892" lon="120.13054"/>
    <trkpt lat="23.07798" lon="120.13048"/>
    <trkpt lat="23.07671" lon="120.13041"/>
    <trkpt lat="23.07629" lon="120.13037"/>
    <trkpt lat="23.07564" lon="120.13033"/>
    <trkpt lat="23.07562" lon="120.13033"/>
    <trkpt lat="23.07468" lon="120.13034"/>
    <trkpt lat="23.07325" lon="120.13039"/>
    <trkpt lat="23.07221" lon="120.13035"/>
    <trkpt lat="23.07119" lon="120.13033"/>
    <trkpt lat="23.07081" lon="120.13031"/>
    <trkpt lat="23.07074" lon="120.13031"/>
    <trkpt lat="23.07068" lon="120.13032"/>
    <trkpt lat="23.06981" lon="120.13035"/>
    <trkpt lat="23.06928" lon="120.13035"/>
    <trkpt lat="23.06916" lon="120.13035"/>
    <trkpt lat="23.06836" lon="120.13033"/>
    <trkpt lat="23.06805" lon="120.13034"/>
    <trkpt lat="23.0679" lon="120.13034"/>
    <trkpt lat="23.06768" lon="120.13037"/>
    <trkpt lat="23.06763" lon="120.13038"/>
    <trkpt lat="23.06744" lon="120.13046"/>
    <trkpt lat="23.06735" lon="120.1305"/>
    <trkpt lat="23.06722" lon="120.13057"/>
    <trkpt lat="23.06704" lon="120.13068"/>
    <trkpt lat="23.06694" lon="120.13074"/>
    <trkpt lat="23.06683" lon="120.13082"/>
    <trkpt lat="23.06682" lon="120.13046"/>
    <trkpt lat="23.06678" lon="120.1299"/>
    <trkpt lat="23.06676" lon="120.12961"/>
    <trkpt lat="23.06673" lon="120.12915"/>
    <trkpt lat="23.06664" lon="120.12811"/>
    <trkpt lat="23.06661" lon="120.1274"/>
    <trkpt lat="23.06666" lon="120.12735"/>
    <trkpt lat="23.06678" lon="120.12734"/>
    <trkpt lat="23.06679" lon="120.12756"/>
    <trkpt lat="23.06702" lon="120.12755"/>
    <trkpt lat="23.06713" lon="120.12754"/>
    <trkpt lat="23.06739" lon="120.12753"/>
    <trkpt lat="23.06765" lon="120.12752"/>
  </trkseg></trk>
</gpx>