<?xml version="1.0" encoding="UTF-8"?>
<gpx xmlns="http://www.topografix.com/GPX/1/1" version="1.1" creator="CyclingTW">
  <metadata><name>Day 9 東北角濱海極東追風行</name>
    <bounds minlat="24.60664" minlon="121.63676" maxlat="25.2226" maxlon="122.00351"/></metadata>
  <wpt lat="24.6089299" lon="121.82768279999998"><name>蘇澳新站</name><sym>Flag, Green</sym></wpt>
  <wpt lat="24.8558859" lon="121.82419100000001"><name>7-ELEVEN 頭城門市</name><sym>Waypoint</sym></wpt>
  <wpt lat="24.8686561" lon="121.83274080000001"><name>蘭陽博物館</name><sym>Waypoint</sym></wpt>
  <wpt lat="24.941482999999998" lon="121.9005824"><name>全家便利商店 宜蘭大溪店</name><sym>Waypoint</sym></wpt>
  <wpt lat="25.007551499999998" lon="122.00189160000001"><name>三貂角燈塔</name><sym>Waypoint</sym></wpt>
  <wpt lat="25.012061" lon="121.9897917"><name>卯起來吃（卯澳店）採現場候位</name><sym>Waypoint</sym></wpt>
  <wpt lat="25.0039454" lon="121.9583462"><name>舊草嶺隧道</name><sym>Waypoint</sym></wpt>
  <wpt lat="25.0168127" lon="121.94473749999999"><name>7-ELEVEN 新福隆門市</name><sym>Waypoint</sym></wpt>
  <wpt lat="25.0219984" lon="121.94315829999998"><name>福隆海水浴場</name><sym>Waypoint</sym></wpt>
  <wpt lat="25.1239429" lon="121.91413499999999"><name>7-ELEVEN 鼻頭角門市</name><sym>Waypoint</sym></wpt>
  <wpt lat="25.146893799999997" lon="121.79423039999998"><name>大坪海岸</name><sym>Waypoint</sym></wpt>
  <wpt lat="25.2096543" lon="121.6567307"><name>全家便利商店 萬里頂社店</name><sym>Waypoint</sym></wpt>
  <wpt lat="25.2217827" lon="121.6383244"><name>金山老街</name><sym>Flag, Red</sym></wpt>
  <trk><name>Day 9</name><trkseg>
    <trkpt lat="24.60849" lon="121.82748"/>
    <trkpt lat="24.60828" lon="121.82765"/>
    <trkpt lat="24.60788" lon="121.82797"/>
    <trkpt lat="24.60786" lon="121.82798"/>
    <trkpt lat="24.60771" lon="121.8281"/>
    <trkpt lat="24.60756" lon="121.82823"/>
    <trkpt lat="24.60743" lon="121.82832"/>
    <trkpt lat="24.60727" lon="121.82843"/>
    <trkpt lat="24.60724" lon="121.82848"/>
    <trkpt lat="24.60707" lon="121.82861"/>
    <trkpt lat="24.60689" lon="121.82871"/>
    <trkpt lat="24.60682" lon="121.82875"/>
    <trkpt lat="24.60673" lon="121.82878"/>
    <trkpt lat="24.60664" lon="121.8288"/>
    <trkpt lat="24.60664" lon="121.82876"/>
    <trkpt lat="24.60664" lon="121.82871"/>
    <trkpt lat="24.60667" lon="121.82868"/>
    <trkpt lat="24.60671" lon="121.82864"/>
    <trkpt lat="24.60685" lon="121.82851"/>
    <trkpt lat="24.60695" lon="121.82843"/>
    <trkpt lat="24.60709" lon="121.82831"/>
    <trkpt lat="24.60707" lon="121.8283"/>
    <trkpt lat="24.60705" lon="121.82829"/>
    <trkpt lat="24.60704" lon="121.82828"/>
    <trkpt lat="24.60689" lon="121.82815"/>
    <trkpt lat="24.60721" lon="121.82778"/>
    <trkpt lat="24.60736" lon="121.82765"/>
    <trkpt lat="24.60757" lon="121.82748"/>
    <trkpt lat="24.60759" lon="121.82745"/>
    <trkpt lat="24.6078" lon="121.82732"/>
    <trkpt lat="24.60802" lon="121.82715"/>
    <trkpt lat="24.60882" lon="121.82682"/>
    <trkpt lat="24.60919" lon="121.82667"/>
    <trkpt lat="24.60927" lon="121.82664"/>
    <trkpt lat="24.60944" lon="121.82657"/>
    <trkpt lat="24.60961" lon="121.8265"/>
    <trkpt lat="24.60962" lon="121.8265"/>
    <trkpt lat="24.61045" lon="121.82613"/>
    <trkpt lat="24.61098" lon="121.82588"/>
    <trkpt lat="24.61193" lon="121.82549"/>
    <trkpt lat="24.61256" lon="121.82527"/>
    <trkpt lat="24.6128" lon="121.82524"/>
    <trkpt lat="24.61288" lon="121.82521"/>
    <trkpt lat="24.613" lon="121.82515"/>
    <trkpt lat="24.6131" lon="121.82508"/>
    <trkpt lat="24.61324" lon="121.82497"/>
    <trkpt lat="24.61331" lon="121.82492"/>
    <trkpt lat="24.61353" lon="121.82468"/>
    <trkpt lat="24.6137" lon="121.82449"/>
    <trkpt lat="24.61371" lon="121.82447"/>
    <trkpt lat="24.61393" lon="121.82419"/>
    <trkpt lat="24.61406" lon="121.82431"/>
    <trkpt lat="24.61436" lon="121.82455"/>
    <trkpt lat="24.61447" lon="121.82465"/>
    <trkpt lat="24.61458" lon="121.82475"/>
    <trkpt lat="24.61489" lon="121.82514"/>
    <trkpt lat="24.61494" lon="121.82518"/>
    <trkpt lat="24.61499" lon="121.82522"/>
    <trkpt lat="24.61606" lon="121.82611"/>
    <trkpt lat="24.61617" lon="121.82621"/>
    <trkpt lat="24.61623" lon="121.82628"/>
    <trkpt lat="24.61643" lon="121.82644"/>
    <trkpt lat="24.61657" lon="121.82656"/>
    <trkpt lat="24.61669" lon="121.82667"/>
    <trkpt lat="24.61676" lon="121.82673"/>
    <trkpt lat="24.617" lon="121.82692"/>
    <trkpt lat="24.61716" lon="121.82706"/>
    <trkpt lat="24.61744" lon="121.82732"/>
    <trkpt lat="24.61839" lon="121.82808"/>
    <trkpt lat="24.61842" lon="121.82811"/>
    <trkpt lat="24.619" lon="121.82861"/>
    <trkpt lat="24.61978" lon="121.82926"/>
    <trkpt lat="24.62004" lon="121.82945"/>
    <trkpt lat="24.6201" lon="121.8295"/>
    <trkpt lat="24.62056" lon="121.8299"/>
    <trkpt lat="24.62088" lon="121.83017"/>
    <trkpt lat="24.62168" lon="121.83086"/>
    <trkpt lat="24.62195" lon="121.83112"/>
    <trkpt lat="24.62211" lon="121.83125"/>
    <trkpt lat="24.62251" lon="121.83164"/>
    <trkpt lat="24.62277" lon="121.83186"/>
    <trkpt lat="24.62333" lon="121.83235"/>
    <trkpt lat="24.62453" lon="121.83338"/>
    <trkpt lat="24.62469" lon="121.83353"/>
    <trkpt lat="24.62497" lon="121.83377"/>
    <trkpt lat="24.62519" lon="121.83396"/>
    <trkpt lat="24.62555" lon="121.83427"/>
    <trkpt lat="24.62587" lon="121.83459"/>
    <trkpt lat="24.62594" lon="121.83465"/>
    <trkpt lat="24.62612" lon="121.83441"/>
    <trkpt lat="24.62692" lon="121.83334"/>
    <trkpt lat="24.62702" lon="121.83321"/>
    <trkpt lat="24.62722" lon="121.83299"/>
    <trkpt lat="24.6274" lon="121.83283"/>
    <trkpt lat="24.62766" lon="121.83262"/>
    <trkpt lat="24.62777" lon="121.83254"/>
    <trkpt lat="24.62786" lon="121.83246"/>
    <trkpt lat="24.62798" lon="121.83238"/>
    <trkpt lat="24.62812" lon="121.83232"/>
    <trkpt lat="24.62821" lon="121.83228"/>
    <trkpt lat="24.62835" lon="121.83223"/>
    <trkpt lat="24.62857" lon="121.83217"/>
    <trkpt lat="24.62861" lon="121.83216"/>
    <trkpt lat="24.62867" lon="121.83214"/>
    <trkpt lat="24.62875" lon="121.83212"/>
    <trkpt lat="24.62882" lon="121.83211"/>
    <trkpt lat="24.6289" lon="121.8321"/>
    <trkpt lat="24.62911" lon="121.83207"/>
    <trkpt lat="24.6293" lon="121.83206"/>
    <trkpt lat="24.63018" lon="121.83199"/>
    <trkpt lat="24.63028" lon="121.83198"/>
    <trkpt lat="24.63036" lon="121.83198"/>
    <trkpt lat="24.63049" lon="121.83197"/>
    <trkpt lat="24.63054" lon="121.83196"/>
    <trkpt lat="24.63066" lon="121.83195"/>
    <trkpt lat="24.63068" lon="121.83195"/>
    <trkpt lat="24.6308" lon="121.83191"/>
    <trkpt lat="24.63087" lon="121.83187"/>
    <trkpt lat="24.63106" lon="121.83185"/>
    <trkpt lat="24.63116" lon="121.83184"/>
    <trkpt lat="24.63124" lon="121.83183"/>
    <trkpt lat="24.63133" lon="121.83183"/>
    <trkpt lat="24.63142" lon="121.83182"/>
    <trkpt lat="24.6316" lon="121.83181"/>
    <trkpt lat="24.63171" lon="121.8318"/>
    <trkpt lat="24.63204" lon="121.83178"/>
    <trkpt lat="24.63231" lon="121.83177"/>
    <trkpt lat="24.63244" lon="121.83177"/>
    <trkpt lat="24.6326" lon="121.83177"/>
    <trkpt lat="24.63291" lon="121.83178"/>
    <trkpt lat="24.63296" lon="121.83178"/>
    <trkpt lat="24.63313" lon="121.83179"/>
    <trkpt lat="24.63314" lon="121.83179"/>
    <trkpt lat="24.63332" lon="121.8318"/>
    <trkpt lat="24.6335" lon="121.83181"/>
    <trkpt lat="24.63376" lon="121.83186"/>
    <trkpt lat="24.6339" lon="121.83193"/>
    <trkpt lat="24.63399" lon="121.83194"/>
    <trkpt lat="24.63428" lon="121.83203"/>
    <trkpt lat="24.63465" lon="121.83214"/>
    <trkpt lat="24.63488" lon="121.83223"/>
    <trkpt lat="24.63498" lon="121.83226"/>
    <trkpt lat="24.63514" lon="121.83233"/>
    <trkpt lat="24.63529" lon="121.8324"/>
    <trkpt lat="24.63535" lon="121.83243"/>
    <trkpt lat="24.63557" lon="121.83254"/>
    <trkpt lat="24.63601" lon="121.83277"/>
    <trkpt lat="24.63627" lon="121.83291"/>
    <trkpt lat="24.63652" lon="121.83304"/>
    <trkpt lat="24.63693" lon="121.83327"/>
    <trkpt lat="24.63718" lon="121.8334"/>
    <trkpt lat="24.63748" lon="121.83352"/>
    <trkpt lat="24.6376" lon="121.83357"/>
    <trkpt lat="24.63771" lon="121.83361"/>
    <trkpt lat="24.63788" lon="121.83367"/>
    <trkpt lat="24.63804" lon="121.83371"/>
    <trkpt lat="24.63812" lon="121.83374"/>
    <trkpt lat="24.63919" lon="121.834"/>
    <trkpt lat="24.6409" lon="121.83452"/>
    <trkpt lat="24.64121" lon="121.83461"/>
    <trkpt lat="24.64211" lon="121.83486"/>
    <trkpt lat="24.64235" lon="121.83493"/>
    <trkpt lat="24.64243" lon="121.83496"/>
    <trkpt lat="24.64265" lon="121.83502"/>
    <trkpt lat="24.6429" lon="121.83509"/>
    <trkpt lat="24.64315" lon="121.83516"/>
    <trkpt lat="24.64322" lon="121.83517"/>
    <trkpt lat="24.64332" lon="121.83519"/>
    <trkpt lat="24.64347" lon="121.83521"/>
    <trkpt lat="24.64364" lon="121.83523"/>
    <trkpt lat="24.64371" lon="121.83523"/>
    <trkpt lat="24.64381" lon="121.83523"/>
    <trkpt lat="24.64388" lon="121.83523"/>
    <trkpt lat="24.64403" lon="121.83521"/>
    <trkpt lat="24.64409" lon="121.8352"/>
    <trkpt lat="24.64416" lon="121.83519"/>
    <trkpt lat="24.6442" lon="121.83518"/>
    <trkpt lat="24.64435" lon="121.83514"/>
    <trkpt lat="24.64461" lon="121.83505"/>
    <trkpt lat="24.64492" lon="121.83493"/>
    <trkpt lat="24.64517" lon="121.83483"/>
    <trkpt lat="24.64531" lon="121.83477"/>
    <trkpt lat="24.64535" lon="121.83476"/>
    <trkpt lat="24.64551" lon="121.83469"/>
    <trkpt lat="24.64562" lon="121.83465"/>
    <trkpt lat="24.64595" lon="121.83451"/>
    <trkpt lat="24.64869" lon="121.83341"/>
    <trkpt lat="24.64922" lon="121.83321"/>
    <trkpt lat="24.64929" lon="121.83319"/>
    <trkpt lat="24.6493" lon="121.83318"/>
    <trkpt lat="24.65218" lon="121.83218"/>
    <trkpt lat="24.65241" lon="121.8321"/>
    <trkpt lat="24.65292" lon="121.83192"/>
    <trkpt lat="24.6538" lon="121.83162"/>
    <trkpt lat="24.65464" lon="121.83133"/>
    <trkpt lat="24.65515" lon="121.83115"/>
    <trkpt lat="24.65738" lon="121.8304"/>
    <trkpt lat="24.65795" lon="121.8302"/>
    <trkpt lat="24.65982" lon="121.82962"/>
    <trkpt lat="24.66161" lon="121.82915"/>
    <trkpt lat="24.6623" lon="121.82897"/>
    <trkpt lat="24.66237" lon="121.82896"/>
    <trkpt lat="24.66253" lon="121.82891"/>
    <trkpt lat="24.66265" lon="121.82887"/>
    <trkpt lat="24.66294" lon="121.82879"/>
    <trkpt lat="24.66348" lon="121.82867"/>
    <trkpt lat="24.66371" lon="121.82862"/>
    <trkpt lat="24.66421" lon="121.82851"/>
    <trkpt lat="24.66502" lon="121.82836"/>
    <trkpt lat="24.66526" lon="121.82832"/>
    <trkpt lat="24.66555" lon="121.82827"/>
    <trkpt lat="24.66556" lon="121.82827"/>
    <trkpt lat="24.66576" lon="121.82823"/>
    <trkpt lat="24.66594" lon="121.82821"/>
    <trkpt lat="24.66688" lon="121.82804"/>
    <trkpt lat="24.66694" lon="121.82803"/>
    <trkpt lat="24.66702" lon="121.82802"/>
    <trkpt lat="24.66712" lon="121.828"/>
    <trkpt lat="24.66752" lon="121.82791"/>
    <trkpt lat="24.66753" lon="121.82791"/>
    <trkpt lat="24.66773" lon="121.82786"/>
    <trkpt lat="24.66807" lon="121.8278"/>
    <trkpt lat="24.66827" lon="121.82778"/>
    <trkpt lat="24.6687" lon="121.82772"/>
    <trkpt lat="24.66962" lon="121.82763"/>
    <trkpt lat="24.6713" lon="121.82756"/>
    <trkpt lat="24.67181" lon="121.82755"/>
    <trkpt lat="24.67275" lon="121.82754"/>
    <trkpt lat="24.6734" lon="121.82751"/>
    <trkpt lat="24.67474" lon="121.82749"/>
    <trkpt lat="24.67557" lon="121.82747"/>
    <trkpt lat="24.67579" lon="121.82746"/>
    <trkpt lat="24.67607" lon="121.82743"/>
    <trkpt lat="24.67632" lon="121.8274"/>
    <trkpt lat="24.6769" lon="121.82733"/>
    <trkpt lat="24.67734" lon="121.82726"/>
    <trkpt lat="24.67781" lon="121.82719"/>
    <trkpt lat="24.67816" lon="121.82714"/>
    <trkpt lat="24.67822" lon="121.82713"/>
    <trkpt lat="24.67889" lon="121.82702"/>
    <trkpt lat="24.68016" lon="121.82683"/>
    <trkpt lat="24.68039" lon="121.82678"/>
    <trkpt lat="24.68264" lon="121.82643"/>
    <trkpt lat="24.68288" lon="121.8264"/>
    <trkpt lat="24.6831" lon="121.82637"/>
    <trkpt lat="24.68316" lon="121.82636"/>
    <trkpt lat="24.68319" lon="121.82635"/>
    <trkpt lat="24.68439" lon="121.82621"/>
    <trkpt lat="24.68674" lon="121.82586"/>
    <trkpt lat="24.68733" lon="121.82576"/>
    <trkpt lat="24.68754" lon="121.82573"/>
    <trkpt lat="24.68813" lon="121.82563"/>
    <trkpt lat="24.68859" lon="121.82554"/>
    <trkpt lat="24.69089" lon="121.82506"/>
    <trkpt lat="24.6916" lon="121.82495"/>
    <trkpt lat="24.69222" lon="121.82486"/>
    <trkpt lat="24.69255" lon="121.82481"/>
    <trkpt lat="24.69421" lon="121.82455"/>
    <trkpt lat="24.69427" lon="121.82455"/>
    <trkpt lat="24.69433" lon="121.82454"/>
    <trkpt lat="24.69461" lon="121.82448"/>
    <trkpt lat="24.69478" lon="121.82443"/>
    <trkpt lat="24.69494" lon="121.82439"/>
    <trkpt lat="24.69513" lon="121.82433"/>
    <trkpt lat="24.6953" lon="121.82426"/>
    <trkpt lat="24.69589" lon="121.82409"/>
    <trkpt lat="24.69616" lon="121.82398"/>
    <trkpt lat="24.69643" lon="121.82386"/>
    <trkpt lat="24.6966" lon="121.82379"/>
    <trkpt lat="24.6967" lon="121.82374"/>
    <trkpt lat="24.69742" lon="121.82344"/>
    <trkpt lat="24.69769" lon="121.82333"/>
    <trkpt lat="24.69794" lon="121.82323"/>
    <trkpt lat="24.69806" lon="121.82317"/>
    <trkpt lat="24.69812" lon="121.82315"/>
    <trkpt lat="24.6984" lon="121.82303"/>
    <trkpt lat="24.69904" lon="121.82275"/>
    <trkpt lat="24.70021" lon="121.82224"/>
    <trkpt lat="24.70042" lon="121.82215"/>
    <trkpt lat="24.70099" lon="121.8219"/>
    <trkpt lat="24.70183" lon="121.82154"/>
    <trkpt lat="24.7022" lon="121.82138"/>
    <trkpt lat="24.70233" lon="121.82133"/>
    <trkpt lat="24.70354" lon="121.82081"/>
    <trkpt lat="24.70415" lon="121.82053"/>
    <trkpt lat="24.70422" lon="121.8205"/>
    <trkpt lat="24.70437" lon="121.82043"/>
    <trkpt lat="24.70443" lon="121.82039"/>
    <trkpt lat="24.70446" lon="121.82037"/>
    <trkpt lat="24.70453" lon="121.82032"/>
    <trkpt lat="24.70474" lon="121.82025"/>
    <trkpt lat="24.70477" lon="121.82023"/>
    <trkpt lat="24.70488" lon="121.82019"/>
    <trkpt lat="24.70499" lon="121.82014"/>
    <trkpt lat="24.70513" lon="121.8201"/>
    <trkpt lat="24.70525" lon="121.82007"/>
    <trkpt lat="24.70536" lon="121.82004"/>
    <trkpt lat="24.70543" lon="121.82003"/>
    <trkpt lat="24.70555" lon="121.82002"/>
    <trkpt lat="24.70565" lon="121.82002"/>
    <trkpt lat="24.70583" lon="121.82003"/>
    <trkpt lat="24.706" lon="121.82004"/>
    <trkpt lat="24.7061" lon="121.82004"/>
    <trkpt lat="24.70618" lon="121.82004"/>
    <trkpt lat="24.70664" lon="121.82004"/>
    <trkpt lat="24.70697" lon="121.82004"/>
    <trkpt lat="24.70701" lon="121.82004"/>
    <trkpt lat="24.70705" lon="121.82004"/>
    <trkpt lat="24.70709" lon="121.82004"/>
    <trkpt lat="24.70729" lon="121.82005"/>
    <trkpt lat="24.70736" lon="121.82005"/>
    <trkpt lat="24.70792" lon="121.82006"/>
    <trkpt lat="24.70819" lon="121.82007"/>
    <trkpt lat="24.70857" lon="121.82008"/>
    <trkpt lat="24.70864" lon="121.82008"/>
    <trkpt lat="24.70868" lon="121.82008"/>
    <trkpt lat="24.7087" lon="121.82009"/>
    <trkpt lat="24.70872" lon="121.82009"/>
    <trkpt lat="24.70904" lon="121.8201"/>
    <trkpt lat="24.70908" lon="121.8201"/>
    <trkpt lat="24.70926" lon="121.8201"/>
    <trkpt lat="24.70955" lon="121.82011"/>
    <trkpt lat="24.70976" lon="121.82012"/>
    <trkpt lat="24.71004" lon="121.82013"/>
    <trkpt lat="24.71034" lon="121.82014"/>
    <trkpt lat="24.71052" lon="121.82015"/>
    <trkpt lat="24.7107" lon="121.82016"/>
    <trkpt lat="24.71074" lon="121.82017"/>
    <trkpt lat="24.71088" lon="121.82017"/>
    <trkpt lat="24.711" lon="121.82018"/>
    <trkpt lat="24.71123" lon="121.82019"/>
    <trkpt lat="24.71159" lon="121.82021"/>
    <trkpt lat="24.71177" lon="121.82022"/>
    <trkpt lat="24.71192" lon="121.82023"/>
    <trkpt lat="24.71211" lon="121.82024"/>
    <trkpt lat="24.71215" lon="121.82024"/>
    <trkpt lat="24.71229" lon="121.82024"/>
    <trkpt lat="24.71247" lon="121.82025"/>
    <trkpt lat="24.71272" lon="121.82027"/>
    <trkpt lat="24.71393" lon="121.82032"/>
    <trkpt lat="24.71427" lon="121.82033"/>
    <trkpt lat="24.71445" lon="121.82034"/>
    <trkpt lat="24.71463" lon="121.82035"/>
    <trkpt lat="24.71481" lon="121.82036"/>
    <trkpt lat="24.71493" lon="121.82037"/>
    <trkpt lat="24.71517" lon="121.82038"/>
    <trkpt lat="24.71524" lon="121.82038"/>
    <trkpt lat="24.71535" lon="121.82038"/>
    <trkpt lat="24.71553" lon="121.82039"/>
    <trkpt lat="24.71569" lon="121.8204"/>
    <trkpt lat="24.71612" lon="121.82042"/>
    <trkpt lat="24.71654" lon="121.82044"/>
    <trkpt lat="24.71671" lon="121.82044"/>
    <trkpt lat="24.71674" lon="121.82044"/>
    <trkpt lat="24.71679" lon="121.82044"/>
    <trkpt lat="24.71684" lon="121.82044"/>
    <trkpt lat="24.71686" lon="121.82044"/>
    <trkpt lat="24.71702" lon="121.82045"/>
    <trkpt lat="24.71708" lon="121.82045"/>
    <trkpt lat="24.71714" lon="121.82046"/>
    <trkpt lat="24.71721" lon="121.82046"/>
    <trkpt lat="24.71739" lon="121.82047"/>
    <trkpt lat="24.7174" lon="121.82047"/>
    <trkpt lat="24.71803" lon="121.8205"/>
    <trkpt lat="24.71846" lon="121.82052"/>
    <trkpt lat="24.71851" lon="121.82052"/>
    <trkpt lat="24.71864" lon="121.82053"/>
    <trkpt lat="24.71882" lon="121.82054"/>
    <trkpt lat="24.719" lon="121.82055"/>
    <trkpt lat="24.71902" lon="121.82055"/>
    <trkpt lat="24.71918" lon="121.82056"/>
    <trkpt lat="24.71936" lon="121.82056"/>
    <trkpt lat="24.71942" lon="121.82057"/>
    <trkpt lat="24.71954" lon="121.82057"/>
    <trkpt lat="24.7197" lon="121.82058"/>
    <trkpt lat="24.7199" lon="121.82059"/>
    <trkpt lat="24.71996" lon="121.82059"/>
    <trkpt lat="24.72003" lon="121.82059"/>
    <trkpt lat="24.72034" lon="121.82061"/>
    <trkpt lat="24.72051" lon="121.82062"/>
    <trkpt lat="24.72068" lon="121.82062"/>
    <trkpt lat="24.72084" lon="121.82063"/>
    <trkpt lat="24.72097" lon="121.82064"/>
    <trkpt lat="24.72104" lon="121.82065"/>
    <trkpt lat="24.72111" lon="121.82065"/>
    <trkpt lat="24.72129" lon="121.82067"/>
    <trkpt lat="24.72159" lon="121.8207"/>
    <trkpt lat="24.72171" lon="121.82071"/>
    <trkpt lat="24.72198" lon="121.82073"/>
    <trkpt lat="24.72249" lon="121.82077"/>
    <trkpt lat="24.72332" lon="121.82084"/>
    <trkpt lat="24.72343" lon="121.82085"/>
    <trkpt lat="24.72361" lon="121.82087"/>
    <trkpt lat="24.72372" lon="121.82091"/>
    <trkpt lat="24.72408" lon="121.82093"/>
    <trkpt lat="24.72455" lon="121.82097"/>
    <trkpt lat="24.72499" lon="121.821"/>
    <trkpt lat="24.7251" lon="121.82101"/>
    <trkpt lat="24.72517" lon="121.82102"/>
    <trkpt lat="24.72535" lon="121.82103"/>
    <trkpt lat="24.72539" lon="121.82104"/>
    <trkpt lat="24.72574" lon="121.82107"/>
    <trkpt lat="24.72623" lon="121.82111"/>
    <trkpt lat="24.72649" lon="121.82112"/>
    <trkpt lat="24.72678" lon="121.82112"/>
    <trkpt lat="24.72694" lon="121.82111"/>
    <trkpt lat="24.72711" lon="121.82107"/>
    <trkpt lat="24.72724" lon="121.82104"/>
    <trkpt lat="24.72736" lon="121.82101"/>
    <trkpt lat="24.72758" lon="121.82092"/>
    <trkpt lat="24.72759" lon="121.82092"/>
    <trkpt lat="24.7278" lon="121.82082"/>
    <trkpt lat="24.72797" lon="121.82071"/>
    <trkpt lat="24.72811" lon="121.82062"/>
    <trkpt lat="24.72823" lon="121.82053"/>
    <trkpt lat="24.72852" lon="121.8203"/>
    <trkpt lat="24.72904" lon="121.8199"/>
    <trkpt lat="24.72923" lon="121.81974"/>
    <trkpt lat="24.72932" lon="121.81968"/>
    <trkpt lat="24.72933" lon="121.81968"/>
    <trkpt lat="24.72945" lon="121.81962"/>
    <trkpt lat="24.72961" lon="121.81955"/>
    <trkpt lat="24.7298" lon="121.81949"/>
    <trkpt lat="24.73025" lon="121.81937"/>
    <trkpt lat="24.73058" lon="121.81927"/>
    <trkpt lat="24.7311" lon="121.81913"/>
    <trkpt lat="24.73118" lon="121.81911"/>
    <trkpt lat="24.73181" lon="121.81893"/>
    <trkpt lat="24.73234" lon="121.81877"/>
    <trkpt lat="24.73251" lon="121.81872"/>
    <trkpt lat="24.73281" lon="121.81865"/>
    <trkpt lat="24.73318" lon="121.81859"/>
    <trkpt lat="24.73334" lon="121.81856"/>
    <trkpt lat="24.73336" lon="121.81855"/>
    <trkpt lat="24.73348" lon="121.81853"/>
    <trkpt lat="24.73386" lon="121.81851"/>
    <trkpt lat="24.73451" lon="121.81847"/>
    <trkpt lat="24.73454" lon="121.81847"/>
    <trkpt lat="24.73513" lon="121.81839"/>
    <trkpt lat="24.73565" lon="121.81832"/>
    <trkpt lat="24.73604" lon="121.81822"/>
    <trkpt lat="24.73622" lon="121.81817"/>
    <trkpt lat="24.73641" lon="121.81813"/>
    <trkpt lat="24.73674" lon="121.81803"/>
    <trkpt lat="24.73742" lon="121.81782"/>
    <trkpt lat="24.73823" lon="121.81756"/>
    <trkpt lat="24.73844" lon="121.81749"/>
    <trkpt lat="24.73909" lon="121.81728"/>
    <trkpt lat="24.73967" lon="121.81712"/>
    <trkpt lat="24.74028" lon="121.81691"/>
    <trkpt lat="24.74035" lon="121.81689"/>
    <trkpt lat="24.74045" lon="121.81688"/>
    <trkpt lat="24.74066" lon="121.81685"/>
    <trkpt lat="24.74108" lon="121.8168"/>
    <trkpt lat="24.74171" lon="121.81672"/>
    <trkpt lat="24.7433" lon="121.8166"/>
    <trkpt lat="24.74425" lon="121.81653"/>
    <trkpt lat="24.74547" lon="121.81643"/>
    <trkpt lat="24.74679" lon="121.81631"/>
    <trkpt lat="24.74701" lon="121.81629"/>
    <trkpt lat="24.7475" lon="121.81625"/>
    <trkpt lat="24.74788" lon="121.81621"/>
    <trkpt lat="24.74836" lon="121.81613"/>
    <trkpt lat="24.74836" lon="121.81612"/>
    <trkpt lat="24.74856" lon="121.81609"/>
    <trkpt lat="24.74875" lon="121.81606"/>
    <trkpt lat="24.74883" lon="121.81604"/>
    <trkpt lat="24.74905" lon="121.81602"/>
    <trkpt lat="24.75103" lon="121.81596"/>
    <trkpt lat="24.75154" lon="121.81594"/>
    <trkpt lat="24.7524" lon="121.81592"/>
    <trkpt lat="24.75321" lon="121.81586"/>
    <trkpt lat="24.75339" lon="121.81584"/>
    <trkpt lat="24.75368" lon="121.81582"/>
    <trkpt lat="24.7541" lon="121.81577"/>
    <trkpt lat="24.75417" lon="121.81577"/>
    <trkpt lat="24.75497" lon="121.81569"/>
    <trkpt lat="24.7551" lon="121.81568"/>
    <trkpt lat="24.75522" lon="121.81567"/>
    <trkpt lat="24.7555" lon="121.81564"/>
    <trkpt lat="24.75562" lon="121.81562"/>
    <trkpt lat="24.7558" lon="121.81562"/>
    <trkpt lat="24.75594" lon="121.81562"/>
    <trkpt lat="24.7561" lon="121.81563"/>
    <trkpt lat="24.75618" lon="121.81563"/>
    <trkpt lat="24.75632" lon="121.81563"/>
    <trkpt lat="24.75666" lon="121.81562"/>
    <trkpt lat="24.75739" lon="121.81563"/>
    <trkpt lat="24.75786" lon="121.8156"/>
    <trkpt lat="24.75813" lon="121.81558"/>
    <trkpt lat="24.75837" lon="121.81557"/>
    <trkpt lat="24.7596" lon="121.81563"/>
    <trkpt lat="24.76028" lon="121.81564"/>
    <trkpt lat="24.76061" lon="121.81565"/>
    <trkpt lat="24.76075" lon="121.81565"/>
    <trkpt lat="24.7612" lon="121.81566"/>
    <trkpt lat="24.76142" lon="121.81567"/>
    <trkpt lat="24.7615" lon="121.81569"/>
    <trkpt lat="24.76161" lon="121.81571"/>
    <trkpt lat="24.76166" lon="121.81572"/>
    <trkpt lat="24.76176" lon="121.81575"/>
    <trkpt lat="24.76186" lon="121.81578"/>
    <trkpt lat="24.76192" lon="121.8158"/>
    <trkpt lat="24.76198" lon="121.81581"/>
    <trkpt lat="24.76218" lon="121.81588"/>
    <trkpt lat="24.76237" lon="121.81593"/>
    <trkpt lat="24.7624" lon="121.81594"/>
    <trkpt lat="24.76253" lon="121.81596"/>
    <trkpt lat="24.76258" lon="121.81596"/>
    <trkpt lat="24.76272" lon="121.81597"/>
    <trkpt lat="24.76306" lon="121.81595"/>
    <trkpt lat="24.76385" lon="121.81584"/>
    <trkpt lat="24.7639" lon="121.81584"/>
    <trkpt lat="24.76462" lon="121.81585"/>
    <trkpt lat="24.76559" lon="121.81589"/>
    <trkpt lat="24.76628" lon="121.81591"/>
    <trkpt lat="24.76745" lon="121.8159"/>
    <trkpt lat="24.7675" lon="121.81589"/>
    <trkpt lat="24.76764" lon="121.81589"/>
    <trkpt lat="24.76778" lon="121.81588"/>
    <trkpt lat="24.76803" lon="121.81587"/>
    <trkpt lat="24.76848" lon="121.81582"/>
    <trkpt lat="24.76881" lon="121.81577"/>
    <trkpt lat="24.76916" lon="121.81573"/>
    <trkpt lat="24.76932" lon="121.81572"/>
    <trkpt lat="24.76944" lon="121.81572"/>
    <trkpt lat="24.76954" lon="121.81572"/>
    <trkpt lat="24.76956" lon="121.81572"/>
    <trkpt lat="24.76974" lon="121.81572"/>
    <trkpt lat="24.77009" lon="121.81573"/>
    <trkpt lat="24.77037" lon="121.81574"/>
    <trkpt lat="24.77068" lon="121.81574"/>
    <trkpt lat="24.7709" lon="121.81572"/>
    <trkpt lat="24.77113" lon="121.8157"/>
    <trkpt lat="24.77151" lon="121.81568"/>
    <trkpt lat="24.77234" lon="121.81562"/>
    <trkpt lat="24.77343" lon="121.81553"/>
    <trkpt lat="24.7737" lon="121.81551"/>
    <trkpt lat="24.77481" lon="121.81543"/>
    <trkpt lat="24.77511" lon="121.8154"/>
    <trkpt lat="24.77528" lon="121.81539"/>
    <trkpt lat="24.77542" lon="121.81538"/>
    <trkpt lat="24.77637" lon="121.81532"/>
    <trkpt lat="24.7765" lon="121.8153"/>
    <trkpt lat="24.77729" lon="121.81523"/>
    <trkpt lat="24.77737" lon="121.81522"/>
    <trkpt lat="24.77744" lon="121.81521"/>
    <trkpt lat="24.77751" lon="121.81519"/>
    <trkpt lat="24.77757" lon="121.81518"/>
    <trkpt lat="24.77764" lon="121.81516"/>
    <trkpt lat="24.77772" lon="121.81514"/>
    <trkpt lat="24.77776" lon="121.81513"/>
    <trkpt lat="24.77782" lon="121.8151"/>
    <trkpt lat="24.77796" lon="121.81503"/>
    <trkpt lat="24.77802" lon="121.815"/>
    <trkpt lat="24.77813" lon="121.81494"/>
    <trkpt lat="24.7786" lon="121.81464"/>
    <trkpt lat="24.77917" lon="121.81431"/>
    <trkpt lat="24.77957" lon="121.81414"/>
    <trkpt lat="24.77962" lon="121.81412"/>
    <trkpt lat="24.77978" lon="121.81407"/>
    <trkpt lat="24.77995" lon="121.81402"/>
    <trkpt lat="24.78007" lon="121.81399"/>
    <trkpt lat="24.78019" lon="121.81397"/>
    <trkpt lat="24.78034" lon="121.81394"/>
    <trkpt lat="24.78052" lon="121.81391"/>
    <trkpt lat="24.78061" lon="121.8139"/>
    <trkpt lat="24.78083" lon="121.81388"/>
    <trkpt lat="24.78096" lon="121.81388"/>
    <trkpt lat="24.78141" lon="121.81387"/>
    <trkpt lat="24.7816" lon="121.81389"/>
    <trkpt lat="24.78183" lon="121.81392"/>
    <trkpt lat="24.78262" lon="121.81407"/>
    <trkpt lat="24.78311" lon="121.81418"/>
    <trkpt lat="24.78352" lon="121.81425"/>
    <trkpt lat="24.78375" lon="121.81428"/>
    <trkpt lat="24.78385" lon="121.81429"/>
    <trkpt lat="24.78476" lon="121.81441"/>
    <trkpt lat="24.78484" lon="121.81442"/>
    <trkpt lat="24.78555" lon="121.81449"/>
    <trkpt lat="24.78586" lon="121.81451"/>
    <trkpt lat="24.7865" lon="121.81452"/>
    <trkpt lat="24.78709" lon="121.81448"/>
    <trkpt lat="24.78752" lon="121.81446"/>
    <trkpt lat="24.78762" lon="121.81445"/>
    <trkpt lat="24.78821" lon="121.81446"/>
    <trkpt lat="24.78864" lon="121.81452"/>
    <trkpt lat="24.78917" lon="121.81463"/>
    <trkpt lat="24.78935" lon="121.81467"/>
    <trkpt lat="24.78962" lon="121.81472"/>
    <trkpt lat="24.78994" lon="121.81478"/>
    <trkpt lat="24.79206" lon="121.81516"/>
    <trkpt lat="24.79278" lon="121.81532"/>
    <trkpt lat="24.79327" lon="121.81539"/>
    <trkpt lat="24.79547" lon="121.81569"/>
    <trkpt lat="24.79618" lon="121.81579"/>
    <trkpt lat="24.79621" lon="121.81579"/>
    <trkpt lat="24.79689" lon="121.81593"/>
    <trkpt lat="24.79777" lon="121.81614"/>
    <trkpt lat="24.79931" lon="121.81652"/>
    <trkpt lat="24.79955" lon="121.81659"/>
    <trkpt lat="24.80025" lon="121.81679"/>
    <trkpt lat="24.80041" lon="121.81684"/>
    <trkpt lat="24.80061" lon="121.81689"/>
    <trkpt lat="24.80087" lon="121.81697"/>
    <trkpt lat="24.80095" lon="121.81698"/>
    <trkpt lat="24.80101" lon="121.817"/>
    <trkpt lat="24.80106" lon="121.81701"/>
    <trkpt lat="24.80113" lon="121.81703"/>
    <trkpt lat="24.8012" lon="121.81704"/>
    <trkpt lat="24.80128" lon="121.81705"/>
    <trkpt lat="24.80135" lon="121.81705"/>
    <trkpt lat="24.80146" lon="121.81705"/>
    <trkpt lat="24.80152" lon="121.81704"/>
    <trkpt lat="24.80158" lon="121.81703"/>
    <trkpt lat="24.80172" lon="121.81701"/>
    <trkpt lat="24.80206" lon="121.81694"/>
    <trkpt lat="24.80225" lon="121.81691"/>
    <trkpt lat="24.80235" lon="121.81689"/>
    <trkpt lat="24.80242" lon="121.81689"/>
    <trkpt lat="24.8025" lon="121.81689"/>
    <trkpt lat="24.80258" lon="121.81689"/>
    <trkpt lat="24.80265" lon="121.8169"/>
    <trkpt lat="24.80274" lon="121.81691"/>
    <trkpt lat="24.80278" lon="121.81691"/>
    <trkpt lat="24.8029" lon="121.81692"/>
    <trkpt lat="24.8032" lon="121.81697"/>
    <trkpt lat="24.80359" lon="121.81703"/>
    <trkpt lat="24.80364" lon="121.81704"/>
    <trkpt lat="24.80376" lon="121.81705"/>
    <trkpt lat="24.80405" lon="121.81709"/>
    <trkpt lat="24.80464" lon="121.81718"/>
    <trkpt lat="24.80491" lon="121.8172"/>
    <trkpt lat="24.80498" lon="121.81721"/>
    <trkpt lat="24.80506" lon="121.81722"/>
    <trkpt lat="24.80602" lon="121.81727"/>
    <trkpt lat="24.80635" lon="121.81728"/>
    <trkpt lat="24.80693" lon="121.81731"/>
    <trkpt lat="24.80713" lon="121.81733"/>
    <trkpt lat="24.80724" lon="121.81735"/>
    <trkpt lat="24.8073" lon="121.81736"/>
    <trkpt lat="24.8075" lon="121.81741"/>
    <trkpt lat="24.80757" lon="121.81742"/>
    <trkpt lat="24.80764" lon="121.81745"/>
    <trkpt lat="24.80779" lon="121.81751"/>
    <trkpt lat="24.80801" lon="121.8176"/>
    <trkpt lat="24.8081" lon="121.81764"/>
    <trkpt lat="24.80856" lon="121.81783"/>
    <trkpt lat="24.80901" lon="121.81803"/>
    <trkpt lat="24.8093" lon="121.81815"/>
    <trkpt lat="24.80971" lon="121.81834"/>
    <trkpt lat="24.80976" lon="121.81836"/>
    <trkpt lat="24.80993" lon="121.81842"/>
    <trkpt lat="24.81003" lon="121.81845"/>
    <trkpt lat="24.81006" lon="121.81846"/>
    <trkpt lat="24.81009" lon="121.81847"/>
    <trkpt lat="24.81013" lon="121.81848"/>
    <trkpt lat="24.81016" lon="121.8185"/>
    <trkpt lat="24.81027" lon="121.81852"/>
    <trkpt lat="24.81043" lon="121.81854"/>
    <trkpt lat="24.81073" lon="121.81856"/>
    <trkpt lat="24.81159" lon="121.81861"/>
    <trkpt lat="24.81211" lon="121.81864"/>
    <trkpt lat="24.81234" lon="121.81866"/>
    <trkpt lat="24.8125" lon="121.81867"/>
    <trkpt lat="24.81265" lon="121.81869"/>
    <trkpt lat="24.81295" lon="121.81874"/>
    <trkpt lat="24.81305" lon="121.81875"/>
    <trkpt lat="24.81316" lon="121.81877"/>
    <trkpt lat="24.8135" lon="121.81885"/>
    <trkpt lat="24.81357" lon="121.81886"/>
    <trkpt lat="24.81397" lon="121.81895"/>
    <trkpt lat="24.81402" lon="121.81896"/>
    <trkpt lat="24.81475" lon="121.81911"/>
    <trkpt lat="24.81481" lon="121.81912"/>
    <trkpt lat="24.81511" lon="121.81917"/>
    <trkpt lat="24.81552" lon="121.81925"/>
    <trkpt lat="24.8156" lon="121.81926"/>
    <trkpt lat="24.81744" lon="121.81964"/>
    <trkpt lat="24.81759" lon="121.81967"/>
    <trkpt lat="24.81789" lon="121.81973"/>
    <trkpt lat="24.81865" lon="121.81992"/>
    <trkpt lat="24.81901" lon="121.81998"/>
    <trkpt lat="24.81963" lon="121.82004"/>
    <trkpt lat="24.81978" lon="121.82006"/>
    <trkpt lat="24.81987" lon="121.82007"/>
    <trkpt lat="24.81995" lon="121.82008"/>
    <trkpt lat="24.82013" lon="121.82009"/>
    <trkpt lat="24.82085" lon="121.82014"/>
    <trkpt lat="24.82117" lon="121.8202"/>
    <trkpt lat="24.82119" lon="121.8202"/>
    <trkpt lat="24.82141" lon="121.82024"/>
    <trkpt lat="24.8215" lon="121.82026"/>
    <trkpt lat="24.82155" lon="121.82027"/>
    <trkpt lat="24.82213" lon="121.82039"/>
    <trkpt lat="24.82236" lon="121.82045"/>
    <trkpt lat="24.82296" lon="121.82061"/>
    <trkpt lat="24.82305" lon="121.82062"/>
    <trkpt lat="24.82396" lon="121.82071"/>
    <trkpt lat="24.82421" lon="121.82075"/>
    <trkpt lat="24.82428" lon="121.82076"/>
    <trkpt lat="24.82439" lon="121.82078"/>
    <trkpt lat="24.82446" lon="121.82079"/>
    <trkpt lat="24.82456" lon="121.82081"/>
    <trkpt lat="24.82466" lon="121.82085"/>
    <trkpt lat="24.82475" lon="121.82088"/>
    <trkpt lat="24.82506" lon="121.82098"/>
    <trkpt lat="24.82523" lon="121.82104"/>
    <trkpt lat="24.82555" lon="121.82115"/>
    <trkpt lat="24.82571" lon="121.8212"/>
    <trkpt lat="24.82584" lon="121.82123"/>
    <trkpt lat="24.82599" lon="121.82128"/>
    <trkpt lat="24.82613" lon="121.82131"/>
    <trkpt lat="24.82698" lon="121.82145"/>
    <trkpt lat="24.82719" lon="121.82149"/>
    <trkpt lat="24.82777" lon="121.82159"/>
    <trkpt lat="24.82809" lon="121.82166"/>
    <trkpt lat="24.82844" lon="121.82173"/>
    <trkpt lat="24.82913" lon="121.8219"/>
    <trkpt lat="24.82989" lon="121.8221"/>
    <trkpt lat="24.83071" lon="121.82231"/>
    <trkpt lat="24.8311" lon="121.82241"/>
    <trkpt lat="24.83143" lon="121.82249"/>
    <trkpt lat="24.83161" lon="121.82254"/>
    <trkpt lat="24.83178" lon="121.82258"/>
    <trkpt lat="24.83186" lon="121.8226"/>
    <trkpt lat="24.83195" lon="121.82262"/>
    <trkpt lat="24.83205" lon="121.82264"/>
    <trkpt lat="24.83216" lon="121.82265"/>
    <trkpt lat="24.8323" lon="121.82266"/>
    <trkpt lat="24.83243" lon="121.82267"/>
    <trkpt lat="24.83266" lon="121.82268"/>
    <trkpt lat="24.8328" lon="121.82267"/>
    <trkpt lat="24.83294" lon="121.82267"/>
    <trkpt lat="24.83304" lon="121.82268"/>
    <trkpt lat="24.83315" lon="121.82269"/>
    <trkpt lat="24.83324" lon="121.82271"/>
    <trkpt lat="24.83332" lon="121.82272"/>
    <trkpt lat="24.83352" lon="121.82277"/>
    <trkpt lat="24.83371" lon="121.82281"/>
    <trkpt lat="24.83387" lon="121.82285"/>
    <trkpt lat="24.83399" lon="121.82288"/>
    <trkpt lat="24.83412" lon="121.82291"/>
    <trkpt lat="24.83425" lon="121.82295"/>
    <trkpt lat="24.83432" lon="121.82296"/>
    <trkpt lat="24.83439" lon="121.82298"/>
    <trkpt lat="24.83444" lon="121.82299"/>
    <trkpt lat="24.83454" lon="121.82303"/>
    <trkpt lat="24.83468" lon="121.82308"/>
    <trkpt lat="24.83516" lon="121.82329"/>
    <trkpt lat="24.83521" lon="121.82331"/>
    <trkpt lat="24.83567" lon="121.82352"/>
    <trkpt lat="24.83605" lon="121.82369"/>
    <trkpt lat="24.83625" lon="121.82378"/>
    <trkpt lat="24.83658" lon="121.82394"/>
    <trkpt lat="24.83688" lon="121.82408"/>
    <trkpt lat="24.83692" lon="121.82409"/>
    <trkpt lat="24.83709" lon="121.82417"/>
    <trkpt lat="24.83725" lon="121.82423"/>
    <trkpt lat="24.83738" lon="121.82428"/>
    <trkpt lat="24.83752" lon="121.82433"/>
    <trkpt lat="24.83759" lon="121.82434"/>
    <trkpt lat="24.83795" lon="121.82443"/>
    <trkpt lat="24.83805" lon="121.82445"/>
    <trkpt lat="24.83817" lon="121.82447"/>
    <trkpt lat="24.83825" lon="121.82449"/>
    <trkpt lat="24.83835" lon="121.82451"/>
    <trkpt lat="24.83849" lon="121.82453"/>
    <trkpt lat="24.83863" lon="121.82456"/>
    <trkpt lat="24.83878" lon="121.82458"/>
    <trkpt lat="24.83896" lon="121.82457"/>
    <trkpt lat="24.8391" lon="121.82455"/>
    <trkpt lat="24.83927" lon="121.82457"/>
    <trkpt lat="24.8395" lon="121.8245"/>
    <trkpt lat="24.83978" lon="121.82439"/>
    <trkpt lat="24.84055" lon="121.82393"/>
    <trkpt lat="24.84065" lon="121.82387"/>
    <trkpt lat="24.84075" lon="121.82381"/>
    <trkpt lat="24.84091" lon="121.82371"/>
    <trkpt lat="24.84103" lon="121.82363"/>
    <trkpt lat="24.84173" lon="121.82325"/>
    <trkpt lat="24.84202" lon="121.82314"/>
    <trkpt lat="24.84233" lon="121.82305"/>
    <trkpt lat="24.84254" lon="121.82303"/>
    <trkpt lat="24.84382" lon="121.82326"/>
    <trkpt lat="24.84418" lon="121.82333"/>
    <trkpt lat="24.84464" lon="121.82332"/>
    <trkpt lat="24.84518" lon="121.8232"/>
    <trkpt lat="24.84603" lon="121.8231"/>
    <trkpt lat="24.84607" lon="121.82309"/>
    <trkpt lat="24.84625" lon="121.82307"/>
    <trkpt lat="24.84657" lon="121.82302"/>
    <trkpt lat="24.84682" lon="121.82297"/>
    <trkpt lat="24.84711" lon="121.8229"/>
    <trkpt lat="24.84721" lon="121.82289"/>
    <trkpt lat="24.84746" lon="121.82286"/>
    <trkpt lat="24.84768" lon="121.82283"/>
    <trkpt lat="24.84803" lon="121.8228"/>
    <trkpt lat="24.84857" lon="121.82272"/>
    <trkpt lat="24.84931" lon="121.82262"/>
    <trkpt lat="24.84946" lon="121.8226"/>
    <trkpt lat="24.84964" lon="121.82257"/>
    <trkpt lat="24.84972" lon="121.82256"/>
    <trkpt lat="24.85005" lon="121.82253"/>
    <trkpt lat="24.85085" lon="121.82254"/>
    <trkpt lat="24.851" lon="121.82256"/>
    <trkpt lat="24.85122" lon="121.82259"/>
    <trkpt lat="24.85135" lon="121.8226"/>
    <trkpt lat="24.85145" lon="121.82262"/>
    <trkpt lat="24.85151" lon="121.82262"/>
    <trkpt lat="24.8519" lon="121.82271"/>
    <trkpt lat="24.85219" lon="121.82281"/>
    <trkpt lat="24.85252" lon="121.82293"/>
    <trkpt lat="24.85292" lon="121.82308"/>
    <trkpt lat="24.85309" lon="121.82314"/>
    <trkpt lat="24.85343" lon="121.82327"/>
    <trkpt lat="24.85361" lon="121.82331"/>
    <trkpt lat="24.85368" lon="121.82332"/>
    <trkpt lat="24.85373" lon="121.82333"/>
    <trkpt lat="24.85377" lon="121.82333"/>
    <trkpt lat="24.85379" lon="121.82333"/>
    <trkpt lat="24.85382" lon="121.82333"/>
    <trkpt lat="24.85386" lon="121.82332"/>
    <trkpt lat="24.8539" lon="121.82331"/>
    <trkpt lat="24.85393" lon="121.82327"/>
    <trkpt lat="24.85395" lon="121.82324"/>
    <trkpt lat="24.85399" lon="121.82317"/>
    <trkpt lat="24.85404" lon="121.82307"/>
    <trkpt lat="24.85415" lon="121.82288"/>
    <trkpt lat="24.85433" lon="121.82255"/>
    <trkpt lat="24.85443" lon="121.82263"/>
    <trkpt lat="24.85461" lon="121.8228"/>
    <trkpt lat="24.85492" lon="121.82308"/>
    <trkpt lat="24.8555" lon="121.8236"/>
    <trkpt lat="24.85558" lon="121.82368"/>
    <trkpt lat="24.8556" lon="121.8237"/>
    <trkpt lat="24.85562" lon="121.82372"/>
    <trkpt lat="24.85567" lon="121.82376"/>
    <trkpt lat="24.85599" lon="121.82406"/>
    <trkpt lat="24.85625" lon="121.8243"/>
    <trkpt lat="24.8566" lon="121.82462"/>
    <trkpt lat="24.85668" lon="121.8247"/>
    <trkpt lat="24.85713" lon="121.82504"/>
    <trkpt lat="24.85749" lon="121.82531"/>
    <trkpt lat="24.85831" lon="121.82582"/>
    <trkpt lat="24.85899" lon="121.82628"/>
    <trkpt lat="24.85918" lon="121.8264"/>
    <trkpt lat="24.85962" lon="121.82669"/>
    <trkpt lat="24.85971" lon="121.82674"/>
    <trkpt lat="24.86003" lon="121.82695"/>
    <trkpt lat="24.86024" lon="121.82709"/>
    <trkpt lat="24.86041" lon="121.82719"/>
    <trkpt lat="24.86088" lon="121.8275"/>
    <trkpt lat="24.86106" lon="121.82763"/>
    <trkpt lat="24.86109" lon="121.82769"/>
    <trkpt lat="24.86109" lon="121.8277"/>
    <trkpt lat="24.8611" lon="121.8277"/>
    <trkpt lat="24.86139" lon="121.82788"/>
    <trkpt lat="24.86145" lon="121.82792"/>
    <trkpt lat="24.86166" lon="121.82807"/>
    <trkpt lat="24.86213" lon="121.82839"/>
    <trkpt lat="24.86238" lon="121.82856"/>
    <trkpt lat="24.86247" lon="121.82861"/>
    <trkpt lat="24.86269" lon="121.82872"/>
    <trkpt lat="24.86281" lon="121.82877"/>
    <trkpt lat="24.8629" lon="121.8288"/>
    <trkpt lat="24.86303" lon="121.82884"/>
    <trkpt lat="24.86316" lon="121.82887"/>
    <trkpt lat="24.86317" lon="121.82887"/>
    <trkpt lat="24.86328" lon="121.8289"/>
    <trkpt lat="24.86333" lon="121.8289"/>
    <trkpt lat="24.8634" lon="121.82891"/>
    <trkpt lat="24.86348" lon="121.82892"/>
    <trkpt lat="24.86351" lon="121.82892"/>
    <trkpt lat="24.86368" lon="121.82892"/>
    <trkpt lat="24.86369" lon="121.82892"/>
    <trkpt lat="24.86391" lon="121.82891"/>
    <trkpt lat="24.86391" lon="121.82892"/>
    <trkpt lat="24.86402" lon="121.8289"/>
    <trkpt lat="24.86444" lon="121.82885"/>
    <trkpt lat="24.86459" lon="121.82884"/>
    <trkpt lat="24.86466" lon="121.82884"/>
    <trkpt lat="24.86475" lon="121.82883"/>
    <trkpt lat="24.86477" lon="121.82883"/>
    <trkpt lat="24.86485" lon="121.82883"/>
    <trkpt lat="24.86495" lon="121.82883"/>
    <trkpt lat="24.86504" lon="121.82884"/>
    <trkpt lat="24.86524" lon="121.82897"/>
    <trkpt lat="24.86555" lon="121.82918"/>
    <trkpt lat="24.8657" lon="121.82928"/>
    <trkpt lat="24.86585" lon="121.82939"/>
    <trkpt lat="24.86604" lon="121.82953"/>
    <trkpt lat="24.86621" lon="121.82965"/>
    <trkpt lat="24.86641" lon="121.82975"/>
    <trkpt lat="24.86672" lon="121.82999"/>
    <trkpt lat="24.86731" lon="121.83043"/>
    <trkpt lat="24.86791" lon="121.83087"/>
    <trkpt lat="24.86786" lon="121.83094"/>
    <trkpt lat="24.86785" lon="121.83097"/>
    <trkpt lat="24.86782" lon="121.83104"/>
    <trkpt lat="24.86779" lon="121.83117"/>
    <trkpt lat="24.86783" lon="121.8312"/>
    <trkpt lat="24.86813" lon="121.83141"/>
    <trkpt lat="24.86818" lon="121.83145"/>
    <trkpt lat="24.86827" lon="121.83152"/>
    <trkpt lat="24.86828" lon="121.83153"/>
    <trkpt lat="24.86829" lon="121.83154"/>
    <trkpt lat="24.86831" lon="121.83156"/>
    <trkpt lat="24.86833" lon="121.8316"/>
    <trkpt lat="24.86834" lon="121.83164"/>
    <trkpt lat="24.86835" lon="121.83169"/>
    <trkpt lat="24.86835" lon="121.8317"/>
    <trkpt lat="24.86835" lon="121.83177"/>
    <trkpt lat="24.86835" lon="121.8319"/>
    <trkpt lat="24.86835" lon="121.83192"/>
    <trkpt lat="24.86834" lon="121.83215"/>
    <trkpt lat="24.86834" lon="121.83222"/>
    <trkpt lat="24.86833" lon="121.83228"/>
    <trkpt lat="24.86833" lon="121.8323"/>
    <trkpt lat="24.86833" lon="121.83233"/>
    <trkpt lat="24.86832" lon="121.83238"/>
    <trkpt lat="24.86832" lon="121.83242"/>
    <trkpt lat="24.86831" lon="121.83245"/>
    <trkpt lat="24.8683" lon="121.83248"/>
    <trkpt lat="24.86829" lon="121.83251"/>
    <trkpt lat="24.86828" lon="121.83255"/>
    <trkpt lat="24.86827" lon="121.83259"/>
    <trkpt lat="24.86827" lon="121.83264"/>
    <trkpt lat="24.86826" lon="121.83269"/>
    <trkpt lat="24.86826" lon="121.83274"/>
    <trkpt lat="24.86826" lon="121.83269"/>
    <trkpt lat="24.86827" lon="121.83264"/>
    <trkpt lat="24.86827" lon="121.83259"/>
    <trkpt lat="24.86828" lon="121.83255"/>
    <trkpt lat="24.86829" lon="121.83251"/>
    <trkpt lat="24.8683" lon="121.83248"/>
    <trkpt lat="24.86831" lon="121.83245"/>
    <trkpt lat="24.86832" lon="121.83242"/>
    <trkpt lat="24.86832" lon="121.83238"/>
    <trkpt lat="24.86833" lon="121.83233"/>
    <trkpt lat="24.86833" lon="121.8323"/>
    <trkpt lat="24.86833" lon="121.83228"/>
    <trkpt lat="24.86834" lon="121.83222"/>
    <trkpt lat="24.86834" lon="121.83215"/>
    <trkpt lat="24.86835" lon="121.83192"/>
    <trkpt lat="24.86835" lon="121.8319"/>
    <trkpt lat="24.86835" lon="121.83177"/>
    <trkpt lat="24.86835" lon="121.8317"/>
    <trkpt lat="24.86835" lon="121.83169"/>
    <trkpt lat="24.86834" lon="121.83164"/>
    <trkpt lat="24.86833" lon="121.8316"/>
    <trkpt lat="24.86831" lon="121.83156"/>
    <trkpt lat="24.86829" lon="121.83154"/>
    <trkpt lat="24.86828" lon="121.83153"/>
    <trkpt lat="24.86827" lon="121.83152"/>
    <trkpt lat="24.86818" lon="121.83145"/>
    <trkpt lat="24.86813" lon="121.83141"/>
    <trkpt lat="24.86783" lon="121.8312"/>
    <trkpt lat="24.86779" lon="121.83117"/>
    <trkpt lat="24.86782" lon="121.83104"/>
    <trkpt lat="24.86785" lon="121.83097"/>
    <trkpt lat="24.86786" lon="121.83094"/>
    <trkpt lat="24.86791" lon="121.83087"/>
    <trkpt lat="24.86868" lon="121.83142"/>
    <trkpt lat="24.86889" lon="121.83161"/>
    <trkpt lat="24.86908" lon="121.83181"/>
    <trkpt lat="24.86922" lon="121.83199"/>
    <trkpt lat="24.86929" lon="121.83209"/>
    <trkpt lat="24.86939" lon="121.83223"/>
    <trkpt lat="24.86981" lon="121.83286"/>
    <trkpt lat="24.87007" lon="121.83323"/>
    <trkpt lat="24.87095" lon="121.83454"/>
    <trkpt lat="24.87124" lon="121.83503"/>
    <trkpt lat="24.87141" lon="121.83527"/>
    <trkpt lat="24.87153" lon="121.8354"/>
    <trkpt lat="24.87196" lon="121.83582"/>
    <trkpt lat="24.87235" lon="121.8362"/>
    <trkpt lat="24.87274" lon="121.83655"/>
    <trkpt lat="24.87298" lon="121.83679"/>
    <trkpt lat="24.87328" lon="121.83707"/>
    <trkpt lat="24.87354" lon="121.83732"/>
    <trkpt lat="24.87364" lon="121.83741"/>
    <trkpt lat="24.87391" lon="121.83767"/>
    <trkpt lat="24.874" lon="121.83775"/>
    <trkpt lat="24.87453" lon="121.83823"/>
    <trkpt lat="24.87487" lon="121.83855"/>
    <trkpt lat="24.87508" lon="121.83873"/>
    <trkpt lat="24.87532" lon="121.83893"/>
    <trkpt lat="24.8755" lon="121.83907"/>
    <trkpt lat="24.87577" lon="121.83925"/>
    <trkpt lat="24.8762" lon="121.83954"/>
    <trkpt lat="24.87689" lon="121.84"/>
    <trkpt lat="24.87719" lon="121.84022"/>
    <trkpt lat="24.87739" lon="121.84037"/>
    <trkpt lat="24.87747" lon="121.84045"/>
    <trkpt lat="24.87772" lon="121.84071"/>
    <trkpt lat="24.87797" lon="121.84096"/>
    <trkpt lat="24.87831" lon="121.8413"/>
    <trkpt lat="24.87835" lon="121.84135"/>
    <trkpt lat="24.8785" lon="121.84149"/>
    <trkpt lat="24.87858" lon="121.84156"/>
    <trkpt lat="24.87864" lon="121.84161"/>
    <trkpt lat="24.87871" lon="121.84166"/>
    <trkpt lat="24.87877" lon="121.84171"/>
    <trkpt lat="24.87886" lon="121.84178"/>
    <trkpt lat="24.87916" lon="121.84199"/>
    <trkpt lat="24.87966" lon="121.84238"/>
    <trkpt lat="24.88025" lon="121.84284"/>
    <trkpt lat="24.88083" lon="121.84327"/>
    <trkpt lat="24.881" lon="121.8434"/>
    <trkpt lat="24.88166" lon="121.84398"/>
    <trkpt lat="24.88197" lon="121.84425"/>
    <trkpt lat="24.88222" lon="121.84454"/>
    <trkpt lat="24.88266" lon="121.84501"/>
    <trkpt lat="24.88315" lon="121.84553"/>
    <trkpt lat="24.8833" lon="121.84568"/>
    <trkpt lat="24.88349" lon="121.84586"/>
    <trkpt lat="24.8837" lon="121.84609"/>
    <trkpt lat="24.88448" lon="121.84693"/>
    <trkpt lat="24.88471" lon="121.84717"/>
    <trkpt lat="24.88485" lon="121.84732"/>
    <trkpt lat="24.88508" lon="121.84756"/>
    <trkpt lat="24.8852" lon="121.84768"/>
    <trkpt lat="24.88526" lon="121.84773"/>
    <trkpt lat="24.88535" lon="121.8478"/>
    <trkpt lat="24.88538" lon="121.84783"/>
    <trkpt lat="24.8855" lon="121.84791"/>
    <trkpt lat="24.88553" lon="121.84793"/>
    <trkpt lat="24.88562" lon="121.84798"/>
    <trkpt lat="24.88571" lon="121.84802"/>
    <trkpt lat="24.88597" lon="121.84812"/>
    <trkpt lat="24.88614" lon="121.84818"/>
    <trkpt lat="24.88631" lon="121.84823"/>
    <trkpt lat="24.88648" lon="121.84829"/>
    <trkpt lat="24.88663" lon="121.84835"/>
    <trkpt lat="24.88665" lon="121.84835"/>
    <trkpt lat="24.88682" lon="121.84842"/>
    <trkpt lat="24.88699" lon="121.84848"/>
    <trkpt lat="24.88716" lon="121.84855"/>
    <trkpt lat="24.88748" lon="121.84867"/>
    <trkpt lat="24.88765" lon="121.84873"/>
    <trkpt lat="24.88834" lon="121.84897"/>
    <trkpt lat="24.88843" lon="121.849"/>
    <trkpt lat="24.8887" lon="121.8491"/>
    <trkpt lat="24.88906" lon="121.84922"/>
    <trkpt lat="24.88916" lon="121.84926"/>
    <trkpt lat="24.88942" lon="121.84934"/>
    <trkpt lat="24.88955" lon="121.84938"/>
    <trkpt lat="24.88975" lon="121.84945"/>
    <trkpt lat="24.88986" lon="121.84948"/>
    <trkpt lat="24.89001" lon="121.84954"/>
    <trkpt lat="24.89007" lon="121.84957"/>
    <trkpt lat="24.89013" lon="121.8496"/>
    <trkpt lat="24.89024" lon="121.84965"/>
    <trkpt lat="24.89034" lon="121.8497"/>
    <trkpt lat="24.89043" lon="121.84975"/>
    <trkpt lat="24.89065" lon="121.84993"/>
    <trkpt lat="24.89093" lon="121.85016"/>
    <trkpt lat="24.89105" lon="121.85027"/>
    <trkpt lat="24.89117" lon="121.85041"/>
    <trkpt lat="24.89135" lon="121.85065"/>
    <trkpt lat="24.89146" lon="121.85084"/>
    <trkpt lat="24.89168" lon="121.85126"/>
    <trkpt lat="24.89176" lon="121.85142"/>
    <trkpt lat="24.89181" lon="121.85153"/>
    <trkpt lat="24.89185" lon="121.85163"/>
    <trkpt lat="24.89189" lon="121.85174"/>
    <trkpt lat="24.89192" lon="121.85187"/>
    <trkpt lat="24.89193" lon="121.85194"/>
    <trkpt lat="24.89197" lon="121.85215"/>
    <trkpt lat="24.892" lon="121.8523"/>
    <trkpt lat="24.89204" lon="121.85264"/>
    <trkpt lat="24.89205" lon="121.85269"/>
    <trkpt lat="24.89207" lon="121.85284"/>
    <trkpt lat="24.89208" lon="121.85289"/>
    <trkpt lat="24.89211" lon="121.85308"/>
    <trkpt lat="24.89213" lon="121.85316"/>
    <trkpt lat="24.89218" lon="121.85338"/>
    <trkpt lat="24.89221" lon="121.85347"/>
    <trkpt lat="24.89226" lon="121.85366"/>
    <trkpt lat="24.89228" lon="121.85372"/>
    <trkpt lat="24.89237" lon="121.85398"/>
    <trkpt lat="24.8924" lon="121.85405"/>
    <trkpt lat="24.8926" lon="121.85461"/>
    <trkpt lat="24.89267" lon="121.8548"/>
    <trkpt lat="24.89302" lon="121.85571"/>
    <trkpt lat="24.89308" lon="121.85588"/>
    <trkpt lat="24.89317" lon="121.85613"/>
    <trkpt lat="24.89321" lon="121.85622"/>
    <trkpt lat="24.89337" lon="121.85657"/>
    <trkpt lat="24.89346" lon="121.85675"/>
    <trkpt lat="24.89361" lon="121.85709"/>
    <trkpt lat="24.89374" lon="121.85734"/>
    <trkpt lat="24.89379" lon="121.85744"/>
    <trkpt lat="24.89419" lon="121.85815"/>
    <trkpt lat="24.89436" lon="121.85839"/>
    <trkpt lat="24.89443" lon="121.85847"/>
    <trkpt lat="24.8946" lon="121.85867"/>
    <trkpt lat="24.89464" lon="121.85871"/>
    <trkpt lat="24.89476" lon="121.85884"/>
    <trkpt lat="24.89478" lon="121.85885"/>
    <trkpt lat="24.895" lon="121.85904"/>
    <trkpt lat="24.89506" lon="121.85909"/>
    <trkpt lat="24.89511" lon="121.85913"/>
    <trkpt lat="24.89541" lon="121.85934"/>
    <trkpt lat="24.89626" lon="121.85996"/>
    <trkpt lat="24.8963" lon="121.85999"/>
    <trkpt lat="24.89638" lon="121.86006"/>
    <trkpt lat="24.8964" lon="121.86009"/>
    <trkpt lat="24.89644" lon="121.86013"/>
    <trkpt lat="24.89658" lon="121.8603"/>
    <trkpt lat="24.89663" lon="121.86037"/>
    <trkpt lat="24.89664" lon="121.86038"/>
    <trkpt lat="24.8967" lon="121.86048"/>
    <trkpt lat="24.89699" lon="121.86104"/>
    <trkpt lat="24.89714" lon="121.86134"/>
    <trkpt lat="24.89723" lon="121.86146"/>
    <trkpt lat="24.89736" lon="121.86166"/>
    <trkpt lat="24.89759" lon="121.86201"/>
    <trkpt lat="24.8977" lon="121.86215"/>
    <trkpt lat="24.89775" lon="121.86221"/>
    <trkpt lat="24.89779" lon="121.86226"/>
    <trkpt lat="24.89786" lon="121.86233"/>
    <trkpt lat="24.89794" lon="121.86242"/>
    <trkpt lat="24.89803" lon="121.8625"/>
    <trkpt lat="24.89817" lon="121.86262"/>
    <trkpt lat="24.89827" lon="121.86269"/>
    <trkpt lat="24.89838" lon="121.86275"/>
    <trkpt lat="24.89845" lon="121.86279"/>
    <trkpt lat="24.89858" lon="121.86285"/>
    <trkpt lat="24.89865" lon="121.86289"/>
    <trkpt lat="24.8989" lon="121.86302"/>
    <trkpt lat="24.89901" lon="121.86307"/>
    <trkpt lat="24.89907" lon="121.86309"/>
    <trkpt lat="24.89921" lon="121.86315"/>
    <trkpt lat="24.89937" lon="121.86322"/>
    <trkpt lat="24.89951" lon="121.86327"/>
    <trkpt lat="24.89958" lon="121.86328"/>
    <trkpt lat="24.89964" lon="121.8633"/>
    <trkpt lat="24.89974" lon="121.86332"/>
    <trkpt lat="24.89975" lon="121.86332"/>
    <trkpt lat="24.89985" lon="121.86334"/>
    <trkpt lat="24.89992" lon="121.86336"/>
    <trkpt lat="24.90004" lon="121.86337"/>
    <trkpt lat="24.90022" lon="121.8634"/>
    <trkpt lat="24.90053" lon="121.86343"/>
    <trkpt lat="24.90064" lon="121.86344"/>
    <trkpt lat="24.90082" lon="121.86345"/>
    <trkpt lat="24.90099" lon="121.86346"/>
    <trkpt lat="24.90116" lon="121.86348"/>
    <trkpt lat="24.90131" lon="121.86349"/>
    <trkpt lat="24.90163" lon="121.86351"/>
    <trkpt lat="24.90164" lon="121.86351"/>
    <trkpt lat="24.90168" lon="121.8635"/>
    <trkpt lat="24.90172" lon="121.8635"/>
    <trkpt lat="24.90183" lon="121.86348"/>
    <trkpt lat="24.90192" lon="121.8635"/>
    <trkpt lat="24.90199" lon="121.86352"/>
    <trkpt lat="24.90203" lon="121.86353"/>
    <trkpt lat="24.90213" lon="121.86356"/>
    <trkpt lat="24.90222" lon="121.8636"/>
    <trkpt lat="24.90226" lon="121.86362"/>
    <trkpt lat="24.90232" lon="121.86364"/>
    <trkpt lat="24.90238" lon="121.86368"/>
    <trkpt lat="24.90241" lon="121.8637"/>
    <trkpt lat="24.90252" lon="121.86378"/>
    <trkpt lat="24.9026" lon="121.86384"/>
    <trkpt lat="24.90272" lon="121.86395"/>
    <trkpt lat="24.90286" lon="121.86409"/>
    <trkpt lat="24.90288" lon="121.86411"/>
    <trkpt lat="24.90292" lon="121.86416"/>
    <trkpt lat="24.90299" lon="121.86426"/>
    <trkpt lat="24.90308" lon="121.86439"/>
    <trkpt lat="24.90317" lon="121.86455"/>
    <trkpt lat="24.90323" lon="121.86466"/>
    <trkpt lat="24.90327" lon="121.86478"/>
    <trkpt lat="24.90331" lon="121.86487"/>
    <trkpt lat="24.90335" lon="121.865"/>
    <trkpt lat="24.90337" lon="121.86508"/>
    <trkpt lat="24.90339" lon="121.86513"/>
    <trkpt lat="24.90342" lon="121.86524"/>
    <trkpt lat="24.90346" lon="121.86536"/>
    <trkpt lat="24.90351" lon="121.86556"/>
    <trkpt lat="24.90363" lon="121.86605"/>
    <trkpt lat="24.90364" lon="121.86608"/>
    <trkpt lat="24.90368" lon="121.86622"/>
    <trkpt lat="24.90371" lon="121.86635"/>
    <trkpt lat="24.90377" lon="121.8665"/>
    <trkpt lat="24.90384" lon="121.86678"/>
    <trkpt lat="24.90394" lon="121.86714"/>
    <trkpt lat="24.90397" lon="121.86723"/>
    <trkpt lat="24.90398" lon="121.86727"/>
    <trkpt lat="24.90401" lon="121.86741"/>
    <trkpt lat="24.90408" lon="121.86769"/>
    <trkpt lat="24.90411" lon="121.86777"/>
    <trkpt lat="24.90412" lon="121.86782"/>
    <trkpt lat="24.90413" lon="121.86785"/>
    <trkpt lat="24.90416" lon="121.86794"/>
    <trkpt lat="24.90423" lon="121.86813"/>
    <trkpt lat="24.90433" lon="121.8684"/>
    <trkpt lat="24.9044" lon="121.86857"/>
    <trkpt lat="24.90441" lon="121.86861"/>
    <trkpt lat="24.90443" lon="121.86864"/>
    <trkpt lat="24.90444" lon="121.86866"/>
    <trkpt lat="24.90446" lon="121.86871"/>
    <trkpt lat="24.90448" lon="121.86876"/>
    <trkpt lat="24.9045" lon="121.8688"/>
    <trkpt lat="24.90452" lon="121.86885"/>
    <trkpt lat="24.90456" lon="121.86891"/>
    <trkpt lat="24.9046" lon="121.86898"/>
    <trkpt lat="24.9047" lon="121.86915"/>
    <trkpt lat="24.9048" lon="121.8693"/>
    <trkpt lat="24.90488" lon="121.86942"/>
    <trkpt lat="24.90498" lon="121.86954"/>
    <trkpt lat="24.90519" lon="121.86982"/>
    <trkpt lat="24.90536" lon="121.87004"/>
    <trkpt lat="24.90552" lon="121.87024"/>
    <trkpt lat="24.90603" lon="121.87089"/>
    <trkpt lat="24.90614" lon="121.87104"/>
    <trkpt lat="24.90626" lon="121.87119"/>
    <trkpt lat="24.90637" lon="121.87134"/>
    <trkpt lat="24.90691" lon="121.87205"/>
    <trkpt lat="24.9074" lon="121.87265"/>
    <trkpt lat="24.90777" lon="121.87307"/>
    <trkpt lat="24.90789" lon="121.87321"/>
    <trkpt lat="24.9085" lon="121.87391"/>
    <trkpt lat="24.90866" lon="121.87407"/>
    <trkpt lat="24.90887" lon="121.87428"/>
    <trkpt lat="24.90907" lon="121.87444"/>
    <trkpt lat="24.90922" lon="121.87455"/>
    <trkpt lat="24.90922" lon="121.87456"/>
    <trkpt lat="24.90929" lon="121.87461"/>
    <trkpt lat="24.9094" lon="121.87471"/>
    <trkpt lat="24.90976" lon="121.87507"/>
    <trkpt lat="24.90989" lon="121.87521"/>
    <trkpt lat="24.91061" lon="121.87592"/>
    <trkpt lat="24.91069" lon="121.87601"/>
    <trkpt lat="24.91083" lon="121.87614"/>
    <trkpt lat="24.91141" lon="121.8766"/>
    <trkpt lat="24.91147" lon="121.87665"/>
    <trkpt lat="24.91156" lon="121.87671"/>
    <trkpt lat="24.91163" lon="121.87676"/>
    <trkpt lat="24.91171" lon="121.87682"/>
    <trkpt lat="24.91186" lon="121.87692"/>
    <trkpt lat="24.91202" lon="121.87703"/>
    <trkpt lat="24.91204" lon="121.87704"/>
    <trkpt lat="24.91217" lon="121.87713"/>
    <trkpt lat="24.91267" lon="121.87746"/>
    <trkpt lat="24.91353" lon="121.87805"/>
    <trkpt lat="24.9137" lon="121.87817"/>
    <trkpt lat="24.91382" lon="121.87827"/>
    <trkpt lat="24.91391" lon="121.87837"/>
    <trkpt lat="24.91397" lon="121.87843"/>
    <trkpt lat="24.91407" lon="121.87856"/>
    <trkpt lat="24.91428" lon="121.87882"/>
    <trkpt lat="24.91431" lon="121.87896"/>
    <trkpt lat="24.91444" lon="121.87914"/>
    <trkpt lat="24.91482" lon="121.87972"/>
    <trkpt lat="24.91522" lon="121.88027"/>
    <trkpt lat="24.91558" lon="121.88083"/>
    <trkpt lat="24.91598" lon="121.88143"/>
    <trkpt lat="24.91603" lon="121.8815"/>
    <trkpt lat="24.91611" lon="121.8816"/>
    <trkpt lat="24.9162" lon="121.8817"/>
    <trkpt lat="24.91638" lon="121.88189"/>
    <trkpt lat="24.91671" lon="121.88224"/>
    <trkpt lat="24.91718" lon="121.88269"/>
    <trkpt lat="24.91747" lon="121.88297"/>
    <trkpt lat="24.91775" lon="121.88319"/>
    <trkpt lat="24.91803" lon="121.88338"/>
    <trkpt lat="24.91823" lon="121.88347"/>
    <trkpt lat="24.91835" lon="121.88351"/>
    <trkpt lat="24.91854" lon="121.88357"/>
    <trkpt lat="24.91911" lon="121.88366"/>
    <trkpt lat="24.9193" lon="121.88369"/>
    <trkpt lat="24.91966" lon="121.88374"/>
    <trkpt lat="24.91984" lon="121.88377"/>
    <trkpt lat="24.92019" lon="121.88381"/>
    <trkpt lat="24.92024" lon="121.88382"/>
    <trkpt lat="24.92055" lon="121.88381"/>
    <trkpt lat="24.9206" lon="121.88381"/>
    <trkpt lat="24.92091" lon="121.88376"/>
    <trkpt lat="24.92108" lon="121.88372"/>
    <trkpt lat="24.92116" lon="121.8837"/>
    <trkpt lat="24.92133" lon="121.88365"/>
    <trkpt lat="24.92143" lon="121.88362"/>
    <trkpt lat="24.9216" lon="121.88356"/>
    <trkpt lat="24.9217" lon="121.88353"/>
    <trkpt lat="24.92189" lon="121.88348"/>
    <trkpt lat="24.92207" lon="121.88344"/>
    <trkpt lat="24.92226" lon="121.8834"/>
    <trkpt lat="24.92241" lon="121.88339"/>
    <trkpt lat="24.92259" lon="121.88339"/>
    <trkpt lat="24.92274" lon="121.88338"/>
    <trkpt lat="24.92283" lon="121.8834"/>
    <trkpt lat="24.92299" lon="121.88344"/>
    <trkpt lat="24.92319" lon="121.8835"/>
    <trkpt lat="24.9233" lon="121.88354"/>
    <trkpt lat="24.92344" lon="121.88362"/>
    <trkpt lat="24.92359" lon="121.88372"/>
    <trkpt lat="24.9237" lon="121.88379"/>
    <trkpt lat="24.9238" lon="121.88386"/>
    <trkpt lat="24.92385" lon="121.8839"/>
    <trkpt lat="24.92407" lon="121.8841"/>
    <trkpt lat="24.92412" lon="121.88416"/>
    <trkpt lat="24.92425" lon="121.8843"/>
    <trkpt lat="24.92438" lon="121.88443"/>
    <trkpt lat="24.92463" lon="121.88472"/>
    <trkpt lat="24.92475" lon="121.88487"/>
    <trkpt lat="24.92476" lon="121.88487"/>
    <trkpt lat="24.92488" lon="121.88501"/>
    <trkpt lat="24.92492" lon="121.88506"/>
    <trkpt lat="24.92493" lon="121.88507"/>
    <trkpt lat="24.92501" lon="121.88515"/>
    <trkpt lat="24.92514" lon="121.88529"/>
    <trkpt lat="24.92528" lon="121.8854"/>
    <trkpt lat="24.92552" lon="121.88556"/>
    <trkpt lat="24.92567" lon="121.88564"/>
    <trkpt lat="24.92583" lon="121.88572"/>
    <trkpt lat="24.926" lon="121.88581"/>
    <trkpt lat="24.92623" lon="121.88592"/>
    <trkpt lat="24.92634" lon="121.88596"/>
    <trkpt lat="24.92651" lon="121.886"/>
    <trkpt lat="24.92659" lon="121.88603"/>
    <trkpt lat="24.92667" lon="121.88604"/>
    <trkpt lat="24.92676" lon="121.88605"/>
    <trkpt lat="24.92703" lon="121.88608"/>
    <trkpt lat="24.92724" lon="121.88609"/>
    <trkpt lat="24.92734" lon="121.8861"/>
    <trkpt lat="24.92745" lon="121.88609"/>
    <trkpt lat="24.92767" lon="121.88609"/>
    <trkpt lat="24.92783" lon="121.88607"/>
    <trkpt lat="24.92791" lon="121.88606"/>
    <trkpt lat="24.928" lon="121.88604"/>
    <trkpt lat="24.92814" lon="121.88598"/>
    <trkpt lat="24.9285" lon="121.88584"/>
    <trkpt lat="24.92854" lon="121.88582"/>
    <trkpt lat="24.9287" lon="121.88576"/>
    <trkpt lat="24.9288" lon="121.88572"/>
    <trkpt lat="24.92894" lon="121.8856"/>
    <trkpt lat="24.92913" lon="121.88551"/>
    <trkpt lat="24.92922" lon="121.88547"/>
    <trkpt lat="24.92929" lon="121.88544"/>
    <trkpt lat="24.92946" lon="121.88537"/>
    <trkpt lat="24.92964" lon="121.88531"/>
    <trkpt lat="24.92982" lon="121.88524"/>
    <trkpt lat="24.92998" lon="121.88518"/>
    <trkpt lat="24.93015" lon="121.88511"/>
    <trkpt lat="24.93036" lon="121.88504"/>
    <trkpt lat="24.93058" lon="121.88495"/>
    <trkpt lat="24.93082" lon="121.88485"/>
    <trkpt lat="24.931" lon="121.88478"/>
    <trkpt lat="24.93118" lon="121.88471"/>
    <trkpt lat="24.93128" lon="121.88467"/>
    <trkpt lat="24.93136" lon="121.88465"/>
    <trkpt lat="24.93174" lon="121.88453"/>
    <trkpt lat="24.93192" lon="121.88449"/>
    <trkpt lat="24.93203" lon="121.88446"/>
    <trkpt lat="24.9321" lon="121.88445"/>
    <trkpt lat="24.93223" lon="121.88443"/>
    <trkpt lat="24.93233" lon="121.88442"/>
    <trkpt lat="24.93241" lon="121.88441"/>
    <trkpt lat="24.93258" lon="121.88441"/>
    <trkpt lat="24.93278" lon="121.88443"/>
    <trkpt lat="24.93297" lon="121.88444"/>
    <trkpt lat="24.93312" lon="121.88446"/>
    <trkpt lat="24.93318" lon="121.88447"/>
    <trkpt lat="24.9333" lon="121.88449"/>
    <trkpt lat="24.93346" lon="121.88452"/>
    <trkpt lat="24.9336" lon="121.88455"/>
    <trkpt lat="24.93369" lon="121.88457"/>
    <trkpt lat="24.93376" lon="121.88459"/>
    <trkpt lat="24.93386" lon="121.88464"/>
    <trkpt lat="24.93405" lon="121.8848"/>
    <trkpt lat="24.93422" lon="121.8849"/>
    <trkpt lat="24.93458" lon="121.88515"/>
    <trkpt lat="24.9348" lon="121.88532"/>
    <trkpt lat="24.93495" lon="121.88546"/>
    <trkpt lat="24.93508" lon="121.88561"/>
    <trkpt lat="24.93522" lon="121.88578"/>
    <trkpt lat="24.93526" lon="121.88584"/>
    <trkpt lat="24.93537" lon="121.886"/>
    <trkpt lat="24.93544" lon="121.88609"/>
    <trkpt lat="24.93548" lon="121.88615"/>
    <trkpt lat="24.93576" lon="121.88654"/>
    <trkpt lat="24.93582" lon="121.88662"/>
    <trkpt lat="24.93606" lon="121.88693"/>
    <trkpt lat="24.93614" lon="121.88705"/>
    <trkpt lat="24.93625" lon="121.88721"/>
    <trkpt lat="24.93627" lon="121.88724"/>
    <trkpt lat="24.93636" lon="121.88736"/>
    <trkpt lat="24.93647" lon="121.88752"/>
    <trkpt lat="24.93659" lon="121.88767"/>
    <trkpt lat="24.93684" lon="121.88802"/>
    <trkpt lat="24.93722" lon="121.88854"/>
    <trkpt lat="24.93741" lon="121.88884"/>
    <trkpt lat="24.93751" lon="121.88901"/>
    <trkpt lat="24.93801" lon="121.88974"/>
    <trkpt lat="24.93835" lon="121.89019"/>
    <trkpt lat="24.9384" lon="121.89025"/>
    <trkpt lat="24.93875" lon="121.89071"/>
    <trkpt lat="24.93906" lon="121.89112"/>
    <trkpt lat="24.93923" lon="121.89141"/>
    <trkpt lat="24.93938" lon="121.8917"/>
    <trkpt lat="24.93943" lon="121.89182"/>
    <trkpt lat="24.93959" lon="121.89226"/>
    <trkpt lat="24.93961" lon="121.8923"/>
    <trkpt lat="24.93966" lon="121.8924"/>
    <trkpt lat="24.93995" lon="121.89289"/>
    <trkpt lat="24.94042" lon="121.8935"/>
    <trkpt lat="24.94069" lon="121.89384"/>
    <trkpt lat="24.94076" lon="121.89394"/>
    <trkpt lat="24.94081" lon="121.894"/>
    <trkpt lat="24.94105" lon="121.89432"/>
    <trkpt lat="24.94106" lon="121.89434"/>
    <trkpt lat="24.94143" lon="121.89487"/>
    <trkpt lat="24.94185" lon="121.89551"/>
    <trkpt lat="24.94193" lon="121.89563"/>
    <trkpt lat="24.94199" lon="121.89577"/>
    <trkpt lat="24.94203" lon="121.89593"/>
    <trkpt lat="24.94206" lon="121.89608"/>
    <trkpt lat="24.94206" lon="121.89621"/>
    <trkpt lat="24.94206" lon="121.8963"/>
    <trkpt lat="24.94205" lon="121.8964"/>
    <trkpt lat="24.94203" lon="121.89651"/>
    <trkpt lat="24.94206" lon="121.8966"/>
    <trkpt lat="24.94205" lon="121.89669"/>
    <trkpt lat="24.94204" lon="121.89675"/>
    <trkpt lat="24.94202" lon="121.89693"/>
    <trkpt lat="24.942" lon="121.89716"/>
    <trkpt lat="24.94195" lon="121.89754"/>
    <trkpt lat="24.94188" lon="121.89794"/>
    <trkpt lat="24.94187" lon="121.89804"/>
    <trkpt lat="24.94179" lon="121.89823"/>
    <trkpt lat="24.94177" lon="121.89831"/>
    <trkpt lat="24.94175" lon="121.89842"/>
    <trkpt lat="24.94173" lon="121.89852"/>
    <trkpt lat="24.94166" lon="121.89885"/>
    <trkpt lat="24.94157" lon="121.89924"/>
    <trkpt lat="24.94155" lon="121.89933"/>
    <trkpt lat="24.94153" lon="121.89943"/>
    <trkpt lat="24.9415" lon="121.8996"/>
    <trkpt lat="24.94147" lon="121.89982"/>
    <trkpt lat="24.94146" lon="121.89984"/>
    <trkpt lat="24.94146" lon="121.89992"/>
    <trkpt lat="24.94146" lon="121.89995"/>
    <trkpt lat="24.94147" lon="121.90005"/>
    <trkpt lat="24.94148" lon="121.90011"/>
    <trkpt lat="24.94149" lon="121.90022"/>
    <trkpt lat="24.9415" lon="121.9003"/>
    <trkpt lat="24.94156" lon="121.90055"/>
    <trkpt lat="24.94156" lon="121.90056"/>
    <trkpt lat="24.9416" lon="121.90072"/>
    <trkpt lat="24.94163" lon="121.90082"/>
    <trkpt lat="24.94169" lon="121.90098"/>
    <trkpt lat="24.94174" lon="121.90111"/>
    <trkpt lat="24.94176" lon="121.90117"/>
    <trkpt lat="24.94184" lon="121.90133"/>
    <trkpt lat="24.94196" lon="121.90152"/>
    <trkpt lat="24.94207" lon="121.9017"/>
    <trkpt lat="24.94215" lon="121.9018"/>
    <trkpt lat="24.94216" lon="121.90182"/>
    <trkpt lat="24.94225" lon="121.90192"/>
    <trkpt lat="24.94234" lon="121.90202"/>
    <trkpt lat="24.94244" lon="121.90212"/>
    <trkpt lat="24.94253" lon="121.90219"/>
    <trkpt lat="24.94269" lon="121.90232"/>
    <trkpt lat="24.94279" lon="121.9024"/>
    <trkpt lat="24.94308" lon="121.90258"/>
    <trkpt lat="24.94322" lon="121.90265"/>
    <trkpt lat="24.94333" lon="121.90271"/>
    <trkpt lat="24.94347" lon="121.90276"/>
    <trkpt lat="24.94367" lon="121.90284"/>
    <trkpt lat="24.94397" lon="121.90294"/>
    <trkpt lat="24.94409" lon="121.90297"/>
    <trkpt lat="24.94425" lon="121.903"/>
    <trkpt lat="24.94463" lon="121.90305"/>
    <trkpt lat="24.94475" lon="121.90307"/>
    <trkpt lat="24.94493" lon="121.9031"/>
    <trkpt lat="24.94511" lon="121.90312"/>
    <trkpt lat="24.94529" lon="121.90315"/>
    <trkpt lat="24.94536" lon="121.90316"/>
    <trkpt lat="24.94553" lon="121.9032"/>
    <trkpt lat="24.94555" lon="121.9032"/>
    <trkpt lat="24.94571" lon="121.90323"/>
    <trkpt lat="24.94573" lon="121.90324"/>
    <trkpt lat="24.94584" lon="121.90326"/>
    <trkpt lat="24.94589" lon="121.90328"/>
    <trkpt lat="24.9459" lon="121.90328"/>
    <trkpt lat="24.94596" lon="121.90331"/>
    <trkpt lat="24.94602" lon="121.90333"/>
    <trkpt lat="24.94608" lon="121.90335"/>
    <trkpt lat="24.94618" lon="121.9034"/>
    <trkpt lat="24.94638" lon="121.90351"/>
    <trkpt lat="24.94666" lon="121.90374"/>
    <trkpt lat="24.94674" lon="121.90381"/>
    <trkpt lat="24.94682" lon="121.9039"/>
    <trkpt lat="24.947" lon="121.9041"/>
    <trkpt lat="24.94704" lon="121.90417"/>
    <trkpt lat="24.94728" lon="121.90451"/>
    <trkpt lat="24.94805" lon="121.90569"/>
    <trkpt lat="24.9482" lon="121.9059"/>
    <trkpt lat="24.94833" lon="121.90608"/>
    <trkpt lat="24.94843" lon="121.90618"/>
    <trkpt lat="24.94894" lon="121.90694"/>
    <trkpt lat="24.94939" lon="121.90761"/>
    <trkpt lat="24.94957" lon="121.90782"/>
    <trkpt lat="24.94976" lon="121.90807"/>
    <trkpt lat="24.94996" lon="121.90829"/>
    <trkpt lat="24.95013" lon="121.9085"/>
    <trkpt lat="24.95043" lon="121.90884"/>
    <trkpt lat="24.9509" lon="121.90944"/>
    <trkpt lat="24.95104" lon="121.90962"/>
    <trkpt lat="24.95113" lon="121.90976"/>
    <trkpt lat="24.95123" lon="121.90992"/>
    <trkpt lat="24.95132" lon="121.91012"/>
    <trkpt lat="24.95149" lon="121.91052"/>
    <trkpt lat="24.95161" lon="121.91083"/>
    <trkpt lat="24.95173" lon="121.91119"/>
    <trkpt lat="24.95178" lon="121.91134"/>
    <trkpt lat="24.95209" lon="121.91216"/>
    <trkpt lat="24.95223" lon="121.91253"/>
    <trkpt lat="24.95229" lon="121.91272"/>
    <trkpt lat="24.95235" lon="121.91287"/>
    <trkpt lat="24.95249" lon="121.91324"/>
    <trkpt lat="24.95255" lon="121.91342"/>
    <trkpt lat="24.95262" lon="121.9136"/>
    <trkpt lat="24.9527" lon="121.91381"/>
    <trkpt lat="24.95276" lon="121.91398"/>
    <trkpt lat="24.95289" lon="121.91433"/>
    <trkpt lat="24.95293" lon="121.91446"/>
    <trkpt lat="24.95308" lon="121.91489"/>
    <trkpt lat="24.95311" lon="121.91498"/>
    <trkpt lat="24.95322" lon="121.91528"/>
    <trkpt lat="24.95326" lon="121.91539"/>
    <trkpt lat="24.95337" lon="121.91564"/>
    <trkpt lat="24.95342" lon="121.91577"/>
    <trkpt lat="24.95348" lon="121.91587"/>
    <trkpt lat="24.95355" lon="121.91597"/>
    <trkpt lat="24.95364" lon="121.91608"/>
    <trkpt lat="24.95376" lon="121.91621"/>
    <trkpt lat="24.95377" lon="121.91622"/>
    <trkpt lat="24.95398" lon="121.91644"/>
    <trkpt lat="24.95408" lon="121.91654"/>
    <trkpt lat="24.95417" lon="121.91661"/>
    <trkpt lat="24.95424" lon="121.91667"/>
    <trkpt lat="24.95434" lon="121.91672"/>
    <trkpt lat="24.95445" lon="121.91678"/>
    <trkpt lat="24.95457" lon="121.91684"/>
    <trkpt lat="24.95535" lon="121.91722"/>
    <trkpt lat="24.95548" lon="121.91727"/>
    <trkpt lat="24.95561" lon="121.91732"/>
    <trkpt lat="24.95573" lon="121.91736"/>
    <trkpt lat="24.95582" lon="121.91738"/>
    <trkpt lat="24.956" lon="121.91741"/>
    <trkpt lat="24.95644" lon="121.91747"/>
    <trkpt lat="24.95669" lon="121.9175"/>
    <trkpt lat="24.9574" lon="121.9176"/>
    <trkpt lat="24.95763" lon="121.91763"/>
    <trkpt lat="24.95778" lon="121.91766"/>
    <trkpt lat="24.95794" lon="121.91771"/>
    <trkpt lat="24.95806" lon="121.91776"/>
    <trkpt lat="24.95821" lon="121.91783"/>
    <trkpt lat="24.95845" lon="121.91797"/>
    <trkpt lat="24.95905" lon="121.91838"/>
    <trkpt lat="24.9591" lon="121.91842"/>
    <trkpt lat="24.9592" lon="121.9185"/>
    <trkpt lat="24.95949" lon="121.91873"/>
    <trkpt lat="24.95962" lon="121.91883"/>
    <trkpt lat="24.95992" lon="121.91908"/>
    <trkpt lat="24.96009" lon="121.91922"/>
    <trkpt lat="24.96023" lon="121.91934"/>
    <trkpt lat="24.96038" lon="121.91946"/>
    <trkpt lat="24.96045" lon="121.91952"/>
    <trkpt lat="24.96072" lon="121.91975"/>
    <trkpt lat="24.9609" lon="121.9199"/>
    <trkpt lat="24.961" lon="121.91997"/>
    <trkpt lat="24.96108" lon="121.92003"/>
    <trkpt lat="24.96113" lon="121.92006"/>
    <trkpt lat="24.9612" lon="121.9201"/>
    <trkpt lat="24.96125" lon="121.92012"/>
    <trkpt lat="24.96128" lon="121.92013"/>
    <trkpt lat="24.96132" lon="121.92014"/>
    <trkpt lat="24.96134" lon="121.92014"/>
    <trkpt lat="24.96137" lon="121.92015"/>
    <trkpt lat="24.96139" lon="121.92016"/>
    <trkpt lat="24.96141" lon="121.92016"/>
    <trkpt lat="24.96144" lon="121.92016"/>
    <trkpt lat="24.96149" lon="121.92016"/>
    <trkpt lat="24.96162" lon="121.92017"/>
    <trkpt lat="24.96171" lon="121.92016"/>
    <trkpt lat="24.96184" lon="121.92013"/>
    <trkpt lat="24.96192" lon="121.9201"/>
    <trkpt lat="24.96209" lon="121.92003"/>
    <trkpt lat="24.96219" lon="121.92"/>
    <trkpt lat="24.96228" lon="121.91997"/>
    <trkpt lat="24.96236" lon="121.91995"/>
    <trkpt lat="24.96254" lon="121.91991"/>
    <trkpt lat="24.96257" lon="121.91991"/>
    <trkpt lat="24.96271" lon="121.91989"/>
    <trkpt lat="24.96284" lon="121.9199"/>
    <trkpt lat="24.96299" lon="121.91991"/>
    <trkpt lat="24.96307" lon="121.91993"/>
    <trkpt lat="24.96311" lon="121.91993"/>
    <trkpt lat="24.96324" lon="121.91997"/>
    <trkpt lat="24.96336" lon="121.92001"/>
    <trkpt lat="24.96342" lon="121.92003"/>
    <trkpt lat="24.96384" lon="121.92025"/>
    <trkpt lat="24.96509" lon="121.92103"/>
    <trkpt lat="24.96525" lon="121.92113"/>
    <trkpt lat="24.96605" lon="121.92163"/>
    <trkpt lat="24.96621" lon="121.92172"/>
    <trkpt lat="24.96653" lon="121.92197"/>
    <trkpt lat="24.96666" lon="121.92209"/>
    <trkpt lat="24.96667" lon="121.9221"/>
    <trkpt lat="24.9668" lon="121.92224"/>
    <trkpt lat="24.96685" lon="121.92228"/>
    <trkpt lat="24.96698" lon="121.92242"/>
    <trkpt lat="24.96706" lon="121.92251"/>
    <trkpt lat="24.96723" lon="121.92268"/>
    <trkpt lat="24.96756" lon="121.92308"/>
    <trkpt lat="24.96771" lon="121.92325"/>
    <trkpt lat="24.96809" lon="121.92359"/>
    <trkpt lat="24.96812" lon="121.92361"/>
    <trkpt lat="24.96835" lon="121.92378"/>
    <trkpt lat="24.96839" lon="121.92382"/>
    <trkpt lat="24.96857" lon="121.92396"/>
    <trkpt lat="24.96861" lon="121.924"/>
    <trkpt lat="24.96868" lon="121.92407"/>
    <trkpt lat="24.9687" lon="121.92409"/>
    <trkpt lat="24.96877" lon="121.92417"/>
    <trkpt lat="24.96882" lon="121.92423"/>
    <trkpt lat="24.96884" lon="121.92427"/>
    <trkpt lat="24.96889" lon="121.92433"/>
    <trkpt lat="24.96895" lon="121.92443"/>
    <trkpt lat="24.96903" lon="121.92454"/>
    <trkpt lat="24.96909" lon="121.92464"/>
    <trkpt lat="24.9692" lon="121.92482"/>
    <trkpt lat="24.96937" lon="121.92508"/>
    <trkpt lat="24.96941" lon="121.92514"/>
    <trkpt lat="24.9699" lon="121.92592"/>
    <trkpt lat="24.96997" lon="121.92604"/>
    <trkpt lat="24.97" lon="121.92609"/>
    <trkpt lat="24.97036" lon="121.92664"/>
    <trkpt lat="24.97077" lon="121.92729"/>
    <trkpt lat="24.97124" lon="121.92807"/>
    <trkpt lat="24.97138" lon="121.92829"/>
    <trkpt lat="24.97145" lon="121.92841"/>
    <trkpt lat="24.97148" lon="121.92847"/>
    <trkpt lat="24.97194" lon="121.92927"/>
    <trkpt lat="24.97215" lon="121.92973"/>
    <trkpt lat="24.97216" lon="121.92976"/>
    <trkpt lat="24.97255" lon="121.93068"/>
    <trkpt lat="24.97262" lon="121.93086"/>
    <trkpt lat="24.973" lon="121.93176"/>
    <trkpt lat="24.97309" lon="121.93197"/>
    <trkpt lat="24.97316" lon="121.93215"/>
    <trkpt lat="24.97324" lon="121.93233"/>
    <trkpt lat="24.97331" lon="121.93251"/>
    <trkpt lat="24.97345" lon="121.93289"/>
    <trkpt lat="24.97352" lon="121.93307"/>
    <trkpt lat="24.97358" lon="121.93323"/>
    <trkpt lat="24.97367" lon="121.93347"/>
    <trkpt lat="24.97378" lon="121.93382"/>
    <trkpt lat="24.9738" lon="121.93387"/>
    <trkpt lat="24.97382" lon="121.93391"/>
    <trkpt lat="24.97385" lon="121.93395"/>
    <trkpt lat="24.97389" lon="121.934"/>
    <trkpt lat="24.9739" lon="121.93403"/>
    <trkpt lat="24.97395" lon="121.93408"/>
    <trkpt lat="24.97403" lon="121.93416"/>
    <trkpt lat="24.97415" lon="121.93431"/>
    <trkpt lat="24.9743" lon="121.93449"/>
    <trkpt lat="24.97438" lon="121.93459"/>
    <trkpt lat="24.97444" lon="121.93468"/>
    <trkpt lat="24.97448" lon="121.93477"/>
    <trkpt lat="24.97453" lon="121.93488"/>
    <trkpt lat="24.97459" lon="121.93502"/>
    <trkpt lat="24.97473" lon="121.93541"/>
    <trkpt lat="24.97485" lon="121.93575"/>
    <trkpt lat="24.97498" lon="121.93613"/>
    <trkpt lat="24.97503" lon="121.93628"/>
    <trkpt lat="24.97504" lon="121.93631"/>
    <trkpt lat="24.97509" lon="121.93648"/>
    <trkpt lat="24.97511" lon="121.9366"/>
    <trkpt lat="24.97513" lon="121.93675"/>
    <trkpt lat="24.97514" lon="121.93693"/>
    <trkpt lat="24.97515" lon="121.93717"/>
    <trkpt lat="24.97514" lon="121.93744"/>
    <trkpt lat="24.9751" lon="121.938"/>
    <trkpt lat="24.97509" lon="121.93836"/>
    <trkpt lat="24.97515" lon="121.93904"/>
    <trkpt lat="24.97521" lon="121.93953"/>
    <trkpt lat="24.97525" lon="121.9398"/>
    <trkpt lat="24.97528" lon="121.93988"/>
    <trkpt lat="24.97529" lon="121.93992"/>
    <trkpt lat="24.97532" lon="121.94"/>
    <trkpt lat="24.9754" lon="121.94016"/>
    <trkpt lat="24.97549" lon="121.94029"/>
    <trkpt lat="24.97558" lon="121.94042"/>
    <trkpt lat="24.97577" lon="121.94067"/>
    <trkpt lat="24.97593" lon="121.94088"/>
    <trkpt lat="24.97595" lon="121.9409"/>
    <trkpt lat="24.97604" lon="121.94103"/>
    <trkpt lat="24.97619" lon="121.94124"/>
    <trkpt lat="24.97658" lon="121.94183"/>
    <trkpt lat="24.97692" lon="121.9424"/>
    <trkpt lat="24.97704" lon="121.94258"/>
    <trkpt lat="24.97728" lon="121.94302"/>
    <trkpt lat="24.97751" lon="121.94342"/>
    <trkpt lat="24.97767" lon="121.94368"/>
    <trkpt lat="24.97787" lon="121.94406"/>
    <trkpt lat="24.97799" lon="121.94429"/>
    <trkpt lat="24.97803" lon="121.94436"/>
    <trkpt lat="24.97821" lon="121.94471"/>
    <trkpt lat="24.97871" lon="121.94569"/>
    <trkpt lat="24.97887" lon="121.94604"/>
    <trkpt lat="24.97907" lon="121.94651"/>
    <trkpt lat="24.9792" lon="121.94687"/>
    <trkpt lat="24.97927" lon="121.94706"/>
    <trkpt lat="24.9793" lon="121.94712"/>
    <trkpt lat="24.97942" lon="121.94749"/>
    <trkpt lat="24.97954" lon="121.94782"/>
    <trkpt lat="24.97963" lon="121.94809"/>
    <trkpt lat="24.97973" lon="121.9483"/>
    <trkpt lat="24.97983" lon="121.94845"/>
    <trkpt lat="24.97992" lon="121.94857"/>
    <trkpt lat="24.97998" lon="121.94864"/>
    <trkpt lat="24.98" lon="121.94867"/>
    <trkpt lat="24.98015" lon="121.94884"/>
    <trkpt lat="24.98033" lon="121.94904"/>
    <trkpt lat="24.98037" lon="121.94908"/>
    <trkpt lat="24.98047" lon="121.94918"/>
    <trkpt lat="24.98053" lon="121.94925"/>
    <trkpt lat="24.98056" lon="121.94928"/>
    <trkpt lat="24.9806" lon="121.94933"/>
    <trkpt lat="24.98062" lon="121.94936"/>
    <trkpt lat="24.98065" lon="121.9494"/>
    <trkpt lat="24.98067" lon="121.94943"/>
    <trkpt lat="24.98069" lon="121.94947"/>
    <trkpt lat="24.98071" lon="121.94951"/>
    <trkpt lat="24.98076" lon="121.94962"/>
    <trkpt lat="24.98079" lon="121.94974"/>
    <trkpt lat="24.98084" lon="121.94988"/>
    <trkpt lat="24.98087" lon="121.95002"/>
    <trkpt lat="24.9809" lon="121.95014"/>
    <trkpt lat="24.98091" lon="121.95021"/>
    <trkpt lat="24.98093" lon="121.95032"/>
    <trkpt lat="24.98096" lon="121.9504"/>
    <trkpt lat="24.981" lon="121.95058"/>
    <trkpt lat="24.98101" lon="121.95059"/>
    <trkpt lat="24.98107" lon="121.95076"/>
    <trkpt lat="24.98128" lon="121.95118"/>
    <trkpt lat="24.98133" lon="121.9513"/>
    <trkpt lat="24.98142" lon="121.95147"/>
    <trkpt lat="24.9815" lon="121.95164"/>
    <trkpt lat="24.98151" lon="121.95165"/>
    <trkpt lat="24.9817" lon="121.95205"/>
    <trkpt lat="24.9818" lon="121.95222"/>
    <trkpt lat="24.98186" lon="121.95234"/>
    <trkpt lat="24.98197" lon="121.95257"/>
    <trkpt lat="24.98205" lon="121.95272"/>
    <trkpt lat="24.9821" lon="121.95282"/>
    <trkpt lat="24.98214" lon="121.95289"/>
    <trkpt lat="24.98216" lon="121.95293"/>
    <trkpt lat="24.98219" lon="121.95297"/>
    <trkpt lat="24.98223" lon="121.95302"/>
    <trkpt lat="24.98226" lon="121.95305"/>
    <trkpt lat="24.98231" lon="121.9531"/>
    <trkpt lat="24.98238" lon="121.95318"/>
    <trkpt lat="24.98247" lon="121.95326"/>
    <trkpt lat="24.98264" lon="121.95345"/>
    <trkpt lat="24.98272" lon="121.95353"/>
    <trkpt lat="24.98289" lon="121.95373"/>
    <trkpt lat="24.98297" lon="121.95382"/>
    <trkpt lat="24.98318" lon="121.95409"/>
    <trkpt lat="24.98333" lon="121.95429"/>
    <trkpt lat="24.98336" lon="121.95434"/>
    <trkpt lat="24.98344" lon="121.95443"/>
    <trkpt lat="24.98353" lon="121.95457"/>
    <trkpt lat="24.98359" lon="121.95464"/>
    <trkpt lat="24.9836" lon="121.95467"/>
    <trkpt lat="24.98364" lon="121.95478"/>
    <trkpt lat="24.98374" lon="121.95492"/>
    <trkpt lat="24.98383" lon="121.95504"/>
    <trkpt lat="24.98397" lon="121.95521"/>
    <trkpt lat="24.98401" lon="121.95528"/>
    <trkpt lat="24.98403" lon="121.95533"/>
    <trkpt lat="24.98405" lon="121.95536"/>
    <trkpt lat="24.98407" lon="121.95541"/>
    <trkpt lat="24.98408" lon="121.95544"/>
    <trkpt lat="24.98408" lon="121.95548"/>
    <trkpt lat="24.98409" lon="121.95553"/>
    <trkpt lat="24.98409" lon="121.95559"/>
    <trkpt lat="24.9841" lon="121.95562"/>
    <trkpt lat="24.9841" lon="121.95567"/>
    <trkpt lat="24.98409" lon="121.9558"/>
    <trkpt lat="24.98409" lon="121.95582"/>
    <trkpt lat="24.98408" lon="121.95593"/>
    <trkpt lat="24.98404" lon="121.95635"/>
    <trkpt lat="24.98401" lon="121.95661"/>
    <trkpt lat="24.98393" lon="121.95736"/>
    <trkpt lat="24.9839" lon="121.95759"/>
    <trkpt lat="24.98389" lon="121.95779"/>
    <trkpt lat="24.98386" lon="121.95809"/>
    <trkpt lat="24.98382" lon="121.95849"/>
    <trkpt lat="24.98381" lon="121.95858"/>
    <trkpt lat="24.98379" lon="121.95879"/>
    <trkpt lat="24.98375" lon="121.95936"/>
    <trkpt lat="24.98375" lon="121.95946"/>
    <trkpt lat="24.98373" lon="121.95978"/>
    <trkpt lat="24.98372" lon="121.95989"/>
    <trkpt lat="24.98372" lon="121.95993"/>
    <trkpt lat="24.98372" lon="121.95997"/>
    <trkpt lat="24.98371" lon="121.96008"/>
    <trkpt lat="24.98371" lon="121.96017"/>
    <trkpt lat="24.9837" lon="121.96037"/>
    <trkpt lat="24.9837" lon="121.96057"/>
    <trkpt lat="24.98369" lon="121.96077"/>
    <trkpt lat="24.98369" lon="121.96084"/>
    <trkpt lat="24.98368" lon="121.96097"/>
    <trkpt lat="24.98365" lon="121.96196"/>
    <trkpt lat="24.98364" lon="121.96207"/>
    <trkpt lat="24.98364" lon="121.96216"/>
    <trkpt lat="24.98362" lon="121.96268"/>
    <trkpt lat="24.98361" lon="121.96273"/>
    <trkpt lat="24.98362" lon="121.96276"/>
    <trkpt lat="24.98362" lon="121.96278"/>
    <trkpt lat="24.98363" lon="121.9628"/>
    <trkpt lat="24.98363" lon="121.96282"/>
    <trkpt lat="24.98364" lon="121.96284"/>
    <trkpt lat="24.98365" lon="121.96305"/>
    <trkpt lat="24.98368" lon="121.96323"/>
    <trkpt lat="24.98371" lon="121.96339"/>
    <trkpt lat="24.98376" lon="121.96361"/>
    <trkpt lat="24.98385" lon="121.96401"/>
    <trkpt lat="24.98388" lon="121.96412"/>
    <trkpt lat="24.9839" lon="121.9642"/>
    <trkpt lat="24.98394" lon="121.96439"/>
    <trkpt lat="24.98397" lon="121.96455"/>
    <trkpt lat="24.98404" lon="121.9649"/>
    <trkpt lat="24.98408" lon="121.96506"/>
    <trkpt lat="24.98412" lon="121.96522"/>
    <trkpt lat="24.98425" lon="121.9656"/>
    <trkpt lat="24.98429" lon="121.96569"/>
    <trkpt lat="24.98435" lon="121.9658"/>
    <trkpt lat="24.98439" lon="121.96586"/>
    <trkpt lat="24.98451" lon="121.96605"/>
    <trkpt lat="24.98465" lon="121.96623"/>
    <trkpt lat="24.98473" lon="121.96632"/>
    <trkpt lat="24.98481" lon="121.9664"/>
    <trkpt lat="24.985" lon="121.96658"/>
    <trkpt lat="24.98516" lon="121.96671"/>
    <trkpt lat="24.98535" lon="121.96688"/>
    <trkpt lat="24.9855" lon="121.96703"/>
    <trkpt lat="24.98564" lon="121.96719"/>
    <trkpt lat="24.98578" lon="121.9674"/>
    <trkpt lat="24.98589" lon="121.9676"/>
    <trkpt lat="24.98603" lon="121.96781"/>
    <trkpt lat="24.98608" lon="121.96789"/>
    <trkpt lat="24.98614" lon="121.96801"/>
    <trkpt lat="24.98617" lon="121.96806"/>
    <trkpt lat="24.98626" lon="121.96825"/>
    <trkpt lat="24.98631" lon="121.96843"/>
    <trkpt lat="24.98636" lon="121.9686"/>
    <trkpt lat="24.98637" lon="121.96861"/>
    <trkpt lat="24.98642" lon="121.9688"/>
    <trkpt lat="24.98658" lon="121.96937"/>
    <trkpt lat="24.98663" lon="121.96956"/>
    <trkpt lat="24.98672" lon="121.96983"/>
    <trkpt lat="24.98677" lon="121.96999"/>
    <trkpt lat="24.98681" lon="121.97011"/>
    <trkpt lat="24.98687" lon="121.97034"/>
    <trkpt lat="24.9869" lon="121.97055"/>
    <trkpt lat="24.98692" lon="121.97076"/>
    <trkpt lat="24.98692" lon="121.97088"/>
    <trkpt lat="24.98691" lon="121.9711"/>
    <trkpt lat="24.9869" lon="121.97124"/>
    <trkpt lat="24.9869" lon="121.97135"/>
    <trkpt lat="24.9869" lon="121.97144"/>
    <trkpt lat="24.98692" lon="121.97158"/>
    <trkpt lat="24.98693" lon="121.97167"/>
    <trkpt lat="24.98695" lon="121.97174"/>
    <trkpt lat="24.98698" lon="121.97184"/>
    <trkpt lat="24.98701" lon="121.97193"/>
    <trkpt lat="24.98705" lon="121.97202"/>
    <trkpt lat="24.98712" lon="121.9721"/>
    <trkpt lat="24.98718" lon="121.97218"/>
    <trkpt lat="24.98729" lon="121.97227"/>
    <trkpt lat="24.98745" lon="121.97241"/>
    <trkpt lat="24.98761" lon="121.97252"/>
    <trkpt lat="24.98777" lon="121.97265"/>
    <trkpt lat="24.98799" lon="121.97288"/>
    <trkpt lat="24.98813" lon="121.97298"/>
    <trkpt lat="24.98825" lon="121.97313"/>
    <trkpt lat="24.98838" lon="121.97334"/>
    <trkpt lat="24.98849" lon="121.97356"/>
    <trkpt lat="24.98854" lon="121.97364"/>
    <trkpt lat="24.98855" lon="121.97365"/>
    <trkpt lat="24.98859" lon="121.97372"/>
    <trkpt lat="24.98863" lon="121.97378"/>
    <trkpt lat="24.98865" lon="121.9738"/>
    <trkpt lat="24.98868" lon="121.97384"/>
    <trkpt lat="24.98872" lon="121.97388"/>
    <trkpt lat="24.9888" lon="121.97399"/>
    <trkpt lat="24.98886" lon="121.97406"/>
    <trkpt lat="24.98895" lon="121.97416"/>
    <trkpt lat="24.98912" lon="121.9743"/>
    <trkpt lat="24.98923" lon="121.97439"/>
    <trkpt lat="24.98932" lon="121.97446"/>
    <trkpt lat="24.98945" lon="121.97455"/>
    <trkpt lat="24.98963" lon="121.97465"/>
    <trkpt lat="24.98978" lon="121.97474"/>
    <trkpt lat="24.98985" lon="121.97478"/>
    <trkpt lat="24.99004" lon="121.9749"/>
    <trkpt lat="24.9901" lon="121.97493"/>
    <trkpt lat="24.99019" lon="121.97499"/>
    <trkpt lat="24.99035" lon="121.9751"/>
    <trkpt lat="24.99052" lon="121.97525"/>
    <trkpt lat="24.99066" lon="121.97539"/>
    <trkpt lat="24.99084" lon="121.97558"/>
    <trkpt lat="24.99111" lon="121.97583"/>
    <trkpt lat="24.99111" lon="121.97584"/>
    <trkpt lat="24.99128" lon="121.97595"/>
    <trkpt lat="24.99131" lon="121.97597"/>
    <trkpt lat="24.99147" lon="121.97607"/>
    <trkpt lat="24.99154" lon="121.97611"/>
    <trkpt lat="24.99162" lon="121.97616"/>
    <trkpt lat="24.9917" lon="121.97621"/>
    <trkpt lat="24.99176" lon="121.97625"/>
    <trkpt lat="24.99187" lon="121.9763"/>
    <trkpt lat="24.99191" lon="121.97633"/>
    <trkpt lat="24.99205" lon="121.97648"/>
    <trkpt lat="24.99213" lon="121.97657"/>
    <trkpt lat="24.99217" lon="121.97663"/>
    <trkpt lat="24.99221" lon="121.97669"/>
    <trkpt lat="24.99228" lon="121.97681"/>
    <trkpt lat="24.99235" lon="121.97695"/>
    <trkpt lat="24.99248" lon="121.97727"/>
    <trkpt lat="24.99258" lon="121.97751"/>
    <trkpt lat="24.99261" lon="121.97758"/>
    <trkpt lat="24.9927" lon="121.9778"/>
    <trkpt lat="24.99278" lon="121.978"/>
    <trkpt lat="24.99282" lon="121.97815"/>
    <trkpt lat="24.99285" lon="121.97829"/>
    <trkpt lat="24.99287" lon="121.97844"/>
    <trkpt lat="24.99287" lon="121.97845"/>
    <trkpt lat="24.99287" lon="121.97864"/>
    <trkpt lat="24.99288" lon="121.97872"/>
    <trkpt lat="24.99288" lon="121.97884"/>
    <trkpt lat="24.99287" lon="121.97916"/>
    <trkpt lat="24.99287" lon="121.97944"/>
    <trkpt lat="24.99286" lon="121.97964"/>
    <trkpt lat="24.99286" lon="121.9797"/>
    <trkpt lat="24.99285" lon="121.97983"/>
    <trkpt lat="24.99284" lon="121.97988"/>
    <trkpt lat="24.99285" lon="121.98007"/>
    <trkpt lat="24.99285" lon="121.98023"/>
    <trkpt lat="24.99285" lon="121.98032"/>
    <trkpt lat="24.99286" lon="121.98043"/>
    <trkpt lat="24.99286" lon="121.98052"/>
    <trkpt lat="24.99287" lon="121.98063"/>
    <trkpt lat="24.99288" lon="121.9807"/>
    <trkpt lat="24.99289" lon="121.98082"/>
    <trkpt lat="24.99289" lon="121.98087"/>
    <trkpt lat="24.99291" lon="121.98102"/>
    <trkpt lat="24.99291" lon="121.98103"/>
    <trkpt lat="24.99292" lon="121.98119"/>
    <trkpt lat="24.99291" lon="121.98122"/>
    <trkpt lat="24.99289" lon="121.98132"/>
    <trkpt lat="24.99288" lon="121.98141"/>
    <trkpt lat="24.99288" lon="121.98145"/>
    <trkpt lat="24.99287" lon="121.9816"/>
    <trkpt lat="24.99287" lon="121.98161"/>
    <trkpt lat="24.99287" lon="121.98173"/>
    <trkpt lat="24.99287" lon="121.98181"/>
    <trkpt lat="24.99287" lon="121.98191"/>
    <trkpt lat="24.99288" lon="121.982"/>
    <trkpt lat="24.99288" lon="121.98201"/>
    <trkpt lat="24.99291" lon="121.98218"/>
    <trkpt lat="24.99292" lon="121.9822"/>
    <trkpt lat="24.99294" lon="121.98227"/>
    <trkpt lat="24.99299" lon="121.98236"/>
    <trkpt lat="24.993" lon="121.98238"/>
    <trkpt lat="24.99309" lon="121.98257"/>
    <trkpt lat="24.99318" lon="121.98272"/>
    <trkpt lat="24.99327" lon="121.98289"/>
    <trkpt lat="24.99337" lon="121.98308"/>
    <trkpt lat="24.99344" lon="121.98323"/>
    <trkpt lat="24.99351" lon="121.98335"/>
    <trkpt lat="24.99355" lon="121.98342"/>
    <trkpt lat="24.9936" lon="121.98349"/>
    <trkpt lat="24.99365" lon="121.98354"/>
    <trkpt lat="24.99373" lon="121.9836"/>
    <trkpt lat="24.99382" lon="121.98367"/>
    <trkpt lat="24.99408" lon="121.98388"/>
    <trkpt lat="24.99463" lon="121.98424"/>
    <trkpt lat="24.99514" lon="121.98453"/>
    <trkpt lat="24.99545" lon="121.98471"/>
    <trkpt lat="24.99582" lon="121.98494"/>
    <trkpt lat="24.99608" lon="121.98516"/>
    <trkpt lat="24.99643" lon="121.98554"/>
    <trkpt lat="24.99673" lon="121.9859"/>
    <trkpt lat="24.99683" lon="121.98605"/>
    <trkpt lat="24.9969" lon="121.98615"/>
    <trkpt lat="24.99694" lon="121.98621"/>
    <trkpt lat="24.99701" lon="121.98634"/>
    <trkpt lat="24.99711" lon="121.98651"/>
    <trkpt lat="24.99721" lon="121.98668"/>
    <trkpt lat="24.99723" lon="121.98671"/>
    <trkpt lat="24.99765" lon="121.98746"/>
    <trkpt lat="24.99788" lon="121.98785"/>
    <trkpt lat="24.99792" lon="121.98792"/>
    <trkpt lat="24.99798" lon="121.98801"/>
    <trkpt lat="24.99808" lon="121.98817"/>
    <trkpt lat="24.9984" lon="121.98866"/>
    <trkpt lat="24.99845" lon="121.98873"/>
    <trkpt lat="24.99851" lon="121.98882"/>
    <trkpt lat="24.99861" lon="121.98898"/>
    <trkpt lat="24.99865" lon="121.98904"/>
    <trkpt lat="24.99871" lon="121.98915"/>
    <trkpt lat="24.99881" lon="121.98931"/>
    <trkpt lat="24.99895" lon="121.98957"/>
    <trkpt lat="24.99906" lon="121.98976"/>
    <trkpt lat="24.99916" lon="121.98996"/>
    <trkpt lat="24.99925" lon="121.99018"/>
    <trkpt lat="24.99928" lon="121.99025"/>
    <trkpt lat="24.99933" lon="121.99035"/>
    <trkpt lat="24.99941" lon="121.99053"/>
    <trkpt lat="24.99957" lon="121.99089"/>
    <trkpt lat="24.99965" lon="121.99107"/>
    <trkpt lat="24.99968" lon="121.99114"/>
    <trkpt lat="24.99989" lon="121.9916"/>
    <trkpt lat="24.99998" lon="121.99177"/>
    <trkpt lat="25.00002" lon="121.99187"/>
    <trkpt lat="25.00022" lon="121.9923"/>
    <trkpt lat="25.00044" lon="121.99277"/>
    <trkpt lat="25.00062" lon="121.99313"/>
    <trkpt lat="25.00064" lon="121.99319"/>
    <trkpt lat="25.00064" lon="121.99321"/>
    <trkpt lat="25.00066" lon="121.99325"/>
    <trkpt lat="25.00066" lon="121.99326"/>
    <trkpt lat="25.00073" lon="121.99339"/>
    <trkpt lat="25.0008" lon="121.99351"/>
    <trkpt lat="25.00089" lon="121.99364"/>
    <trkpt lat="25.00094" lon="121.9937"/>
    <trkpt lat="25.00102" lon="121.99378"/>
    <trkpt lat="25.0011" lon="121.99386"/>
    <trkpt lat="25.00123" lon="121.99395"/>
    <trkpt lat="25.00132" lon="121.99401"/>
    <trkpt lat="25.00143" lon="121.99407"/>
    <trkpt lat="25.00154" lon="121.99412"/>
    <trkpt lat="25.00204" lon="121.99429"/>
    <trkpt lat="25.0021" lon="121.99431"/>
    <trkpt lat="25.00228" lon="121.99438"/>
    <trkpt lat="25.00239" lon="121.99443"/>
    <trkpt lat="25.00249" lon="121.99448"/>
    <trkpt lat="25.00257" lon="121.99453"/>
    <trkpt lat="25.00267" lon="121.99461"/>
    <trkpt lat="25.00279" lon="121.99472"/>
    <trkpt lat="25.00287" lon="121.9948"/>
    <trkpt lat="25.00294" lon="121.99489"/>
    <trkpt lat="25.00309" lon="121.99511"/>
    <trkpt lat="25.00334" lon="121.99553"/>
    <trkpt lat="25.0035" lon="121.99579"/>
    <trkpt lat="25.00358" lon="121.99592"/>
    <trkpt lat="25.0036" lon="121.99595"/>
    <trkpt lat="25.00369" lon="121.99611"/>
    <trkpt lat="25.00369" lon="121.99612"/>
    <trkpt lat="25.00376" lon="121.99626"/>
    <trkpt lat="25.00378" lon="121.99629"/>
    <trkpt lat="25.00382" lon="121.99639"/>
    <trkpt lat="25.00385" lon="121.99648"/>
    <trkpt lat="25.00387" lon="121.99654"/>
    <trkpt lat="25.0039" lon="121.99669"/>
    <trkpt lat="25.00394" lon="121.99686"/>
    <trkpt lat="25.00395" lon="121.99696"/>
    <trkpt lat="25.00396" lon="121.99704"/>
    <trkpt lat="25.00396" lon="121.99706"/>
    <trkpt lat="25.00396" lon="121.99715"/>
    <trkpt lat="25.00396" lon="121.99729"/>
    <trkpt lat="25.00396" lon="121.99739"/>
    <trkpt lat="25.00397" lon="121.99748"/>
    <trkpt lat="25.00397" lon="121.99769"/>
    <trkpt lat="25.00398" lon="121.99799"/>
    <trkpt lat="25.00398" lon="121.9981"/>
    <trkpt lat="25.00399" lon="121.99835"/>
    <trkpt lat="25.00401" lon="121.99886"/>
    <trkpt lat="25.00404" lon="121.99906"/>
    <trkpt lat="25.00407" lon="121.99929"/>
    <trkpt lat="25.00411" lon="121.9995"/>
    <trkpt lat="25.00417" lon="121.99972"/>
    <trkpt lat="25.0042" lon="121.99986"/>
    <trkpt lat="25.00422" lon="122.0"/>
    <trkpt lat="25.00422" lon="122.00012"/>
    <trkpt lat="25.00422" lon="122.00014"/>
    <trkpt lat="25.00421" lon="122.00031"/>
    <trkpt lat="25.00421" lon="122.00034"/>
    <trkpt lat="25.0042" lon="122.00047"/>
    <trkpt lat="25.00419" lon="122.00053"/>
    <trkpt lat="25.00416" lon="122.00071"/>
    <trkpt lat="25.00415" lon="122.00073"/>
    <trkpt lat="25.00413" lon="122.00092"/>
    <trkpt lat="25.00411" lon="122.001"/>
    <trkpt lat="25.0041" lon="122.00112"/>
    <trkpt lat="25.00409" lon="122.00118"/>
    <trkpt lat="25.00408" lon="122.00127"/>
    <trkpt lat="25.00407" lon="122.00132"/>
    <trkpt lat="25.00407" lon="122.00137"/>
    <trkpt lat="25.00407" lon="122.00144"/>
    <trkpt lat="25.00407" lon="122.00153"/>
    <trkpt lat="25.00408" lon="122.00159"/>
    <trkpt lat="25.00411" lon="122.00171"/>
    <trkpt lat="25.00414" lon="122.0018"/>
    <trkpt lat="25.00418" lon="122.00189"/>
    <trkpt lat="25.00421" lon="122.00196"/>
    <trkpt lat="25.00426" lon="122.00203"/>
    <trkpt lat="25.0043" lon="122.00209"/>
    <trkpt lat="25.00441" lon="122.00222"/>
    <trkpt lat="25.00448" lon="122.0023"/>
    <trkpt lat="25.00457" lon="122.00237"/>
    <trkpt lat="25.00466" lon="122.00243"/>
    <trkpt lat="25.00471" lon="122.00246"/>
    <trkpt lat="25.00482" lon="122.0025"/>
    <trkpt lat="25.00506" lon="122.00257"/>
    <trkpt lat="25.00509" lon="122.00257"/>
    <trkpt lat="25.00524" lon="122.00261"/>
    <trkpt lat="25.00533" lon="122.00263"/>
    <trkpt lat="25.00563" lon="122.00269"/>
    <trkpt lat="25.00573" lon="122.00271"/>
    <trkpt lat="25.00579" lon="122.0027"/>
    <trkpt lat="25.00617" lon="122.00279"/>
    <trkpt lat="25.0068" lon="122.00295"/>
    <trkpt lat="25.00705" lon="122.00302"/>
    <trkpt lat="25.00761" lon="122.0032"/>
    <trkpt lat="25.00779" lon="122.00326"/>
    <trkpt lat="25.00797" lon="122.00332"/>
    <trkpt lat="25.00828" lon="122.00343"/>
    <trkpt lat="25.00845" lon="122.00348"/>
    <trkpt lat="25.00856" lon="122.00349"/>
    <trkpt lat="25.00866" lon="122.0035"/>
    <trkpt lat="25.00876" lon="122.0035"/>
    <trkpt lat="25.00878" lon="122.0035"/>
    <trkpt lat="25.00884" lon="122.00351"/>
    <trkpt lat="25.00886" lon="122.00351"/>
    <trkpt lat="25.00896" lon="122.0035"/>
    <trkpt lat="25.00897" lon="122.0035"/>
    <trkpt lat="25.00907" lon="122.0035"/>
    <trkpt lat="25.00917" lon="122.00348"/>
    <trkpt lat="25.00931" lon="122.00345"/>
    <trkpt lat="25.00946" lon="122.00342"/>
    <trkpt lat="25.00975" lon="122.00335"/>
    <trkpt lat="25.00988" lon="122.00332"/>
    <trkpt lat="25.01006" lon="122.00326"/>
    <trkpt lat="25.01021" lon="122.0032"/>
    <trkpt lat="25.01033" lon="122.00314"/>
    <trkpt lat="25.01043" lon="122.00309"/>
    <trkpt lat="25.01054" lon="122.00302"/>
    <trkpt lat="25.01065" lon="122.00294"/>
    <trkpt lat="25.01087" lon="122.00279"/>
    <trkpt lat="25.01098" lon="122.00271"/>
    <trkpt lat="25.01107" lon="122.00264"/>
    <trkpt lat="25.01112" lon="122.00259"/>
    <trkpt lat="25.01119" lon="122.00251"/>
    <trkpt lat="25.01126" lon="122.00243"/>
    <trkpt lat="25.01133" lon="122.00233"/>
    <trkpt lat="25.01134" lon="122.00232"/>
    <trkpt lat="25.01142" lon="122.00216"/>
    <trkpt lat="25.01143" lon="122.00215"/>
    <trkpt lat="25.01151" lon="122.00197"/>
    <trkpt lat="25.01159" lon="122.00179"/>
    <trkpt lat="25.01162" lon="122.00174"/>
    <trkpt lat="25.01183" lon="122.00132"/>
    <trkpt lat="25.01188" lon="122.00121"/>
    <trkpt lat="25.01203" lon="122.00088"/>
    <trkpt lat="25.01218" lon="122.0006"/>
    <trkpt lat="25.01224" lon="122.0005"/>
    <trkpt lat="25.0123" lon="122.00042"/>
    <trkpt lat="25.01239" lon="122.00033"/>
    <trkpt lat="25.01249" lon="122.00023"/>
    <trkpt lat="25.01269" lon="122.00008"/>
    <trkpt lat="25.01347" lon="121.99949"/>
    <trkpt lat="25.01356" lon="121.99942"/>
    <trkpt lat="25.01352" lon="121.99936"/>
    <trkpt lat="25.01349" lon="121.99933"/>
    <trkpt lat="25.01347" lon="121.99931"/>
    <trkpt lat="25.01345" lon="121.99929"/>
    <trkpt lat="25.01341" lon="121.99927"/>
    <trkpt lat="25.01337" lon="121.99925"/>
    <trkpt lat="25.01333" lon="121.99923"/>
    <trkpt lat="25.0133" lon="121.99922"/>
    <trkpt lat="25.01327" lon="121.99922"/>
    <trkpt lat="25.01326" lon="121.99922"/>
    <trkpt lat="25.01321" lon="121.99922"/>
    <trkpt lat="25.01316" lon="121.99923"/>
    <trkpt lat="25.01303" lon="121.99926"/>
    <trkpt lat="25.01287" lon="121.99929"/>
    <trkpt lat="25.0128" lon="121.99931"/>
    <trkpt lat="25.01277" lon="121.99931"/>
    <trkpt lat="25.01273" lon="121.99933"/>
    <trkpt lat="25.01262" lon="121.99938"/>
    <trkpt lat="25.01258" lon="121.99941"/>
    <trkpt lat="25.01253" lon="121.99944"/>
    <trkpt lat="25.01248" lon="121.99947"/>
    <trkpt lat="25.01244" lon="121.99949"/>
    <trkpt lat="25.01242" lon="121.9995"/>
    <trkpt lat="25.01241" lon="121.9995"/>
    <trkpt lat="25.01236" lon="121.99951"/>
    <trkpt lat="25.01229" lon="121.99952"/>
    <trkpt lat="25.01216" lon="121.99953"/>
    <trkpt lat="25.01206" lon="121.99954"/>
    <trkpt lat="25.01201" lon="121.99954"/>
    <trkpt lat="25.01197" lon="121.99955"/>
    <trkpt lat="25.01194" lon="121.99956"/>
    <trkpt lat="25.01188" lon="121.99957"/>
    <trkpt lat="25.01174" lon="121.99962"/>
    <trkpt lat="25.01171" lon="121.99963"/>
    <trkpt lat="25.01162" lon="121.99967"/>
    <trkpt lat="25.01154" lon="121.9997"/>
    <trkpt lat="25.0115" lon="121.99972"/>
    <trkpt lat="25.01146" lon="121.99974"/>
    <trkpt lat="25.01143" lon="121.99975"/>
    <trkpt lat="25.0114" lon="121.99977"/>
    <trkpt lat="25.01138" lon="121.99978"/>
    <trkpt lat="25.01137" lon="121.99979"/>
    <trkpt lat="25.01131" lon="121.99985"/>
    <trkpt lat="25.01126" lon="121.99993"/>
    <trkpt lat="25.01124" lon="121.99997"/>
    <trkpt lat="25.01122" lon="122.00001"/>
    <trkpt lat="25.01119" lon="122.00009"/>
    <trkpt lat="25.01117" lon="122.00014"/>
    <trkpt lat="25.01115" lon="122.00019"/>
    <trkpt lat="25.01114" lon="122.00023"/>
    <trkpt lat="25.01112" lon="122.00027"/>
    <trkpt lat="25.01111" lon="122.00028"/>
    <trkpt lat="25.01109" lon="122.0003"/>
    <trkpt lat="25.01106" lon="122.00033"/>
    <trkpt lat="25.01102" lon="122.00036"/>
    <trkpt lat="25.01099" lon="122.00039"/>
    <trkpt lat="25.01096" lon="122.0004"/>
    <trkpt lat="25.01091" lon="122.00042"/>
    <trkpt lat="25.01085" lon="122.00045"/>
    <trkpt lat="25.01079" lon="122.00047"/>
    <trkpt lat="25.01076" lon="122.00047"/>
    <trkpt lat="25.01072" lon="122.00048"/>
    <trkpt lat="25.01069" lon="122.00048"/>
    <trkpt lat="25.01064" lon="122.00047"/>
    <trkpt lat="25.01061" lon="122.00047"/>
    <trkpt lat="25.0106" lon="122.00046"/>
    <trkpt lat="25.01055" lon="122.00045"/>
    <trkpt lat="25.01053" lon="122.00043"/>
    <trkpt lat="25.01051" lon="122.00042"/>
    <trkpt lat="25.01049" lon="122.00039"/>
    <trkpt lat="25.01047" lon="122.00036"/>
    <trkpt lat="25.01041" lon="122.00027"/>
    <trkpt lat="25.0104" lon="122.00024"/>
    <trkpt lat="25.01038" lon="122.00022"/>
    <trkpt lat="25.01036" lon="122.00021"/>
    <trkpt lat="25.01034" lon="122.0002"/>
    <trkpt lat="25.01031" lon="122.00019"/>
    <trkpt lat="25.01028" lon="122.00018"/>
    <trkpt lat="25.01024" lon="122.00018"/>
    <trkpt lat="25.01018" lon="122.00018"/>
    <trkpt lat="25.0101" lon="122.00018"/>
    <trkpt lat="25.01006" lon="122.00018"/>
    <trkpt lat="25.01003" lon="122.00019"/>
    <trkpt lat="25.01002" lon="122.00019"/>
    <trkpt lat="25.01" lon="122.0002"/>
    <trkpt lat="25.00998" lon="122.00021"/>
    <trkpt lat="25.00995" lon="122.00023"/>
    <trkpt lat="25.00982" lon="122.00031"/>
    <trkpt lat="25.00976" lon="122.00035"/>
    <trkpt lat="25.00973" lon="122.00037"/>
    <trkpt lat="25.0097" lon="122.00038"/>
    <trkpt lat="25.00969" lon="122.00038"/>
    <trkpt lat="25.00968" lon="122.00039"/>
    <trkpt lat="25.00966" lon="122.00039"/>
    <trkpt lat="25.00963" lon="122.00039"/>
    <trkpt lat="25.0096" lon="122.00039"/>
    <trkpt lat="25.00956" lon="122.00039"/>
    <trkpt lat="25.00953" lon="122.00038"/>
    <trkpt lat="25.00951" lon="122.00038"/>
    <trkpt lat="25.00949" lon="122.00037"/>
    <trkpt lat="25.00946" lon="122.00035"/>
    <trkpt lat="25.00943" lon="122.00033"/>
    <trkpt lat="25.00941" lon="122.00031"/>
    <trkpt lat="25.00939" lon="122.00028"/>
    <trkpt lat="25.00937" lon="122.00027"/>
    <trkpt lat="25.00936" lon="122.00024"/>
    <trkpt lat="25.00935" lon="122.00022"/>
    <trkpt lat="25.00934" lon="122.00019"/>
    <trkpt lat="25.00934" lon="122.00017"/>
    <trkpt lat="25.00934" lon="122.00015"/>
    <trkpt lat="25.00934" lon="122.00013"/>
    <trkpt lat="25.00934" lon="122.00011"/>
    <trkpt lat="25.00935" lon="122.00008"/>
    <trkpt lat="25.00936" lon="122.00004"/>
    <trkpt lat="25.00939" lon="121.99999"/>
    <trkpt lat="25.00943" lon="121.99991"/>
    <trkpt lat="25.00948" lon="121.99978"/>
    <trkpt lat="25.0095" lon="121.99974"/>
    <trkpt lat="25.00952" lon="121.99967"/>
    <trkpt lat="25.00953" lon="121.99964"/>
    <trkpt lat="25.00953" lon="121.99963"/>
    <trkpt lat="25.00953" lon="121.9996"/>
    <trkpt lat="25.00952" lon="121.99958"/>
    <trkpt lat="25.00952" lon="121.99956"/>
    <trkpt lat="25.00951" lon="121.99954"/>
    <trkpt lat="25.0095" lon="121.99953"/>
    <trkpt lat="25.00949" lon="121.99951"/>
    <trkpt lat="25.00946" lon="121.99949"/>
    <trkpt lat="25.00934" lon="121.99943"/>
    <trkpt lat="25.00931" lon="121.99942"/>
    <trkpt lat="25.00927" lon="121.99941"/>
    <trkpt lat="25.00925" lon="121.9994"/>
    <trkpt lat="25.00922" lon="121.9994"/>
    <trkpt lat="25.0092" lon="121.9994"/>
    <trkpt lat="25.00918" lon="121.99941"/>
    <trkpt lat="25.00916" lon="121.99941"/>
    <trkpt lat="25.00913" lon="121.99942"/>
    <trkpt lat="25.00909" lon="121.99944"/>
    <trkpt lat="25.00901" lon="121.99949"/>
    <trkpt lat="25.009" lon="121.99949"/>
    <trkpt lat="25.0089" lon="121.99955"/>
    <trkpt lat="25.00886" lon="121.99957"/>
    <trkpt lat="25.00884" lon="121.99958"/>
    <trkpt lat="25.00881" lon="121.99958"/>
    <trkpt lat="25.0088" lon="121.99959"/>
    <trkpt lat="25.00878" lon="121.99959"/>
    <trkpt lat="25.00875" lon="121.99958"/>
    <trkpt lat="25.00872" lon="121.99958"/>
    <trkpt lat="25.00868" lon="121.99957"/>
    <trkpt lat="25.00866" lon="121.99956"/>
    <trkpt lat="25.00861" lon="121.99954"/>
    <trkpt lat="25.0085" lon="121.99949"/>
    <trkpt lat="25.00844" lon="121.99947"/>
    <trkpt lat="25.00834" lon="121.99942"/>
    <trkpt lat="25.00824" lon="121.99936"/>
    <trkpt lat="25.00801" lon="121.99923"/>
    <trkpt lat="25.00799" lon="121.99922"/>
    <trkpt lat="25.00786" lon="121.99917"/>
    <trkpt lat="25.00785" lon="121.99921"/>
    <trkpt lat="25.00784" lon="121.99923"/>
    <trkpt lat="25.00784" lon="121.99926"/>
    <trkpt lat="25.00784" lon="121.99928"/>
    <trkpt lat="25.00785" lon="121.99931"/>
    <trkpt lat="25.00786" lon="121.99934"/>
    <trkpt lat="25.00788" lon="121.99938"/>
    <trkpt lat="25.00792" lon="121.99944"/>
    <trkpt lat="25.00805" lon="121.99961"/>
    <trkpt lat="25.00811" lon="121.9997"/>
    <trkpt lat="25.00816" lon="121.9998"/>
    <trkpt lat="25.0082" lon="121.99989"/>
    <trkpt lat="25.00823" lon="121.99996"/>
    <trkpt lat="25.00824" lon="122.00004"/>
    <trkpt lat="25.00825" lon="122.00013"/>
    <trkpt lat="25.00826" lon="122.00019"/>
    <trkpt lat="25.00826" lon="122.00022"/>
    <trkpt lat="25.00826" lon="122.00028"/>
    <trkpt lat="25.00825" lon="122.00033"/>
    <trkpt lat="25.00823" lon="122.00038"/>
    <trkpt lat="25.00821" lon="122.00043"/>
    <trkpt lat="25.00818" lon="122.00048"/>
    <trkpt lat="25.00814" lon="122.00059"/>
    <trkpt lat="25.00813" lon="122.00063"/>
    <trkpt lat="25.0081" lon="122.0007"/>
    <trkpt lat="25.00808" lon="122.00074"/>
    <trkpt lat="25.00807" lon="122.00077"/>
    <trkpt lat="25.00806" lon="122.00078"/>
    <trkpt lat="25.00798" lon="122.00088"/>
    <trkpt lat="25.00791" lon="122.00095"/>
    <trkpt lat="25.00785" lon="122.00103"/>
    <trkpt lat="25.00779" lon="122.00109"/>
    <trkpt lat="25.00776" lon="122.00112"/>
    <trkpt lat="25.00772" lon="122.00116"/>
    <trkpt lat="25.00767" lon="122.0012"/>
    <trkpt lat="25.00762" lon="122.00122"/>
    <trkpt lat="25.00767" lon="122.0012"/>
    <trkpt lat="25.00772" lon="122.00116"/>
    <trkpt lat="25.00776" lon="122.00112"/>
    <trkpt lat="25.00779" lon="122.00109"/>
    <trkpt lat="25.00785" lon="122.00103"/>
    <trkpt lat="25.00791" lon="122.00095"/>
    <trkpt lat="25.00798" lon="122.00088"/>
    <trkpt lat="25.00806" lon="122.00078"/>
    <trkpt lat="25.00807" lon="122.00077"/>
    <trkpt lat="25.00808" lon="122.00074"/>
    <trkpt lat="25.0081" lon="122.0007"/>
    <trkpt lat="25.00813" lon="122.00063"/>
    <trkpt lat="25.00814" lon="122.00059"/>
    <trkpt lat="25.00818" lon="122.00048"/>
    <trkpt lat="25.00821" lon="122.00043"/>
    <trkpt lat="25.00823" lon="122.00038"/>
    <trkpt lat="25.00825" lon="122.00033"/>
    <trkpt lat="25.00826" lon="122.00028"/>
    <trkpt lat="25.00826" lon="122.00022"/>
    <trkpt lat="25.00826" lon="122.00019"/>
    <trkpt lat="25.00825" lon="122.00013"/>
    <trkpt lat="25.00824" lon="122.00004"/>
    <trkpt lat="25.00823" lon="121.99996"/>
    <trkpt lat="25.0082" lon="121.99989"/>
    <trkpt lat="25.00816" lon="121.9998"/>
    <trkpt lat="25.00811" lon="121.9997"/>
    <trkpt lat="25.00805" lon="121.99961"/>
    <trkpt lat="25.00792" lon="121.99944"/>
    <trkpt lat="25.00788" lon="121.99938"/>
    <trkpt lat="25.00786" lon="121.99934"/>
    <trkpt lat="25.00785" lon="121.99931"/>
    <trkpt lat="25.00784" lon="121.99928"/>
    <trkpt lat="25.00784" lon="121.99926"/>
    <trkpt lat="25.00784" lon="121.99923"/>
    <trkpt lat="25.00785" lon="121.99921"/>
    <trkpt lat="25.00786" lon="121.99917"/>
    <trkpt lat="25.00799" lon="121.99922"/>
    <trkpt lat="25.00801" lon="121.99923"/>
    <trkpt lat="25.00824" lon="121.99936"/>
    <trkpt lat="25.00834" lon="121.99942"/>
    <trkpt lat="25.00844" lon="121.99947"/>
    <trkpt lat="25.0085" lon="121.99949"/>
    <trkpt lat="25.00861" lon="121.99954"/>
    <trkpt lat="25.00866" lon="121.99956"/>
    <trkpt lat="25.00868" lon="121.99957"/>
    <trkpt lat="25.00872" lon="121.99958"/>
    <trkpt lat="25.00875" lon="121.99958"/>
    <trkpt lat="25.00878" lon="121.99959"/>
    <trkpt lat="25.0088" lon="121.99959"/>
    <trkpt lat="25.00881" lon="121.99958"/>
    <trkpt lat="25.00884" lon="121.99958"/>
    <trkpt lat="25.00886" lon="121.99957"/>
    <trkpt lat="25.0089" lon="121.99955"/>
    <trkpt lat="25.009" lon="121.99949"/>
    <trkpt lat="25.00901" lon="121.99949"/>
    <trkpt lat="25.00909" lon="121.99944"/>
    <trkpt lat="25.00913" lon="121.99942"/>
    <trkpt lat="25.00916" lon="121.99941"/>
    <trkpt lat="25.00918" lon="121.99941"/>
    <trkpt lat="25.0092" lon="121.9994"/>
    <trkpt lat="25.00922" lon="121.9994"/>
    <trkpt lat="25.00925" lon="121.9994"/>
    <trkpt lat="25.00927" lon="121.99941"/>
    <trkpt lat="25.00931" lon="121.99942"/>
    <trkpt lat="25.00934" lon="121.99943"/>
    <trkpt lat="25.00946" lon="121.99949"/>
    <trkpt lat="25.00949" lon="121.99951"/>
    <trkpt lat="25.0095" lon="121.99953"/>
    <trkpt lat="25.00951" lon="121.99954"/>
    <trkpt lat="25.00952" lon="121.99956"/>
    <trkpt lat="25.00952" lon="121.99958"/>
    <trkpt lat="25.00953" lon="121.9996"/>
    <trkpt lat="25.00953" lon="121.99963"/>
    <trkpt lat="25.00953" lon="121.99964"/>
    <trkpt lat="25.00952" lon="121.99967"/>
    <trkpt lat="25.0095" lon="121.99974"/>
    <trkpt lat="25.00948" lon="121.99978"/>
    <trkpt lat="25.00943" lon="121.99991"/>
    <trkpt lat="25.00939" lon="121.99999"/>
    <trkpt lat="25.00936" lon="122.00004"/>
    <trkpt lat="25.00935" lon="122.00008"/>
    <trkpt lat="25.00934" lon="122.00011"/>
    <trkpt lat="25.00934" lon="122.00013"/>
    <trkpt lat="25.00934" lon="122.00015"/>
    <trkpt lat="25.00934" lon="122.00017"/>
    <trkpt lat="25.00934" lon="122.00019"/>
    <trkpt lat="25.00935" lon="122.00022"/>
    <trkpt lat="25.00936" lon="122.00024"/>
    <trkpt lat="25.00937" lon="122.00027"/>
    <trkpt lat="25.00939" lon="122.00028"/>
    <trkpt lat="25.00941" lon="122.00031"/>
    <trkpt lat="25.00943" lon="122.00033"/>
    <trkpt lat="25.00946" lon="122.00035"/>
    <trkpt lat="25.00949" lon="122.00037"/>
    <trkpt lat="25.00951" lon="122.00038"/>
    <trkpt lat="25.00953" lon="122.00038"/>
    <trkpt lat="25.00956" lon="122.00039"/>
    <trkpt lat="25.0096" lon="122.00039"/>
    <trkpt lat="25.00963" lon="122.00039"/>
    <trkpt lat="25.00966" lon="122.00039"/>
    <trkpt lat="25.00968" lon="122.00039"/>
    <trkpt lat="25.00969" lon="122.00038"/>
    <trkpt lat="25.0097" lon="122.00038"/>
    <trkpt lat="25.00973" lon="122.00037"/>
    <trkpt lat="25.00976" lon="122.00035"/>
    <trkpt lat="25.00982" lon="122.00031"/>
    <trkpt lat="25.00995" lon="122.00023"/>
    <trkpt lat="25.00998" lon="122.00021"/>
    <trkpt lat="25.01" lon="122.0002"/>
    <trkpt lat="25.01002" lon="122.00019"/>
    <trkpt lat="25.01003" lon="122.00019"/>
    <trkpt lat="25.01006" lon="122.00018"/>
    <trkpt lat="25.0101" lon="122.00018"/>
    <trkpt lat="25.01018" lon="122.00018"/>
    <trkpt lat="25.01024" lon="122.00018"/>
    <trkpt lat="25.01028" lon="122.00018"/>
    <trkpt lat="25.01031" lon="122.00019"/>
    <trkpt lat="25.01034" lon="122.0002"/>
    <trkpt lat="25.01036" lon="122.00021"/>
    <trkpt lat="25.01038" lon="122.00022"/>
    <trkpt lat="25.0104" lon="122.00024"/>
    <trkpt lat="25.01041" lon="122.00027"/>
    <trkpt lat="25.01047" lon="122.00036"/>
    <trkpt lat="25.01049" lon="122.00039"/>
    <trkpt lat="25.01051" lon="122.00042"/>
    <trkpt lat="25.01053" lon="122.00043"/>
    <trkpt lat="25.01055" lon="122.00045"/>
    <trkpt lat="25.0106" lon="122.00046"/>
    <trkpt lat="25.01061" lon="122.00047"/>
    <trkpt lat="25.01064" lon="122.00047"/>
    <trkpt lat="25.01069" lon="122.00048"/>
    <trkpt lat="25.01072" lon="122.00048"/>
    <trkpt lat="25.01076" lon="122.00047"/>
    <trkpt lat="25.01079" lon="122.00047"/>
    <trkpt lat="25.01085" lon="122.00045"/>
    <trkpt lat="25.01091" lon="122.00042"/>
    <trkpt lat="25.01096" lon="122.0004"/>
    <trkpt lat="25.01099" lon="122.00039"/>
    <trkpt lat="25.01102" lon="122.00036"/>
    <trkpt lat="25.01106" lon="122.00033"/>
    <trkpt lat="25.01109" lon="122.0003"/>
    <trkpt lat="25.01111" lon="122.00028"/>
    <trkpt lat="25.01112" lon="122.00027"/>
    <trkpt lat="25.01114" lon="122.00023"/>
    <trkpt lat="25.01115" lon="122.00019"/>
    <trkpt lat="25.01117" lon="122.00014"/>
    <trkpt lat="25.01119" lon="122.00009"/>
    <trkpt lat="25.01122" lon="122.00001"/>
    <trkpt lat="25.01124" lon="121.99997"/>
    <trkpt lat="25.01126" lon="121.99993"/>
    <trkpt lat="25.01131" lon="121.99985"/>
    <trkpt lat="25.01137" lon="121.99979"/>
    <trkpt lat="25.01138" lon="121.99978"/>
    <trkpt lat="25.0114" lon="121.99977"/>
    <trkpt lat="25.01143" lon="121.99975"/>
    <trkpt lat="25.01146" lon="121.99974"/>
    <trkpt lat="25.0115" lon="121.99972"/>
    <trkpt lat="25.01154" lon="121.9997"/>
    <trkpt lat="25.01162" lon="121.99967"/>
    <trkpt lat="25.01171" lon="121.99963"/>
    <trkpt lat="25.01174" lon="121.99962"/>
    <trkpt lat="25.01188" lon="121.99957"/>
    <trkpt lat="25.01194" lon="121.99956"/>
    <trkpt lat="25.01197" lon="121.99955"/>
    <trkpt lat="25.01201" lon="121.99954"/>
    <trkpt lat="25.01206" lon="121.99954"/>
    <trkpt lat="25.01216" lon="121.99953"/>
    <trkpt lat="25.01229" lon="121.99952"/>
    <trkpt lat="25.01236" lon="121.99951"/>
    <trkpt lat="25.01241" lon="121.9995"/>
    <trkpt lat="25.01242" lon="121.9995"/>
    <trkpt lat="25.01244" lon="121.99949"/>
    <trkpt lat="25.01248" lon="121.99947"/>
    <trkpt lat="25.01253" lon="121.99944"/>
    <trkpt lat="25.01258" lon="121.99941"/>
    <trkpt lat="25.01262" lon="121.99938"/>
    <trkpt lat="25.01273" lon="121.99933"/>
    <trkpt lat="25.01277" lon="121.99931"/>
    <trkpt lat="25.0128" lon="121.99931"/>
    <trkpt lat="25.01287" lon="121.99929"/>
    <trkpt lat="25.01303" lon="121.99926"/>
    <trkpt lat="25.01316" lon="121.99923"/>
    <trkpt lat="25.01321" lon="121.99922"/>
    <trkpt lat="25.01326" lon="121.99922"/>
    <trkpt lat="25.01327" lon="121.99922"/>
    <trkpt lat="25.0133" lon="121.99922"/>
    <trkpt lat="25.01333" lon="121.99923"/>
    <trkpt lat="25.01337" lon="121.99925"/>
    <trkpt lat="25.01341" lon="121.99927"/>
    <trkpt lat="25.01345" lon="121.99929"/>
    <trkpt lat="25.01347" lon="121.99931"/>
    <trkpt lat="25.01349" lon="121.99933"/>
    <trkpt lat="25.01352" lon="121.99936"/>
    <trkpt lat="25.01356" lon="121.99942"/>
    <trkpt lat="25.01423" lon="121.99898"/>
    <trkpt lat="25.01432" lon="121.99894"/>
    <trkpt lat="25.01435" lon="121.99893"/>
    <trkpt lat="25.0144" lon="121.9989"/>
    <trkpt lat="25.01469" lon="121.99872"/>
    <trkpt lat="25.01472" lon="121.9987"/>
    <trkpt lat="25.01513" lon="121.99842"/>
    <trkpt lat="25.0153" lon="121.99831"/>
    <trkpt lat="25.01553" lon="121.99817"/>
    <trkpt lat="25.01557" lon="121.99816"/>
    <trkpt lat="25.01558" lon="121.99815"/>
    <trkpt lat="25.0156" lon="121.99814"/>
    <trkpt lat="25.01563" lon="121.99814"/>
    <trkpt lat="25.01566" lon="121.99813"/>
    <trkpt lat="25.01581" lon="121.9981"/>
    <trkpt lat="25.01616" lon="121.99806"/>
    <trkpt lat="25.01631" lon="121.99804"/>
    <trkpt lat="25.01643" lon="121.998"/>
    <trkpt lat="25.01654" lon="121.99796"/>
    <trkpt lat="25.01665" lon="121.99791"/>
    <trkpt lat="25.01674" lon="121.99784"/>
    <trkpt lat="25.01674" lon="121.99783"/>
    <trkpt lat="25.01681" lon="121.99775"/>
    <trkpt lat="25.01687" lon="121.99767"/>
    <trkpt lat="25.01692" lon="121.99757"/>
    <trkpt lat="25.01695" lon="121.99749"/>
    <trkpt lat="25.01698" lon="121.99739"/>
    <trkpt lat="25.01702" lon="121.99723"/>
    <trkpt lat="25.01704" lon="121.99713"/>
    <trkpt lat="25.01704" lon="121.99706"/>
    <trkpt lat="25.01703" lon="121.99697"/>
    <trkpt lat="25.01702" lon="121.99689"/>
    <trkpt lat="25.017" lon="121.99683"/>
    <trkpt lat="25.01698" lon="121.99676"/>
    <trkpt lat="25.01695" lon="121.99669"/>
    <trkpt lat="25.01693" lon="121.99662"/>
    <trkpt lat="25.0169" lon="121.99657"/>
    <trkpt lat="25.01686" lon="121.9965"/>
    <trkpt lat="25.0168" lon="121.99642"/>
    <trkpt lat="25.01668" lon="121.99631"/>
    <trkpt lat="25.01631" lon="121.99603"/>
    <trkpt lat="25.01621" lon="121.99596"/>
    <trkpt lat="25.01602" lon="121.99581"/>
    <trkpt lat="25.01595" lon="121.9958"/>
    <trkpt lat="25.01492" lon="121.99501"/>
    <trkpt lat="25.01478" lon="121.9949"/>
    <trkpt lat="25.01462" lon="121.99478"/>
    <trkpt lat="25.01433" lon="121.99456"/>
    <trkpt lat="25.01418" lon="121.99445"/>
    <trkpt lat="25.01395" lon="121.99427"/>
    <trkpt lat="25.01379" lon="121.99415"/>
    <trkpt lat="25.01359" lon="121.994"/>
    <trkpt lat="25.01302" lon="121.99358"/>
    <trkpt lat="25.01284" lon="121.99343"/>
    <trkpt lat="25.01278" lon="121.99338"/>
    <trkpt lat="25.0127" lon="121.99331"/>
    <trkpt lat="25.01265" lon="121.99326"/>
    <trkpt lat="25.01244" lon="121.99305"/>
    <trkpt lat="25.01232" lon="121.99292"/>
    <trkpt lat="25.0122" lon="121.99279"/>
    <trkpt lat="25.01193" lon="121.99252"/>
    <trkpt lat="25.01166" lon="121.99225"/>
    <trkpt lat="25.01152" lon="121.99211"/>
    <trkpt lat="25.01112" lon="121.99166"/>
    <trkpt lat="25.01097" lon="121.9915"/>
    <trkpt lat="25.01094" lon="121.99146"/>
    <trkpt lat="25.01103" lon="121.99133"/>
    <trkpt lat="25.01107" lon="121.99128"/>
    <trkpt lat="25.01111" lon="121.99117"/>
    <trkpt lat="25.01116" lon="121.9911"/>
    <trkpt lat="25.01118" lon="121.99107"/>
    <trkpt lat="25.01121" lon="121.99105"/>
    <trkpt lat="25.01122" lon="121.99103"/>
    <trkpt lat="25.01125" lon="121.99101"/>
    <trkpt lat="25.01126" lon="121.9909"/>
    <trkpt lat="25.01127" lon="121.99084"/>
    <trkpt lat="25.01128" lon="121.99077"/>
    <trkpt lat="25.01129" lon="121.99074"/>
    <trkpt lat="25.01131" lon="121.99072"/>
    <trkpt lat="25.01132" lon="121.99071"/>
    <trkpt lat="25.01133" lon="121.99069"/>
    <trkpt lat="25.01134" lon="121.99068"/>
    <trkpt lat="25.01136" lon="121.99068"/>
    <trkpt lat="25.01138" lon="121.99067"/>
    <trkpt lat="25.01149" lon="121.99066"/>
    <trkpt lat="25.01156" lon="121.99066"/>
    <trkpt lat="25.01162" lon="121.99065"/>
    <trkpt lat="25.01165" lon="121.99065"/>
    <trkpt lat="25.01169" lon="121.99066"/>
    <trkpt lat="25.01177" lon="121.99066"/>
    <trkpt lat="25.01185" lon="121.99067"/>
    <trkpt lat="25.01191" lon="121.99068"/>
    <trkpt lat="25.01192" lon="121.99063"/>
    <trkpt lat="25.01198" lon="121.99032"/>
    <trkpt lat="25.012" lon="121.99025"/>
    <trkpt lat="25.01201" lon="121.99021"/>
    <trkpt lat="25.01202" lon="121.99019"/>
    <trkpt lat="25.01202" lon="121.99017"/>
    <trkpt lat="25.01207" lon="121.99004"/>
    <trkpt lat="25.01213" lon="121.98982"/>
    <trkpt lat="25.01214" lon="121.9898"/>
    <trkpt lat="25.01218" lon="121.98966"/>
    <trkpt lat="25.01221" lon="121.98954"/>
    <trkpt lat="25.01223" lon="121.98949"/>
    <trkpt lat="25.01225" lon="121.98947"/>
    <trkpt lat="25.01226" lon="121.98945"/>
    <trkpt lat="25.01227" lon="121.98945"/>
    <trkpt lat="25.01228" lon="121.98944"/>
    <trkpt lat="25.0123" lon="121.98944"/>
    <trkpt lat="25.01231" lon="121.98944"/>
    <trkpt lat="25.01233" lon="121.98945"/>
    <trkpt lat="25.01242" lon="121.98949"/>
    <trkpt lat="25.01259" lon="121.98958"/>
    <trkpt lat="25.01263" lon="121.9896"/>
    <trkpt lat="25.01266" lon="121.9896"/>
    <trkpt lat="25.01267" lon="121.98961"/>
    <trkpt lat="25.01268" lon="121.98961"/>
    <trkpt lat="25.01272" lon="121.98963"/>
    <trkpt lat="25.01273" lon="121.98964"/>
    <trkpt lat="25.01276" lon="121.98966"/>
    <trkpt lat="25.01278" lon="121.98968"/>
    <trkpt lat="25.01284" lon="121.98969"/>
    <trkpt lat="25.01286" lon="121.98969"/>
    <trkpt lat="25.01288" lon="121.98969"/>
    <trkpt lat="25.0129" lon="121.98969"/>
    <trkpt lat="25.01292" lon="121.98969"/>
    <trkpt lat="25.01293" lon="121.98968"/>
    <trkpt lat="25.01295" lon="121.98967"/>
    <trkpt lat="25.01303" lon="121.98962"/>
    <trkpt lat="25.01318" lon="121.98953"/>
    <trkpt lat="25.01319" lon="121.98942"/>
    <trkpt lat="25.01319" lon="121.98941"/>
    <trkpt lat="25.0132" lon="121.98935"/>
    <trkpt lat="25.01321" lon="121.98926"/>
    <trkpt lat="25.01321" lon="121.98922"/>
    <trkpt lat="25.01321" lon="121.98921"/>
    <trkpt lat="25.0132" lon="121.98917"/>
    <trkpt lat="25.0132" lon="121.98914"/>
    <trkpt lat="25.01319" lon="121.9891"/>
    <trkpt lat="25.01317" lon="121.98906"/>
    <trkpt lat="25.01316" lon="121.98902"/>
    <trkpt lat="25.01315" lon="121.98901"/>
    <trkpt lat="25.01315" lon="121.98899"/>
    <trkpt lat="25.01315" lon="121.98897"/>
    <trkpt lat="25.01315" lon="121.98894"/>
    <trkpt lat="25.01316" lon="121.98891"/>
    <trkpt lat="25.01319" lon="121.98886"/>
    <trkpt lat="25.01319" lon="121.98883"/>
    <trkpt lat="25.0132" lon="121.98882"/>
    <trkpt lat="25.01321" lon="121.98878"/>
    <trkpt lat="25.01321" lon="121.98876"/>
    <trkpt lat="25.01321" lon="121.98874"/>
    <trkpt lat="25.01321" lon="121.98873"/>
    <trkpt lat="25.01321" lon="121.9887"/>
    <trkpt lat="25.01321" lon="121.98864"/>
    <trkpt lat="25.0132" lon="121.98864"/>
    <trkpt lat="25.0132" lon="121.98861"/>
    <trkpt lat="25.01319" lon="121.98856"/>
    <trkpt lat="25.01319" lon="121.98855"/>
    <trkpt lat="25.01315" lon="121.98845"/>
    <trkpt lat="25.01315" lon="121.98842"/>
    <trkpt lat="25.01314" lon="121.98838"/>
    <trkpt lat="25.01314" lon="121.98837"/>
    <trkpt lat="25.01314" lon="121.98834"/>
    <trkpt lat="25.01314" lon="121.98829"/>
    <trkpt lat="25.01315" lon="121.98826"/>
    <trkpt lat="25.01315" lon="121.98825"/>
    <trkpt lat="25.01317" lon="121.98823"/>
    <trkpt lat="25.01319" lon="121.98819"/>
    <trkpt lat="25.01324" lon="121.98813"/>
    <trkpt lat="25.01325" lon="121.98812"/>
    <trkpt lat="25.01327" lon="121.98809"/>
    <trkpt lat="25.01328" lon="121.98808"/>
    <trkpt lat="25.01328" lon="121.98807"/>
    <trkpt lat="25.01328" lon="121.98806"/>
    <trkpt lat="25.01348" lon="121.98803"/>
    <trkpt lat="25.0137" lon="121.98802"/>
    <trkpt lat="25.0138" lon="121.98802"/>
    <trkpt lat="25.01393" lon="121.98803"/>
    <trkpt lat="25.01397" lon="121.98804"/>
    <trkpt lat="25.01411" lon="121.98805"/>
    <trkpt lat="25.01428" lon="121.98808"/>
    <trkpt lat="25.01429" lon="121.98808"/>
    <trkpt lat="25.01446" lon="121.9881"/>
    <trkpt lat="25.01482" lon="121.98814"/>
    <trkpt lat="25.01494" lon="121.98816"/>
    <trkpt lat="25.015" lon="121.98817"/>
    <trkpt lat="25.01534" lon="121.98821"/>
    <trkpt lat="25.01557" lon="121.98824"/>
    <trkpt lat="25.01607" lon="121.9883"/>
    <trkpt lat="25.01649" lon="121.98833"/>
    <trkpt lat="25.01663" lon="121.98832"/>
    <trkpt lat="25.01681" lon="121.98831"/>
    <trkpt lat="25.01699" lon="121.9883"/>
    <trkpt lat="25.01717" lon="121.98829"/>
    <trkpt lat="25.01739" lon="121.98829"/>
    <trkpt lat="25.0177" lon="121.98825"/>
    <trkpt lat="25.01788" lon="121.98822"/>
    <trkpt lat="25.01806" lon="121.9882"/>
    <trkpt lat="25.01814" lon="121.98819"/>
    <trkpt lat="25.01824" lon="121.98817"/>
    <trkpt lat="25.01854" lon="121.98811"/>
    <trkpt lat="25.01892" lon="121.98802"/>
    <trkpt lat="25.01901" lon="121.988"/>
    <trkpt lat="25.01909" lon="121.98797"/>
    <trkpt lat="25.01916" lon="121.98794"/>
    <trkpt lat="25.01921" lon="121.98791"/>
    <trkpt lat="25.01926" lon="121.98787"/>
    <trkpt lat="25.01927" lon="121.98786"/>
    <trkpt lat="25.01929" lon="121.98784"/>
    <trkpt lat="25.01935" lon="121.98778"/>
    <trkpt lat="25.01943" lon="121.98769"/>
    <trkpt lat="25.01949" lon="121.9876"/>
    <trkpt lat="25.01955" lon="121.98751"/>
    <trkpt lat="25.01959" lon="121.98743"/>
    <trkpt lat="25.01967" lon="121.98726"/>
    <trkpt lat="25.01976" lon="121.987"/>
    <trkpt lat="25.01986" lon="121.98674"/>
    <trkpt lat="25.01993" lon="121.98656"/>
    <trkpt lat="25.01999" lon="121.98645"/>
    <trkpt lat="25.02006" lon="121.98633"/>
    <trkpt lat="25.02017" lon="121.98619"/>
    <trkpt lat="25.02031" lon="121.98604"/>
    <trkpt lat="25.02039" lon="121.98596"/>
    <trkpt lat="25.0205" lon="121.98584"/>
    <trkpt lat="25.02052" lon="121.98582"/>
    <trkpt lat="25.02065" lon="121.9857"/>
    <trkpt lat="25.02076" lon="121.98558"/>
    <trkpt lat="25.02078" lon="121.98555"/>
    <trkpt lat="25.02084" lon="121.98547"/>
    <trkpt lat="25.02102" lon="121.98515"/>
    <trkpt lat="25.02111" lon="121.985"/>
    <trkpt lat="25.02113" lon="121.98497"/>
    <trkpt lat="25.0212" lon="121.98484"/>
    <trkpt lat="25.02126" lon="121.98472"/>
    <trkpt lat="25.02132" lon="121.98453"/>
    <trkpt lat="25.02138" lon="121.98435"/>
    <trkpt lat="25.02145" lon="121.98404"/>
    <trkpt lat="25.0215" lon="121.98385"/>
    <trkpt lat="25.02151" lon="121.98378"/>
    <trkpt lat="25.02154" lon="121.98365"/>
    <trkpt lat="25.02156" lon="121.98359"/>
    <trkpt lat="25.02158" lon="121.98352"/>
    <trkpt lat="25.02164" lon="121.98338"/>
    <trkpt lat="25.02171" lon="121.98323"/>
    <trkpt lat="25.02176" lon="121.98313"/>
    <trkpt lat="25.02184" lon="121.98295"/>
    <trkpt lat="25.02193" lon="121.98275"/>
    <trkpt lat="25.02221" lon="121.98217"/>
    <trkpt lat="25.02225" lon="121.98207"/>
    <trkpt lat="25.02235" lon="121.98185"/>
    <trkpt lat="25.02241" lon="121.98171"/>
    <trkpt lat="25.02246" lon="121.98156"/>
    <trkpt lat="25.0225" lon="121.98142"/>
    <trkpt lat="25.02259" lon="121.98107"/>
    <trkpt lat="25.02266" lon="121.98082"/>
    <trkpt lat="25.02274" lon="121.98059"/>
    <trkpt lat="25.02281" lon="121.98041"/>
    <trkpt lat="25.02289" lon="121.98023"/>
    <trkpt lat="25.02297" lon="121.98004"/>
    <trkpt lat="25.02298" lon="121.98001"/>
    <trkpt lat="25.02305" lon="121.97986"/>
    <trkpt lat="25.02313" lon="121.97968"/>
    <trkpt lat="25.02317" lon="121.97959"/>
    <trkpt lat="25.02336" lon="121.97917"/>
    <trkpt lat="25.02353" lon="121.97879"/>
    <trkpt lat="25.02365" lon="121.97853"/>
    <trkpt lat="25.02374" lon="121.97831"/>
    <trkpt lat="25.02378" lon="121.97818"/>
    <trkpt lat="25.0238" lon="121.9781"/>
    <trkpt lat="25.02382" lon="121.978"/>
    <trkpt lat="25.02382" lon="121.97792"/>
    <trkpt lat="25.02382" lon="121.97787"/>
    <trkpt lat="25.02382" lon="121.97758"/>
    <trkpt lat="25.02385" lon="121.97686"/>
    <trkpt lat="25.02386" lon="121.9768"/>
    <trkpt lat="25.02386" lon="121.97676"/>
    <trkpt lat="25.02387" lon="121.9767"/>
    <trkpt lat="25.02389" lon="121.97662"/>
    <trkpt lat="25.02395" lon="121.97638"/>
    <trkpt lat="25.02404" lon="121.97606"/>
    <trkpt lat="25.02413" lon="121.97576"/>
    <trkpt lat="25.02418" lon="121.97559"/>
    <trkpt lat="25.02422" lon="121.97541"/>
    <trkpt lat="25.02426" lon="121.97519"/>
    <trkpt lat="25.02429" lon="121.97498"/>
    <trkpt lat="25.02434" lon="121.97457"/>
    <trkpt lat="25.02439" lon="121.97411"/>
    <trkpt lat="25.0244" lon="121.97405"/>
    <trkpt lat="25.02452" lon="121.97315"/>
    <trkpt lat="25.02456" lon="121.97268"/>
    <trkpt lat="25.0246" lon="121.9722"/>
    <trkpt lat="25.02462" lon="121.97198"/>
    <trkpt lat="25.02462" lon="121.97181"/>
    <trkpt lat="25.0246" lon="121.97168"/>
    <trkpt lat="25.02454" lon="121.97153"/>
    <trkpt lat="25.02452" lon="121.97146"/>
    <trkpt lat="25.02445" lon="121.97128"/>
    <trkpt lat="25.02436" lon="121.97108"/>
    <trkpt lat="25.02421" lon="121.97074"/>
    <trkpt lat="25.02406" lon="121.97046"/>
    <trkpt lat="25.02405" lon="121.97043"/>
    <trkpt lat="25.02398" lon="121.97028"/>
    <trkpt lat="25.02389" lon="121.9701"/>
    <trkpt lat="25.02379" lon="121.96987"/>
    <trkpt lat="25.02374" lon="121.96975"/>
    <trkpt lat="25.02371" lon="121.96966"/>
    <trkpt lat="25.02368" lon="121.96957"/>
    <trkpt lat="25.02364" lon="121.96945"/>
    <trkpt lat="25.02363" lon="121.96937"/>
    <trkpt lat="25.02361" lon="121.9693"/>
    <trkpt lat="25.02356" lon="121.96904"/>
    <trkpt lat="25.0235" lon="121.96867"/>
    <trkpt lat="25.02346" lon="121.96836"/>
    <trkpt lat="25.02341" lon="121.96806"/>
    <trkpt lat="25.02338" lon="121.96782"/>
    <trkpt lat="25.02338" lon="121.96781"/>
    <trkpt lat="25.02335" lon="121.96766"/>
    <trkpt lat="25.02331" lon="121.96747"/>
    <trkpt lat="25.02327" lon="121.96736"/>
    <trkpt lat="25.02323" lon="121.96725"/>
    <trkpt lat="25.02318" lon="121.96712"/>
    <trkpt lat="25.02313" lon="121.96703"/>
    <trkpt lat="25.0231" lon="121.96699"/>
    <trkpt lat="25.02306" lon="121.96692"/>
    <trkpt lat="25.02298" lon="121.96682"/>
    <trkpt lat="25.02288" lon="121.96669"/>
    <trkpt lat="25.02275" lon="121.96654"/>
    <trkpt lat="25.02238" lon="121.96612"/>
    <trkpt lat="25.02206" lon="121.96574"/>
    <trkpt lat="25.02181" lon="121.96546"/>
    <trkpt lat="25.02169" lon="121.96532"/>
    <trkpt lat="25.02164" lon="121.96523"/>
    <trkpt lat="25.0216" lon="121.96516"/>
    <trkpt lat="25.02155" lon="121.96508"/>
    <trkpt lat="25.02149" lon="121.96491"/>
    <trkpt lat="25.02142" lon="121.96467"/>
    <trkpt lat="25.02141" lon="121.96461"/>
    <trkpt lat="25.02136" lon="121.96437"/>
    <trkpt lat="25.0213" lon="121.96406"/>
    <trkpt lat="25.02122" lon="121.96367"/>
    <trkpt lat="25.02119" lon="121.96348"/>
    <trkpt lat="25.02114" lon="121.96325"/>
    <trkpt lat="25.02109" lon="121.96308"/>
    <trkpt lat="25.02103" lon="121.96293"/>
    <trkpt lat="25.0209" lon="121.96269"/>
    <trkpt lat="25.02076" lon="121.96243"/>
    <trkpt lat="25.02062" lon="121.96215"/>
    <trkpt lat="25.02055" lon="121.96199"/>
    <trkpt lat="25.02048" lon="121.9618"/>
    <trkpt lat="25.02043" lon="121.96156"/>
    <trkpt lat="25.02046" lon="121.96117"/>
    <trkpt lat="25.02048" lon="121.9611"/>
    <trkpt lat="25.02051" lon="121.96091"/>
    <trkpt lat="25.02056" lon="121.96052"/>
    <trkpt lat="25.02058" lon="121.9604"/>
    <trkpt lat="25.02058" lon="121.96033"/>
    <trkpt lat="25.02058" lon="121.96028"/>
    <trkpt lat="25.02059" lon="121.96022"/>
    <trkpt lat="25.02058" lon="121.96013"/>
    <trkpt lat="25.02057" lon="121.96002"/>
    <trkpt lat="25.02055" lon="121.95993"/>
    <trkpt lat="25.02054" lon="121.9599"/>
    <trkpt lat="25.02049" lon="121.95978"/>
    <trkpt lat="25.02041" lon="121.95962"/>
    <trkpt lat="25.02028" lon="121.95933"/>
    <trkpt lat="25.02014" lon="121.95905"/>
    <trkpt lat="25.02012" lon="121.959"/>
    <trkpt lat="25.02006" lon="121.95887"/>
    <trkpt lat="25.01994" lon="121.9586"/>
    <trkpt lat="25.01983" lon="121.95832"/>
    <trkpt lat="25.01974" lon="121.95808"/>
    <trkpt lat="25.01968" lon="121.95787"/>
    <trkpt lat="25.01965" lon="121.95777"/>
    <trkpt lat="25.01963" lon="121.9577"/>
    <trkpt lat="25.01961" lon="121.95756"/>
    <trkpt lat="25.01961" lon="121.95747"/>
    <trkpt lat="25.01961" lon="121.95736"/>
    <trkpt lat="25.01963" lon="121.95715"/>
    <trkpt lat="25.01969" lon="121.95697"/>
    <trkpt lat="25.02023" lon="121.95589"/>
    <trkpt lat="25.02031" lon="121.95572"/>
    <trkpt lat="25.02048" lon="121.95537"/>
    <trkpt lat="25.02104" lon="121.95405"/>
    <trkpt lat="25.02111" lon="121.95389"/>
    <trkpt lat="25.02113" lon="121.95381"/>
    <trkpt lat="25.02114" lon="121.95371"/>
    <trkpt lat="25.02114" lon="121.9536"/>
    <trkpt lat="25.02111" lon="121.9535"/>
    <trkpt lat="25.02105" lon="121.95334"/>
    <trkpt lat="25.02064" lon="121.95243"/>
    <trkpt lat="25.02059" lon="121.95235"/>
    <trkpt lat="25.02039" lon="121.95204"/>
    <trkpt lat="25.02028" lon="121.95188"/>
    <trkpt lat="25.02014" lon="121.95169"/>
    <trkpt lat="25.01997" lon="121.95154"/>
    <trkpt lat="25.01957" lon="121.95129"/>
    <trkpt lat="25.01941" lon="121.9512"/>
    <trkpt lat="25.01929" lon="121.95113"/>
    <trkpt lat="25.01922" lon="121.95107"/>
    <trkpt lat="25.01895" lon="121.95088"/>
    <trkpt lat="25.01865" lon="121.95069"/>
    <trkpt lat="25.01853" lon="121.9506"/>
    <trkpt lat="25.01847" lon="121.95055"/>
    <trkpt lat="25.01841" lon="121.95049"/>
    <trkpt lat="25.01836" lon="121.95043"/>
    <trkpt lat="25.01828" lon="121.95034"/>
    <trkpt lat="25.01824" lon="121.95025"/>
    <trkpt lat="25.01823" lon="121.95022"/>
    <trkpt lat="25.01822" lon="121.95019"/>
    <trkpt lat="25.01821" lon="121.95016"/>
    <trkpt lat="25.01819" lon="121.95012"/>
    <trkpt lat="25.01819" lon="121.95011"/>
    <trkpt lat="25.01818" lon="121.95009"/>
    <trkpt lat="25.01818" lon="121.95008"/>
    <trkpt lat="25.01817" lon="121.95005"/>
    <trkpt lat="25.01807" lon="121.9495"/>
    <trkpt lat="25.01802" lon="121.94928"/>
    <trkpt lat="25.018" lon="121.94921"/>
    <trkpt lat="25.01786" lon="121.94875"/>
    <trkpt lat="25.01767" lon="121.94838"/>
    <trkpt lat="25.01756" lon="121.94813"/>
    <trkpt lat="25.0175" lon="121.94796"/>
    <trkpt lat="25.017" lon="121.9482"/>
    <trkpt lat="25.01679" lon="121.94832"/>
    <trkpt lat="25.01644" lon="121.94852"/>
    <trkpt lat="25.01629" lon="121.94861"/>
    <trkpt lat="25.01621" lon="121.94864"/>
    <trkpt lat="25.01606" lon="121.94829"/>
    <trkpt lat="25.01589" lon="121.9479"/>
    <trkpt lat="25.01586" lon="121.94784"/>
    <trkpt lat="25.01582" lon="121.94778"/>
    <trkpt lat="25.01574" lon="121.9477"/>
    <trkpt lat="25.01567" lon="121.94763"/>
    <trkpt lat="25.0156" lon="121.94757"/>
    <trkpt lat="25.01553" lon="121.9475"/>
    <trkpt lat="25.01527" lon="121.94727"/>
    <trkpt lat="25.01522" lon="121.94724"/>
    <trkpt lat="25.01501" lon="121.94713"/>
    <trkpt lat="25.015" lon="121.94715"/>
    <trkpt lat="25.01493" lon="121.94736"/>
    <trkpt lat="25.01485" lon="121.9476"/>
    <trkpt lat="25.01475" lon="121.94792"/>
    <trkpt lat="25.01469" lon="121.94824"/>
    <trkpt lat="25.01465" lon="121.94846"/>
    <trkpt lat="25.01465" lon="121.94848"/>
    <trkpt lat="25.01464" lon="121.94854"/>
    <trkpt lat="25.01462" lon="121.94865"/>
    <trkpt lat="25.01462" lon="121.94868"/>
    <trkpt lat="25.01461" lon="121.94875"/>
    <trkpt lat="25.01457" lon="121.94914"/>
    <trkpt lat="25.01452" lon="121.94958"/>
    <trkpt lat="25.0145" lon="121.94984"/>
    <trkpt lat="25.01449" lon="121.94999"/>
    <trkpt lat="25.01448" lon="121.95003"/>
    <trkpt lat="25.01448" lon="121.95004"/>
    <trkpt lat="25.01446" lon="121.9501"/>
    <trkpt lat="25.01443" lon="121.95017"/>
    <trkpt lat="25.01441" lon="121.95021"/>
    <trkpt lat="25.0144" lon="121.95025"/>
    <trkpt lat="25.01436" lon="121.95032"/>
    <trkpt lat="25.01432" lon="121.95038"/>
    <trkpt lat="25.01425" lon="121.9505"/>
    <trkpt lat="25.01422" lon="121.95054"/>
    <trkpt lat="25.01413" lon="121.95067"/>
    <trkpt lat="25.01404" lon="121.9508"/>
    <trkpt lat="25.01393" lon="121.95096"/>
    <trkpt lat="25.01388" lon="121.95101"/>
    <trkpt lat="25.01387" lon="121.95103"/>
    <trkpt lat="25.01378" lon="121.95114"/>
    <trkpt lat="25.01376" lon="121.95116"/>
    <trkpt lat="25.01357" lon="121.95137"/>
    <trkpt lat="25.01347" lon="121.95149"/>
    <trkpt lat="25.01337" lon="121.95161"/>
    <trkpt lat="25.01298" lon="121.95195"/>
    <trkpt lat="25.01268" lon="121.95219"/>
    <trkpt lat="25.01241" lon="121.95238"/>
    <trkpt lat="25.01239" lon="121.9524"/>
    <trkpt lat="25.01235" lon="121.95242"/>
    <trkpt lat="25.01219" lon="121.95251"/>
    <trkpt lat="25.01212" lon="121.95256"/>
    <trkpt lat="25.01203" lon="121.95261"/>
    <trkpt lat="25.012" lon="121.95263"/>
    <trkpt lat="25.01189" lon="121.95273"/>
    <trkpt lat="25.01185" lon="121.95277"/>
    <trkpt lat="25.01177" lon="121.95283"/>
    <trkpt lat="25.01171" lon="121.95288"/>
    <trkpt lat="25.01166" lon="121.95291"/>
    <trkpt lat="25.01162" lon="121.95293"/>
    <trkpt lat="25.01159" lon="121.95294"/>
    <trkpt lat="25.01156" lon="121.95295"/>
    <trkpt lat="25.01153" lon="121.95295"/>
    <trkpt lat="25.01148" lon="121.95295"/>
    <trkpt lat="25.01143" lon="121.95295"/>
    <trkpt lat="25.01141" lon="121.95294"/>
    <trkpt lat="25.01139" lon="121.95294"/>
    <trkpt lat="25.01135" lon="121.95293"/>
    <trkpt lat="25.0113" lon="121.95292"/>
    <trkpt lat="25.01122" lon="121.95289"/>
    <trkpt lat="25.01106" lon="121.95284"/>
    <trkpt lat="25.01105" lon="121.95283"/>
    <trkpt lat="25.01089" lon="121.95278"/>
    <trkpt lat="25.01081" lon="121.95275"/>
    <trkpt lat="25.01044" lon="121.95267"/>
    <trkpt lat="25.0101" lon="121.95261"/>
    <trkpt lat="25.00933" lon="121.95252"/>
    <trkpt lat="25.0091" lon="121.95252"/>
    <trkpt lat="25.00901" lon="121.95254"/>
    <trkpt lat="25.00883" lon="121.95256"/>
    <trkpt lat="25.00861" lon="121.95258"/>
    <trkpt lat="25.00828" lon="121.95271"/>
    <trkpt lat="25.00816" lon="121.95278"/>
    <trkpt lat="25.00798" lon="121.95289"/>
    <trkpt lat="25.00767" lon="121.95312"/>
    <trkpt lat="25.0074" lon="121.95341"/>
    <trkpt lat="25.00717" lon="121.95371"/>
    <trkpt lat="25.0071" lon="121.95381"/>
    <trkpt lat="25.00701" lon="121.95401"/>
    <trkpt lat="25.00696" lon="121.95415"/>
    <trkpt lat="25.00692" lon="121.95429"/>
    <trkpt lat="25.00687" lon="121.95451"/>
    <trkpt lat="25.00686" lon="121.95458"/>
    <trkpt lat="25.00684" lon="121.95466"/>
    <trkpt lat="25.0068" lon="121.95477"/>
    <trkpt lat="25.00674" lon="121.95491"/>
    <trkpt lat="25.00667" lon="121.95502"/>
    <trkpt lat="25.0066" lon="121.9551"/>
    <trkpt lat="25.00645" lon="121.95543"/>
    <trkpt lat="25.00636" lon="121.95564"/>
    <trkpt lat="25.00634" lon="121.95573"/>
    <trkpt lat="25.00629" lon="121.95592"/>
    <trkpt lat="25.00624" lon="121.95609"/>
    <trkpt lat="25.00617" lon="121.95622"/>
    <trkpt lat="25.00598" lon="121.95648"/>
    <trkpt lat="25.00579" lon="121.95671"/>
    <trkpt lat="25.00578" lon="121.95671"/>
    <trkpt lat="25.00566" lon="121.95685"/>
    <trkpt lat="25.00554" lon="121.95699"/>
    <trkpt lat="25.00544" lon="121.95714"/>
    <trkpt lat="25.00539" lon="121.95723"/>
    <trkpt lat="25.00536" lon="121.95731"/>
    <trkpt lat="25.00533" lon="121.95739"/>
    <trkpt lat="25.00529" lon="121.95751"/>
    <trkpt lat="25.00526" lon="121.95762"/>
    <trkpt lat="25.00522" lon="121.95773"/>
    <trkpt lat="25.00517" lon="121.95783"/>
    <trkpt lat="25.00511" lon="121.95789"/>
    <trkpt lat="25.00504" lon="121.95798"/>
    <trkpt lat="25.00493" lon="121.95811"/>
    <trkpt lat="25.00486" lon="121.95817"/>
    <trkpt lat="25.00471" lon="121.95827"/>
    <trkpt lat="25.00463" lon="121.95833"/>
    <trkpt lat="25.00455" lon="121.95837"/>
    <trkpt lat="25.00434" lon="121.95848"/>
    <trkpt lat="25.00422" lon="121.95852"/>
    <trkpt lat="25.00403" lon="121.95858"/>
    <trkpt lat="25.00402" lon="121.95859"/>
    <trkpt lat="25.00403" lon="121.95858"/>
    <trkpt lat="25.00422" lon="121.95852"/>
    <trkpt lat="25.00434" lon="121.95848"/>
    <trkpt lat="25.00455" lon="121.95837"/>
    <trkpt lat="25.00463" lon="121.95833"/>
    <trkpt lat="25.00471" lon="121.95827"/>
    <trkpt lat="25.00486" lon="121.95817"/>
    <trkpt lat="25.00493" lon="121.95811"/>
    <trkpt lat="25.00504" lon="121.95798"/>
    <trkpt lat="25.00511" lon="121.95789"/>
    <trkpt lat="25.00517" lon="121.95783"/>
    <trkpt lat="25.00522" lon="121.95773"/>
    <trkpt lat="25.00526" lon="121.95762"/>
    <trkpt lat="25.00529" lon="121.95751"/>
    <trkpt lat="25.00533" lon="121.95739"/>
    <trkpt lat="25.00536" lon="121.95731"/>
    <trkpt lat="25.00539" lon="121.95723"/>
    <trkpt lat="25.00544" lon="121.95714"/>
    <trkpt lat="25.00554" lon="121.95699"/>
    <trkpt lat="25.00566" lon="121.95685"/>
    <trkpt lat="25.00578" lon="121.95671"/>
    <trkpt lat="25.00579" lon="121.95671"/>
    <trkpt lat="25.00598" lon="121.95648"/>
    <trkpt lat="25.00617" lon="121.95622"/>
    <trkpt lat="25.00624" lon="121.95609"/>
    <trkpt lat="25.00629" lon="121.95592"/>
    <trkpt lat="25.00634" lon="121.95573"/>
    <trkpt lat="25.00636" lon="121.95564"/>
    <trkpt lat="25.00645" lon="121.95543"/>
    <trkpt lat="25.0066" lon="121.9551"/>
    <trkpt lat="25.00667" lon="121.95502"/>
    <trkpt lat="25.00674" lon="121.95491"/>
    <trkpt lat="25.0068" lon="121.95477"/>
    <trkpt lat="25.00684" lon="121.95466"/>
    <trkpt lat="25.00686" lon="121.95458"/>
    <trkpt lat="25.00687" lon="121.95451"/>
    <trkpt lat="25.00692" lon="121.95429"/>
    <trkpt lat="25.00696" lon="121.95415"/>
    <trkpt lat="25.00701" lon="121.95401"/>
    <trkpt lat="25.0071" lon="121.95381"/>
    <trkpt lat="25.00717" lon="121.95371"/>
    <trkpt lat="25.0074" lon="121.95341"/>
    <trkpt lat="25.00767" lon="121.95312"/>
    <trkpt lat="25.00798" lon="121.95289"/>
    <trkpt lat="25.00816" lon="121.95278"/>
    <trkpt lat="25.00828" lon="121.95271"/>
    <trkpt lat="25.00861" lon="121.95258"/>
    <trkpt lat="25.00883" lon="121.95256"/>
    <trkpt lat="25.00901" lon="121.95254"/>
    <trkpt lat="25.0091" lon="121.95252"/>
    <trkpt lat="25.00933" lon="121.95252"/>
    <trkpt lat="25.0101" lon="121.95261"/>
    <trkpt lat="25.01044" lon="121.95267"/>
    <trkpt lat="25.01081" lon="121.95275"/>
    <trkpt lat="25.01089" lon="121.95278"/>
    <trkpt lat="25.01105" lon="121.95283"/>
    <trkpt lat="25.01106" lon="121.95284"/>
    <trkpt lat="25.01122" lon="121.95289"/>
    <trkpt lat="25.0113" lon="121.95292"/>
    <trkpt lat="25.01135" lon="121.95293"/>
    <trkpt lat="25.01139" lon="121.95294"/>
    <trkpt lat="25.01141" lon="121.95294"/>
    <trkpt lat="25.01143" lon="121.95295"/>
    <trkpt lat="25.01148" lon="121.95295"/>
    <trkpt lat="25.01153" lon="121.95295"/>
    <trkpt lat="25.01156" lon="121.95295"/>
    <trkpt lat="25.01159" lon="121.95294"/>
    <trkpt lat="25.01162" lon="121.95293"/>
    <trkpt lat="25.01166" lon="121.95291"/>
    <trkpt lat="25.01171" lon="121.95288"/>
    <trkpt lat="25.01177" lon="121.95283"/>
    <trkpt lat="25.01185" lon="121.95277"/>
    <trkpt lat="25.01189" lon="121.95273"/>
    <trkpt lat="25.012" lon="121.95263"/>
    <trkpt lat="25.01203" lon="121.95261"/>
    <trkpt lat="25.01212" lon="121.95256"/>
    <trkpt lat="25.01219" lon="121.95251"/>
    <trkpt lat="25.01235" lon="121.95242"/>
    <trkpt lat="25.01239" lon="121.9524"/>
    <trkpt lat="25.01241" lon="121.95238"/>
    <trkpt lat="25.01268" lon="121.95219"/>
    <trkpt lat="25.01298" lon="121.95195"/>
    <trkpt lat="25.01337" lon="121.95161"/>
    <trkpt lat="25.01347" lon="121.95149"/>
    <trkpt lat="25.01357" lon="121.95137"/>
    <trkpt lat="25.01376" lon="121.95116"/>
    <trkpt lat="25.01378" lon="121.95114"/>
    <trkpt lat="25.01387" lon="121.95103"/>
    <trkpt lat="25.01388" lon="121.95101"/>
    <trkpt lat="25.01393" lon="121.95096"/>
    <trkpt lat="25.01404" lon="121.9508"/>
    <trkpt lat="25.01413" lon="121.95067"/>
    <trkpt lat="25.01422" lon="121.95054"/>
    <trkpt lat="25.01425" lon="121.9505"/>
    <trkpt lat="25.01432" lon="121.95038"/>
    <trkpt lat="25.01436" lon="121.95032"/>
    <trkpt lat="25.0144" lon="121.95025"/>
    <trkpt lat="25.01441" lon="121.95021"/>
    <trkpt lat="25.01443" lon="121.95017"/>
    <trkpt lat="25.01446" lon="121.9501"/>
    <trkpt lat="25.01448" lon="121.95004"/>
    <trkpt lat="25.01448" lon="121.95003"/>
    <trkpt lat="25.01449" lon="121.94999"/>
    <trkpt lat="25.0145" lon="121.94984"/>
    <trkpt lat="25.01452" lon="121.94958"/>
    <trkpt lat="25.01457" lon="121.94914"/>
    <trkpt lat="25.01461" lon="121.94875"/>
    <trkpt lat="25.01462" lon="121.94868"/>
    <trkpt lat="25.01462" lon="121.94865"/>
    <trkpt lat="25.01464" lon="121.94854"/>
    <trkpt lat="25.01465" lon="121.94848"/>
    <trkpt lat="25.01465" lon="121.94846"/>
    <trkpt lat="25.01469" lon="121.94824"/>
    <trkpt lat="25.01475" lon="121.94792"/>
    <trkpt lat="25.01485" lon="121.9476"/>
    <trkpt lat="25.01493" lon="121.94736"/>
    <trkpt lat="25.015" lon="121.94715"/>
    <trkpt lat="25.01501" lon="121.94713"/>
    <trkpt lat="25.01522" lon="121.94724"/>
    <trkpt lat="25.01527" lon="121.94727"/>
    <trkpt lat="25.01553" lon="121.9475"/>
    <trkpt lat="25.0156" lon="121.94757"/>
    <trkpt lat="25.01567" lon="121.94763"/>
    <trkpt lat="25.01574" lon="121.9477"/>
    <trkpt lat="25.01582" lon="121.94778"/>
    <trkpt lat="25.01586" lon="121.94784"/>
    <trkpt lat="25.01589" lon="121.9479"/>
    <trkpt lat="25.01606" lon="121.94829"/>
    <trkpt lat="25.01621" lon="121.94864"/>
    <trkpt lat="25.01629" lon="121.94861"/>
    <trkpt lat="25.01644" lon="121.94852"/>
    <trkpt lat="25.01679" lon="121.94832"/>
    <trkpt lat="25.017" lon="121.9482"/>
    <trkpt lat="25.0175" lon="121.94796"/>
    <trkpt lat="25.01748" lon="121.94793"/>
    <trkpt lat="25.01748" lon="121.94792"/>
    <trkpt lat="25.01737" lon="121.94769"/>
    <trkpt lat="25.01726" lon="121.9475"/>
    <trkpt lat="25.0172" lon="121.94738"/>
    <trkpt lat="25.01712" lon="121.94723"/>
    <trkpt lat="25.01707" lon="121.94713"/>
    <trkpt lat="25.01702" lon="121.94702"/>
    <trkpt lat="25.01699" lon="121.94689"/>
    <trkpt lat="25.01696" lon="121.94672"/>
    <trkpt lat="25.01693" lon="121.94653"/>
    <trkpt lat="25.01688" lon="121.94597"/>
    <trkpt lat="25.01674" lon="121.945"/>
    <trkpt lat="25.01672" lon="121.94491"/>
    <trkpt lat="25.01669" lon="121.94476"/>
    <trkpt lat="25.01661" lon="121.94428"/>
    <trkpt lat="25.01652" lon="121.94349"/>
    <trkpt lat="25.01652" lon="121.9431"/>
    <trkpt lat="25.01653" lon="121.94296"/>
    <trkpt lat="25.01657" lon="121.9427"/>
    <trkpt lat="25.01664" lon="121.94242"/>
    <trkpt lat="25.01669" lon="121.94228"/>
    <trkpt lat="25.01673" lon="121.94218"/>
    <trkpt lat="25.0169" lon="121.94183"/>
    <trkpt lat="25.01706" lon="121.94157"/>
    <trkpt lat="25.01734" lon="121.94116"/>
    <trkpt lat="25.01746" lon="121.941"/>
    <trkpt lat="25.01766" lon="121.94074"/>
    <trkpt lat="25.01794" lon="121.94032"/>
    <trkpt lat="25.01804" lon="121.94039"/>
    <trkpt lat="25.01818" lon="121.94047"/>
    <trkpt lat="25.01826" lon="121.94054"/>
    <trkpt lat="25.01829" lon="121.94058"/>
    <trkpt lat="25.01831" lon="121.94061"/>
    <trkpt lat="25.01833" lon="121.94067"/>
    <trkpt lat="25.01836" lon="121.94079"/>
    <trkpt lat="25.01845" lon="121.94082"/>
    <trkpt lat="25.01851" lon="121.94082"/>
    <trkpt lat="25.01867" lon="121.94083"/>
    <trkpt lat="25.01881" lon="121.94089"/>
    <trkpt lat="25.01885" lon="121.9409"/>
    <trkpt lat="25.01889" lon="121.94094"/>
    <trkpt lat="25.01891" lon="121.94094"/>
    <trkpt lat="25.01892" lon="121.94095"/>
    <trkpt lat="25.01894" lon="121.94094"/>
    <trkpt lat="25.019" lon="121.94093"/>
    <trkpt lat="25.01904" lon="121.94092"/>
    <trkpt lat="25.01907" lon="121.94091"/>
    <trkpt lat="25.0191" lon="121.94091"/>
    <trkpt lat="25.01911" lon="121.94091"/>
    <trkpt lat="25.01913" lon="121.94091"/>
    <trkpt lat="25.01914" lon="121.94091"/>
    <trkpt lat="25.01918" lon="121.94092"/>
    <trkpt lat="25.01923" lon="121.94095"/>
    <trkpt lat="25.01926" lon="121.94099"/>
    <trkpt lat="25.01928" lon="121.94104"/>
    <trkpt lat="25.0193" lon="121.94115"/>
    <trkpt lat="25.0193" lon="121.94123"/>
    <trkpt lat="25.0193" lon="121.94124"/>
    <trkpt lat="25.0193" lon="121.94131"/>
    <trkpt lat="25.01932" lon="121.94133"/>
    <trkpt lat="25.01933" lon="121.94135"/>
    <trkpt lat="25.01939" lon="121.94141"/>
    <trkpt lat="25.0194" lon="121.94142"/>
    <trkpt lat="25.01948" lon="121.94146"/>
    <trkpt lat="25.01956" lon="121.94148"/>
    <trkpt lat="25.01965" lon="121.94148"/>
    <trkpt lat="25.01991" lon="121.94148"/>
    <trkpt lat="25.02028" lon="121.94149"/>
    <trkpt lat="25.02044" lon="121.94153"/>
    <trkpt lat="25.02051" lon="121.94159"/>
    <trkpt lat="25.02069" lon="121.94169"/>
    <trkpt lat="25.02051" lon="121.94159"/>
    <trkpt lat="25.02044" lon="121.94153"/>
    <trkpt lat="25.02028" lon="121.94149"/>
    <trkpt lat="25.01991" lon="121.94148"/>
    <trkpt lat="25.01965" lon="121.94148"/>
    <trkpt lat="25.01956" lon="121.94148"/>
    <trkpt lat="25.01948" lon="121.94146"/>
    <trkpt lat="25.0194" lon="121.94142"/>
    <trkpt lat="25.01939" lon="121.94141"/>
    <trkpt lat="25.01933" lon="121.94135"/>
    <trkpt lat="25.01932" lon="121.94133"/>
    <trkpt lat="25.0193" lon="121.94131"/>
    <trkpt lat="25.0193" lon="121.94124"/>
    <trkpt lat="25.0193" lon="121.94123"/>
    <trkpt lat="25.0193" lon="121.94115"/>
    <trkpt lat="25.01928" lon="121.94104"/>
    <trkpt lat="25.01926" lon="121.94099"/>
    <trkpt lat="25.01923" lon="121.94095"/>
    <trkpt lat="25.01918" lon="121.94092"/>
    <trkpt lat="25.01914" lon="121.94091"/>
    <trkpt lat="25.01913" lon="121.94091"/>
    <trkpt lat="25.01911" lon="121.94091"/>
    <trkpt lat="25.0191" lon="121.94091"/>
    <trkpt lat="25.01907" lon="121.94091"/>
    <trkpt lat="25.01904" lon="121.94092"/>
    <trkpt lat="25.019" lon="121.94093"/>
    <trkpt lat="25.01894" lon="121.94094"/>
    <trkpt lat="25.01892" lon="121.94095"/>
    <trkpt lat="25.01891" lon="121.94094"/>
    <trkpt lat="25.01889" lon="121.94094"/>
    <trkpt lat="25.01885" lon="121.9409"/>
    <trkpt lat="25.01881" lon="121.94089"/>
    <trkpt lat="25.01867" lon="121.94083"/>
    <trkpt lat="25.01851" lon="121.94082"/>
    <trkpt lat="25.01845" lon="121.94082"/>
    <trkpt lat="25.01836" lon="121.94079"/>
    <trkpt lat="25.01833" lon="121.94067"/>
    <trkpt lat="25.01831" lon="121.94061"/>
    <trkpt lat="25.01829" lon="121.94058"/>
    <trkpt lat="25.01826" lon="121.94054"/>
    <trkpt lat="25.01818" lon="121.94047"/>
    <trkpt lat="25.01804" lon="121.94039"/>
    <trkpt lat="25.01794" lon="121.94032"/>
    <trkpt lat="25.01796" lon="121.94029"/>
    <trkpt lat="25.01815" lon="121.93996"/>
    <trkpt lat="25.01821" lon="121.93985"/>
    <trkpt lat="25.01826" lon="121.93974"/>
    <trkpt lat="25.01829" lon="121.93964"/>
    <trkpt lat="25.01834" lon="121.93949"/>
    <trkpt lat="25.01836" lon="121.93939"/>
    <trkpt lat="25.01837" lon="121.9393"/>
    <trkpt lat="25.01837" lon="121.9392"/>
    <trkpt lat="25.01838" lon="121.93904"/>
    <trkpt lat="25.01842" lon="121.93858"/>
    <trkpt lat="25.01842" lon="121.93851"/>
    <trkpt lat="25.01841" lon="121.93843"/>
    <trkpt lat="25.0184" lon="121.93829"/>
    <trkpt lat="25.01839" lon="121.93818"/>
    <trkpt lat="25.01838" lon="121.93809"/>
    <trkpt lat="25.01834" lon="121.93773"/>
    <trkpt lat="25.01832" lon="121.93754"/>
    <trkpt lat="25.01831" lon="121.93741"/>
    <trkpt lat="25.01829" lon="121.93725"/>
    <trkpt lat="25.01828" lon="121.93714"/>
    <trkpt lat="25.01828" lon="121.93708"/>
    <trkpt lat="25.01826" lon="121.93683"/>
    <trkpt lat="25.01825" lon="121.93664"/>
    <trkpt lat="25.01825" lon="121.93663"/>
    <trkpt lat="25.01824" lon="121.93646"/>
    <trkpt lat="25.01823" lon="121.93614"/>
    <trkpt lat="25.01822" lon="121.936"/>
    <trkpt lat="25.01823" lon="121.93593"/>
    <trkpt lat="25.01823" lon="121.93585"/>
    <trkpt lat="25.01824" lon="121.93575"/>
    <trkpt lat="25.01828" lon="121.93547"/>
    <trkpt lat="25.01829" lon="121.9354"/>
    <trkpt lat="25.01831" lon="121.93524"/>
    <trkpt lat="25.01834" lon="121.93504"/>
    <trkpt lat="25.01836" lon="121.93491"/>
    <trkpt lat="25.01836" lon="121.93488"/>
    <trkpt lat="25.01838" lon="121.93478"/>
    <trkpt lat="25.01839" lon="121.93469"/>
    <trkpt lat="25.01841" lon="121.93457"/>
    <trkpt lat="25.01847" lon="121.93435"/>
    <trkpt lat="25.01849" lon="121.93427"/>
    <trkpt lat="25.01853" lon="121.93413"/>
    <trkpt lat="25.01864" lon="121.93391"/>
    <trkpt lat="25.01865" lon="121.93388"/>
    <trkpt lat="25.01868" lon="121.93383"/>
    <trkpt lat="25.01873" lon="121.93374"/>
    <trkpt lat="25.01877" lon="121.93366"/>
    <trkpt lat="25.0188" lon="121.93361"/>
    <trkpt lat="25.01886" lon="121.9335"/>
    <trkpt lat="25.01904" lon="121.93316"/>
    <trkpt lat="25.01914" lon="121.93294"/>
    <trkpt lat="25.01919" lon="121.93284"/>
    <trkpt lat="25.01922" lon="121.93277"/>
    <trkpt lat="25.01927" lon="121.93267"/>
    <trkpt lat="25.01931" lon="121.93258"/>
    <trkpt lat="25.01938" lon="121.93244"/>
    <trkpt lat="25.01941" lon="121.93236"/>
    <trkpt lat="25.01946" lon="121.93227"/>
    <trkpt lat="25.01949" lon="121.9322"/>
    <trkpt lat="25.01956" lon="121.93208"/>
    <trkpt lat="25.01965" lon="121.93194"/>
    <trkpt lat="25.01965" lon="121.93193"/>
    <trkpt lat="25.0197" lon="121.93186"/>
    <trkpt lat="25.01992" lon="121.93153"/>
    <trkpt lat="25.02003" lon="121.93139"/>
    <trkpt lat="25.02027" lon="121.93105"/>
    <trkpt lat="25.02039" lon="121.93088"/>
    <trkpt lat="25.0204" lon="121.93087"/>
    <trkpt lat="25.02068" lon="121.93048"/>
    <trkpt lat="25.02078" lon="121.9304"/>
    <trkpt lat="25.02096" lon="121.93013"/>
    <trkpt lat="25.02111" lon="121.92991"/>
    <trkpt lat="25.02141" lon="121.92949"/>
    <trkpt lat="25.0218" lon="121.92895"/>
    <trkpt lat="25.02191" lon="121.92883"/>
    <trkpt lat="25.02203" lon="121.92874"/>
    <trkpt lat="25.0221" lon="121.92869"/>
    <trkpt lat="25.02216" lon="121.92866"/>
    <trkpt lat="25.02218" lon="121.92865"/>
    <trkpt lat="25.02232" lon="121.92859"/>
    <trkpt lat="25.02234" lon="121.92858"/>
    <trkpt lat="25.02267" lon="121.92851"/>
    <trkpt lat="25.02284" lon="121.92847"/>
    <trkpt lat="25.02285" lon="121.92846"/>
    <trkpt lat="25.02293" lon="121.92844"/>
    <trkpt lat="25.02306" lon="121.92838"/>
    <trkpt lat="25.02318" lon="121.92831"/>
    <trkpt lat="25.0232" lon="121.9283"/>
    <trkpt lat="25.02335" lon="121.92817"/>
    <trkpt lat="25.0235" lon="121.92802"/>
    <trkpt lat="25.02358" lon="121.92791"/>
    <trkpt lat="25.02362" lon="121.92787"/>
    <trkpt lat="25.02369" lon="121.92775"/>
    <trkpt lat="25.02373" lon="121.92768"/>
    <trkpt lat="25.02378" lon="121.92758"/>
    <trkpt lat="25.02387" lon="121.92741"/>
    <trkpt lat="25.02393" lon="121.92728"/>
    <trkpt lat="25.02395" lon="121.92724"/>
    <trkpt lat="25.02408" lon="121.92697"/>
    <trkpt lat="25.02412" lon="121.92689"/>
    <trkpt lat="25.02418" lon="121.92683"/>
    <trkpt lat="25.02425" lon="121.92674"/>
    <trkpt lat="25.02435" lon="121.92664"/>
    <trkpt lat="25.02444" lon="121.92657"/>
    <trkpt lat="25.02454" lon="121.9265"/>
    <trkpt lat="25.02465" lon="121.92646"/>
    <trkpt lat="25.02478" lon="121.92641"/>
    <trkpt lat="25.0249" lon="121.92638"/>
    <trkpt lat="25.025" lon="121.92638"/>
    <trkpt lat="25.02504" lon="121.92638"/>
    <trkpt lat="25.02508" lon="121.92638"/>
    <trkpt lat="25.02517" lon="121.92636"/>
    <trkpt lat="25.02525" lon="121.92638"/>
    <trkpt lat="25.02633" lon="121.92661"/>
    <trkpt lat="25.02645" lon="121.92664"/>
    <trkpt lat="25.02656" lon="121.92667"/>
    <trkpt lat="25.027" lon="121.92677"/>
    <trkpt lat="25.02713" lon="121.92689"/>
    <trkpt lat="25.02715" lon="121.9269"/>
    <trkpt lat="25.02736" lon="121.927"/>
    <trkpt lat="25.02741" lon="121.92703"/>
    <trkpt lat="25.02743" lon="121.92704"/>
    <trkpt lat="25.0275" lon="121.92709"/>
    <trkpt lat="25.02756" lon="121.92714"/>
    <trkpt lat="25.02801" lon="121.92748"/>
    <trkpt lat="25.02872" lon="121.92796"/>
    <trkpt lat="25.02875" lon="121.92798"/>
    <trkpt lat="25.0293" lon="121.92832"/>
    <trkpt lat="25.02951" lon="121.92845"/>
    <trkpt lat="25.02964" lon="121.92853"/>
    <trkpt lat="25.02977" lon="121.92861"/>
    <trkpt lat="25.02987" lon="121.92865"/>
    <trkpt lat="25.02998" lon="121.92869"/>
    <trkpt lat="25.03" lon="121.9287"/>
    <trkpt lat="25.03009" lon="121.92873"/>
    <trkpt lat="25.03052" lon="121.92887"/>
    <trkpt lat="25.03112" lon="121.92905"/>
    <trkpt lat="25.03123" lon="121.92908"/>
    <trkpt lat="25.03124" lon="121.92908"/>
    <trkpt lat="25.03124" lon="121.92909"/>
    <trkpt lat="25.03147" lon="121.92915"/>
    <trkpt lat="25.03174" lon="121.92923"/>
    <trkpt lat="25.0323" lon="121.92938"/>
    <trkpt lat="25.03281" lon="121.92949"/>
    <trkpt lat="25.03341" lon="121.92953"/>
    <trkpt lat="25.03362" lon="121.92953"/>
    <trkpt lat="25.03385" lon="121.92951"/>
    <trkpt lat="25.03399" lon="121.92948"/>
    <trkpt lat="25.034" lon="121.92948"/>
    <trkpt lat="25.03413" lon="121.92945"/>
    <trkpt lat="25.03452" lon="121.92934"/>
    <trkpt lat="25.0357" lon="121.92873"/>
    <trkpt lat="25.03641" lon="121.92833"/>
    <trkpt lat="25.03679" lon="121.92812"/>
    <trkpt lat="25.03686" lon="121.92808"/>
    <trkpt lat="25.03749" lon="121.92776"/>
    <trkpt lat="25.03794" lon="121.92755"/>
    <trkpt lat="25.03819" lon="121.92743"/>
    <trkpt lat="25.03827" lon="121.9274"/>
    <trkpt lat="25.03844" lon="121.92733"/>
    <trkpt lat="25.03929" lon="121.927"/>
    <trkpt lat="25.0402" lon="121.92664"/>
    <trkpt lat="25.04081" lon="121.92639"/>
    <trkpt lat="25.04088" lon="121.92637"/>
    <trkpt lat="25.04095" lon="121.92634"/>
    <trkpt lat="25.04113" lon="121.92628"/>
    <trkpt lat="25.04122" lon="121.92625"/>
    <trkpt lat="25.0413" lon="121.92623"/>
    <trkpt lat="25.04171" lon="121.92608"/>
    <trkpt lat="25.04239" lon="121.92589"/>
    <trkpt lat="25.04266" lon="121.92583"/>
    <trkpt lat="25.04287" lon="121.9258"/>
    <trkpt lat="25.04295" lon="121.92579"/>
    <trkpt lat="25.04325" lon="121.92576"/>
    <trkpt lat="25.04449" lon="121.92574"/>
    <trkpt lat="25.0448" lon="121.9257"/>
    <trkpt lat="25.04509" lon="121.92565"/>
    <trkpt lat="25.04522" lon="121.92562"/>
    <trkpt lat="25.04532" lon="121.92559"/>
    <trkpt lat="25.04545" lon="121.92555"/>
    <trkpt lat="25.04551" lon="121.92553"/>
    <trkpt lat="25.04577" lon="121.92544"/>
    <trkpt lat="25.04632" lon="121.9252"/>
    <trkpt lat="25.04642" lon="121.92515"/>
    <trkpt lat="25.04646" lon="121.92512"/>
    <trkpt lat="25.04685" lon="121.92489"/>
    <trkpt lat="25.04707" lon="121.92472"/>
    <trkpt lat="25.0473" lon="121.92453"/>
    <trkpt lat="25.04748" lon="121.92436"/>
    <trkpt lat="25.04779" lon="121.92403"/>
    <trkpt lat="25.04805" lon="121.9237"/>
    <trkpt lat="25.04817" lon="121.92357"/>
    <trkpt lat="25.04823" lon="121.9235"/>
    <trkpt lat="25.04824" lon="121.92349"/>
    <trkpt lat="25.04837" lon="121.92335"/>
    <trkpt lat="25.04838" lon="121.92334"/>
    <trkpt lat="25.04864" lon="121.92311"/>
    <trkpt lat="25.04871" lon="121.92303"/>
    <trkpt lat="25.04887" lon="121.92294"/>
    <trkpt lat="25.04895" lon="121.9229"/>
    <trkpt lat="25.04904" lon="121.92286"/>
    <trkpt lat="25.04916" lon="121.92283"/>
    <trkpt lat="25.04925" lon="121.92281"/>
    <trkpt lat="25.04928" lon="121.9228"/>
    <trkpt lat="25.04954" lon="121.92277"/>
    <trkpt lat="25.04964" lon="121.92276"/>
    <trkpt lat="25.04975" lon="121.92276"/>
    <trkpt lat="25.04982" lon="121.92276"/>
    <trkpt lat="25.04989" lon="121.92276"/>
    <trkpt lat="25.04999" lon="121.92277"/>
    <trkpt lat="25.05009" lon="121.92278"/>
    <trkpt lat="25.05081" lon="121.92292"/>
    <trkpt lat="25.05119" lon="121.92301"/>
    <trkpt lat="25.05138" lon="121.92306"/>
    <trkpt lat="25.05158" lon="121.92312"/>
    <trkpt lat="25.05179" lon="121.9232"/>
    <trkpt lat="25.05219" lon="121.92335"/>
    <trkpt lat="25.05326" lon="121.92377"/>
    <trkpt lat="25.05339" lon="121.92382"/>
    <trkpt lat="25.05447" lon="121.92423"/>
    <trkpt lat="25.05488" lon="121.92438"/>
    <trkpt lat="25.05489" lon="121.92439"/>
    <trkpt lat="25.05508" lon="121.92447"/>
    <trkpt lat="25.05529" lon="121.92457"/>
    <trkpt lat="25.05559" lon="121.92471"/>
    <trkpt lat="25.05576" lon="121.92465"/>
    <trkpt lat="25.05593" lon="121.92459"/>
    <trkpt lat="25.0561" lon="121.92454"/>
    <trkpt lat="25.05626" lon="121.92448"/>
    <trkpt lat="25.05635" lon="121.92447"/>
    <trkpt lat="25.05645" lon="121.92446"/>
    <trkpt lat="25.05653" lon="121.92446"/>
    <trkpt lat="25.05657" lon="121.92447"/>
    <trkpt lat="25.0566" lon="121.92448"/>
    <trkpt lat="25.05671" lon="121.92453"/>
    <trkpt lat="25.05704" lon="121.92469"/>
    <trkpt lat="25.05776" lon="121.92504"/>
    <trkpt lat="25.0581" lon="121.92515"/>
    <trkpt lat="25.0582" lon="121.92517"/>
    <trkpt lat="25.05827" lon="121.92517"/>
    <trkpt lat="25.05833" lon="121.92517"/>
    <trkpt lat="25.05839" lon="121.92518"/>
    <trkpt lat="25.05844" lon="121.92518"/>
    <trkpt lat="25.0585" lon="121.92519"/>
    <trkpt lat="25.05856" lon="121.9252"/>
    <trkpt lat="25.0586" lon="121.92521"/>
    <trkpt lat="25.05882" lon="121.92528"/>
    <trkpt lat="25.05893" lon="121.92534"/>
    <trkpt lat="25.05904" lon="121.9254"/>
    <trkpt lat="25.05914" lon="121.92548"/>
    <trkpt lat="25.05921" lon="121.92554"/>
    <trkpt lat="25.05931" lon="121.92564"/>
    <trkpt lat="25.05946" lon="121.92584"/>
    <trkpt lat="25.05951" lon="121.92591"/>
    <trkpt lat="25.05955" lon="121.926"/>
    <trkpt lat="25.05959" lon="121.92608"/>
    <trkpt lat="25.0596" lon="121.92613"/>
    <trkpt lat="25.05962" lon="121.92619"/>
    <trkpt lat="25.05964" lon="121.92627"/>
    <trkpt lat="25.05966" lon="121.92636"/>
    <trkpt lat="25.05967" lon="121.92646"/>
    <trkpt lat="25.05968" lon="121.92659"/>
    <trkpt lat="25.05969" lon="121.92672"/>
    <trkpt lat="25.0597" lon="121.92691"/>
    <trkpt lat="25.0597" lon="121.92697"/>
    <trkpt lat="25.05972" lon="121.92709"/>
    <trkpt lat="25.05974" lon="121.92719"/>
    <trkpt lat="25.05978" lon="121.92728"/>
    <trkpt lat="25.05981" lon="121.92733"/>
    <trkpt lat="25.05985" lon="121.92739"/>
    <trkpt lat="25.0608" lon="121.92849"/>
    <trkpt lat="25.06098" lon="121.92869"/>
    <trkpt lat="25.0612" lon="121.92894"/>
    <trkpt lat="25.0613" lon="121.92905"/>
    <trkpt lat="25.06169" lon="121.92946"/>
    <trkpt lat="25.06177" lon="121.92952"/>
    <trkpt lat="25.06187" lon="121.92959"/>
    <trkpt lat="25.06195" lon="121.92964"/>
    <trkpt lat="25.06202" lon="121.92968"/>
    <trkpt lat="25.06208" lon="121.92969"/>
    <trkpt lat="25.06215" lon="121.92971"/>
    <trkpt lat="25.06222" lon="121.92972"/>
    <trkpt lat="25.06228" lon="121.92972"/>
    <trkpt lat="25.06235" lon="121.92972"/>
    <trkpt lat="25.06246" lon="121.92968"/>
    <trkpt lat="25.06251" lon="121.92966"/>
    <trkpt lat="25.06256" lon="121.92963"/>
    <trkpt lat="25.06261" lon="121.92961"/>
    <trkpt lat="25.06265" lon="121.92958"/>
    <trkpt lat="25.06277" lon="121.92945"/>
    <trkpt lat="25.06285" lon="121.92934"/>
    <trkpt lat="25.06291" lon="121.92924"/>
    <trkpt lat="25.06301" lon="121.92908"/>
    <trkpt lat="25.06323" lon="121.92874"/>
    <trkpt lat="25.06334" lon="121.92857"/>
    <trkpt lat="25.0634" lon="121.92848"/>
    <trkpt lat="25.06349" lon="121.92837"/>
    <trkpt lat="25.06356" lon="121.92829"/>
    <trkpt lat="25.06359" lon="121.92826"/>
    <trkpt lat="25.06366" lon="121.92819"/>
    <trkpt lat="25.06386" lon="121.928"/>
    <trkpt lat="25.06401" lon="121.92785"/>
    <trkpt lat="25.06414" lon="121.92773"/>
    <trkpt lat="25.06421" lon="121.92766"/>
    <trkpt lat="25.06426" lon="121.92761"/>
    <trkpt lat="25.0643" lon="121.92758"/>
    <trkpt lat="25.06435" lon="121.92753"/>
    <trkpt lat="25.06435" lon="121.92752"/>
    <trkpt lat="25.06448" lon="121.92739"/>
    <trkpt lat="25.06461" lon="121.92725"/>
    <trkpt lat="25.06527" lon="121.92648"/>
    <trkpt lat="25.06548" lon="121.92625"/>
    <trkpt lat="25.06559" lon="121.92612"/>
    <trkpt lat="25.0657" lon="121.92598"/>
    <trkpt lat="25.06579" lon="121.92581"/>
    <trkpt lat="25.06585" lon="121.92568"/>
    <trkpt lat="25.06591" lon="121.9255"/>
    <trkpt lat="25.06597" lon="121.92531"/>
    <trkpt lat="25.06603" lon="121.92512"/>
    <trkpt lat="25.06609" lon="121.92493"/>
    <trkpt lat="25.06615" lon="121.9248"/>
    <trkpt lat="25.06617" lon="121.92476"/>
    <trkpt lat="25.0662" lon="121.92469"/>
    <trkpt lat="25.06621" lon="121.92467"/>
    <trkpt lat="25.06629" lon="121.92456"/>
    <trkpt lat="25.06632" lon="121.92451"/>
    <trkpt lat="25.06636" lon="121.92446"/>
    <trkpt lat="25.0664" lon="121.92443"/>
    <trkpt lat="25.06648" lon="121.92436"/>
    <trkpt lat="25.0666" lon="121.92428"/>
    <trkpt lat="25.06674" lon="121.92422"/>
    <trkpt lat="25.06687" lon="121.9242"/>
    <trkpt lat="25.0669" lon="121.9242"/>
    <trkpt lat="25.06732" lon="121.92415"/>
    <trkpt lat="25.06744" lon="121.92413"/>
    <trkpt lat="25.06765" lon="121.92407"/>
    <trkpt lat="25.06772" lon="121.92404"/>
    <trkpt lat="25.06778" lon="121.92402"/>
    <trkpt lat="25.06784" lon="121.92398"/>
    <trkpt lat="25.0679" lon="121.92394"/>
    <trkpt lat="25.06796" lon="121.92388"/>
    <trkpt lat="25.06808" lon="121.92376"/>
    <trkpt lat="25.06815" lon="121.92371"/>
    <trkpt lat="25.06821" lon="121.92367"/>
    <trkpt lat="25.06838" lon="121.92355"/>
    <trkpt lat="25.06854" lon="121.92348"/>
    <trkpt lat="25.06863" lon="121.92344"/>
    <trkpt lat="25.06873" lon="121.92341"/>
    <trkpt lat="25.06883" lon="121.92337"/>
    <trkpt lat="25.06898" lon="121.92333"/>
    <trkpt lat="25.06917" lon="121.92329"/>
    <trkpt lat="25.06919" lon="121.92329"/>
    <trkpt lat="25.06952" lon="121.92319"/>
    <trkpt lat="25.06967" lon="121.92312"/>
    <trkpt lat="25.06999" lon="121.9229"/>
    <trkpt lat="25.07018" lon="121.92276"/>
    <trkpt lat="25.07028" lon="121.9227"/>
    <trkpt lat="25.0704" lon="121.92264"/>
    <trkpt lat="25.07052" lon="121.92258"/>
    <trkpt lat="25.07075" lon="121.9225"/>
    <trkpt lat="25.07082" lon="121.92247"/>
    <trkpt lat="25.0709" lon="121.92242"/>
    <trkpt lat="25.07096" lon="121.92238"/>
    <trkpt lat="25.07101" lon="121.92234"/>
    <trkpt lat="25.07107" lon="121.92227"/>
    <trkpt lat="25.07118" lon="121.92214"/>
    <trkpt lat="25.07127" lon="121.92201"/>
    <trkpt lat="25.0715" lon="121.9217"/>
    <trkpt lat="25.07173" lon="121.92139"/>
    <trkpt lat="25.07181" lon="121.92127"/>
    <trkpt lat="25.07186" lon="121.92119"/>
    <trkpt lat="25.0719" lon="121.92111"/>
    <trkpt lat="25.07195" lon="121.92102"/>
    <trkpt lat="25.07198" lon="121.92093"/>
    <trkpt lat="25.07203" lon="121.92078"/>
    <trkpt lat="25.07206" lon="121.92069"/>
    <trkpt lat="25.07207" lon="121.92065"/>
    <trkpt lat="25.07215" lon="121.9204"/>
    <trkpt lat="25.07221" lon="121.92018"/>
    <trkpt lat="25.0723" lon="121.91993"/>
    <trkpt lat="25.07231" lon="121.91988"/>
    <trkpt lat="25.07234" lon="121.9198"/>
    <trkpt lat="25.07237" lon="121.91971"/>
    <trkpt lat="25.07241" lon="121.91963"/>
    <trkpt lat="25.07242" lon="121.91961"/>
    <trkpt lat="25.07246" lon="121.91954"/>
    <trkpt lat="25.07248" lon="121.91952"/>
    <trkpt lat="25.0725" lon="121.91947"/>
    <trkpt lat="25.07255" lon="121.91941"/>
    <trkpt lat="25.07261" lon="121.91934"/>
    <trkpt lat="25.07263" lon="121.91932"/>
    <trkpt lat="25.07268" lon="121.91928"/>
    <trkpt lat="25.07283" lon="121.91916"/>
    <trkpt lat="25.07292" lon="121.91909"/>
    <trkpt lat="25.07311" lon="121.91895"/>
    <trkpt lat="25.07338" lon="121.91875"/>
    <trkpt lat="25.07341" lon="121.91873"/>
    <trkpt lat="25.07362" lon="121.91858"/>
    <trkpt lat="25.07376" lon="121.91847"/>
    <trkpt lat="25.07388" lon="121.91836"/>
    <trkpt lat="25.07397" lon="121.91825"/>
    <trkpt lat="25.07403" lon="121.91815"/>
    <trkpt lat="25.07413" lon="121.91801"/>
    <trkpt lat="25.07416" lon="121.91794"/>
    <trkpt lat="25.07422" lon="121.91784"/>
    <trkpt lat="25.07425" lon="121.91776"/>
    <trkpt lat="25.07428" lon="121.91769"/>
    <trkpt lat="25.0743" lon="121.9176"/>
    <trkpt lat="25.07432" lon="121.91745"/>
    <trkpt lat="25.07432" lon="121.91728"/>
    <trkpt lat="25.07432" lon="121.91725"/>
    <trkpt lat="25.07432" lon="121.91706"/>
    <trkpt lat="25.07432" lon="121.91675"/>
    <trkpt lat="25.07433" lon="121.91668"/>
    <trkpt lat="25.07433" lon="121.91666"/>
    <trkpt lat="25.07433" lon="121.91654"/>
    <trkpt lat="25.07434" lon="121.91641"/>
    <trkpt lat="25.07435" lon="121.91634"/>
    <trkpt lat="25.07437" lon="121.91627"/>
    <trkpt lat="25.07438" lon="121.91622"/>
    <trkpt lat="25.07441" lon="121.91616"/>
    <trkpt lat="25.07446" lon="121.91606"/>
    <trkpt lat="25.07482" lon="121.91554"/>
    <trkpt lat="25.07492" lon="121.91541"/>
    <trkpt lat="25.07495" lon="121.91536"/>
    <trkpt lat="25.07499" lon="121.91531"/>
    <trkpt lat="25.07522" lon="121.91499"/>
    <trkpt lat="25.07528" lon="121.91494"/>
    <trkpt lat="25.07533" lon="121.91489"/>
    <trkpt lat="25.07541" lon="121.91483"/>
    <trkpt lat="25.07545" lon="121.91481"/>
    <trkpt lat="25.07551" lon="121.91478"/>
    <trkpt lat="25.07556" lon="121.91476"/>
    <trkpt lat="25.07562" lon="121.91476"/>
    <trkpt lat="25.07566" lon="121.91475"/>
    <trkpt lat="25.07569" lon="121.91475"/>
    <trkpt lat="25.07574" lon="121.91474"/>
    <trkpt lat="25.07581" lon="121.91473"/>
    <trkpt lat="25.07589" lon="121.91473"/>
    <trkpt lat="25.07604" lon="121.91474"/>
    <trkpt lat="25.07617" lon="121.91475"/>
    <trkpt lat="25.07636" lon="121.91478"/>
    <trkpt lat="25.07659" lon="121.91483"/>
    <trkpt lat="25.07685" lon="121.91488"/>
    <trkpt lat="25.07686" lon="121.91488"/>
    <trkpt lat="25.07689" lon="121.91489"/>
    <trkpt lat="25.07702" lon="121.91491"/>
    <trkpt lat="25.07703" lon="121.91491"/>
    <trkpt lat="25.0771" lon="121.91492"/>
    <trkpt lat="25.07716" lon="121.91492"/>
    <trkpt lat="25.07728" lon="121.91493"/>
    <trkpt lat="25.07738" lon="121.91493"/>
    <trkpt lat="25.07752" lon="121.91492"/>
    <trkpt lat="25.07758" lon="121.91491"/>
    <trkpt lat="25.07763" lon="121.9149"/>
    <trkpt lat="25.07785" lon="121.91486"/>
    <trkpt lat="25.07798" lon="121.91483"/>
    <trkpt lat="25.07808" lon="121.91481"/>
    <trkpt lat="25.07839" lon="121.91474"/>
    <trkpt lat="25.07871" lon="121.91467"/>
    <trkpt lat="25.07899" lon="121.91461"/>
    <trkpt lat="25.07911" lon="121.91459"/>
    <trkpt lat="25.07925" lon="121.91456"/>
    <trkpt lat="25.07997" lon="121.9144"/>
    <trkpt lat="25.08041" lon="121.91431"/>
    <trkpt lat="25.0808" lon="121.91423"/>
    <trkpt lat="25.08123" lon="121.91415"/>
    <trkpt lat="25.08137" lon="121.91412"/>
    <trkpt lat="25.08157" lon="121.9141"/>
    <trkpt lat="25.08168" lon="121.91409"/>
    <trkpt lat="25.08191" lon="121.91409"/>
    <trkpt lat="25.08201" lon="121.91409"/>
    <trkpt lat="25.08234" lon="121.91407"/>
    <trkpt lat="25.08249" lon="121.91407"/>
    <trkpt lat="25.08267" lon="121.91404"/>
    <trkpt lat="25.08283" lon="121.91399"/>
    <trkpt lat="25.08297" lon="121.91396"/>
    <trkpt lat="25.08313" lon="121.9139"/>
    <trkpt lat="25.08335" lon="121.91384"/>
    <trkpt lat="25.08337" lon="121.91383"/>
    <trkpt lat="25.08361" lon="121.91376"/>
    <trkpt lat="25.08363" lon="121.91375"/>
    <trkpt lat="25.08381" lon="121.91368"/>
    <trkpt lat="25.08383" lon="121.91366"/>
    <trkpt lat="25.08393" lon="121.91363"/>
    <trkpt lat="25.08402" lon="121.91357"/>
    <trkpt lat="25.08412" lon="121.91349"/>
    <trkpt lat="25.08415" lon="121.91346"/>
    <trkpt lat="25.08422" lon="121.9134"/>
    <trkpt lat="25.08439" lon="121.91321"/>
    <trkpt lat="25.08442" lon="121.91318"/>
    <trkpt lat="25.0849" lon="121.91265"/>
    <trkpt lat="25.08501" lon="121.91254"/>
    <trkpt lat="25.08509" lon="121.91246"/>
    <trkpt lat="25.08516" lon="121.9124"/>
    <trkpt lat="25.0853" lon="121.91232"/>
    <trkpt lat="25.08543" lon="121.91229"/>
    <trkpt lat="25.08548" lon="121.91227"/>
    <trkpt lat="25.08555" lon="121.91225"/>
    <trkpt lat="25.08567" lon="121.91225"/>
    <trkpt lat="25.08585" lon="121.91225"/>
    <trkpt lat="25.08607" lon="121.91227"/>
    <trkpt lat="25.08638" lon="121.91231"/>
    <trkpt lat="25.08662" lon="121.91233"/>
    <trkpt lat="25.08678" lon="121.91235"/>
    <trkpt lat="25.08681" lon="121.91235"/>
    <trkpt lat="25.08689" lon="121.91235"/>
    <trkpt lat="25.08698" lon="121.91234"/>
    <trkpt lat="25.08714" lon="121.91233"/>
    <trkpt lat="25.08754" lon="121.91228"/>
    <trkpt lat="25.08761" lon="121.91228"/>
    <trkpt lat="25.08772" lon="121.91226"/>
    <trkpt lat="25.08808" lon="121.91223"/>
    <trkpt lat="25.08816" lon="121.91222"/>
    <trkpt lat="25.08844" lon="121.91219"/>
    <trkpt lat="25.08854" lon="121.91218"/>
    <trkpt lat="25.08862" lon="121.91217"/>
    <trkpt lat="25.0887" lon="121.91217"/>
    <trkpt lat="25.08882" lon="121.91217"/>
    <trkpt lat="25.08886" lon="121.91217"/>
    <trkpt lat="25.08889" lon="121.91217"/>
    <trkpt lat="25.08895" lon="121.91217"/>
    <trkpt lat="25.08901" lon="121.91218"/>
    <trkpt lat="25.08907" lon="121.91219"/>
    <trkpt lat="25.08913" lon="121.91221"/>
    <trkpt lat="25.08926" lon="121.91226"/>
    <trkpt lat="25.0894" lon="121.91233"/>
    <trkpt lat="25.08966" lon="121.91244"/>
    <trkpt lat="25.08988" lon="121.91255"/>
    <trkpt lat="25.09008" lon="121.91266"/>
    <trkpt lat="25.09021" lon="121.91273"/>
    <trkpt lat="25.09027" lon="121.91278"/>
    <trkpt lat="25.09039" lon="121.91286"/>
    <trkpt lat="25.0905" lon="121.91297"/>
    <trkpt lat="25.09066" lon="121.91312"/>
    <trkpt lat="25.0908" lon="121.91327"/>
    <trkpt lat="25.09091" lon="121.91341"/>
    <trkpt lat="25.09096" lon="121.9135"/>
    <trkpt lat="25.09105" lon="121.91365"/>
    <trkpt lat="25.09106" lon="121.91366"/>
    <trkpt lat="25.09115" lon="121.91384"/>
    <trkpt lat="25.09117" lon="121.91388"/>
    <trkpt lat="25.09124" lon="121.91401"/>
    <trkpt lat="25.09133" lon="121.9142"/>
    <trkpt lat="25.09142" lon="121.91438"/>
    <trkpt lat="25.09146" lon="121.91445"/>
    <trkpt lat="25.09148" lon="121.91448"/>
    <trkpt lat="25.09151" lon="121.91452"/>
    <trkpt lat="25.09158" lon="121.91457"/>
    <trkpt lat="25.09169" lon="121.91463"/>
    <trkpt lat="25.09208" lon="121.91476"/>
    <trkpt lat="25.09217" lon="121.91479"/>
    <trkpt lat="25.09226" lon="121.9148"/>
    <trkpt lat="25.09232" lon="121.91482"/>
    <trkpt lat="25.09239" lon="121.91482"/>
    <trkpt lat="25.0928" lon="121.91486"/>
    <trkpt lat="25.09289" lon="121.91487"/>
    <trkpt lat="25.09296" lon="121.91489"/>
    <trkpt lat="25.09297" lon="121.91489"/>
    <trkpt lat="25.09303" lon="121.9149"/>
    <trkpt lat="25.09308" lon="121.91492"/>
    <trkpt lat="25.09322" lon="121.91498"/>
    <trkpt lat="25.09323" lon="121.91499"/>
    <trkpt lat="25.09324" lon="121.91499"/>
    <trkpt lat="25.09331" lon="121.91502"/>
    <trkpt lat="25.09337" lon="121.91506"/>
    <trkpt lat="25.09344" lon="121.9151"/>
    <trkpt lat="25.09352" lon="121.91515"/>
    <trkpt lat="25.09356" lon="121.91517"/>
    <trkpt lat="25.09359" lon="121.9152"/>
    <trkpt lat="25.09371" lon="121.91528"/>
    <trkpt lat="25.09437" lon="121.91572"/>
    <trkpt lat="25.09471" lon="121.91595"/>
    <trkpt lat="25.09491" lon="121.91611"/>
    <trkpt lat="25.09503" lon="121.91621"/>
    <trkpt lat="25.09515" lon="121.91631"/>
    <trkpt lat="25.09524" lon="121.9164"/>
    <trkpt lat="25.09544" lon="121.9166"/>
    <trkpt lat="25.09548" lon="121.91664"/>
    <trkpt lat="25.09551" lon="121.91666"/>
    <trkpt lat="25.09554" lon="121.91668"/>
    <trkpt lat="25.09558" lon="121.9167"/>
    <trkpt lat="25.09562" lon="121.91671"/>
    <trkpt lat="25.09564" lon="121.91672"/>
    <trkpt lat="25.09566" lon="121.91672"/>
    <trkpt lat="25.09571" lon="121.91673"/>
    <trkpt lat="25.09577" lon="121.91673"/>
    <trkpt lat="25.09582" lon="121.91673"/>
    <trkpt lat="25.09589" lon="121.91672"/>
    <trkpt lat="25.09596" lon="121.91671"/>
    <trkpt lat="25.096" lon="121.9167"/>
    <trkpt lat="25.09604" lon="121.91669"/>
    <trkpt lat="25.09609" lon="121.91668"/>
    <trkpt lat="25.09614" lon="121.91667"/>
    <trkpt lat="25.0962" lon="121.91665"/>
    <trkpt lat="25.09624" lon="121.91664"/>
    <trkpt lat="25.0967" lon="121.9165"/>
    <trkpt lat="25.09687" lon="121.91645"/>
    <trkpt lat="25.09712" lon="121.91637"/>
    <trkpt lat="25.09721" lon="121.91635"/>
    <trkpt lat="25.09728" lon="121.91635"/>
    <trkpt lat="25.09737" lon="121.91634"/>
    <trkpt lat="25.09747" lon="121.91635"/>
    <trkpt lat="25.09753" lon="121.91636"/>
    <trkpt lat="25.09757" lon="121.91636"/>
    <trkpt lat="25.09763" lon="121.91638"/>
    <trkpt lat="25.09769" lon="121.91639"/>
    <trkpt lat="25.09774" lon="121.91641"/>
    <trkpt lat="25.09779" lon="121.91643"/>
    <trkpt lat="25.09791" lon="121.91649"/>
    <trkpt lat="25.0985" lon="121.91686"/>
    <trkpt lat="25.09859" lon="121.91691"/>
    <trkpt lat="25.09867" lon="121.91695"/>
    <trkpt lat="25.09877" lon="121.91699"/>
    <trkpt lat="25.09884" lon="121.91701"/>
    <trkpt lat="25.0989" lon="121.91703"/>
    <trkpt lat="25.09898" lon="121.91705"/>
    <trkpt lat="25.09904" lon="121.91706"/>
    <trkpt lat="25.09934" lon="121.91708"/>
    <trkpt lat="25.09965" lon="121.91709"/>
    <trkpt lat="25.09969" lon="121.91709"/>
    <trkpt lat="25.09972" lon="121.91709"/>
    <trkpt lat="25.09976" lon="121.9171"/>
    <trkpt lat="25.09981" lon="121.91711"/>
    <trkpt lat="25.09986" lon="121.91712"/>
    <trkpt lat="25.09991" lon="121.91713"/>
    <trkpt lat="25.10051" lon="121.9174"/>
    <trkpt lat="25.10064" lon="121.91745"/>
    <trkpt lat="25.10079" lon="121.91749"/>
    <trkpt lat="25.101" lon="121.91753"/>
    <trkpt lat="25.10124" lon="121.9176"/>
    <trkpt lat="25.10138" lon="121.91765"/>
    <trkpt lat="25.10142" lon="121.91766"/>
    <trkpt lat="25.10159" lon="121.91773"/>
    <trkpt lat="25.10197" lon="121.9179"/>
    <trkpt lat="25.10222" lon="121.91801"/>
    <trkpt lat="25.10239" lon="121.91808"/>
    <trkpt lat="25.10259" lon="121.91817"/>
    <trkpt lat="25.10289" lon="121.91829"/>
    <trkpt lat="25.10307" lon="121.91837"/>
    <trkpt lat="25.10321" lon="121.91844"/>
    <trkpt lat="25.1033" lon="121.91848"/>
    <trkpt lat="25.10342" lon="121.91856"/>
    <trkpt lat="25.10351" lon="121.91863"/>
    <trkpt lat="25.10353" lon="121.91865"/>
    <trkpt lat="25.10361" lon="121.91873"/>
    <trkpt lat="25.10371" lon="121.91884"/>
    <trkpt lat="25.10384" lon="121.91902"/>
    <trkpt lat="25.10398" lon="121.91926"/>
    <trkpt lat="25.10401" lon="121.91929"/>
    <trkpt lat="25.10409" lon="121.91942"/>
    <trkpt lat="25.10414" lon="121.91948"/>
    <trkpt lat="25.10424" lon="121.9196"/>
    <trkpt lat="25.1043" lon="121.91965"/>
    <trkpt lat="25.1044" lon="121.91971"/>
    <trkpt lat="25.10449" lon="121.91976"/>
    <trkpt lat="25.10452" lon="121.91977"/>
    <trkpt lat="25.10468" lon="121.91984"/>
    <trkpt lat="25.10469" lon="121.91984"/>
    <trkpt lat="25.10479" lon="121.91987"/>
    <trkpt lat="25.10486" lon="121.91989"/>
    <trkpt lat="25.10498" lon="121.9199"/>
    <trkpt lat="25.10516" lon="121.91988"/>
    <trkpt lat="25.10534" lon="121.91987"/>
    <trkpt lat="25.10554" lon="121.91985"/>
    <trkpt lat="25.10598" lon="121.91979"/>
    <trkpt lat="25.10616" lon="121.91977"/>
    <trkpt lat="25.10648" lon="121.91973"/>
    <trkpt lat="25.10652" lon="121.91973"/>
    <trkpt lat="25.10688" lon="121.9197"/>
    <trkpt lat="25.10723" lon="121.91967"/>
    <trkpt lat="25.10741" lon="121.91965"/>
    <trkpt lat="25.10752" lon="121.91964"/>
    <trkpt lat="25.10755" lon="121.91963"/>
    <trkpt lat="25.1076" lon="121.91961"/>
    <trkpt lat="25.10768" lon="121.91959"/>
    <trkpt lat="25.10772" lon="121.91958"/>
    <trkpt lat="25.10777" lon="121.91957"/>
    <trkpt lat="25.10784" lon="121.91955"/>
    <trkpt lat="25.1085" lon="121.91947"/>
    <trkpt lat="25.10861" lon="121.91947"/>
    <trkpt lat="25.10865" lon="121.91947"/>
    <trkpt lat="25.10866" lon="121.91948"/>
    <trkpt lat="25.1087" lon="121.91948"/>
    <trkpt lat="25.10878" lon="121.9195"/>
    <trkpt lat="25.10882" lon="121.91951"/>
    <trkpt lat="25.10887" lon="121.91953"/>
    <trkpt lat="25.10899" lon="121.91958"/>
    <trkpt lat="25.10915" lon="121.91966"/>
    <trkpt lat="25.10932" lon="121.91973"/>
    <trkpt lat="25.10938" lon="121.91975"/>
    <trkpt lat="25.10949" lon="121.9198"/>
    <trkpt lat="25.10958" lon="121.91984"/>
    <trkpt lat="25.11009" lon="121.92006"/>
    <trkpt lat="25.11015" lon="121.9201"/>
    <trkpt lat="25.1102" lon="121.92012"/>
    <trkpt lat="25.11026" lon="121.92012"/>
    <trkpt lat="25.11029" lon="121.92013"/>
    <trkpt lat="25.11033" lon="121.92013"/>
    <trkpt lat="25.11039" lon="121.92012"/>
    <trkpt lat="25.11045" lon="121.92011"/>
    <trkpt lat="25.11049" lon="121.92009"/>
    <trkpt lat="25.11053" lon="121.92007"/>
    <trkpt lat="25.11057" lon="121.92004"/>
    <trkpt lat="25.11061" lon="121.92"/>
    <trkpt lat="25.11065" lon="121.91994"/>
    <trkpt lat="25.11068" lon="121.9199"/>
    <trkpt lat="25.1107" lon="121.91987"/>
    <trkpt lat="25.11072" lon="121.91984"/>
    <trkpt lat="25.11074" lon="121.91978"/>
    <trkpt lat="25.11076" lon="121.91971"/>
    <trkpt lat="25.11076" lon="121.91961"/>
    <trkpt lat="25.11076" lon="121.91952"/>
    <trkpt lat="25.11074" lon="121.91947"/>
    <trkpt lat="25.11071" lon="121.9194"/>
    <trkpt lat="25.1107" lon="121.91936"/>
    <trkpt lat="25.11069" lon="121.91934"/>
    <trkpt lat="25.11065" lon="121.91928"/>
    <trkpt lat="25.11063" lon="121.91925"/>
    <trkpt lat="25.11059" lon="121.91922"/>
    <trkpt lat="25.11058" lon="121.91921"/>
    <trkpt lat="25.11056" lon="121.91918"/>
    <trkpt lat="25.11053" lon="121.91917"/>
    <trkpt lat="25.11049" lon="121.91914"/>
    <trkpt lat="25.11045" lon="121.91912"/>
    <trkpt lat="25.11041" lon="121.91911"/>
    <trkpt lat="25.11037" lon="121.9191"/>
    <trkpt lat="25.11032" lon="121.91909"/>
    <trkpt lat="25.11025" lon="121.91908"/>
    <trkpt lat="25.11022" lon="121.91908"/>
    <trkpt lat="25.1102" lon="121.91908"/>
    <trkpt lat="25.11015" lon="121.91909"/>
    <trkpt lat="25.11009" lon="121.91911"/>
    <trkpt lat="25.11" lon="121.91911"/>
    <trkpt lat="25.1099" lon="121.9191"/>
    <trkpt lat="25.10983" lon="121.91909"/>
    <trkpt lat="25.10977" lon="121.91906"/>
    <trkpt lat="25.10973" lon="121.91905"/>
    <trkpt lat="25.10971" lon="121.91904"/>
    <trkpt lat="25.10967" lon="121.91901"/>
    <trkpt lat="25.10965" lon="121.91899"/>
    <trkpt lat="25.10961" lon="121.91896"/>
    <trkpt lat="25.10958" lon="121.91891"/>
    <trkpt lat="25.10954" lon="121.91884"/>
    <trkpt lat="25.1095" lon="121.91875"/>
    <trkpt lat="25.10948" lon="121.91865"/>
    <trkpt lat="25.10948" lon="121.91855"/>
    <trkpt lat="25.1095" lon="121.91843"/>
    <trkpt lat="25.10951" lon="121.91837"/>
    <trkpt lat="25.10955" lon="121.91821"/>
    <trkpt lat="25.10958" lon="121.91811"/>
    <trkpt lat="25.10959" lon="121.91803"/>
    <trkpt lat="25.10959" lon="121.91795"/>
    <trkpt lat="25.10958" lon="121.91787"/>
    <trkpt lat="25.10956" lon="121.91778"/>
    <trkpt lat="25.10954" lon="121.91773"/>
    <trkpt lat="25.10952" lon="121.91769"/>
    <trkpt lat="25.10947" lon="121.91762"/>
    <trkpt lat="25.10941" lon="121.91755"/>
    <trkpt lat="25.10933" lon="121.91749"/>
    <trkpt lat="25.10929" lon="121.91746"/>
    <trkpt lat="25.10913" lon="121.91732"/>
    <trkpt lat="25.109" lon="121.91719"/>
    <trkpt lat="25.1089" lon="121.91706"/>
    <trkpt lat="25.10882" lon="121.91693"/>
    <trkpt lat="25.10874" lon="121.91681"/>
    <trkpt lat="25.10872" lon="121.91677"/>
    <trkpt lat="25.10868" lon="121.9167"/>
    <trkpt lat="25.10864" lon="121.91663"/>
    <trkpt lat="25.10861" lon="121.91654"/>
    <trkpt lat="25.1086" lon="121.91648"/>
    <trkpt lat="25.10859" lon="121.91643"/>
    <trkpt lat="25.10859" lon="121.9164"/>
    <trkpt lat="25.10859" lon="121.91636"/>
    <trkpt lat="25.1086" lon="121.9163"/>
    <trkpt lat="25.10862" lon="121.91624"/>
    <trkpt lat="25.10864" lon="121.91618"/>
    <trkpt lat="25.10866" lon="121.91614"/>
    <trkpt lat="25.10869" lon="121.9161"/>
    <trkpt lat="25.10872" lon="121.91606"/>
    <trkpt lat="25.10873" lon="121.91605"/>
    <trkpt lat="25.10876" lon="121.91601"/>
    <trkpt lat="25.10889" lon="121.91594"/>
    <trkpt lat="25.10898" lon="121.9159"/>
    <trkpt lat="25.10903" lon="121.91589"/>
    <trkpt lat="25.10908" lon="121.91589"/>
    <trkpt lat="25.10914" lon="121.91589"/>
    <trkpt lat="25.1092" lon="121.91591"/>
    <trkpt lat="25.10922" lon="121.91592"/>
    <trkpt lat="25.10928" lon="121.91594"/>
    <trkpt lat="25.10933" lon="121.91598"/>
    <trkpt lat="25.10941" lon="121.91604"/>
    <trkpt lat="25.1095" lon="121.91612"/>
    <trkpt lat="25.10964" lon="121.91629"/>
    <trkpt lat="25.10968" lon="121.91634"/>
    <trkpt lat="25.1097" lon="121.91635"/>
    <trkpt lat="25.10979" lon="121.91646"/>
    <trkpt lat="25.10988" lon="121.91653"/>
    <trkpt lat="25.10995" lon="121.91658"/>
    <trkpt lat="25.11003" lon="121.91662"/>
    <trkpt lat="25.11012" lon="121.91664"/>
    <trkpt lat="25.11022" lon="121.91666"/>
    <trkpt lat="25.11035" lon="121.91666"/>
    <trkpt lat="25.11051" lon="121.91666"/>
    <trkpt lat="25.1106" lon="121.91666"/>
    <trkpt lat="25.11068" lon="121.91663"/>
    <trkpt lat="25.11078" lon="121.91657"/>
    <trkpt lat="25.11082" lon="121.91653"/>
    <trkpt lat="25.11086" lon="121.91647"/>
    <trkpt lat="25.11091" lon="121.91641"/>
    <trkpt lat="25.11094" lon="121.91634"/>
    <trkpt lat="25.11096" lon="121.91626"/>
    <trkpt lat="25.11097" lon="121.91616"/>
    <trkpt lat="25.11097" lon="121.91614"/>
    <trkpt lat="25.11097" lon="121.91594"/>
    <trkpt lat="25.11097" lon="121.91543"/>
    <trkpt lat="25.11097" lon="121.91535"/>
    <trkpt lat="25.11097" lon="121.91531"/>
    <trkpt lat="25.11099" lon="121.91522"/>
    <trkpt lat="25.11102" lon="121.91514"/>
    <trkpt lat="25.11108" lon="121.91501"/>
    <trkpt lat="25.11113" lon="121.9149"/>
    <trkpt lat="25.11126" lon="121.91463"/>
    <trkpt lat="25.11132" lon="121.9145"/>
    <trkpt lat="25.11134" lon="121.91447"/>
    <trkpt lat="25.11162" lon="121.91375"/>
    <trkpt lat="25.11168" lon="121.91359"/>
    <trkpt lat="25.11177" lon="121.91336"/>
    <trkpt lat="25.11205" lon="121.91257"/>
    <trkpt lat="25.1121" lon="121.9125"/>
    <trkpt lat="25.11211" lon="121.91247"/>
    <trkpt lat="25.11213" lon="121.91245"/>
    <trkpt lat="25.1122" lon="121.91237"/>
    <trkpt lat="25.11229" lon="121.91229"/>
    <trkpt lat="25.11244" lon="121.9122"/>
    <trkpt lat="25.11291" lon="121.912"/>
    <trkpt lat="25.11308" lon="121.91193"/>
    <trkpt lat="25.1132" lon="121.91188"/>
    <trkpt lat="25.11335" lon="121.91184"/>
    <trkpt lat="25.1134" lon="121.91184"/>
    <trkpt lat="25.11345" lon="121.91185"/>
    <trkpt lat="25.11351" lon="121.91187"/>
    <trkpt lat="25.11357" lon="121.9119"/>
    <trkpt lat="25.11364" lon="121.91196"/>
    <trkpt lat="25.1137" lon="121.91201"/>
    <trkpt lat="25.11378" lon="121.91208"/>
    <trkpt lat="25.11389" lon="121.91219"/>
    <trkpt lat="25.1142" lon="121.91251"/>
    <trkpt lat="25.11423" lon="121.91254"/>
    <trkpt lat="25.11433" lon="121.91264"/>
    <trkpt lat="25.11441" lon="121.91273"/>
    <trkpt lat="25.11472" lon="121.91302"/>
    <trkpt lat="25.11473" lon="121.91303"/>
    <trkpt lat="25.11496" lon="121.91323"/>
    <trkpt lat="25.11585" lon="121.91398"/>
    <trkpt lat="25.11591" lon="121.91404"/>
    <trkpt lat="25.11597" lon="121.9141"/>
    <trkpt lat="25.11614" lon="121.91425"/>
    <trkpt lat="25.11616" lon="121.91427"/>
    <trkpt lat="25.11647" lon="121.91461"/>
    <trkpt lat="25.11664" lon="121.9148"/>
    <trkpt lat="25.11668" lon="121.91484"/>
    <trkpt lat="25.11676" lon="121.91494"/>
    <trkpt lat="25.11683" lon="121.91502"/>
    <trkpt lat="25.11687" lon="121.91508"/>
    <trkpt lat="25.11689" lon="121.91511"/>
    <trkpt lat="25.11693" lon="121.91516"/>
    <trkpt lat="25.11698" lon="121.91522"/>
    <trkpt lat="25.11698" lon="121.91523"/>
    <trkpt lat="25.11705" lon="121.91533"/>
    <trkpt lat="25.11713" lon="121.91544"/>
    <trkpt lat="25.11718" lon="121.91552"/>
    <trkpt lat="25.11723" lon="121.91561"/>
    <trkpt lat="25.11728" lon="121.91569"/>
    <trkpt lat="25.11737" lon="121.91586"/>
    <trkpt lat="25.11741" lon="121.91596"/>
    <trkpt lat="25.11745" lon="121.91603"/>
    <trkpt lat="25.11755" lon="121.91623"/>
    <trkpt lat="25.11756" lon="121.91625"/>
    <trkpt lat="25.1177" lon="121.91649"/>
    <trkpt lat="25.11777" lon="121.91659"/>
    <trkpt lat="25.11784" lon="121.91668"/>
    <trkpt lat="25.11805" lon="121.91692"/>
    <trkpt lat="25.11806" lon="121.91693"/>
    <trkpt lat="25.1181" lon="121.91697"/>
    <trkpt lat="25.11823" lon="121.91712"/>
    <trkpt lat="25.11848" lon="121.9174"/>
    <trkpt lat="25.11855" lon="121.91748"/>
    <trkpt lat="25.11861" lon="121.91754"/>
    <trkpt lat="25.11871" lon="121.91765"/>
    <trkpt lat="25.1188" lon="121.91773"/>
    <trkpt lat="25.1189" lon="121.91782"/>
    <trkpt lat="25.119" lon="121.91787"/>
    <trkpt lat="25.11911" lon="121.91793"/>
    <trkpt lat="25.11936" lon="121.918"/>
    <trkpt lat="25.11943" lon="121.91801"/>
    <trkpt lat="25.1195" lon="121.91802"/>
    <trkpt lat="25.11959" lon="121.91802"/>
    <trkpt lat="25.11971" lon="121.91802"/>
    <trkpt lat="25.11982" lon="121.918"/>
    <trkpt lat="25.11983" lon="121.918"/>
    <trkpt lat="25.11992" lon="121.91798"/>
    <trkpt lat="25.11999" lon="121.91796"/>
    <trkpt lat="25.12" lon="121.91795"/>
    <trkpt lat="25.12011" lon="121.9179"/>
    <trkpt lat="25.12029" lon="121.9178"/>
    <trkpt lat="25.12045" lon="121.9177"/>
    <trkpt lat="25.12093" lon="121.91735"/>
    <trkpt lat="25.12135" lon="121.91705"/>
    <trkpt lat="25.12144" lon="121.91697"/>
    <trkpt lat="25.12155" lon="121.91688"/>
    <trkpt lat="25.1217" lon="121.91674"/>
    <trkpt lat="25.12178" lon="121.9167"/>
    <trkpt lat="25.12187" lon="121.91661"/>
    <trkpt lat="25.12192" lon="121.91656"/>
    <trkpt lat="25.12205" lon="121.91643"/>
    <trkpt lat="25.12211" lon="121.91636"/>
    <trkpt lat="25.12227" lon="121.91621"/>
    <trkpt lat="25.12233" lon="121.91616"/>
    <trkpt lat="25.12239" lon="121.91611"/>
    <trkpt lat="25.1225" lon="121.91602"/>
    <trkpt lat="25.12256" lon="121.91597"/>
    <trkpt lat="25.12262" lon="121.91593"/>
    <trkpt lat="25.12272" lon="121.91587"/>
    <trkpt lat="25.12287" lon="121.91578"/>
    <trkpt lat="25.12318" lon="121.91561"/>
    <trkpt lat="25.12338" lon="121.91547"/>
    <trkpt lat="25.12339" lon="121.91546"/>
    <trkpt lat="25.12349" lon="121.91538"/>
    <trkpt lat="25.12352" lon="121.91534"/>
    <trkpt lat="25.1236" lon="121.91526"/>
    <trkpt lat="25.12364" lon="121.9152"/>
    <trkpt lat="25.12366" lon="121.91517"/>
    <trkpt lat="25.12376" lon="121.91505"/>
    <trkpt lat="25.12384" lon="121.91491"/>
    <trkpt lat="25.12394" lon="121.91475"/>
    <trkpt lat="25.12399" lon="121.9146"/>
    <trkpt lat="25.12401" lon="121.91453"/>
    <trkpt lat="25.12403" lon="121.91444"/>
    <trkpt lat="25.12405" lon="121.91434"/>
    <trkpt lat="25.12406" lon="121.91421"/>
    <trkpt lat="25.12406" lon="121.91413"/>
    <trkpt lat="25.12405" lon="121.91403"/>
    <trkpt lat="25.12401" lon="121.91371"/>
    <trkpt lat="25.12398" lon="121.91354"/>
    <trkpt lat="25.12397" lon="121.91342"/>
    <trkpt lat="25.12395" lon="121.91325"/>
    <trkpt lat="25.12395" lon="121.91316"/>
    <trkpt lat="25.12394" lon="121.91305"/>
    <trkpt lat="25.12392" lon="121.91296"/>
    <trkpt lat="25.12391" lon="121.9129"/>
    <trkpt lat="25.1239" lon="121.91284"/>
    <trkpt lat="25.12389" lon="121.91282"/>
    <trkpt lat="25.12387" lon="121.91279"/>
    <trkpt lat="25.12386" lon="121.91278"/>
    <trkpt lat="25.12375" lon="121.91257"/>
    <trkpt lat="25.12361" lon="121.91242"/>
    <trkpt lat="25.12347" lon="121.9123"/>
    <trkpt lat="25.12332" lon="121.91218"/>
    <trkpt lat="25.12321" lon="121.91202"/>
    <trkpt lat="25.12312" lon="121.91184"/>
    <trkpt lat="25.12307" lon="121.9117"/>
    <trkpt lat="25.12306" lon="121.91166"/>
    <trkpt lat="25.12303" lon="121.91152"/>
    <trkpt lat="25.12303" lon="121.91147"/>
    <trkpt lat="25.12303" lon="121.91125"/>
    <trkpt lat="25.12299" lon="121.91098"/>
    <trkpt lat="25.12291" lon="121.91076"/>
    <trkpt lat="25.12281" lon="121.91066"/>
    <trkpt lat="25.12269" lon="121.91058"/>
    <trkpt lat="25.12261" lon="121.91052"/>
    <trkpt lat="25.12254" lon="121.91047"/>
    <trkpt lat="25.1225" lon="121.91041"/>
    <trkpt lat="25.12236" lon="121.91032"/>
    <trkpt lat="25.12231" lon="121.91028"/>
    <trkpt lat="25.12226" lon="121.91024"/>
    <trkpt lat="25.12217" lon="121.91015"/>
    <trkpt lat="25.12211" lon="121.91005"/>
    <trkpt lat="25.12202" lon="121.90991"/>
    <trkpt lat="25.12196" lon="121.90978"/>
    <trkpt lat="25.12194" lon="121.90974"/>
    <trkpt lat="25.1219" lon="121.90963"/>
    <trkpt lat="25.12188" lon="121.90946"/>
    <trkpt lat="25.12188" lon="121.90943"/>
    <trkpt lat="25.12188" lon="121.90929"/>
    <trkpt lat="25.12185" lon="121.90897"/>
    <trkpt lat="25.12183" lon="121.90863"/>
    <trkpt lat="25.12182" lon="121.90842"/>
    <trkpt lat="25.12181" lon="121.90833"/>
    <trkpt lat="25.12179" lon="121.90824"/>
    <trkpt lat="25.12178" lon="121.90819"/>
    <trkpt lat="25.12175" lon="121.90813"/>
    <trkpt lat="25.12173" lon="121.90809"/>
    <trkpt lat="25.12166" lon="121.90797"/>
    <trkpt lat="25.12165" lon="121.90797"/>
    <trkpt lat="25.12165" lon="121.90796"/>
    <trkpt lat="25.12153" lon="121.90781"/>
    <trkpt lat="25.12149" lon="121.90775"/>
    <trkpt lat="25.12144" lon="121.90769"/>
    <trkpt lat="25.12141" lon="121.90765"/>
    <trkpt lat="25.12137" lon="121.9076"/>
    <trkpt lat="25.12136" lon="121.90759"/>
    <trkpt lat="25.1213" lon="121.90748"/>
    <trkpt lat="25.12125" lon="121.90737"/>
    <trkpt lat="25.12122" lon="121.90732"/>
    <trkpt lat="25.12118" lon="121.90724"/>
    <trkpt lat="25.12116" lon="121.90711"/>
    <trkpt lat="25.12115" lon="121.90707"/>
    <trkpt lat="25.12115" lon="121.90696"/>
    <trkpt lat="25.12115" lon="121.90687"/>
    <trkpt lat="25.12114" lon="121.90677"/>
    <trkpt lat="25.12112" lon="121.90611"/>
    <trkpt lat="25.12112" lon="121.90608"/>
    <trkpt lat="25.12112" lon="121.90587"/>
    <trkpt lat="25.12112" lon="121.90576"/>
    <trkpt lat="25.12112" lon="121.90574"/>
    <trkpt lat="25.12112" lon="121.90568"/>
    <trkpt lat="25.12113" lon="121.90559"/>
    <trkpt lat="25.12114" lon="121.90555"/>
    <trkpt lat="25.12114" lon="121.9055"/>
    <trkpt lat="25.12115" lon="121.90548"/>
    <trkpt lat="25.12121" lon="121.90531"/>
    <trkpt lat="25.12122" lon="121.90528"/>
    <trkpt lat="25.1213" lon="121.90512"/>
    <trkpt lat="25.12143" lon="121.90487"/>
    <trkpt lat="25.12154" lon="121.90469"/>
    <trkpt lat="25.12171" lon="121.90448"/>
    <trkpt lat="25.12193" lon="121.9042"/>
    <trkpt lat="25.12202" lon="121.90409"/>
    <trkpt lat="25.1221" lon="121.90396"/>
    <trkpt lat="25.12212" lon="121.90391"/>
    <trkpt lat="25.12213" lon="121.90388"/>
    <trkpt lat="25.12215" lon="121.90382"/>
    <trkpt lat="25.12218" lon="121.90373"/>
    <trkpt lat="25.12218" lon="121.90372"/>
    <trkpt lat="25.12218" lon="121.90368"/>
    <trkpt lat="25.12219" lon="121.90367"/>
    <trkpt lat="25.12219" lon="121.90365"/>
    <trkpt lat="25.12219" lon="121.90357"/>
    <trkpt lat="25.12218" lon="121.90349"/>
    <trkpt lat="25.12215" lon="121.9034"/>
    <trkpt lat="25.1221" lon="121.90324"/>
    <trkpt lat="25.12196" lon="121.90298"/>
    <trkpt lat="25.12187" lon="121.90281"/>
    <trkpt lat="25.12177" lon="121.90265"/>
    <trkpt lat="25.12175" lon="121.90261"/>
    <trkpt lat="25.12167" lon="121.90246"/>
    <trkpt lat="25.12157" lon="121.90228"/>
    <trkpt lat="25.12146" lon="121.90213"/>
    <trkpt lat="25.12135" lon="121.90201"/>
    <trkpt lat="25.12123" lon="121.90189"/>
    <trkpt lat="25.12108" lon="121.90175"/>
    <trkpt lat="25.12092" lon="121.9016"/>
    <trkpt lat="25.1208" lon="121.9015"/>
    <trkpt lat="25.12079" lon="121.90149"/>
    <trkpt lat="25.12066" lon="121.90138"/>
    <trkpt lat="25.12065" lon="121.90137"/>
    <trkpt lat="25.12052" lon="121.90125"/>
    <trkpt lat="25.12042" lon="121.90112"/>
    <trkpt lat="25.12026" lon="121.90091"/>
    <trkpt lat="25.12018" lon="121.90076"/>
    <trkpt lat="25.12012" lon="121.90067"/>
    <trkpt lat="25.12009" lon="121.90059"/>
    <trkpt lat="25.11999" lon="121.90037"/>
    <trkpt lat="25.11989" lon="121.90019"/>
    <trkpt lat="25.11979" lon="121.90004"/>
    <trkpt lat="25.11973" lon="121.89993"/>
    <trkpt lat="25.11968" lon="121.89986"/>
    <trkpt lat="25.11955" lon="121.89962"/>
    <trkpt lat="25.11944" lon="121.89943"/>
    <trkpt lat="25.1194" lon="121.89931"/>
    <trkpt lat="25.11935" lon="121.89919"/>
    <trkpt lat="25.11933" lon="121.89908"/>
    <trkpt lat="25.11929" lon="121.89893"/>
    <trkpt lat="25.11928" lon="121.89886"/>
    <trkpt lat="25.11924" lon="121.89866"/>
    <trkpt lat="25.11921" lon="121.8985"/>
    <trkpt lat="25.1192" lon="121.89847"/>
    <trkpt lat="25.11918" lon="121.8983"/>
    <trkpt lat="25.11917" lon="121.89828"/>
    <trkpt lat="25.11915" lon="121.89812"/>
    <trkpt lat="25.11913" lon="121.89799"/>
    <trkpt lat="25.11912" lon="121.89777"/>
    <trkpt lat="25.11912" lon="121.89759"/>
    <trkpt lat="25.11914" lon="121.89744"/>
    <trkpt lat="25.11923" lon="121.89712"/>
    <trkpt lat="25.11923" lon="121.8971"/>
    <trkpt lat="25.11934" lon="121.89682"/>
    <trkpt lat="25.11957" lon="121.89629"/>
    <trkpt lat="25.11986" lon="121.8957"/>
    <trkpt lat="25.11991" lon="121.89558"/>
    <trkpt lat="25.11994" lon="121.89551"/>
    <trkpt lat="25.11996" lon="121.89541"/>
    <trkpt lat="25.11996" lon="121.89538"/>
    <trkpt lat="25.11996" lon="121.89537"/>
    <trkpt lat="25.11996" lon="121.89532"/>
    <trkpt lat="25.11997" lon="121.8953"/>
    <trkpt lat="25.11996" lon="121.89524"/>
    <trkpt lat="25.11995" lon="121.89514"/>
    <trkpt lat="25.11994" lon="121.89509"/>
    <trkpt lat="25.1199" lon="121.89498"/>
    <trkpt lat="25.11979" lon="121.89478"/>
    <trkpt lat="25.11973" lon="121.89466"/>
    <trkpt lat="25.11972" lon="121.89465"/>
    <trkpt lat="25.1197" lon="121.8946"/>
    <trkpt lat="25.11969" lon="121.89458"/>
    <trkpt lat="25.11964" lon="121.89447"/>
    <trkpt lat="25.11964" lon="121.89446"/>
    <trkpt lat="25.11958" lon="121.89429"/>
    <trkpt lat="25.11956" lon="121.89417"/>
    <trkpt lat="25.11953" lon="121.894"/>
    <trkpt lat="25.11952" lon="121.89387"/>
    <trkpt lat="25.11952" lon="121.89372"/>
    <trkpt lat="25.11952" lon="121.89345"/>
    <trkpt lat="25.11951" lon="121.89333"/>
    <trkpt lat="25.11951" lon="121.8933"/>
    <trkpt lat="25.11949" lon="121.89314"/>
    <trkpt lat="25.11948" lon="121.89306"/>
    <trkpt lat="25.11948" lon="121.89305"/>
    <trkpt lat="25.11946" lon="121.89295"/>
    <trkpt lat="25.11944" lon="121.89277"/>
    <trkpt lat="25.11931" lon="121.89211"/>
    <trkpt lat="25.11927" lon="121.89191"/>
    <trkpt lat="25.11927" lon="121.89179"/>
    <trkpt lat="25.11927" lon="121.89169"/>
    <trkpt lat="25.11929" lon="121.89161"/>
    <trkpt lat="25.11932" lon="121.89151"/>
    <trkpt lat="25.11943" lon="121.89119"/>
    <trkpt lat="25.1195" lon="121.89101"/>
    <trkpt lat="25.11957" lon="121.89079"/>
    <trkpt lat="25.11959" lon="121.89069"/>
    <trkpt lat="25.1196" lon="121.89067"/>
    <trkpt lat="25.11961" lon="121.89058"/>
    <trkpt lat="25.11961" lon="121.89035"/>
    <trkpt lat="25.1196" lon="121.89012"/>
    <trkpt lat="25.1196" lon="121.88994"/>
    <trkpt lat="25.11961" lon="121.8898"/>
    <trkpt lat="25.11965" lon="121.88966"/>
    <trkpt lat="25.11969" lon="121.88956"/>
    <trkpt lat="25.11972" lon="121.88952"/>
    <trkpt lat="25.11981" lon="121.8894"/>
    <trkpt lat="25.11988" lon="121.88932"/>
    <trkpt lat="25.11994" lon="121.88925"/>
    <trkpt lat="25.12001" lon="121.88918"/>
    <trkpt lat="25.12014" lon="121.88904"/>
    <trkpt lat="25.12045" lon="121.88871"/>
    <trkpt lat="25.12049" lon="121.88866"/>
    <trkpt lat="25.12052" lon="121.88861"/>
    <trkpt lat="25.12057" lon="121.88854"/>
    <trkpt lat="25.12062" lon="121.88845"/>
    <trkpt lat="25.12064" lon="121.88839"/>
    <trkpt lat="25.12067" lon="121.88832"/>
    <trkpt lat="25.12069" lon="121.88824"/>
    <trkpt lat="25.12072" lon="121.88808"/>
    <trkpt lat="25.12074" lon="121.88795"/>
    <trkpt lat="25.12082" lon="121.88765"/>
    <trkpt lat="25.12086" lon="121.88755"/>
    <trkpt lat="25.12089" lon="121.88751"/>
    <trkpt lat="25.12092" lon="121.88747"/>
    <trkpt lat="25.12101" lon="121.88736"/>
    <trkpt lat="25.12169" lon="121.88658"/>
    <trkpt lat="25.12222" lon="121.88588"/>
    <trkpt lat="25.12243" lon="121.8856"/>
    <trkpt lat="25.12272" lon="121.88521"/>
    <trkpt lat="25.12283" lon="121.88507"/>
    <trkpt lat="25.12289" lon="121.88496"/>
    <trkpt lat="25.12292" lon="121.8849"/>
    <trkpt lat="25.12295" lon="121.88482"/>
    <trkpt lat="25.12298" lon="121.88474"/>
    <trkpt lat="25.12301" lon="121.88461"/>
    <trkpt lat="25.12302" lon="121.8845"/>
    <trkpt lat="25.12303" lon="121.88447"/>
    <trkpt lat="25.12303" lon="121.88441"/>
    <trkpt lat="25.12306" lon="121.88433"/>
    <trkpt lat="25.12307" lon="121.88393"/>
    <trkpt lat="25.12307" lon="121.88373"/>
    <trkpt lat="25.12307" lon="121.88361"/>
    <trkpt lat="25.12303" lon="121.88308"/>
    <trkpt lat="25.12299" lon="121.88274"/>
    <trkpt lat="25.12297" lon="121.88255"/>
    <trkpt lat="25.1229" lon="121.88195"/>
    <trkpt lat="25.12276" lon="121.88095"/>
    <trkpt lat="25.12269" lon="121.88064"/>
    <trkpt lat="25.12252" lon="121.88015"/>
    <trkpt lat="25.12249" lon="121.88011"/>
    <trkpt lat="25.12244" lon="121.87996"/>
    <trkpt lat="25.12238" lon="121.87975"/>
    <trkpt lat="25.12234" lon="121.87955"/>
    <trkpt lat="25.12233" lon="121.87935"/>
    <trkpt lat="25.12233" lon="121.87919"/>
    <trkpt lat="25.12234" lon="121.87906"/>
    <trkpt lat="25.12237" lon="121.87894"/>
    <trkpt lat="25.1224" lon="121.87886"/>
    <trkpt lat="25.12246" lon="121.8787"/>
    <trkpt lat="25.12261" lon="121.87833"/>
    <trkpt lat="25.12265" lon="121.87822"/>
    <trkpt lat="25.12268" lon="121.87809"/>
    <trkpt lat="25.12269" lon="121.87801"/>
    <trkpt lat="25.1227" lon="121.87776"/>
    <trkpt lat="25.12273" lon="121.87695"/>
    <trkpt lat="25.12276" lon="121.87667"/>
    <trkpt lat="25.12283" lon="121.8764"/>
    <trkpt lat="25.12287" lon="121.87629"/>
    <trkpt lat="25.12292" lon="121.8762"/>
    <trkpt lat="25.12299" lon="121.87606"/>
    <trkpt lat="25.12312" lon="121.87584"/>
    <trkpt lat="25.12424" lon="121.87414"/>
    <trkpt lat="25.1243" lon="121.87402"/>
    <trkpt lat="25.12433" lon="121.87393"/>
    <trkpt lat="25.12436" lon="121.87383"/>
    <trkpt lat="25.12437" lon="121.87366"/>
    <trkpt lat="25.12437" lon="121.87359"/>
    <trkpt lat="25.12436" lon="121.87348"/>
    <trkpt lat="25.12432" lon="121.87332"/>
    <trkpt lat="25.12428" lon="121.87318"/>
    <trkpt lat="25.1242" lon="121.87301"/>
    <trkpt lat="25.12413" lon="121.87291"/>
    <trkpt lat="25.12401" lon="121.87272"/>
    <trkpt lat="25.12373" lon="121.87228"/>
    <trkpt lat="25.12342" lon="121.87179"/>
    <trkpt lat="25.12335" lon="121.8717"/>
    <trkpt lat="25.12327" lon="121.87155"/>
    <trkpt lat="25.12327" lon="121.87154"/>
    <trkpt lat="25.1232" lon="121.87137"/>
    <trkpt lat="25.12316" lon="121.87119"/>
    <trkpt lat="25.12315" lon="121.87104"/>
    <trkpt lat="25.12317" lon="121.87091"/>
    <trkpt lat="25.12319" lon="121.87073"/>
    <trkpt lat="25.12324" lon="121.87051"/>
    <trkpt lat="25.12326" lon="121.8704"/>
    <trkpt lat="25.12328" lon="121.8703"/>
    <trkpt lat="25.1233" lon="121.87018"/>
    <trkpt lat="25.1233" lon="121.87004"/>
    <trkpt lat="25.1233" lon="121.86986"/>
    <trkpt lat="25.12329" lon="121.86974"/>
    <trkpt lat="25.12326" lon="121.8696"/>
    <trkpt lat="25.12323" lon="121.86946"/>
    <trkpt lat="25.12316" lon="121.86933"/>
    <trkpt lat="25.12315" lon="121.86929"/>
    <trkpt lat="25.12312" lon="121.86924"/>
    <trkpt lat="25.12305" lon="121.86917"/>
    <trkpt lat="25.12303" lon="121.86915"/>
    <trkpt lat="25.12296" lon="121.86908"/>
    <trkpt lat="25.12289" lon="121.86902"/>
    <trkpt lat="25.12286" lon="121.86901"/>
    <trkpt lat="25.12274" lon="121.86891"/>
    <trkpt lat="25.1227" lon="121.86889"/>
    <trkpt lat="25.12258" lon="121.86881"/>
    <trkpt lat="25.12256" lon="121.8688"/>
    <trkpt lat="25.12245" lon="121.86872"/>
    <trkpt lat="25.12243" lon="121.8687"/>
    <trkpt lat="25.1224" lon="121.86868"/>
    <trkpt lat="25.12236" lon="121.86863"/>
    <trkpt lat="25.12231" lon="121.86856"/>
    <trkpt lat="25.12229" lon="121.86853"/>
    <trkpt lat="25.12222" lon="121.86837"/>
    <trkpt lat="25.12221" lon="121.86834"/>
    <trkpt lat="25.12214" lon="121.86807"/>
    <trkpt lat="25.12208" lon="121.8677"/>
    <trkpt lat="25.12205" lon="121.86751"/>
    <trkpt lat="25.12202" lon="121.8673"/>
    <trkpt lat="25.12198" lon="121.86705"/>
    <trkpt lat="25.12195" lon="121.86687"/>
    <trkpt lat="25.12195" lon="121.8668"/>
    <trkpt lat="25.12193" lon="121.86669"/>
    <trkpt lat="25.12192" lon="121.86655"/>
    <trkpt lat="25.12192" lon="121.86653"/>
    <trkpt lat="25.12193" lon="121.86637"/>
    <trkpt lat="25.12194" lon="121.8662"/>
    <trkpt lat="25.12196" lon="121.86601"/>
    <trkpt lat="25.12198" lon="121.86586"/>
    <trkpt lat="25.12199" lon="121.86578"/>
    <trkpt lat="25.12201" lon="121.86562"/>
    <trkpt lat="25.12207" lon="121.86537"/>
    <trkpt lat="25.12214" lon="121.86498"/>
    <trkpt lat="25.12223" lon="121.86463"/>
    <trkpt lat="25.12225" lon="121.86455"/>
    <trkpt lat="25.12233" lon="121.86432"/>
    <trkpt lat="25.12242" lon="121.86407"/>
    <trkpt lat="25.1225" lon="121.86386"/>
    <trkpt lat="25.12258" lon="121.86363"/>
    <trkpt lat="25.12262" lon="121.86353"/>
    <trkpt lat="25.12268" lon="121.86341"/>
    <trkpt lat="25.12276" lon="121.86329"/>
    <trkpt lat="25.12283" lon="121.86319"/>
    <trkpt lat="25.12292" lon="121.86308"/>
    <trkpt lat="25.12305" lon="121.86294"/>
    <trkpt lat="25.12316" lon="121.86283"/>
    <trkpt lat="25.1233" lon="121.8627"/>
    <trkpt lat="25.12351" lon="121.86261"/>
    <trkpt lat="25.1236" lon="121.86256"/>
    <trkpt lat="25.12364" lon="121.86255"/>
    <trkpt lat="25.12378" lon="121.8625"/>
    <trkpt lat="25.1238" lon="121.8625"/>
    <trkpt lat="25.12401" lon="121.86246"/>
    <trkpt lat="25.12403" lon="121.86245"/>
    <trkpt lat="25.12417" lon="121.86242"/>
    <trkpt lat="25.12424" lon="121.8624"/>
    <trkpt lat="25.12431" lon="121.86238"/>
    <trkpt lat="25.12441" lon="121.86234"/>
    <trkpt lat="25.12448" lon="121.86231"/>
    <trkpt lat="25.12456" lon="121.86225"/>
    <trkpt lat="25.12464" lon="121.86217"/>
    <trkpt lat="25.1247" lon="121.86209"/>
    <trkpt lat="25.12474" lon="121.86202"/>
    <trkpt lat="25.12478" lon="121.86192"/>
    <trkpt lat="25.12478" lon="121.86191"/>
    <trkpt lat="25.1248" lon="121.86184"/>
    <trkpt lat="25.12481" lon="121.86178"/>
    <trkpt lat="25.12481" lon="121.86173"/>
    <trkpt lat="25.12481" lon="121.86168"/>
    <trkpt lat="25.12481" lon="121.86162"/>
    <trkpt lat="25.12479" lon="121.86154"/>
    <trkpt lat="25.12477" lon="121.86147"/>
    <trkpt lat="25.12472" lon="121.86137"/>
    <trkpt lat="25.12466" lon="121.86125"/>
    <trkpt lat="25.12464" lon="121.86122"/>
    <trkpt lat="25.1246" lon="121.86117"/>
    <trkpt lat="25.12453" lon="121.8611"/>
    <trkpt lat="25.12445" lon="121.86104"/>
    <trkpt lat="25.12437" lon="121.86099"/>
    <trkpt lat="25.12422" lon="121.86088"/>
    <trkpt lat="25.12413" lon="121.86081"/>
    <trkpt lat="25.12408" lon="121.86077"/>
    <trkpt lat="25.12401" lon="121.86072"/>
    <trkpt lat="25.12399" lon="121.86071"/>
    <trkpt lat="25.12388" lon="121.86061"/>
    <trkpt lat="25.12375" lon="121.86046"/>
    <trkpt lat="25.12368" lon="121.86035"/>
    <trkpt lat="25.12366" lon="121.8603"/>
    <trkpt lat="25.12365" lon="121.86025"/>
    <trkpt lat="25.12362" lon="121.86016"/>
    <trkpt lat="25.1236" lon="121.85999"/>
    <trkpt lat="25.12361" lon="121.85971"/>
    <trkpt lat="25.12361" lon="121.85969"/>
    <trkpt lat="25.12363" lon="121.85952"/>
    <trkpt lat="25.12365" lon="121.85936"/>
    <trkpt lat="25.12367" lon="121.85912"/>
    <trkpt lat="25.12369" lon="121.85893"/>
    <trkpt lat="25.1237" lon="121.85888"/>
    <trkpt lat="25.12371" lon="121.85873"/>
    <trkpt lat="25.12373" lon="121.85854"/>
    <trkpt lat="25.12373" lon="121.85853"/>
    <trkpt lat="25.12375" lon="121.85833"/>
    <trkpt lat="25.12377" lon="121.85819"/>
    <trkpt lat="25.12385" lon="121.8578"/>
    <trkpt lat="25.12395" lon="121.85735"/>
    <trkpt lat="25.12407" lon="121.85691"/>
    <trkpt lat="25.12413" lon="121.8566"/>
    <trkpt lat="25.12422" lon="121.85621"/>
    <trkpt lat="25.12428" lon="121.85593"/>
    <trkpt lat="25.12438" lon="121.85554"/>
    <trkpt lat="25.12447" lon="121.8552"/>
    <trkpt lat="25.12453" lon="121.85491"/>
    <trkpt lat="25.12455" lon="121.85482"/>
    <trkpt lat="25.12461" lon="121.85457"/>
    <trkpt lat="25.12465" lon="121.85439"/>
    <trkpt lat="25.12469" lon="121.85424"/>
    <trkpt lat="25.12472" lon="121.85413"/>
    <trkpt lat="25.1248" lon="121.85388"/>
    <trkpt lat="25.12491" lon="121.85365"/>
    <trkpt lat="25.12506" lon="121.85336"/>
    <trkpt lat="25.12518" lon="121.85314"/>
    <trkpt lat="25.12526" lon="121.85298"/>
    <trkpt lat="25.12533" lon="121.85279"/>
    <trkpt lat="25.12537" lon="121.85263"/>
    <trkpt lat="25.12538" lon="121.85239"/>
    <trkpt lat="25.12539" lon="121.85212"/>
    <trkpt lat="25.12542" lon="121.85192"/>
    <trkpt lat="25.12549" lon="121.85159"/>
    <trkpt lat="25.12556" lon="121.85134"/>
    <trkpt lat="25.12572" lon="121.85082"/>
    <trkpt lat="25.12585" lon="121.85043"/>
    <trkpt lat="25.12605" lon="121.8498"/>
    <trkpt lat="25.12611" lon="121.84963"/>
    <trkpt lat="25.12618" lon="121.84945"/>
    <trkpt lat="25.12619" lon="121.84942"/>
    <trkpt lat="25.12626" lon="121.84927"/>
    <trkpt lat="25.12645" lon="121.84893"/>
    <trkpt lat="25.12646" lon="121.84891"/>
    <trkpt lat="25.12654" lon="121.84876"/>
    <trkpt lat="25.1266" lon="121.84864"/>
    <trkpt lat="25.1267" lon="121.84844"/>
    <trkpt lat="25.12676" lon="121.8483"/>
    <trkpt lat="25.1268" lon="121.84821"/>
    <trkpt lat="25.12682" lon="121.84812"/>
    <trkpt lat="25.12685" lon="121.84788"/>
    <trkpt lat="25.12685" lon="121.84784"/>
    <trkpt lat="25.12686" lon="121.84766"/>
    <trkpt lat="25.12686" lon="121.84764"/>
    <trkpt lat="25.12684" lon="121.84741"/>
    <trkpt lat="25.12679" lon="121.84719"/>
    <trkpt lat="25.12675" lon="121.84707"/>
    <trkpt lat="25.12674" lon="121.84703"/>
    <trkpt lat="25.12665" lon="121.84681"/>
    <trkpt lat="25.12655" lon="121.84658"/>
    <trkpt lat="25.12645" lon="121.84627"/>
    <trkpt lat="25.12644" lon="121.84613"/>
    <trkpt lat="25.12644" lon="121.84596"/>
    <trkpt lat="25.12649" lon="121.84565"/>
    <trkpt lat="25.12665" lon="121.84501"/>
    <trkpt lat="25.12671" lon="121.84475"/>
    <trkpt lat="25.12673" lon="121.84458"/>
    <trkpt lat="25.12677" lon="121.84442"/>
    <trkpt lat="25.12681" lon="121.84427"/>
    <trkpt lat="25.12683" lon="121.8441"/>
    <trkpt lat="25.12683" lon="121.84396"/>
    <trkpt lat="25.12682" lon="121.8438"/>
    <trkpt lat="25.1268" lon="121.84365"/>
    <trkpt lat="25.1268" lon="121.84363"/>
    <trkpt lat="25.12679" lon="121.84359"/>
    <trkpt lat="25.12678" lon="121.8435"/>
    <trkpt lat="25.12676" lon="121.84332"/>
    <trkpt lat="25.12676" lon="121.84317"/>
    <trkpt lat="25.12677" lon="121.84305"/>
    <trkpt lat="25.12677" lon="121.84299"/>
    <trkpt lat="25.12681" lon="121.84286"/>
    <trkpt lat="25.12683" lon="121.8428"/>
    <trkpt lat="25.12694" lon="121.84261"/>
    <trkpt lat="25.12708" lon="121.8424"/>
    <trkpt lat="25.12722" lon="121.84221"/>
    <trkpt lat="25.12733" lon="121.84205"/>
    <trkpt lat="25.12743" lon="121.8419"/>
    <trkpt lat="25.12751" lon="121.84174"/>
    <trkpt lat="25.12752" lon="121.84172"/>
    <trkpt lat="25.12757" lon="121.84152"/>
    <trkpt lat="25.12762" lon="121.84135"/>
    <trkpt lat="25.12766" lon="121.84115"/>
    <trkpt lat="25.1277" lon="121.84096"/>
    <trkpt lat="25.12773" lon="121.84082"/>
    <trkpt lat="25.12773" lon="121.84076"/>
    <trkpt lat="25.12774" lon="121.84069"/>
    <trkpt lat="25.12776" lon="121.84055"/>
    <trkpt lat="25.12775" lon="121.84019"/>
    <trkpt lat="25.12771" lon="121.8398"/>
    <trkpt lat="25.12767" lon="121.83932"/>
    <trkpt lat="25.1276" lon="121.83872"/>
    <trkpt lat="25.1276" lon="121.83868"/>
    <trkpt lat="25.12753" lon="121.83811"/>
    <trkpt lat="25.12753" lon="121.83799"/>
    <trkpt lat="25.12751" lon="121.83783"/>
    <trkpt lat="25.12748" lon="121.83765"/>
    <trkpt lat="25.12747" lon="121.8375"/>
    <trkpt lat="25.12744" lon="121.83732"/>
    <trkpt lat="25.12736" lon="121.83689"/>
    <trkpt lat="25.12729" lon="121.83651"/>
    <trkpt lat="25.12724" lon="121.83625"/>
    <trkpt lat="25.12722" lon="121.83604"/>
    <trkpt lat="25.12721" lon="121.83581"/>
    <trkpt lat="25.12721" lon="121.83567"/>
    <trkpt lat="25.12721" lon="121.83564"/>
    <trkpt lat="25.1272" lon="121.83549"/>
    <trkpt lat="25.1272" lon="121.83526"/>
    <trkpt lat="25.12719" lon="121.83511"/>
    <trkpt lat="25.12717" lon="121.83501"/>
    <trkpt lat="25.12714" lon="121.83489"/>
    <trkpt lat="25.1271" lon="121.83479"/>
    <trkpt lat="25.12705" lon="121.83468"/>
    <trkpt lat="25.127" lon="121.8346"/>
    <trkpt lat="25.12696" lon="121.83454"/>
    <trkpt lat="25.12688" lon="121.83444"/>
    <trkpt lat="25.1268" lon="121.83435"/>
    <trkpt lat="25.12671" lon="121.83426"/>
    <trkpt lat="25.12657" lon="121.83409"/>
    <trkpt lat="25.12648" lon="121.83395"/>
    <trkpt lat="25.1264" lon="121.83379"/>
    <trkpt lat="25.12635" lon="121.83365"/>
    <trkpt lat="25.12631" lon="121.83352"/>
    <trkpt lat="25.1263" lon="121.83346"/>
    <trkpt lat="25.12626" lon="121.83325"/>
    <trkpt lat="25.12621" lon="121.83297"/>
    <trkpt lat="25.12615" lon="121.83264"/>
    <trkpt lat="25.12609" lon="121.8323"/>
    <trkpt lat="25.12608" lon="121.83225"/>
    <trkpt lat="25.12606" lon="121.8322"/>
    <trkpt lat="25.12589" lon="121.83188"/>
    <trkpt lat="25.12583" lon="121.83178"/>
    <trkpt lat="25.1257" lon="121.83167"/>
    <trkpt lat="25.1255" lon="121.83155"/>
    <trkpt lat="25.1252" lon="121.83143"/>
    <trkpt lat="25.12482" lon="121.83127"/>
    <trkpt lat="25.12467" lon="121.83119"/>
    <trkpt lat="25.12437" lon="121.83104"/>
    <trkpt lat="25.12433" lon="121.83102"/>
    <trkpt lat="25.12431" lon="121.83101"/>
    <trkpt lat="25.12416" lon="121.83097"/>
    <trkpt lat="25.12409" lon="121.83096"/>
    <trkpt lat="25.12404" lon="121.83095"/>
    <trkpt lat="25.12397" lon="121.83095"/>
    <trkpt lat="25.12396" lon="121.83095"/>
    <trkpt lat="25.12389" lon="121.83096"/>
    <trkpt lat="25.12378" lon="121.83098"/>
    <trkpt lat="25.1236" lon="121.83101"/>
    <trkpt lat="25.12351" lon="121.83102"/>
    <trkpt lat="25.1234" lon="121.83103"/>
    <trkpt lat="25.12328" lon="121.83099"/>
    <trkpt lat="25.12318" lon="121.83095"/>
    <trkpt lat="25.12298" lon="121.83084"/>
    <trkpt lat="25.12275" lon="121.83071"/>
    <trkpt lat="25.12247" lon="121.83049"/>
    <trkpt lat="25.12229" lon="121.83031"/>
    <trkpt lat="25.12222" lon="121.83024"/>
    <trkpt lat="25.12219" lon="121.8302"/>
    <trkpt lat="25.12216" lon="121.83016"/>
    <trkpt lat="25.12215" lon="121.83012"/>
    <trkpt lat="25.12208" lon="121.82994"/>
    <trkpt lat="25.12196" lon="121.82954"/>
    <trkpt lat="25.12185" lon="121.82916"/>
    <trkpt lat="25.12173" lon="121.8287"/>
    <trkpt lat="25.12168" lon="121.82855"/>
    <trkpt lat="25.12166" lon="121.82848"/>
    <trkpt lat="25.12164" lon="121.82838"/>
    <trkpt lat="25.12161" lon="121.82822"/>
    <trkpt lat="25.1216" lon="121.8281"/>
    <trkpt lat="25.1216" lon="121.82798"/>
    <trkpt lat="25.1216" lon="121.82795"/>
    <trkpt lat="25.12162" lon="121.82779"/>
    <trkpt lat="25.12162" lon="121.82778"/>
    <trkpt lat="25.12165" lon="121.82755"/>
    <trkpt lat="25.12169" lon="121.82726"/>
    <trkpt lat="25.12172" lon="121.82704"/>
    <trkpt lat="25.12171" lon="121.82676"/>
    <trkpt lat="25.1217" lon="121.82666"/>
    <trkpt lat="25.12168" lon="121.82657"/>
    <trkpt lat="25.12165" lon="121.82649"/>
    <trkpt lat="25.12161" lon="121.82639"/>
    <trkpt lat="25.12157" lon="121.82632"/>
    <trkpt lat="25.12151" lon="121.82623"/>
    <trkpt lat="25.12146" lon="121.82617"/>
    <trkpt lat="25.1213" lon="121.82602"/>
    <trkpt lat="25.12117" lon="121.82592"/>
    <trkpt lat="25.12109" lon="121.82579"/>
    <trkpt lat="25.12106" lon="121.82573"/>
    <trkpt lat="25.12101" lon="121.82563"/>
    <trkpt lat="25.12098" lon="121.82551"/>
    <trkpt lat="25.12095" lon="121.82541"/>
    <trkpt lat="25.12092" lon="121.82526"/>
    <trkpt lat="25.12095" lon="121.82514"/>
    <trkpt lat="25.12095" lon="121.825"/>
    <trkpt lat="25.12095" lon="121.82479"/>
    <trkpt lat="25.12095" lon="121.82466"/>
    <trkpt lat="25.12095" lon="121.82452"/>
    <trkpt lat="25.12095" lon="121.82442"/>
    <trkpt lat="25.12096" lon="121.82418"/>
    <trkpt lat="25.12098" lon="121.82385"/>
    <trkpt lat="25.12099" lon="121.82355"/>
    <trkpt lat="25.12102" lon="121.8226"/>
    <trkpt lat="25.12103" lon="121.82217"/>
    <trkpt lat="25.12106" lon="121.82214"/>
    <trkpt lat="25.12109" lon="121.8221"/>
    <trkpt lat="25.12111" lon="121.82207"/>
    <trkpt lat="25.12112" lon="121.82202"/>
    <trkpt lat="25.12114" lon="121.82193"/>
    <trkpt lat="25.12117" lon="121.82179"/>
    <trkpt lat="25.12121" lon="121.82165"/>
    <trkpt lat="25.12122" lon="121.82162"/>
    <trkpt lat="25.12124" lon="121.82156"/>
    <trkpt lat="25.12127" lon="121.82148"/>
    <trkpt lat="25.12134" lon="121.82136"/>
    <trkpt lat="25.12138" lon="121.82127"/>
    <trkpt lat="25.12139" lon="121.82125"/>
    <trkpt lat="25.12147" lon="121.8211"/>
    <trkpt lat="25.12148" lon="121.8211"/>
    <trkpt lat="25.12154" lon="121.82101"/>
    <trkpt lat="25.12158" lon="121.82095"/>
    <trkpt lat="25.12159" lon="121.82094"/>
    <trkpt lat="25.12163" lon="121.82088"/>
    <trkpt lat="25.12167" lon="121.82083"/>
    <trkpt lat="25.12173" lon="121.82078"/>
    <trkpt lat="25.12182" lon="121.82069"/>
    <trkpt lat="25.12191" lon="121.82062"/>
    <trkpt lat="25.12205" lon="121.82048"/>
    <trkpt lat="25.12218" lon="121.82035"/>
    <trkpt lat="25.12228" lon="121.82023"/>
    <trkpt lat="25.12235" lon="121.82012"/>
    <trkpt lat="25.1224" lon="121.82005"/>
    <trkpt lat="25.12244" lon="121.81998"/>
    <trkpt lat="25.12251" lon="121.81985"/>
    <trkpt lat="25.12253" lon="121.8198"/>
    <trkpt lat="25.12257" lon="121.81975"/>
    <trkpt lat="25.12286" lon="121.81956"/>
    <trkpt lat="25.1234" lon="121.81943"/>
    <trkpt lat="25.12388" lon="121.81934"/>
    <trkpt lat="25.1244" lon="121.81926"/>
    <trkpt lat="25.12449" lon="121.81922"/>
    <trkpt lat="25.12525" lon="121.81898"/>
    <trkpt lat="25.12535" lon="121.81896"/>
    <trkpt lat="25.12548" lon="121.81893"/>
    <trkpt lat="25.1257" lon="121.81887"/>
    <trkpt lat="25.12583" lon="121.81884"/>
    <trkpt lat="25.12607" lon="121.81876"/>
    <trkpt lat="25.12617" lon="121.81872"/>
    <trkpt lat="25.12629" lon="121.81866"/>
    <trkpt lat="25.12644" lon="121.81857"/>
    <trkpt lat="25.12666" lon="121.81841"/>
    <trkpt lat="25.12679" lon="121.8183"/>
    <trkpt lat="25.12688" lon="121.8182"/>
    <trkpt lat="25.12697" lon="121.81808"/>
    <trkpt lat="25.12703" lon="121.81798"/>
    <trkpt lat="25.12719" lon="121.81772"/>
    <trkpt lat="25.12733" lon="121.81746"/>
    <trkpt lat="25.12746" lon="121.81723"/>
    <trkpt lat="25.12783" lon="121.81659"/>
    <trkpt lat="25.12787" lon="121.81653"/>
    <trkpt lat="25.12806" lon="121.8162"/>
    <trkpt lat="25.12822" lon="121.81594"/>
    <trkpt lat="25.12829" lon="121.81582"/>
    <trkpt lat="25.12833" lon="121.81574"/>
    <trkpt lat="25.12837" lon="121.81566"/>
    <trkpt lat="25.12839" lon="121.81562"/>
    <trkpt lat="25.1284" lon="121.8156"/>
    <trkpt lat="25.12865" lon="121.81514"/>
    <trkpt lat="25.12871" lon="121.81504"/>
    <trkpt lat="25.12876" lon="121.81497"/>
    <trkpt lat="25.12883" lon="121.8149"/>
    <trkpt lat="25.12888" lon="121.81485"/>
    <trkpt lat="25.12891" lon="121.81482"/>
    <trkpt lat="25.12896" lon="121.81479"/>
    <trkpt lat="25.12902" lon="121.81476"/>
    <trkpt lat="25.12914" lon="121.81472"/>
    <trkpt lat="25.12928" lon="121.81469"/>
    <trkpt lat="25.12945" lon="121.81465"/>
    <trkpt lat="25.1296" lon="121.8146"/>
    <trkpt lat="25.12973" lon="121.81456"/>
    <trkpt lat="25.12977" lon="121.81455"/>
    <trkpt lat="25.12983" lon="121.81454"/>
    <trkpt lat="25.12991" lon="121.81451"/>
    <trkpt lat="25.12994" lon="121.81449"/>
    <trkpt lat="25.13003" lon="121.81444"/>
    <trkpt lat="25.13007" lon="121.81442"/>
    <trkpt lat="25.13014" lon="121.81437"/>
    <trkpt lat="25.13024" lon="121.81429"/>
    <trkpt lat="25.13037" lon="121.81415"/>
    <trkpt lat="25.13045" lon="121.81404"/>
    <trkpt lat="25.13056" lon="121.81385"/>
    <trkpt lat="25.13063" lon="121.8137"/>
    <trkpt lat="25.13068" lon="121.81356"/>
    <trkpt lat="25.13074" lon="121.81341"/>
    <trkpt lat="25.13083" lon="121.81315"/>
    <trkpt lat="25.1309" lon="121.81302"/>
    <trkpt lat="25.13095" lon="121.81294"/>
    <trkpt lat="25.13096" lon="121.81294"/>
    <trkpt lat="25.13098" lon="121.81291"/>
    <trkpt lat="25.13103" lon="121.81285"/>
    <trkpt lat="25.13114" lon="121.81276"/>
    <trkpt lat="25.13129" lon="121.81268"/>
    <trkpt lat="25.13159" lon="121.81258"/>
    <trkpt lat="25.13172" lon="121.81257"/>
    <trkpt lat="25.13188" lon="121.81254"/>
    <trkpt lat="25.13197" lon="121.81252"/>
    <trkpt lat="25.13206" lon="121.81249"/>
    <trkpt lat="25.13215" lon="121.81244"/>
    <trkpt lat="25.13221" lon="121.8124"/>
    <trkpt lat="25.13236" lon="121.81227"/>
    <trkpt lat="25.13253" lon="121.81206"/>
    <trkpt lat="25.13255" lon="121.81196"/>
    <trkpt lat="25.13257" lon="121.81187"/>
    <trkpt lat="25.13257" lon="121.81186"/>
    <trkpt lat="25.1326" lon="121.81176"/>
    <trkpt lat="25.1326" lon="121.81174"/>
    <trkpt lat="25.13261" lon="121.81167"/>
    <trkpt lat="25.13259" lon="121.81147"/>
    <trkpt lat="25.13257" lon="121.81132"/>
    <trkpt lat="25.13255" lon="121.81112"/>
    <trkpt lat="25.13252" lon="121.81083"/>
    <trkpt lat="25.1325" lon="121.81069"/>
    <trkpt lat="25.13248" lon="121.81049"/>
    <trkpt lat="25.13247" lon="121.81046"/>
    <trkpt lat="25.13246" lon="121.81029"/>
    <trkpt lat="25.13243" lon="121.81007"/>
    <trkpt lat="25.13241" lon="121.80973"/>
    <trkpt lat="25.13241" lon="121.80956"/>
    <trkpt lat="25.13243" lon="121.80941"/>
    <trkpt lat="25.13246" lon="121.80923"/>
    <trkpt lat="25.13246" lon="121.8092"/>
    <trkpt lat="25.13249" lon="121.80906"/>
    <trkpt lat="25.1325" lon="121.80901"/>
    <trkpt lat="25.13253" lon="121.80881"/>
    <trkpt lat="25.13254" lon="121.80879"/>
    <trkpt lat="25.13257" lon="121.80862"/>
    <trkpt lat="25.13259" lon="121.8085"/>
    <trkpt lat="25.1326" lon="121.80842"/>
    <trkpt lat="25.13265" lon="121.80823"/>
    <trkpt lat="25.13268" lon="121.80805"/>
    <trkpt lat="25.13269" lon="121.80798"/>
    <trkpt lat="25.13272" lon="121.80787"/>
    <trkpt lat="25.13274" lon="121.80781"/>
    <trkpt lat="25.13281" lon="121.80766"/>
    <trkpt lat="25.13288" lon="121.80755"/>
    <trkpt lat="25.13298" lon="121.80742"/>
    <trkpt lat="25.13312" lon="121.80729"/>
    <trkpt lat="25.13328" lon="121.80716"/>
    <trkpt lat="25.13342" lon="121.80704"/>
    <trkpt lat="25.13345" lon="121.807"/>
    <trkpt lat="25.13354" lon="121.80686"/>
    <trkpt lat="25.13358" lon="121.8068"/>
    <trkpt lat="25.13363" lon="121.80674"/>
    <trkpt lat="25.13368" lon="121.80661"/>
    <trkpt lat="25.13377" lon="121.80638"/>
    <trkpt lat="25.13383" lon="121.80622"/>
    <trkpt lat="25.13389" lon="121.80606"/>
    <trkpt lat="25.13394" lon="121.80593"/>
    <trkpt lat="25.134" lon="121.80577"/>
    <trkpt lat="25.13413" lon="121.8055"/>
    <trkpt lat="25.13418" lon="121.80541"/>
    <trkpt lat="25.13423" lon="121.80534"/>
    <trkpt lat="25.13442" lon="121.80506"/>
    <trkpt lat="25.13449" lon="121.80495"/>
    <trkpt lat="25.13455" lon="121.80487"/>
    <trkpt lat="25.13457" lon="121.80484"/>
    <trkpt lat="25.13463" lon="121.80475"/>
    <trkpt lat="25.13476" lon="121.80461"/>
    <trkpt lat="25.13476" lon="121.8046"/>
    <trkpt lat="25.13485" lon="121.80447"/>
    <trkpt lat="25.13492" lon="121.80432"/>
    <trkpt lat="25.1351" lon="121.80391"/>
    <trkpt lat="25.13532" lon="121.80332"/>
    <trkpt lat="25.13543" lon="121.80302"/>
    <trkpt lat="25.13545" lon="121.80298"/>
    <trkpt lat="25.13559" lon="121.80263"/>
    <trkpt lat="25.13561" lon="121.80258"/>
    <trkpt lat="25.13566" lon="121.80249"/>
    <trkpt lat="25.13574" lon="121.80235"/>
    <trkpt lat="25.13585" lon="121.8022"/>
    <trkpt lat="25.13592" lon="121.80211"/>
    <trkpt lat="25.13596" lon="121.80207"/>
    <trkpt lat="25.136" lon="121.80203"/>
    <trkpt lat="25.13611" lon="121.80194"/>
    <trkpt lat="25.13617" lon="121.8019"/>
    <trkpt lat="25.13622" lon="121.80188"/>
    <trkpt lat="25.13624" lon="121.80187"/>
    <trkpt lat="25.13634" lon="121.80184"/>
    <trkpt lat="25.13642" lon="121.80182"/>
    <trkpt lat="25.13646" lon="121.80181"/>
    <trkpt lat="25.1365" lon="121.80181"/>
    <trkpt lat="25.13653" lon="121.80181"/>
    <trkpt lat="25.13657" lon="121.80182"/>
    <trkpt lat="25.13668" lon="121.80183"/>
    <trkpt lat="25.13682" lon="121.80185"/>
    <trkpt lat="25.13698" lon="121.80188"/>
    <trkpt lat="25.13718" lon="121.80191"/>
    <trkpt lat="25.13733" lon="121.80193"/>
    <trkpt lat="25.13744" lon="121.80195"/>
    <trkpt lat="25.13753" lon="121.80197"/>
    <trkpt lat="25.13769" lon="121.80202"/>
    <trkpt lat="25.13778" lon="121.80207"/>
    <trkpt lat="25.13786" lon="121.80213"/>
    <trkpt lat="25.13799" lon="121.80223"/>
    <trkpt lat="25.13817" lon="121.80236"/>
    <trkpt lat="25.13827" lon="121.80244"/>
    <trkpt lat="25.13835" lon="121.80249"/>
    <trkpt lat="25.13844" lon="121.80254"/>
    <trkpt lat="25.13857" lon="121.80258"/>
    <trkpt lat="25.13867" lon="121.80256"/>
    <trkpt lat="25.13876" lon="121.80252"/>
    <trkpt lat="25.13884" lon="121.80248"/>
    <trkpt lat="25.13915" lon="121.80231"/>
    <trkpt lat="25.13937" lon="121.8022"/>
    <trkpt lat="25.13961" lon="121.80207"/>
    <trkpt lat="25.13972" lon="121.80199"/>
    <trkpt lat="25.13979" lon="121.80193"/>
    <trkpt lat="25.13981" lon="121.80191"/>
    <trkpt lat="25.13983" lon="121.80188"/>
    <trkpt lat="25.13987" lon="121.80183"/>
    <trkpt lat="25.13989" lon="121.8018"/>
    <trkpt lat="25.13991" lon="121.80175"/>
    <trkpt lat="25.14" lon="121.8015"/>
    <trkpt lat="25.14004" lon="121.80137"/>
    <trkpt lat="25.14009" lon="121.80121"/>
    <trkpt lat="25.14014" lon="121.80105"/>
    <trkpt lat="25.14016" lon="121.80098"/>
    <trkpt lat="25.14022" lon="121.80076"/>
    <trkpt lat="25.14025" lon="121.80059"/>
    <trkpt lat="25.14026" lon="121.80054"/>
    <trkpt lat="25.14027" lon="121.80049"/>
    <trkpt lat="25.14027" lon="121.80042"/>
    <trkpt lat="25.14027" lon="121.80031"/>
    <trkpt lat="25.14026" lon="121.80025"/>
    <trkpt lat="25.14025" lon="121.8002"/>
    <trkpt lat="25.14024" lon="121.80014"/>
    <trkpt lat="25.14022" lon="121.80007"/>
    <trkpt lat="25.14018" lon="121.79991"/>
    <trkpt lat="25.14013" lon="121.79977"/>
    <trkpt lat="25.14003" lon="121.79952"/>
    <trkpt lat="25.13998" lon="121.79934"/>
    <trkpt lat="25.13996" lon="121.79926"/>
    <trkpt lat="25.13995" lon="121.79916"/>
    <trkpt lat="25.13995" lon="121.79914"/>
    <trkpt lat="25.13995" lon="121.79893"/>
    <trkpt lat="25.13995" lon="121.79887"/>
    <trkpt lat="25.13994" lon="121.79874"/>
    <trkpt lat="25.13993" lon="121.79836"/>
    <trkpt lat="25.13992" lon="121.79794"/>
    <trkpt lat="25.13993" lon="121.7978"/>
    <trkpt lat="25.13996" lon="121.79765"/>
    <trkpt lat="25.13998" lon="121.79755"/>
    <trkpt lat="25.14002" lon="121.79741"/>
    <trkpt lat="25.14007" lon="121.79728"/>
    <trkpt lat="25.14008" lon="121.79724"/>
    <trkpt lat="25.14009" lon="121.7971"/>
    <trkpt lat="25.14007" lon="121.79699"/>
    <trkpt lat="25.14002" lon="121.7969"/>
    <trkpt lat="25.13986" lon="121.79671"/>
    <trkpt lat="25.13972" lon="121.79653"/>
    <trkpt lat="25.13965" lon="121.79643"/>
    <trkpt lat="25.13959" lon="121.79627"/>
    <trkpt lat="25.13956" lon="121.79612"/>
    <trkpt lat="25.13957" lon="121.79606"/>
    <trkpt lat="25.13957" lon="121.79599"/>
    <trkpt lat="25.13958" lon="121.79587"/>
    <trkpt lat="25.13961" lon="121.7957"/>
    <trkpt lat="25.13972" lon="121.79514"/>
    <trkpt lat="25.13974" lon="121.79488"/>
    <trkpt lat="25.13974" lon="121.79453"/>
    <trkpt lat="25.13974" lon="121.79443"/>
    <trkpt lat="25.13973" lon="121.79433"/>
    <trkpt lat="25.1397" lon="121.79414"/>
    <trkpt lat="25.13969" lon="121.79402"/>
    <trkpt lat="25.13983" lon="121.7939"/>
    <trkpt lat="25.14" lon="121.79372"/>
    <trkpt lat="25.14088" lon="121.79487"/>
    <trkpt lat="25.14095" lon="121.79496"/>
    <trkpt lat="25.14105" lon="121.79511"/>
    <trkpt lat="25.14111" lon="121.79519"/>
    <trkpt lat="25.14117" lon="121.79526"/>
    <trkpt lat="25.14127" lon="121.7954"/>
    <trkpt lat="25.1414" lon="121.79552"/>
    <trkpt lat="25.14143" lon="121.79553"/>
    <trkpt lat="25.14153" lon="121.79558"/>
    <trkpt lat="25.14165" lon="121.79562"/>
    <trkpt lat="25.14225" lon="121.79572"/>
    <trkpt lat="25.14249" lon="121.79574"/>
    <trkpt lat="25.14271" lon="121.79575"/>
    <trkpt lat="25.14291" lon="121.79577"/>
    <trkpt lat="25.1433" lon="121.79581"/>
    <trkpt lat="25.14348" lon="121.79583"/>
    <trkpt lat="25.14353" lon="121.79583"/>
    <trkpt lat="25.14361" lon="121.79584"/>
    <trkpt lat="25.14364" lon="121.79584"/>
    <trkpt lat="25.14369" lon="121.79582"/>
    <trkpt lat="25.14376" lon="121.79579"/>
    <trkpt lat="25.14405" lon="121.79553"/>
    <trkpt lat="25.14435" lon="121.79528"/>
    <trkpt lat="25.145" lon="121.79472"/>
    <trkpt lat="25.14512" lon="121.79463"/>
    <trkpt lat="25.14616" lon="121.79376"/>
    <trkpt lat="25.14634" lon="121.79364"/>
    <trkpt lat="25.1467" lon="121.79352"/>
    <trkpt lat="25.14672" lon="121.79351"/>
    <trkpt lat="25.14673" lon="121.79394"/>
    <trkpt lat="25.14672" lon="121.79351"/>
    <trkpt lat="25.1467" lon="121.79352"/>
    <trkpt lat="25.14634" lon="121.79364"/>
    <trkpt lat="25.14616" lon="121.79376"/>
    <trkpt lat="25.14512" lon="121.79463"/>
    <trkpt lat="25.145" lon="121.79472"/>
    <trkpt lat="25.14435" lon="121.79528"/>
    <trkpt lat="25.14405" lon="121.79553"/>
    <trkpt lat="25.14376" lon="121.79579"/>
    <trkpt lat="25.14369" lon="121.79582"/>
    <trkpt lat="25.14364" lon="121.79584"/>
    <trkpt lat="25.14361" lon="121.79584"/>
    <trkpt lat="25.14353" lon="121.79583"/>
    <trkpt lat="25.14348" lon="121.79583"/>
    <trkpt lat="25.1433" lon="121.79581"/>
    <trkpt lat="25.14291" lon="121.79577"/>
    <trkpt lat="25.14271" lon="121.79575"/>
    <trkpt lat="25.14249" lon="121.79574"/>
    <trkpt lat="25.14225" lon="121.79572"/>
    <trkpt lat="25.14165" lon="121.79562"/>
    <trkpt lat="25.14153" lon="121.79558"/>
    <trkpt lat="25.14143" lon="121.79553"/>
    <trkpt lat="25.1414" lon="121.79552"/>
    <trkpt lat="25.14127" lon="121.7954"/>
    <trkpt lat="25.14117" lon="121.79526"/>
    <trkpt lat="25.14111" lon="121.79519"/>
    <trkpt lat="25.14105" lon="121.79511"/>
    <trkpt lat="25.14095" lon="121.79496"/>
    <trkpt lat="25.14088" lon="121.79487"/>
    <trkpt lat="25.14" lon="121.79372"/>
    <trkpt lat="25.13983" lon="121.7939"/>
    <trkpt lat="25.13969" lon="121.79402"/>
    <trkpt lat="25.13968" lon="121.79397"/>
    <trkpt lat="25.13967" lon="121.79382"/>
    <trkpt lat="25.13966" lon="121.79376"/>
    <trkpt lat="25.1396" lon="121.79328"/>
    <trkpt lat="25.13962" lon="121.7931"/>
    <trkpt lat="25.13977" lon="121.79286"/>
    <trkpt lat="25.13996" lon="121.79268"/>
    <trkpt lat="25.14009" lon="121.79262"/>
    <trkpt lat="25.14046" lon="121.79251"/>
    <trkpt lat="25.14076" lon="121.79238"/>
    <trkpt lat="25.14099" lon="121.7923"/>
    <trkpt lat="25.14108" lon="121.79226"/>
    <trkpt lat="25.14116" lon="121.7922"/>
    <trkpt lat="25.14126" lon="121.7921"/>
    <trkpt lat="25.14131" lon="121.792"/>
    <trkpt lat="25.14134" lon="121.79193"/>
    <trkpt lat="25.14144" lon="121.79169"/>
    <trkpt lat="25.14159" lon="121.79135"/>
    <trkpt lat="25.14188" lon="121.79069"/>
    <trkpt lat="25.14193" lon="121.79057"/>
    <trkpt lat="25.14222" lon="121.78992"/>
    <trkpt lat="25.1424" lon="121.7896"/>
    <trkpt lat="25.14249" lon="121.78949"/>
    <trkpt lat="25.14254" lon="121.78942"/>
    <trkpt lat="25.14287" lon="121.78906"/>
    <trkpt lat="25.14303" lon="121.78888"/>
    <trkpt lat="25.14316" lon="121.78872"/>
    <trkpt lat="25.14331" lon="121.78854"/>
    <trkpt lat="25.1435" lon="121.78828"/>
    <trkpt lat="25.14351" lon="121.78826"/>
    <trkpt lat="25.14353" lon="121.78823"/>
    <trkpt lat="25.14354" lon="121.7882"/>
    <trkpt lat="25.14355" lon="121.78818"/>
    <trkpt lat="25.14356" lon="121.78816"/>
    <trkpt lat="25.14357" lon="121.78813"/>
    <trkpt lat="25.14359" lon="121.78809"/>
    <trkpt lat="25.1436" lon="121.78804"/>
    <trkpt lat="25.14364" lon="121.78794"/>
    <trkpt lat="25.1437" lon="121.78775"/>
    <trkpt lat="25.14372" lon="121.78768"/>
    <trkpt lat="25.14385" lon="121.78723"/>
    <trkpt lat="25.14389" lon="121.78706"/>
    <trkpt lat="25.14398" lon="121.78673"/>
    <trkpt lat="25.14409" lon="121.78646"/>
    <trkpt lat="25.14431" lon="121.78611"/>
    <trkpt lat="25.14436" lon="121.78602"/>
    <trkpt lat="25.1452" lon="121.78472"/>
    <trkpt lat="25.14525" lon="121.78465"/>
    <trkpt lat="25.14537" lon="121.78443"/>
    <trkpt lat="25.1455" lon="121.78423"/>
    <trkpt lat="25.14566" lon="121.784"/>
    <trkpt lat="25.14577" lon="121.78388"/>
    <trkpt lat="25.14584" lon="121.78381"/>
    <trkpt lat="25.14594" lon="121.78374"/>
    <trkpt lat="25.14604" lon="121.78368"/>
    <trkpt lat="25.14622" lon="121.78362"/>
    <trkpt lat="25.14643" lon="121.78356"/>
    <trkpt lat="25.14666" lon="121.78351"/>
    <trkpt lat="25.14668" lon="121.7835"/>
    <trkpt lat="25.14712" lon="121.78341"/>
    <trkpt lat="25.14718" lon="121.78339"/>
    <trkpt lat="25.14762" lon="121.78329"/>
    <trkpt lat="25.14778" lon="121.78323"/>
    <trkpt lat="25.14792" lon="121.78318"/>
    <trkpt lat="25.14807" lon="121.7831"/>
    <trkpt lat="25.14887" lon="121.78268"/>
    <trkpt lat="25.14888" lon="121.78268"/>
    <trkpt lat="25.14901" lon="121.78259"/>
    <trkpt lat="25.14903" lon="121.78257"/>
    <trkpt lat="25.14911" lon="121.78251"/>
    <trkpt lat="25.14924" lon="121.78237"/>
    <trkpt lat="25.14932" lon="121.78227"/>
    <trkpt lat="25.14947" lon="121.78205"/>
    <trkpt lat="25.14953" lon="121.78196"/>
    <trkpt lat="25.14961" lon="121.78184"/>
    <trkpt lat="25.1497" lon="121.78171"/>
    <trkpt lat="25.14984" lon="121.78145"/>
    <trkpt lat="25.14987" lon="121.78141"/>
    <trkpt lat="25.1499" lon="121.78135"/>
    <trkpt lat="25.14997" lon="121.78118"/>
    <trkpt lat="25.15015" lon="121.7808"/>
    <trkpt lat="25.15029" lon="121.78051"/>
    <trkpt lat="25.1504" lon="121.78025"/>
    <trkpt lat="25.15049" lon="121.78"/>
    <trkpt lat="25.15056" lon="121.77978"/>
    <trkpt lat="25.15067" lon="121.77935"/>
    <trkpt lat="25.1507" lon="121.77921"/>
    <trkpt lat="25.1508" lon="121.77885"/>
    <trkpt lat="25.15095" lon="121.77837"/>
    <trkpt lat="25.15111" lon="121.77776"/>
    <trkpt lat="25.15117" lon="121.77755"/>
    <trkpt lat="25.15125" lon="121.77729"/>
    <trkpt lat="25.15129" lon="121.77706"/>
    <trkpt lat="25.15131" lon="121.77694"/>
    <trkpt lat="25.15131" lon="121.77682"/>
    <trkpt lat="25.15131" lon="121.7768"/>
    <trkpt lat="25.15129" lon="121.77673"/>
    <trkpt lat="25.15128" lon="121.77667"/>
    <trkpt lat="25.15127" lon="121.77662"/>
    <trkpt lat="25.15123" lon="121.77651"/>
    <trkpt lat="25.15113" lon="121.77626"/>
    <trkpt lat="25.151" lon="121.77596"/>
    <trkpt lat="25.15096" lon="121.77587"/>
    <trkpt lat="25.15092" lon="121.77578"/>
    <trkpt lat="25.1509" lon="121.77573"/>
    <trkpt lat="25.15088" lon="121.77569"/>
    <trkpt lat="25.15087" lon="121.77562"/>
    <trkpt lat="25.15087" lon="121.77552"/>
    <trkpt lat="25.15089" lon="121.77536"/>
    <trkpt lat="25.15098" lon="121.77434"/>
    <trkpt lat="25.15103" lon="121.77388"/>
    <trkpt lat="25.15105" lon="121.77372"/>
    <trkpt lat="25.15106" lon="121.77358"/>
    <trkpt lat="25.15109" lon="121.77342"/>
    <trkpt lat="25.15109" lon="121.77321"/>
    <trkpt lat="25.15109" lon="121.77312"/>
    <trkpt lat="25.15107" lon="121.77301"/>
    <trkpt lat="25.151" lon="121.77253"/>
    <trkpt lat="25.151" lon="121.77247"/>
    <trkpt lat="25.15093" lon="121.77239"/>
    <trkpt lat="25.1509" lon="121.77236"/>
    <trkpt lat="25.15088" lon="121.77232"/>
    <trkpt lat="25.15084" lon="121.77229"/>
    <trkpt lat="25.15081" lon="121.77227"/>
    <trkpt lat="25.1508" lon="121.77226"/>
    <trkpt lat="25.15065" lon="121.77224"/>
    <trkpt lat="25.15042" lon="121.77227"/>
    <trkpt lat="25.15023" lon="121.77228"/>
    <trkpt lat="25.15014" lon="121.77228"/>
    <trkpt lat="25.1501" lon="121.77228"/>
    <trkpt lat="25.15006" lon="121.77227"/>
    <trkpt lat="25.14997" lon="121.77223"/>
    <trkpt lat="25.14978" lon="121.77207"/>
    <trkpt lat="25.14951" lon="121.77182"/>
    <trkpt lat="25.1495" lon="121.77181"/>
    <trkpt lat="25.14943" lon="121.77177"/>
    <trkpt lat="25.14897" lon="121.77159"/>
    <trkpt lat="25.14886" lon="121.77155"/>
    <trkpt lat="25.1488" lon="121.77152"/>
    <trkpt lat="25.14863" lon="121.77146"/>
    <trkpt lat="25.14853" lon="121.77142"/>
    <trkpt lat="25.14832" lon="121.77131"/>
    <trkpt lat="25.1483" lon="121.77131"/>
    <trkpt lat="25.14814" lon="121.77123"/>
    <trkpt lat="25.14803" lon="121.77117"/>
    <trkpt lat="25.14788" lon="121.77108"/>
    <trkpt lat="25.14782" lon="121.77105"/>
    <trkpt lat="25.14765" lon="121.77096"/>
    <trkpt lat="25.14749" lon="121.77087"/>
    <trkpt lat="25.14721" lon="121.77071"/>
    <trkpt lat="25.14715" lon="121.77067"/>
    <trkpt lat="25.14689" lon="121.77051"/>
    <trkpt lat="25.14677" lon="121.77043"/>
    <trkpt lat="25.14666" lon="121.77034"/>
    <trkpt lat="25.14651" lon="121.77023"/>
    <trkpt lat="25.1463" lon="121.77002"/>
    <trkpt lat="25.14616" lon="121.76985"/>
    <trkpt lat="25.14604" lon="121.7697"/>
    <trkpt lat="25.14593" lon="121.76953"/>
    <trkpt lat="25.14585" lon="121.76943"/>
    <trkpt lat="25.14577" lon="121.76929"/>
    <trkpt lat="25.14558" lon="121.76896"/>
    <trkpt lat="25.14545" lon="121.76878"/>
    <trkpt lat="25.14507" lon="121.76834"/>
    <trkpt lat="25.14498" lon="121.76821"/>
    <trkpt lat="25.14463" lon="121.76771"/>
    <trkpt lat="25.14459" lon="121.76764"/>
    <trkpt lat="25.14442" lon="121.7672"/>
    <trkpt lat="25.14431" lon="121.76697"/>
    <trkpt lat="25.14415" lon="121.76668"/>
    <trkpt lat="25.14412" lon="121.76663"/>
    <trkpt lat="25.1441" lon="121.76661"/>
    <trkpt lat="25.14399" lon="121.76644"/>
    <trkpt lat="25.14369" lon="121.76609"/>
    <trkpt lat="25.14352" lon="121.76586"/>
    <trkpt lat="25.14302" lon="121.7652"/>
    <trkpt lat="25.14279" lon="121.7649"/>
    <trkpt lat="25.14274" lon="121.76483"/>
    <trkpt lat="25.14264" lon="121.7648"/>
    <trkpt lat="25.14249" lon="121.76463"/>
    <trkpt lat="25.14241" lon="121.76455"/>
    <trkpt lat="25.14235" lon="121.76446"/>
    <trkpt lat="25.14229" lon="121.76438"/>
    <trkpt lat="25.14224" lon="121.7643"/>
    <trkpt lat="25.14222" lon="121.76425"/>
    <trkpt lat="25.14219" lon="121.76417"/>
    <trkpt lat="25.14212" lon="121.76402"/>
    <trkpt lat="25.14207" lon="121.76389"/>
    <trkpt lat="25.14202" lon="121.76376"/>
    <trkpt lat="25.14197" lon="121.76365"/>
    <trkpt lat="25.14192" lon="121.76352"/>
    <trkpt lat="25.14179" lon="121.76321"/>
    <trkpt lat="25.14161" lon="121.76275"/>
    <trkpt lat="25.14133" lon="121.76206"/>
    <trkpt lat="25.14132" lon="121.76201"/>
    <trkpt lat="25.14132" lon="121.76198"/>
    <trkpt lat="25.14132" lon="121.76194"/>
    <trkpt lat="25.14133" lon="121.76188"/>
    <trkpt lat="25.14134" lon="121.76179"/>
    <trkpt lat="25.14135" lon="121.76172"/>
    <trkpt lat="25.1414" lon="121.76144"/>
    <trkpt lat="25.14142" lon="121.76139"/>
    <trkpt lat="25.14146" lon="121.76123"/>
    <trkpt lat="25.14154" lon="121.76109"/>
    <trkpt lat="25.14163" lon="121.76096"/>
    <trkpt lat="25.14178" lon="121.76074"/>
    <trkpt lat="25.14185" lon="121.76063"/>
    <trkpt lat="25.14191" lon="121.76054"/>
    <trkpt lat="25.14188" lon="121.76051"/>
    <trkpt lat="25.14187" lon="121.76047"/>
    <trkpt lat="25.14184" lon="121.7604"/>
    <trkpt lat="25.14182" lon="121.76035"/>
    <trkpt lat="25.14175" lon="121.76018"/>
    <trkpt lat="25.14169" lon="121.76002"/>
    <trkpt lat="25.1416" lon="121.75983"/>
    <trkpt lat="25.14158" lon="121.75978"/>
    <trkpt lat="25.14155" lon="121.75973"/>
    <trkpt lat="25.1415" lon="121.75965"/>
    <trkpt lat="25.14143" lon="121.75954"/>
    <trkpt lat="25.14128" lon="121.7593"/>
    <trkpt lat="25.1408" lon="121.75857"/>
    <trkpt lat="25.14077" lon="121.75851"/>
    <trkpt lat="25.14075" lon="121.75849"/>
    <trkpt lat="25.14068" lon="121.75837"/>
    <trkpt lat="25.14066" lon="121.75833"/>
    <trkpt lat="25.14064" lon="121.7583"/>
    <trkpt lat="25.14063" lon="121.75827"/>
    <trkpt lat="25.14062" lon="121.75823"/>
    <trkpt lat="25.14061" lon="121.7582"/>
    <trkpt lat="25.1406" lon="121.75816"/>
    <trkpt lat="25.1406" lon="121.75811"/>
    <trkpt lat="25.1406" lon="121.75795"/>
    <trkpt lat="25.14063" lon="121.75783"/>
    <trkpt lat="25.14066" lon="121.75773"/>
    <trkpt lat="25.1408" lon="121.7573"/>
    <trkpt lat="25.14085" lon="121.75713"/>
    <trkpt lat="25.14085" lon="121.75711"/>
    <trkpt lat="25.14088" lon="121.757"/>
    <trkpt lat="25.1409" lon="121.75693"/>
    <trkpt lat="25.1409" lon="121.75692"/>
    <trkpt lat="25.14091" lon="121.75689"/>
    <trkpt lat="25.14092" lon="121.75682"/>
    <trkpt lat="25.14092" lon="121.75676"/>
    <trkpt lat="25.14092" lon="121.75672"/>
    <trkpt lat="25.14091" lon="121.75667"/>
    <trkpt lat="25.14091" lon="121.75664"/>
    <trkpt lat="25.1409" lon="121.75659"/>
    <trkpt lat="25.14089" lon="121.75658"/>
    <trkpt lat="25.14087" lon="121.75651"/>
    <trkpt lat="25.14064" lon="121.75587"/>
    <trkpt lat="25.14063" lon="121.7557"/>
    <trkpt lat="25.1406" lon="121.75557"/>
    <trkpt lat="25.14058" lon="121.75549"/>
    <trkpt lat="25.14055" lon="121.75538"/>
    <trkpt lat="25.14054" lon="121.75537"/>
    <trkpt lat="25.14053" lon="121.75534"/>
    <trkpt lat="25.14052" lon="121.75531"/>
    <trkpt lat="25.1405" lon="121.75529"/>
    <trkpt lat="25.14049" lon="121.75527"/>
    <trkpt lat="25.14048" lon="121.75526"/>
    <trkpt lat="25.14045" lon="121.75523"/>
    <trkpt lat="25.14039" lon="121.75519"/>
    <trkpt lat="25.1402" lon="121.75503"/>
    <trkpt lat="25.14008" lon="121.75492"/>
    <trkpt lat="25.14" lon="121.75486"/>
    <trkpt lat="25.13995" lon="121.75479"/>
    <trkpt lat="25.13989" lon="121.75473"/>
    <trkpt lat="25.13989" lon="121.75472"/>
    <trkpt lat="25.13983" lon="121.75464"/>
    <trkpt lat="25.13977" lon="121.75454"/>
    <trkpt lat="25.13973" lon="121.75447"/>
    <trkpt lat="25.13969" lon="121.75438"/>
    <trkpt lat="25.13963" lon="121.75424"/>
    <trkpt lat="25.13949" lon="121.75385"/>
    <trkpt lat="25.13944" lon="121.75369"/>
    <trkpt lat="25.1394" lon="121.75356"/>
    <trkpt lat="25.13939" lon="121.75354"/>
    <trkpt lat="25.13939" lon="121.75351"/>
    <trkpt lat="25.13937" lon="121.75344"/>
    <trkpt lat="25.13937" lon="121.75338"/>
    <trkpt lat="25.13938" lon="121.75332"/>
    <trkpt lat="25.13939" lon="121.75325"/>
    <trkpt lat="25.13942" lon="121.75319"/>
    <trkpt lat="25.13943" lon="121.75314"/>
    <trkpt lat="25.13946" lon="121.75308"/>
    <trkpt lat="25.1395" lon="121.753"/>
    <trkpt lat="25.13954" lon="121.75294"/>
    <trkpt lat="25.13964" lon="121.75281"/>
    <trkpt lat="25.13959" lon="121.75272"/>
    <trkpt lat="25.13956" lon="121.75267"/>
    <trkpt lat="25.13917" lon="121.75198"/>
    <trkpt lat="25.13851" lon="121.75077"/>
    <trkpt lat="25.13796" lon="121.74977"/>
    <trkpt lat="25.13774" lon="121.74936"/>
    <trkpt lat="25.1373" lon="121.74858"/>
    <trkpt lat="25.1371" lon="121.74821"/>
    <trkpt lat="25.13704" lon="121.74807"/>
    <trkpt lat="25.13701" lon="121.74796"/>
    <trkpt lat="25.13699" lon="121.74787"/>
    <trkpt lat="25.13697" lon="121.74781"/>
    <trkpt lat="25.13694" lon="121.74775"/>
    <trkpt lat="25.13686" lon="121.74764"/>
    <trkpt lat="25.13649" lon="121.74695"/>
    <trkpt lat="25.13644" lon="121.74685"/>
    <trkpt lat="25.1364" lon="121.74678"/>
    <trkpt lat="25.13635" lon="121.74672"/>
    <trkpt lat="25.13633" lon="121.74669"/>
    <trkpt lat="25.13629" lon="121.74665"/>
    <trkpt lat="25.13625" lon="121.74662"/>
    <trkpt lat="25.13617" lon="121.74656"/>
    <trkpt lat="25.13609" lon="121.7465"/>
    <trkpt lat="25.13588" lon="121.74638"/>
    <trkpt lat="25.13567" lon="121.74626"/>
    <trkpt lat="25.13548" lon="121.74616"/>
    <trkpt lat="25.13512" lon="121.74595"/>
    <trkpt lat="25.13504" lon="121.74581"/>
    <trkpt lat="25.135" lon="121.74579"/>
    <trkpt lat="25.13492" lon="121.74575"/>
    <trkpt lat="25.13482" lon="121.74569"/>
    <trkpt lat="25.13468" lon="121.74559"/>
    <trkpt lat="25.13428" lon="121.74532"/>
    <trkpt lat="25.13411" lon="121.74521"/>
    <trkpt lat="25.13406" lon="121.74517"/>
    <trkpt lat="25.13338" lon="121.74471"/>
    <trkpt lat="25.13321" lon="121.74459"/>
    <trkpt lat="25.13302" lon="121.74448"/>
    <trkpt lat="25.13231" lon="121.74402"/>
    <trkpt lat="25.13225" lon="121.74397"/>
    <trkpt lat="25.13223" lon="121.74396"/>
    <trkpt lat="25.13191" lon="121.74373"/>
    <trkpt lat="25.13141" lon="121.74333"/>
    <trkpt lat="25.13126" lon="121.74328"/>
    <trkpt lat="25.13111" lon="121.74318"/>
    <trkpt lat="25.1311" lon="121.74318"/>
    <trkpt lat="25.13102" lon="121.74307"/>
    <trkpt lat="25.13073" lon="121.74286"/>
    <trkpt lat="25.13069" lon="121.74283"/>
    <trkpt lat="25.13064" lon="121.7428"/>
    <trkpt lat="25.1306" lon="121.74277"/>
    <trkpt lat="25.13056" lon="121.74273"/>
    <trkpt lat="25.13052" lon="121.74268"/>
    <trkpt lat="25.1305" lon="121.74263"/>
    <trkpt lat="25.13048" lon="121.74256"/>
    <trkpt lat="25.13045" lon="121.74245"/>
    <trkpt lat="25.13044" lon="121.74243"/>
    <trkpt lat="25.13033" lon="121.74208"/>
    <trkpt lat="25.13055" lon="121.74171"/>
    <trkpt lat="25.13073" lon="121.7414"/>
    <trkpt lat="25.13083" lon="121.74122"/>
    <trkpt lat="25.13096" lon="121.74099"/>
    <trkpt lat="25.13103" lon="121.74087"/>
    <trkpt lat="25.13113" lon="121.7407"/>
    <trkpt lat="25.13124" lon="121.74049"/>
    <trkpt lat="25.13129" lon="121.7404"/>
    <trkpt lat="25.13137" lon="121.74026"/>
    <trkpt lat="25.13139" lon="121.74023"/>
    <trkpt lat="25.13151" lon="121.74001"/>
    <trkpt lat="25.13155" lon="121.73995"/>
    <trkpt lat="25.13157" lon="121.7399"/>
    <trkpt lat="25.13158" lon="121.73986"/>
    <trkpt lat="25.13158" lon="121.73979"/>
    <trkpt lat="25.13171" lon="121.73981"/>
    <trkpt lat="25.1318" lon="121.73981"/>
    <trkpt lat="25.13185" lon="121.73981"/>
    <trkpt lat="25.13191" lon="121.73982"/>
    <trkpt lat="25.13234" lon="121.73983"/>
    <trkpt lat="25.13252" lon="121.73983"/>
    <trkpt lat="25.13262" lon="121.73983"/>
    <trkpt lat="25.13272" lon="121.73989"/>
    <trkpt lat="25.13291" lon="121.74001"/>
    <trkpt lat="25.1331" lon="121.74012"/>
    <trkpt lat="25.13322" lon="121.74019"/>
    <trkpt lat="25.13352" lon="121.74042"/>
    <trkpt lat="25.13368" lon="121.74053"/>
    <trkpt lat="25.13371" lon="121.74055"/>
    <trkpt lat="25.13383" lon="121.74065"/>
    <trkpt lat="25.13385" lon="121.74067"/>
    <trkpt lat="25.13396" lon="121.74074"/>
    <trkpt lat="25.13403" lon="121.74075"/>
    <trkpt lat="25.13408" lon="121.74075"/>
    <trkpt lat="25.13412" lon="121.74074"/>
    <trkpt lat="25.13425" lon="121.74072"/>
    <trkpt lat="25.13438" lon="121.74068"/>
    <trkpt lat="25.13445" lon="121.74065"/>
    <trkpt lat="25.13447" lon="121.74064"/>
    <trkpt lat="25.1345" lon="121.74063"/>
    <trkpt lat="25.13452" lon="121.74062"/>
    <trkpt lat="25.13454" lon="121.74061"/>
    <trkpt lat="25.13458" lon="121.74061"/>
    <trkpt lat="25.13466" lon="121.74062"/>
    <trkpt lat="25.13467" lon="121.74062"/>
    <trkpt lat="25.13471" lon="121.74064"/>
    <trkpt lat="25.13487" lon="121.74076"/>
    <trkpt lat="25.13528" lon="121.74102"/>
    <trkpt lat="25.13556" lon="121.7412"/>
    <trkpt lat="25.13577" lon="121.74134"/>
    <trkpt lat="25.13582" lon="121.74125"/>
    <trkpt lat="25.13584" lon="121.74122"/>
    <trkpt lat="25.13585" lon="121.74119"/>
    <trkpt lat="25.13587" lon="121.74116"/>
    <trkpt lat="25.13589" lon="121.74113"/>
    <trkpt lat="25.13591" lon="121.7411"/>
    <trkpt lat="25.13599" lon="121.74095"/>
    <trkpt lat="25.13618" lon="121.74109"/>
    <trkpt lat="25.13652" lon="121.74133"/>
    <trkpt lat="25.13656" lon="121.74135"/>
    <trkpt lat="25.1366" lon="121.74138"/>
    <trkpt lat="25.13663" lon="121.74139"/>
    <trkpt lat="25.13666" lon="121.7414"/>
    <trkpt lat="25.13671" lon="121.74142"/>
    <trkpt lat="25.13675" lon="121.74142"/>
    <trkpt lat="25.1368" lon="121.74143"/>
    <trkpt lat="25.13686" lon="121.74142"/>
    <trkpt lat="25.13689" lon="121.74142"/>
    <trkpt lat="25.13693" lon="121.74141"/>
    <trkpt lat="25.13696" lon="121.7414"/>
    <trkpt lat="25.13744" lon="121.74119"/>
    <trkpt lat="25.1376" lon="121.74111"/>
    <trkpt lat="25.13801" lon="121.74089"/>
    <trkpt lat="25.13809" lon="121.74084"/>
    <trkpt lat="25.13826" lon="121.74074"/>
    <trkpt lat="25.13879" lon="121.74046"/>
    <trkpt lat="25.13914" lon="121.74026"/>
    <trkpt lat="25.1398" lon="121.73995"/>
    <trkpt lat="25.13992" lon="121.7399"/>
    <trkpt lat="25.14036" lon="121.73968"/>
    <trkpt lat="25.14096" lon="121.73938"/>
    <trkpt lat="25.14144" lon="121.73916"/>
    <trkpt lat="25.14242" lon="121.73871"/>
    <trkpt lat="25.14248" lon="121.73869"/>
    <trkpt lat="25.14281" lon="121.73853"/>
    <trkpt lat="25.14293" lon="121.73849"/>
    <trkpt lat="25.14303" lon="121.73846"/>
    <trkpt lat="25.14309" lon="121.73845"/>
    <trkpt lat="25.14315" lon="121.73845"/>
    <trkpt lat="25.14327" lon="121.73847"/>
    <trkpt lat="25.14333" lon="121.73848"/>
    <trkpt lat="25.14347" lon="121.73853"/>
    <trkpt lat="25.14387" lon="121.73869"/>
    <trkpt lat="25.14444" lon="121.73892"/>
    <trkpt lat="25.14462" lon="121.73894"/>
    <trkpt lat="25.14473" lon="121.73883"/>
    <trkpt lat="25.14488" lon="121.73882"/>
    <trkpt lat="25.14502" lon="121.73882"/>
    <trkpt lat="25.14554" lon="121.73865"/>
    <trkpt lat="25.14562" lon="121.73867"/>
    <trkpt lat="25.14571" lon="121.73869"/>
    <trkpt lat="25.14578" lon="121.73871"/>
    <trkpt lat="25.14585" lon="121.73871"/>
    <trkpt lat="25.14598" lon="121.7387"/>
    <trkpt lat="25.14606" lon="121.73869"/>
    <trkpt lat="25.14681" lon="121.73846"/>
    <trkpt lat="25.14729" lon="121.73826"/>
    <trkpt lat="25.14765" lon="121.73811"/>
    <trkpt lat="25.14791" lon="121.73798"/>
    <trkpt lat="25.14808" lon="121.73791"/>
    <trkpt lat="25.14812" lon="121.7379"/>
    <trkpt lat="25.14817" lon="121.73787"/>
    <trkpt lat="25.14829" lon="121.73783"/>
    <trkpt lat="25.14835" lon="121.7378"/>
    <trkpt lat="25.14839" lon="121.73778"/>
    <trkpt lat="25.14841" lon="121.73777"/>
    <trkpt lat="25.14845" lon="121.73774"/>
    <trkpt lat="25.14869" lon="121.73756"/>
    <trkpt lat="25.14877" lon="121.7375"/>
    <trkpt lat="25.14882" lon="121.73746"/>
    <trkpt lat="25.14886" lon="121.73744"/>
    <trkpt lat="25.14887" lon="121.73744"/>
    <trkpt lat="25.14892" lon="121.73741"/>
    <trkpt lat="25.14901" lon="121.73738"/>
    <trkpt lat="25.14903" lon="121.73738"/>
    <trkpt lat="25.14935" lon="121.73727"/>
    <trkpt lat="25.14938" lon="121.73726"/>
    <trkpt lat="25.14951" lon="121.73722"/>
    <trkpt lat="25.14955" lon="121.73721"/>
    <trkpt lat="25.14957" lon="121.7372"/>
    <trkpt lat="25.14965" lon="121.73718"/>
    <trkpt lat="25.14975" lon="121.73711"/>
    <trkpt lat="25.1498" lon="121.73707"/>
    <trkpt lat="25.14987" lon="121.73702"/>
    <trkpt lat="25.14995" lon="121.73696"/>
    <trkpt lat="25.15" lon="121.73692"/>
    <trkpt lat="25.15007" lon="121.73686"/>
    <trkpt lat="25.15013" lon="121.7368"/>
    <trkpt lat="25.15029" lon="121.73662"/>
    <trkpt lat="25.15038" lon="121.73653"/>
    <trkpt lat="25.15046" lon="121.73646"/>
    <trkpt lat="25.15051" lon="121.73642"/>
    <trkpt lat="25.15054" lon="121.73639"/>
    <trkpt lat="25.15066" lon="121.73631"/>
    <trkpt lat="25.15071" lon="121.7363"/>
    <trkpt lat="25.15075" lon="121.73629"/>
    <trkpt lat="25.15076" lon="121.73629"/>
    <trkpt lat="25.15079" lon="121.73629"/>
    <trkpt lat="25.1508" lon="121.73629"/>
    <trkpt lat="25.15081" lon="121.7363"/>
    <trkpt lat="25.15083" lon="121.7363"/>
    <trkpt lat="25.15086" lon="121.73631"/>
    <trkpt lat="25.15091" lon="121.73633"/>
    <trkpt lat="25.15094" lon="121.73635"/>
    <trkpt lat="25.15098" lon="121.73637"/>
    <trkpt lat="25.15104" lon="121.7364"/>
    <trkpt lat="25.15111" lon="121.73644"/>
    <trkpt lat="25.15118" lon="121.73647"/>
    <trkpt lat="25.15124" lon="121.73649"/>
    <trkpt lat="25.15125" lon="121.7365"/>
    <trkpt lat="25.15132" lon="121.73653"/>
    <trkpt lat="25.15142" lon="121.73657"/>
    <trkpt lat="25.15149" lon="121.73659"/>
    <trkpt lat="25.15153" lon="121.73661"/>
    <trkpt lat="25.15156" lon="121.73661"/>
    <trkpt lat="25.15171" lon="121.73662"/>
    <trkpt lat="25.15181" lon="121.73662"/>
    <trkpt lat="25.15186" lon="121.73662"/>
    <trkpt lat="25.15191" lon="121.73662"/>
    <trkpt lat="25.15194" lon="121.73661"/>
    <trkpt lat="25.15197" lon="121.7366"/>
    <trkpt lat="25.152" lon="121.73658"/>
    <trkpt lat="25.15203" lon="121.73656"/>
    <trkpt lat="25.15209" lon="121.73651"/>
    <trkpt lat="25.15217" lon="121.73644"/>
    <trkpt lat="25.15227" lon="121.73635"/>
    <trkpt lat="25.15258" lon="121.73608"/>
    <trkpt lat="25.1527" lon="121.73595"/>
    <trkpt lat="25.1527" lon="121.73594"/>
    <trkpt lat="25.15274" lon="121.73589"/>
    <trkpt lat="25.15282" lon="121.73579"/>
    <trkpt lat="25.15284" lon="121.73578"/>
    <trkpt lat="25.15296" lon="121.73562"/>
    <trkpt lat="25.15304" lon="121.73548"/>
    <trkpt lat="25.15305" lon="121.73547"/>
    <trkpt lat="25.15307" lon="121.73543"/>
    <trkpt lat="25.15311" lon="121.73536"/>
    <trkpt lat="25.15314" lon="121.73531"/>
    <trkpt lat="25.15322" lon="121.73514"/>
    <trkpt lat="25.15329" lon="121.73501"/>
    <trkpt lat="25.1535" lon="121.73466"/>
    <trkpt lat="25.15368" lon="121.73434"/>
    <trkpt lat="25.15384" lon="121.73405"/>
    <trkpt lat="25.15403" lon="121.73357"/>
    <trkpt lat="25.15417" lon="121.73334"/>
    <trkpt lat="25.15457" lon="121.73352"/>
    <trkpt lat="25.15465" lon="121.73354"/>
    <trkpt lat="25.15478" lon="121.73357"/>
    <trkpt lat="25.15484" lon="121.73359"/>
    <trkpt lat="25.15492" lon="121.73363"/>
    <trkpt lat="25.15506" lon="121.73368"/>
    <trkpt lat="25.15516" lon="121.73372"/>
    <trkpt lat="25.1553" lon="121.73375"/>
    <trkpt lat="25.15537" lon="121.73376"/>
    <trkpt lat="25.15562" lon="121.73382"/>
    <trkpt lat="25.15591" lon="121.73391"/>
    <trkpt lat="25.1562" lon="121.734"/>
    <trkpt lat="25.15655" lon="121.7341"/>
    <trkpt lat="25.1567" lon="121.73415"/>
    <trkpt lat="25.15705" lon="121.73426"/>
    <trkpt lat="25.15733" lon="121.73429"/>
    <trkpt lat="25.15724" lon="121.73374"/>
    <trkpt lat="25.15719" lon="121.73341"/>
    <trkpt lat="25.15719" lon="121.73334"/>
    <trkpt lat="25.15718" lon="121.73323"/>
    <trkpt lat="25.15718" lon="121.73315"/>
    <trkpt lat="25.15719" lon="121.73304"/>
    <trkpt lat="25.15722" lon="121.73288"/>
    <trkpt lat="25.15724" lon="121.7328"/>
    <trkpt lat="25.15729" lon="121.73268"/>
    <trkpt lat="25.15741" lon="121.73245"/>
    <trkpt lat="25.15758" lon="121.73215"/>
    <trkpt lat="25.15768" lon="121.73199"/>
    <trkpt lat="25.15787" lon="121.7318"/>
    <trkpt lat="25.15797" lon="121.73173"/>
    <trkpt lat="25.15827" lon="121.73203"/>
    <trkpt lat="25.15847" lon="121.73218"/>
    <trkpt lat="25.15857" lon="121.73223"/>
    <trkpt lat="25.15868" lon="121.73227"/>
    <trkpt lat="25.15882" lon="121.73231"/>
    <trkpt lat="25.15888" lon="121.73231"/>
    <trkpt lat="25.15902" lon="121.73234"/>
    <trkpt lat="25.15909" lon="121.73233"/>
    <trkpt lat="25.15922" lon="121.73231"/>
    <trkpt lat="25.1593" lon="121.73228"/>
    <trkpt lat="25.15934" lon="121.73226"/>
    <trkpt lat="25.15945" lon="121.73221"/>
    <trkpt lat="25.15947" lon="121.7322"/>
    <trkpt lat="25.1598" lon="121.73204"/>
    <trkpt lat="25.15981" lon="121.73203"/>
    <trkpt lat="25.15992" lon="121.73199"/>
    <trkpt lat="25.15997" lon="121.73197"/>
    <trkpt lat="25.15999" lon="121.73196"/>
    <trkpt lat="25.16001" lon="121.73195"/>
    <trkpt lat="25.16003" lon="121.73195"/>
    <trkpt lat="25.16005" lon="121.73195"/>
    <trkpt lat="25.16006" lon="121.73194"/>
    <trkpt lat="25.16009" lon="121.73195"/>
    <trkpt lat="25.16009" lon="121.73196"/>
    <trkpt lat="25.16011" lon="121.73196"/>
    <trkpt lat="25.16013" lon="121.73198"/>
    <trkpt lat="25.16016" lon="121.73199"/>
    <trkpt lat="25.16018" lon="121.732"/>
    <trkpt lat="25.16029" lon="121.73207"/>
    <trkpt lat="25.16034" lon="121.7321"/>
    <trkpt lat="25.16049" lon="121.7322"/>
    <trkpt lat="25.16057" lon="121.73223"/>
    <trkpt lat="25.1606" lon="121.73223"/>
    <trkpt lat="25.16068" lon="121.73224"/>
    <trkpt lat="25.16079" lon="121.73224"/>
    <trkpt lat="25.16085" lon="121.73221"/>
    <trkpt lat="25.16088" lon="121.73218"/>
    <trkpt lat="25.16089" lon="121.73216"/>
    <trkpt lat="25.16091" lon="121.73215"/>
    <trkpt lat="25.16095" lon="121.7321"/>
    <trkpt lat="25.16101" lon="121.73204"/>
    <trkpt lat="25.16107" lon="121.73197"/>
    <trkpt lat="25.16115" lon="121.73189"/>
    <trkpt lat="25.16153" lon="121.7315"/>
    <trkpt lat="25.16211" lon="121.73089"/>
    <trkpt lat="25.16219" lon="121.7308"/>
    <trkpt lat="25.16263" lon="121.73038"/>
    <trkpt lat="25.16265" lon="121.73036"/>
    <trkpt lat="25.16278" lon="121.73022"/>
    <trkpt lat="25.16296" lon="121.73004"/>
    <trkpt lat="25.163" lon="121.72999"/>
    <trkpt lat="25.16304" lon="121.72994"/>
    <trkpt lat="25.16307" lon="121.72991"/>
    <trkpt lat="25.16309" lon="121.72988"/>
    <trkpt lat="25.1631" lon="121.72987"/>
    <trkpt lat="25.16311" lon="121.72983"/>
    <trkpt lat="25.16311" lon="121.72978"/>
    <trkpt lat="25.16311" lon="121.72974"/>
    <trkpt lat="25.16311" lon="121.72971"/>
    <trkpt lat="25.16311" lon="121.72967"/>
    <trkpt lat="25.16311" lon="121.72963"/>
    <trkpt lat="25.1631" lon="121.72959"/>
    <trkpt lat="25.16309" lon="121.72956"/>
    <trkpt lat="25.16306" lon="121.72953"/>
    <trkpt lat="25.16304" lon="121.72949"/>
    <trkpt lat="25.16298" lon="121.72942"/>
    <trkpt lat="25.16289" lon="121.7293"/>
    <trkpt lat="25.16274" lon="121.72915"/>
    <trkpt lat="25.16271" lon="121.72914"/>
    <trkpt lat="25.1627" lon="121.72912"/>
    <trkpt lat="25.16268" lon="121.7291"/>
    <trkpt lat="25.16266" lon="121.72908"/>
    <trkpt lat="25.16265" lon="121.72906"/>
    <trkpt lat="25.16264" lon="121.72905"/>
    <trkpt lat="25.16264" lon="121.72904"/>
    <trkpt lat="25.16263" lon="121.72903"/>
    <trkpt lat="25.16263" lon="121.72901"/>
    <trkpt lat="25.16263" lon="121.729"/>
    <trkpt lat="25.16263" lon="121.72898"/>
    <trkpt lat="25.16264" lon="121.72896"/>
    <trkpt lat="25.16266" lon="121.72887"/>
    <trkpt lat="25.16268" lon="121.7288"/>
    <trkpt lat="25.1627" lon="121.72873"/>
    <trkpt lat="25.16278" lon="121.72846"/>
    <trkpt lat="25.16288" lon="121.72814"/>
    <trkpt lat="25.16289" lon="121.7281"/>
    <trkpt lat="25.16291" lon="121.72802"/>
    <trkpt lat="25.16293" lon="121.72794"/>
    <trkpt lat="25.16294" lon="121.72785"/>
    <trkpt lat="25.16295" lon="121.72766"/>
    <trkpt lat="25.16297" lon="121.72759"/>
    <trkpt lat="25.16297" lon="121.72753"/>
    <trkpt lat="25.16296" lon="121.72749"/>
    <trkpt lat="25.16295" lon="121.72742"/>
    <trkpt lat="25.16294" lon="121.72735"/>
    <trkpt lat="25.16293" lon="121.72731"/>
    <trkpt lat="25.16292" lon="121.72726"/>
    <trkpt lat="25.1629" lon="121.72722"/>
    <trkpt lat="25.16289" lon="121.72716"/>
    <trkpt lat="25.16289" lon="121.72714"/>
    <trkpt lat="25.16289" lon="121.72696"/>
    <trkpt lat="25.1629" lon="121.72676"/>
    <trkpt lat="25.1629" lon="121.72671"/>
    <trkpt lat="25.16292" lon="121.7266"/>
    <trkpt lat="25.16292" lon="121.72656"/>
    <trkpt lat="25.16294" lon="121.72648"/>
    <trkpt lat="25.16298" lon="121.72636"/>
    <trkpt lat="25.16302" lon="121.72623"/>
    <trkpt lat="25.1631" lon="121.72612"/>
    <trkpt lat="25.1634" lon="121.72574"/>
    <trkpt lat="25.16355" lon="121.72556"/>
    <trkpt lat="25.16364" lon="121.72546"/>
    <trkpt lat="25.16377" lon="121.72531"/>
    <trkpt lat="25.164" lon="121.72501"/>
    <trkpt lat="25.16415" lon="121.72482"/>
    <trkpt lat="25.16422" lon="121.72473"/>
    <trkpt lat="25.16424" lon="121.72468"/>
    <trkpt lat="25.16429" lon="121.72448"/>
    <trkpt lat="25.16432" lon="121.7243"/>
    <trkpt lat="25.16431" lon="121.72417"/>
    <trkpt lat="25.16429" lon="121.72398"/>
    <trkpt lat="25.16428" lon="121.72389"/>
    <trkpt lat="25.16412" lon="121.72323"/>
    <trkpt lat="25.16398" lon="121.72261"/>
    <trkpt lat="25.16389" lon="121.72226"/>
    <trkpt lat="25.16385" lon="121.72208"/>
    <trkpt lat="25.16381" lon="121.72174"/>
    <trkpt lat="25.1638" lon="121.72173"/>
    <trkpt lat="25.1638" lon="121.72147"/>
    <trkpt lat="25.16379" lon="121.72091"/>
    <trkpt lat="25.16377" lon="121.72078"/>
    <trkpt lat="25.16376" lon="121.72067"/>
    <trkpt lat="25.16372" lon="121.72051"/>
    <trkpt lat="25.16372" lon="121.72043"/>
    <trkpt lat="25.16372" lon="121.72036"/>
    <trkpt lat="25.16374" lon="121.72028"/>
    <trkpt lat="25.16377" lon="121.72019"/>
    <trkpt lat="25.16382" lon="121.72011"/>
    <trkpt lat="25.16386" lon="121.72005"/>
    <trkpt lat="25.16392" lon="121.71997"/>
    <trkpt lat="25.16399" lon="121.71989"/>
    <trkpt lat="25.16402" lon="121.71984"/>
    <trkpt lat="25.16405" lon="121.71978"/>
    <trkpt lat="25.16408" lon="121.71971"/>
    <trkpt lat="25.16409" lon="121.71966"/>
    <trkpt lat="25.1641" lon="121.71962"/>
    <trkpt lat="25.16412" lon="121.71956"/>
    <trkpt lat="25.16412" lon="121.71943"/>
    <trkpt lat="25.16413" lon="121.71931"/>
    <trkpt lat="25.16412" lon="121.71913"/>
    <trkpt lat="25.1641" lon="121.71896"/>
    <trkpt lat="25.16408" lon="121.71877"/>
    <trkpt lat="25.16408" lon="121.71876"/>
    <trkpt lat="25.1641" lon="121.71865"/>
    <trkpt lat="25.16412" lon="121.71857"/>
    <trkpt lat="25.16413" lon="121.71853"/>
    <trkpt lat="25.16418" lon="121.71843"/>
    <trkpt lat="25.1642" lon="121.71839"/>
    <trkpt lat="25.16426" lon="121.71827"/>
    <trkpt lat="25.16429" lon="121.71822"/>
    <trkpt lat="25.1644" lon="121.71806"/>
    <trkpt lat="25.16447" lon="121.71794"/>
    <trkpt lat="25.1645" lon="121.7178"/>
    <trkpt lat="25.16452" lon="121.7177"/>
    <trkpt lat="25.16453" lon="121.71761"/>
    <trkpt lat="25.16455" lon="121.7175"/>
    <trkpt lat="25.16457" lon="121.71735"/>
    <trkpt lat="25.16459" lon="121.71721"/>
    <trkpt lat="25.16462" lon="121.71711"/>
    <trkpt lat="25.16468" lon="121.71696"/>
    <trkpt lat="25.16477" lon="121.71677"/>
    <trkpt lat="25.16491" lon="121.71644"/>
    <trkpt lat="25.16493" lon="121.71636"/>
    <trkpt lat="25.16495" lon="121.71628"/>
    <trkpt lat="25.165" lon="121.71581"/>
    <trkpt lat="25.16502" lon="121.71562"/>
    <trkpt lat="25.16505" lon="121.71538"/>
    <trkpt lat="25.16507" lon="121.71517"/>
    <trkpt lat="25.16508" lon="121.7151"/>
    <trkpt lat="25.1651" lon="121.71504"/>
    <trkpt lat="25.16511" lon="121.715"/>
    <trkpt lat="25.16513" lon="121.71495"/>
    <trkpt lat="25.16515" lon="121.71491"/>
    <trkpt lat="25.16517" lon="121.71487"/>
    <trkpt lat="25.16518" lon="121.71483"/>
    <trkpt lat="25.16519" lon="121.71479"/>
    <trkpt lat="25.1652" lon="121.71474"/>
    <trkpt lat="25.1652" lon="121.7147"/>
    <trkpt lat="25.1652" lon="121.71468"/>
    <trkpt lat="25.1652" lon="121.71465"/>
    <trkpt lat="25.16519" lon="121.71462"/>
    <trkpt lat="25.16518" lon="121.71458"/>
    <trkpt lat="25.16514" lon="121.71449"/>
    <trkpt lat="25.16508" lon="121.7143"/>
    <trkpt lat="25.16507" lon="121.71428"/>
    <trkpt lat="25.16503" lon="121.71416"/>
    <trkpt lat="25.16468" lon="121.71297"/>
    <trkpt lat="25.16465" lon="121.71291"/>
    <trkpt lat="25.16463" lon="121.71285"/>
    <trkpt lat="25.1646" lon="121.7128"/>
    <trkpt lat="25.16459" lon="121.71279"/>
    <trkpt lat="25.16456" lon="121.71275"/>
    <trkpt lat="25.16452" lon="121.7127"/>
    <trkpt lat="25.16447" lon="121.71265"/>
    <trkpt lat="25.16446" lon="121.71264"/>
    <trkpt lat="25.1642" lon="121.71237"/>
    <trkpt lat="25.16417" lon="121.71233"/>
    <trkpt lat="25.16412" lon="121.71229"/>
    <trkpt lat="25.16408" lon="121.71223"/>
    <trkpt lat="25.16406" lon="121.71219"/>
    <trkpt lat="25.16405" lon="121.71217"/>
    <trkpt lat="25.16403" lon="121.71213"/>
    <trkpt lat="25.16403" lon="121.71212"/>
    <trkpt lat="25.16401" lon="121.71208"/>
    <trkpt lat="25.16399" lon="121.71201"/>
    <trkpt lat="25.16396" lon="121.71194"/>
    <trkpt lat="25.16394" lon="121.71186"/>
    <trkpt lat="25.16393" lon="121.71181"/>
    <trkpt lat="25.1639" lon="121.71168"/>
    <trkpt lat="25.16386" lon="121.71136"/>
    <trkpt lat="25.16383" lon="121.711"/>
    <trkpt lat="25.16386" lon="121.71037"/>
    <trkpt lat="25.16386" lon="121.71036"/>
    <trkpt lat="25.16387" lon="121.71023"/>
    <trkpt lat="25.1639" lon="121.70988"/>
    <trkpt lat="25.16395" lon="121.70958"/>
    <trkpt lat="25.16398" lon="121.70938"/>
    <trkpt lat="25.16402" lon="121.70919"/>
    <trkpt lat="25.16403" lon="121.7091"/>
    <trkpt lat="25.16406" lon="121.70899"/>
    <trkpt lat="25.16413" lon="121.70867"/>
    <trkpt lat="25.16415" lon="121.70861"/>
    <trkpt lat="25.16418" lon="121.70848"/>
    <trkpt lat="25.16421" lon="121.70835"/>
    <trkpt lat="25.16433" lon="121.70792"/>
    <trkpt lat="25.16437" lon="121.70778"/>
    <trkpt lat="25.16439" lon="121.70772"/>
    <trkpt lat="25.16434" lon="121.70767"/>
    <trkpt lat="25.16432" lon="121.70763"/>
    <trkpt lat="25.16432" lon="121.70761"/>
    <trkpt lat="25.1643" lon="121.70758"/>
    <trkpt lat="25.1643" lon="121.70755"/>
    <trkpt lat="25.16429" lon="121.7075"/>
    <trkpt lat="25.16428" lon="121.70747"/>
    <trkpt lat="25.16427" lon="121.70736"/>
    <trkpt lat="25.16425" lon="121.70716"/>
    <trkpt lat="25.16423" lon="121.70703"/>
    <trkpt lat="25.16422" lon="121.70688"/>
    <trkpt lat="25.16423" lon="121.70676"/>
    <trkpt lat="25.16424" lon="121.70665"/>
    <trkpt lat="25.16426" lon="121.70657"/>
    <trkpt lat="25.16428" lon="121.7065"/>
    <trkpt lat="25.16437" lon="121.70621"/>
    <trkpt lat="25.16438" lon="121.70615"/>
    <trkpt lat="25.1644" lon="121.70609"/>
    <trkpt lat="25.1644" lon="121.70604"/>
    <trkpt lat="25.16439" lon="121.70593"/>
    <trkpt lat="25.16437" lon="121.7058"/>
    <trkpt lat="25.16437" lon="121.70577"/>
    <trkpt lat="25.16434" lon="121.70558"/>
    <trkpt lat="25.1643" lon="121.70527"/>
    <trkpt lat="25.16426" lon="121.70506"/>
    <trkpt lat="25.16424" lon="121.70496"/>
    <trkpt lat="25.1642" lon="121.70482"/>
    <trkpt lat="25.16418" lon="121.70475"/>
    <trkpt lat="25.16416" lon="121.70463"/>
    <trkpt lat="25.16414" lon="121.70448"/>
    <trkpt lat="25.16414" lon="121.70443"/>
    <trkpt lat="25.16414" lon="121.70429"/>
    <trkpt lat="25.16414" lon="121.70414"/>
    <trkpt lat="25.16414" lon="121.70404"/>
    <trkpt lat="25.16414" lon="121.70403"/>
    <trkpt lat="25.16415" lon="121.70397"/>
    <trkpt lat="25.16416" lon="121.70392"/>
    <trkpt lat="25.16417" lon="121.70387"/>
    <trkpt lat="25.16418" lon="121.70384"/>
    <trkpt lat="25.16419" lon="121.70381"/>
    <trkpt lat="25.16423" lon="121.70371"/>
    <trkpt lat="25.16429" lon="121.70361"/>
    <trkpt lat="25.16436" lon="121.70352"/>
    <trkpt lat="25.16436" lon="121.7035"/>
    <trkpt lat="25.16446" lon="121.70337"/>
    <trkpt lat="25.16447" lon="121.70336"/>
    <trkpt lat="25.16448" lon="121.70334"/>
    <trkpt lat="25.16448" lon="121.70333"/>
    <trkpt lat="25.16448" lon="121.7033"/>
    <trkpt lat="25.16448" lon="121.70328"/>
    <trkpt lat="25.16448" lon="121.70326"/>
    <trkpt lat="25.16448" lon="121.70324"/>
    <trkpt lat="25.16447" lon="121.70322"/>
    <trkpt lat="25.16445" lon="121.70319"/>
    <trkpt lat="25.16444" lon="121.70317"/>
    <trkpt lat="25.16442" lon="121.70316"/>
    <trkpt lat="25.1644" lon="121.70315"/>
    <trkpt lat="25.16439" lon="121.70315"/>
    <trkpt lat="25.16436" lon="121.70315"/>
    <trkpt lat="25.16434" lon="121.70315"/>
    <trkpt lat="25.16432" lon="121.70316"/>
    <trkpt lat="25.1643" lon="121.70317"/>
    <trkpt lat="25.16425" lon="121.70321"/>
    <trkpt lat="25.16417" lon="121.70328"/>
    <trkpt lat="25.16416" lon="121.7033"/>
    <trkpt lat="25.16405" lon="121.70343"/>
    <trkpt lat="25.16403" lon="121.70345"/>
    <trkpt lat="25.16401" lon="121.70347"/>
    <trkpt lat="25.164" lon="121.70349"/>
    <trkpt lat="25.16391" lon="121.70353"/>
    <trkpt lat="25.16341" lon="121.70362"/>
    <trkpt lat="25.16334" lon="121.70362"/>
    <trkpt lat="25.16333" lon="121.70362"/>
    <trkpt lat="25.16328" lon="121.70363"/>
    <trkpt lat="25.16325" lon="121.70362"/>
    <trkpt lat="25.16321" lon="121.7036"/>
    <trkpt lat="25.16318" lon="121.70358"/>
    <trkpt lat="25.16317" lon="121.70357"/>
    <trkpt lat="25.16315" lon="121.70355"/>
    <trkpt lat="25.16314" lon="121.70352"/>
    <trkpt lat="25.16313" lon="121.70349"/>
    <trkpt lat="25.16313" lon="121.70344"/>
    <trkpt lat="25.16315" lon="121.70337"/>
    <trkpt lat="25.1632" lon="121.70328"/>
    <trkpt lat="25.16322" lon="121.70324"/>
    <trkpt lat="25.16322" lon="121.70321"/>
    <trkpt lat="25.16322" lon="121.70319"/>
    <trkpt lat="25.16322" lon="121.70313"/>
    <trkpt lat="25.1632" lon="121.70306"/>
    <trkpt lat="25.16313" lon="121.70287"/>
    <trkpt lat="25.16311" lon="121.70282"/>
    <trkpt lat="25.163" lon="121.70266"/>
    <trkpt lat="25.1627" lon="121.70219"/>
    <trkpt lat="25.1626" lon="121.70207"/>
    <trkpt lat="25.16254" lon="121.70197"/>
    <trkpt lat="25.16245" lon="121.70188"/>
    <trkpt lat="25.16238" lon="121.70184"/>
    <trkpt lat="25.16223" lon="121.70177"/>
    <trkpt lat="25.16212" lon="121.7017"/>
    <trkpt lat="25.16209" lon="121.70169"/>
    <trkpt lat="25.16208" lon="121.70168"/>
    <trkpt lat="25.16207" lon="121.70167"/>
    <trkpt lat="25.16207" lon="121.70166"/>
    <trkpt lat="25.16207" lon="121.70165"/>
    <trkpt lat="25.16207" lon="121.70164"/>
    <trkpt lat="25.16208" lon="121.70161"/>
    <trkpt lat="25.16209" lon="121.70158"/>
    <trkpt lat="25.16219" lon="121.70161"/>
    <trkpt lat="25.16238" lon="121.70169"/>
    <trkpt lat="25.16249" lon="121.70176"/>
    <trkpt lat="25.16256" lon="121.70183"/>
    <trkpt lat="25.16266" lon="121.70193"/>
    <trkpt lat="25.16276" lon="121.70206"/>
    <trkpt lat="25.16291" lon="121.7023"/>
    <trkpt lat="25.16303" lon="121.70252"/>
    <trkpt lat="25.16315" lon="121.70274"/>
    <trkpt lat="25.16323" lon="121.70286"/>
    <trkpt lat="25.16341" lon="121.70307"/>
    <trkpt lat="25.16345" lon="121.70311"/>
    <trkpt lat="25.16355" lon="121.70318"/>
    <trkpt lat="25.16357" lon="121.7032"/>
    <trkpt lat="25.16368" lon="121.70325"/>
    <trkpt lat="25.16373" lon="121.70327"/>
    <trkpt lat="25.16394" lon="121.70336"/>
    <trkpt lat="25.16411" lon="121.70344"/>
    <trkpt lat="25.16415" lon="121.70345"/>
    <trkpt lat="25.16428" lon="121.70353"/>
    <trkpt lat="25.16442" lon="121.70362"/>
    <trkpt lat="25.16446" lon="121.70365"/>
    <trkpt lat="25.16459" lon="121.70379"/>
    <trkpt lat="25.16468" lon="121.70391"/>
    <trkpt lat="25.1647" lon="121.70394"/>
    <trkpt lat="25.16481" lon="121.70414"/>
    <trkpt lat="25.16509" lon="121.70474"/>
    <trkpt lat="25.16513" lon="121.70481"/>
    <trkpt lat="25.16517" lon="121.70489"/>
    <trkpt lat="25.16522" lon="121.70495"/>
    <trkpt lat="25.16524" lon="121.70497"/>
    <trkpt lat="25.16531" lon="121.70502"/>
    <trkpt lat="25.16534" lon="121.70504"/>
    <trkpt lat="25.16539" lon="121.70507"/>
    <trkpt lat="25.1654" lon="121.70507"/>
    <trkpt lat="25.16544" lon="121.70509"/>
    <trkpt lat="25.16551" lon="121.70511"/>
    <trkpt lat="25.16557" lon="121.70512"/>
    <trkpt lat="25.16558" lon="121.70512"/>
    <trkpt lat="25.16561" lon="121.70513"/>
    <trkpt lat="25.16579" lon="121.70512"/>
    <trkpt lat="25.16587" lon="121.70511"/>
    <trkpt lat="25.16601" lon="121.70509"/>
    <trkpt lat="25.16607" lon="121.70509"/>
    <trkpt lat="25.16613" lon="121.70509"/>
    <trkpt lat="25.16616" lon="121.70509"/>
    <trkpt lat="25.16621" lon="121.70509"/>
    <trkpt lat="25.16627" lon="121.70509"/>
    <trkpt lat="25.16633" lon="121.70509"/>
    <trkpt lat="25.16638" lon="121.7051"/>
    <trkpt lat="25.16663" lon="121.70515"/>
    <trkpt lat="25.16672" lon="121.70518"/>
    <trkpt lat="25.16678" lon="121.70522"/>
    <trkpt lat="25.16684" lon="121.70526"/>
    <trkpt lat="25.16688" lon="121.7053"/>
    <trkpt lat="25.16694" lon="121.70535"/>
    <trkpt lat="25.16701" lon="121.70541"/>
    <trkpt lat="25.16707" lon="121.7055"/>
    <trkpt lat="25.16717" lon="121.70566"/>
    <trkpt lat="25.16735" lon="121.70592"/>
    <trkpt lat="25.16751" lon="121.70616"/>
    <trkpt lat="25.16766" lon="121.70636"/>
    <trkpt lat="25.16782" lon="121.70651"/>
    <trkpt lat="25.16798" lon="121.70663"/>
    <trkpt lat="25.16826" lon="121.70675"/>
    <trkpt lat="25.16837" lon="121.70679"/>
    <trkpt lat="25.16844" lon="121.70682"/>
    <trkpt lat="25.16868" lon="121.70694"/>
    <trkpt lat="25.16881" lon="121.70706"/>
    <trkpt lat="25.16902" lon="121.70728"/>
    <trkpt lat="25.16924" lon="121.70758"/>
    <trkpt lat="25.16931" lon="121.70768"/>
    <trkpt lat="25.16942" lon="121.70783"/>
    <trkpt lat="25.16952" lon="121.70796"/>
    <trkpt lat="25.16954" lon="121.70798"/>
    <trkpt lat="25.1696" lon="121.70803"/>
    <trkpt lat="25.16966" lon="121.70808"/>
    <trkpt lat="25.16969" lon="121.70809"/>
    <trkpt lat="25.16976" lon="121.70813"/>
    <trkpt lat="25.16985" lon="121.70817"/>
    <trkpt lat="25.16985" lon="121.70818"/>
    <trkpt lat="25.16994" lon="121.7082"/>
    <trkpt lat="25.17" lon="121.70821"/>
    <trkpt lat="25.17009" lon="121.70822"/>
    <trkpt lat="25.17014" lon="121.70823"/>
    <trkpt lat="25.17019" lon="121.70823"/>
    <trkpt lat="25.17044" lon="121.70822"/>
    <trkpt lat="25.17079" lon="121.70817"/>
    <trkpt lat="25.17092" lon="121.70814"/>
    <trkpt lat="25.1714" lon="121.70805"/>
    <trkpt lat="25.17164" lon="121.70803"/>
    <trkpt lat="25.17186" lon="121.70802"/>
    <trkpt lat="25.17206" lon="121.70802"/>
    <trkpt lat="25.17213" lon="121.70803"/>
    <trkpt lat="25.17221" lon="121.70804"/>
    <trkpt lat="25.17277" lon="121.70818"/>
    <trkpt lat="25.17288" lon="121.70821"/>
    <trkpt lat="25.17305" lon="121.70825"/>
    <trkpt lat="25.17326" lon="121.70831"/>
    <trkpt lat="25.1734" lon="121.70834"/>
    <trkpt lat="25.17351" lon="121.70838"/>
    <trkpt lat="25.17371" lon="121.70838"/>
    <trkpt lat="25.17384" lon="121.70837"/>
    <trkpt lat="25.174" lon="121.70833"/>
    <trkpt lat="25.17415" lon="121.70828"/>
    <trkpt lat="25.17424" lon="121.70823"/>
    <trkpt lat="25.17432" lon="121.70819"/>
    <trkpt lat="25.1744" lon="121.70813"/>
    <trkpt lat="25.17442" lon="121.70811"/>
    <trkpt lat="25.1745" lon="121.70805"/>
    <trkpt lat="25.17461" lon="121.70793"/>
    <trkpt lat="25.17472" lon="121.70778"/>
    <trkpt lat="25.17479" lon="121.70757"/>
    <trkpt lat="25.17483" lon="121.70734"/>
    <trkpt lat="25.17483" lon="121.70711"/>
    <trkpt lat="25.17481" lon="121.70702"/>
    <trkpt lat="25.1748" lon="121.70691"/>
    <trkpt lat="25.17478" lon="121.70684"/>
    <trkpt lat="25.17468" lon="121.70638"/>
    <trkpt lat="25.17467" lon="121.70617"/>
    <trkpt lat="25.17468" lon="121.70601"/>
    <trkpt lat="25.17474" lon="121.70579"/>
    <trkpt lat="25.17484" lon="121.70559"/>
    <trkpt lat="25.17484" lon="121.70558"/>
    <trkpt lat="25.17507" lon="121.70523"/>
    <trkpt lat="25.1751" lon="121.7052"/>
    <trkpt lat="25.17517" lon="121.70506"/>
    <trkpt lat="25.1752" lon="121.70501"/>
    <trkpt lat="25.17541" lon="121.70465"/>
    <trkpt lat="25.17549" lon="121.70451"/>
    <trkpt lat="25.17572" lon="121.70408"/>
    <trkpt lat="25.17576" lon="121.704"/>
    <trkpt lat="25.17576" lon="121.70399"/>
    <trkpt lat="25.17583" lon="121.70382"/>
    <trkpt lat="25.17596" lon="121.70352"/>
    <trkpt lat="25.17621" lon="121.70298"/>
    <trkpt lat="25.17624" lon="121.70293"/>
    <trkpt lat="25.17634" lon="121.70277"/>
    <trkpt lat="25.17637" lon="121.70272"/>
    <trkpt lat="25.1765" lon="121.70255"/>
    <trkpt lat="25.17662" lon="121.70244"/>
    <trkpt lat="25.17672" lon="121.70236"/>
    <trkpt lat="25.17685" lon="121.70229"/>
    <trkpt lat="25.17698" lon="121.70223"/>
    <trkpt lat="25.17715" lon="121.70217"/>
    <trkpt lat="25.1774" lon="121.70212"/>
    <trkpt lat="25.17741" lon="121.70212"/>
    <trkpt lat="25.1779" lon="121.70202"/>
    <trkpt lat="25.1781" lon="121.70196"/>
    <trkpt lat="25.17823" lon="121.70191"/>
    <trkpt lat="25.17828" lon="121.70188"/>
    <trkpt lat="25.17839" lon="121.70181"/>
    <trkpt lat="25.17844" lon="121.70179"/>
    <trkpt lat="25.17845" lon="121.70178"/>
    <trkpt lat="25.17858" lon="121.70166"/>
    <trkpt lat="25.17872" lon="121.7015"/>
    <trkpt lat="25.17886" lon="121.70128"/>
    <trkpt lat="25.17897" lon="121.70108"/>
    <trkpt lat="25.17917" lon="121.70065"/>
    <trkpt lat="25.17924" lon="121.70049"/>
    <trkpt lat="25.17931" lon="121.7003"/>
    <trkpt lat="25.17962" lon="121.69938"/>
    <trkpt lat="25.1797" lon="121.69908"/>
    <trkpt lat="25.17974" lon="121.69888"/>
    <trkpt lat="25.17979" lon="121.69861"/>
    <trkpt lat="25.17983" lon="121.6983"/>
    <trkpt lat="25.17984" lon="121.69826"/>
    <trkpt lat="25.17987" lon="121.69799"/>
    <trkpt lat="25.17986" lon="121.69749"/>
    <trkpt lat="25.17985" lon="121.69729"/>
    <trkpt lat="25.1798" lon="121.69705"/>
    <trkpt lat="25.17975" lon="121.69686"/>
    <trkpt lat="25.17966" lon="121.69661"/>
    <trkpt lat="25.17964" lon="121.69655"/>
    <trkpt lat="25.17953" lon="121.69628"/>
    <trkpt lat="25.1795" lon="121.69619"/>
    <trkpt lat="25.17947" lon="121.69611"/>
    <trkpt lat="25.17946" lon="121.69609"/>
    <trkpt lat="25.17938" lon="121.69581"/>
    <trkpt lat="25.17935" lon="121.69561"/>
    <trkpt lat="25.17933" lon="121.69549"/>
    <trkpt lat="25.17933" lon="121.69542"/>
    <trkpt lat="25.17933" lon="121.69503"/>
    <trkpt lat="25.17936" lon="121.69481"/>
    <trkpt lat="25.17938" lon="121.69472"/>
    <trkpt lat="25.1795" lon="121.69437"/>
    <trkpt lat="25.17965" lon="121.69395"/>
    <trkpt lat="25.17972" lon="121.69369"/>
    <trkpt lat="25.17976" lon="121.69348"/>
    <trkpt lat="25.1798" lon="121.69323"/>
    <trkpt lat="25.17985" lon="121.6928"/>
    <trkpt lat="25.17995" lon="121.69178"/>
    <trkpt lat="25.17995" lon="121.69172"/>
    <trkpt lat="25.17994" lon="121.69165"/>
    <trkpt lat="25.17995" lon="121.69146"/>
    <trkpt lat="25.17996" lon="121.69135"/>
    <trkpt lat="25.17997" lon="121.69118"/>
    <trkpt lat="25.18001" lon="121.69098"/>
    <trkpt lat="25.18006" lon="121.69077"/>
    <trkpt lat="25.18013" lon="121.69057"/>
    <trkpt lat="25.18027" lon="121.69036"/>
    <trkpt lat="25.18037" lon="121.69022"/>
    <trkpt lat="25.18049" lon="121.69009"/>
    <trkpt lat="25.18075" lon="121.68987"/>
    <trkpt lat="25.18129" lon="121.6894"/>
    <trkpt lat="25.1815" lon="121.68919"/>
    <trkpt lat="25.18209" lon="121.68855"/>
    <trkpt lat="25.18217" lon="121.68846"/>
    <trkpt lat="25.18248" lon="121.68809"/>
    <trkpt lat="25.18267" lon="121.68796"/>
    <trkpt lat="25.18282" lon="121.68786"/>
    <trkpt lat="25.18308" lon="121.68773"/>
    <trkpt lat="25.18342" lon="121.68756"/>
    <trkpt lat="25.18349" lon="121.68753"/>
    <trkpt lat="25.18363" lon="121.68745"/>
    <trkpt lat="25.18373" lon="121.68738"/>
    <trkpt lat="25.18384" lon="121.6873"/>
    <trkpt lat="25.18394" lon="121.6872"/>
    <trkpt lat="25.18413" lon="121.687"/>
    <trkpt lat="25.18431" lon="121.68678"/>
    <trkpt lat="25.18453" lon="121.68652"/>
    <trkpt lat="25.18458" lon="121.68647"/>
    <trkpt lat="25.18462" lon="121.68641"/>
    <trkpt lat="25.18471" lon="121.68626"/>
    <trkpt lat="25.18477" lon="121.68613"/>
    <trkpt lat="25.18487" lon="121.68589"/>
    <trkpt lat="25.18494" lon="121.68565"/>
    <trkpt lat="25.18504" lon="121.68525"/>
    <trkpt lat="25.18513" lon="121.68481"/>
    <trkpt lat="25.18518" lon="121.68461"/>
    <trkpt lat="25.18522" lon="121.68448"/>
    <trkpt lat="25.1853" lon="121.6843"/>
    <trkpt lat="25.18544" lon="121.68409"/>
    <trkpt lat="25.18554" lon="121.68396"/>
    <trkpt lat="25.18564" lon="121.68386"/>
    <trkpt lat="25.18578" lon="121.68374"/>
    <trkpt lat="25.1859" lon="121.68367"/>
    <trkpt lat="25.18599" lon="121.68363"/>
    <trkpt lat="25.18608" lon="121.6836"/>
    <trkpt lat="25.18617" lon="121.68357"/>
    <trkpt lat="25.18634" lon="121.68351"/>
    <trkpt lat="25.18688" lon="121.6834"/>
    <trkpt lat="25.18713" lon="121.68336"/>
    <trkpt lat="25.18736" lon="121.68336"/>
    <trkpt lat="25.18751" lon="121.68334"/>
    <trkpt lat="25.1879" lon="121.68329"/>
    <trkpt lat="25.18828" lon="121.68326"/>
    <trkpt lat="25.18868" lon="121.68323"/>
    <trkpt lat="25.18926" lon="121.68322"/>
    <trkpt lat="25.18939" lon="121.68321"/>
    <trkpt lat="25.1896" lon="121.68321"/>
    <trkpt lat="25.18986" lon="121.68322"/>
    <trkpt lat="25.19004" lon="121.68323"/>
    <trkpt lat="25.19028" lon="121.68326"/>
    <trkpt lat="25.19037" lon="121.68327"/>
    <trkpt lat="25.19047" lon="121.68329"/>
    <trkpt lat="25.19054" lon="121.68332"/>
    <trkpt lat="25.19069" lon="121.68342"/>
    <trkpt lat="25.19084" lon="121.68352"/>
    <trkpt lat="25.19098" lon="121.68361"/>
    <trkpt lat="25.19108" lon="121.68367"/>
    <trkpt lat="25.19129" lon="121.68378"/>
    <trkpt lat="25.1914" lon="121.68383"/>
    <trkpt lat="25.19175" lon="121.68402"/>
    <trkpt lat="25.19216" lon="121.68427"/>
    <trkpt lat="25.1925" lon="121.68451"/>
    <trkpt lat="25.19262" lon="121.68459"/>
    <trkpt lat="25.19273" lon="121.68464"/>
    <trkpt lat="25.19329" lon="121.68493"/>
    <trkpt lat="25.19338" lon="121.68496"/>
    <trkpt lat="25.19343" lon="121.68497"/>
    <trkpt lat="25.19363" lon="121.685"/>
    <trkpt lat="25.19376" lon="121.685"/>
    <trkpt lat="25.19384" lon="121.68499"/>
    <trkpt lat="25.19391" lon="121.68498"/>
    <trkpt lat="25.19398" lon="121.68497"/>
    <trkpt lat="25.19404" lon="121.68495"/>
    <trkpt lat="25.1941" lon="121.68494"/>
    <trkpt lat="25.19418" lon="121.68491"/>
    <trkpt lat="25.19425" lon="121.68488"/>
    <trkpt lat="25.19436" lon="121.68482"/>
    <trkpt lat="25.19482" lon="121.68444"/>
    <trkpt lat="25.19525" lon="121.68401"/>
    <trkpt lat="25.19605" lon="121.68322"/>
    <trkpt lat="25.19674" lon="121.68253"/>
    <trkpt lat="25.19685" lon="121.68241"/>
    <trkpt lat="25.19712" lon="121.68215"/>
    <trkpt lat="25.19726" lon="121.68202"/>
    <trkpt lat="25.19739" lon="121.68189"/>
    <trkpt lat="25.19753" lon="121.68176"/>
    <trkpt lat="25.19758" lon="121.68171"/>
    <trkpt lat="25.19772" lon="121.68153"/>
    <trkpt lat="25.19806" lon="121.68122"/>
    <trkpt lat="25.19833" lon="121.68096"/>
    <trkpt lat="25.19879" lon="121.68048"/>
    <trkpt lat="25.19918" lon="121.6801"/>
    <trkpt lat="25.19955" lon="121.67974"/>
    <trkpt lat="25.19988" lon="121.67944"/>
    <trkpt lat="25.20008" lon="121.67919"/>
    <trkpt lat="25.20017" lon="121.67906"/>
    <trkpt lat="25.20026" lon="121.6789"/>
    <trkpt lat="25.20042" lon="121.67854"/>
    <trkpt lat="25.20048" lon="121.67831"/>
    <trkpt lat="25.2005" lon="121.67807"/>
    <trkpt lat="25.2005" lon="121.67768"/>
    <trkpt lat="25.20044" lon="121.67704"/>
    <trkpt lat="25.20046" lon="121.67652"/>
    <trkpt lat="25.20052" lon="121.67617"/>
    <trkpt lat="25.20061" lon="121.67593"/>
    <trkpt lat="25.20067" lon="121.67583"/>
    <trkpt lat="25.2007" lon="121.67577"/>
    <trkpt lat="25.20076" lon="121.67566"/>
    <trkpt lat="25.20077" lon="121.67564"/>
    <trkpt lat="25.20094" lon="121.67532"/>
    <trkpt lat="25.20105" lon="121.67514"/>
    <trkpt lat="25.2011" lon="121.67503"/>
    <trkpt lat="25.20122" lon="121.67474"/>
    <trkpt lat="25.20124" lon="121.67468"/>
    <trkpt lat="25.20126" lon="121.67464"/>
    <trkpt lat="25.20127" lon="121.67456"/>
    <trkpt lat="25.20129" lon="121.67443"/>
    <trkpt lat="25.20132" lon="121.67398"/>
    <trkpt lat="25.20132" lon="121.67393"/>
    <trkpt lat="25.20132" lon="121.67371"/>
    <trkpt lat="25.20126" lon="121.67317"/>
    <trkpt lat="25.20121" lon="121.67277"/>
    <trkpt lat="25.2012" lon="121.67267"/>
    <trkpt lat="25.20117" lon="121.67238"/>
    <trkpt lat="25.20116" lon="121.67225"/>
    <trkpt lat="25.20116" lon="121.67198"/>
    <trkpt lat="25.20116" lon="121.6719"/>
    <trkpt lat="25.20118" lon="121.67181"/>
    <trkpt lat="25.20118" lon="121.67178"/>
    <trkpt lat="25.20126" lon="121.67155"/>
    <trkpt lat="25.20131" lon="121.67141"/>
    <trkpt lat="25.20137" lon="121.6713"/>
    <trkpt lat="25.20139" lon="121.67127"/>
    <trkpt lat="25.20142" lon="121.67123"/>
    <trkpt lat="25.20147" lon="121.67115"/>
    <trkpt lat="25.2015" lon="121.67111"/>
    <trkpt lat="25.20161" lon="121.671"/>
    <trkpt lat="25.2017" lon="121.67092"/>
    <trkpt lat="25.20177" lon="121.67085"/>
    <trkpt lat="25.20178" lon="121.67084"/>
    <trkpt lat="25.20191" lon="121.67074"/>
    <trkpt lat="25.20191" lon="121.67073"/>
    <trkpt lat="25.20205" lon="121.6706"/>
    <trkpt lat="25.20216" lon="121.6705"/>
    <trkpt lat="25.20226" lon="121.6704"/>
    <trkpt lat="25.20234" lon="121.67029"/>
    <trkpt lat="25.20247" lon="121.67012"/>
    <trkpt lat="25.20257" lon="121.66994"/>
    <trkpt lat="25.20287" lon="121.6694"/>
    <trkpt lat="25.20318" lon="121.66882"/>
    <trkpt lat="25.20326" lon="121.66869"/>
    <trkpt lat="25.20328" lon="121.66865"/>
    <trkpt lat="25.20333" lon="121.66856"/>
    <trkpt lat="25.20337" lon="121.66848"/>
    <trkpt lat="25.20364" lon="121.66801"/>
    <trkpt lat="25.20366" lon="121.66798"/>
    <trkpt lat="25.20371" lon="121.66792"/>
    <trkpt lat="25.20376" lon="121.66782"/>
    <trkpt lat="25.20377" lon="121.66781"/>
    <trkpt lat="25.20386" lon="121.66766"/>
    <trkpt lat="25.20387" lon="121.66765"/>
    <trkpt lat="25.204" lon="121.66746"/>
    <trkpt lat="25.20428" lon="121.66707"/>
    <trkpt lat="25.20431" lon="121.66703"/>
    <trkpt lat="25.2045" lon="121.66677"/>
    <trkpt lat="25.20466" lon="121.66656"/>
    <trkpt lat="25.20484" lon="121.66634"/>
    <trkpt lat="25.205" lon="121.66613"/>
    <trkpt lat="25.20511" lon="121.66593"/>
    <trkpt lat="25.20518" lon="121.66577"/>
    <trkpt lat="25.20526" lon="121.66559"/>
    <trkpt lat="25.20531" lon="121.66549"/>
    <trkpt lat="25.20533" lon="121.66541"/>
    <trkpt lat="25.20535" lon="121.66537"/>
    <trkpt lat="25.20542" lon="121.66518"/>
    <trkpt lat="25.20556" lon="121.66471"/>
    <trkpt lat="25.20562" lon="121.66453"/>
    <trkpt lat="25.20572" lon="121.66416"/>
    <trkpt lat="25.20582" lon="121.66383"/>
    <trkpt lat="25.20586" lon="121.66372"/>
    <trkpt lat="25.20588" lon="121.66366"/>
    <trkpt lat="25.20599" lon="121.6633"/>
    <trkpt lat="25.20604" lon="121.66319"/>
    <trkpt lat="25.20605" lon="121.66316"/>
    <trkpt lat="25.20618" lon="121.66266"/>
    <trkpt lat="25.20623" lon="121.6625"/>
    <trkpt lat="25.20624" lon="121.66248"/>
    <trkpt lat="25.20629" lon="121.66231"/>
    <trkpt lat="25.20629" lon="121.6623"/>
    <trkpt lat="25.20631" lon="121.66225"/>
    <trkpt lat="25.20635" lon="121.66211"/>
    <trkpt lat="25.20647" lon="121.66173"/>
    <trkpt lat="25.20659" lon="121.66136"/>
    <trkpt lat="25.20669" lon="121.66107"/>
    <trkpt lat="25.20681" lon="121.66071"/>
    <trkpt lat="25.20684" lon="121.66064"/>
    <trkpt lat="25.20698" lon="121.66033"/>
    <trkpt lat="25.20702" lon="121.66023"/>
    <trkpt lat="25.20703" lon="121.66023"/>
    <trkpt lat="25.20715" lon="121.66"/>
    <trkpt lat="25.20745" lon="121.65954"/>
    <trkpt lat="25.20751" lon="121.65945"/>
    <trkpt lat="25.20771" lon="121.65924"/>
    <trkpt lat="25.20787" lon="121.65908"/>
    <trkpt lat="25.20825" lon="121.65876"/>
    <trkpt lat="25.20851" lon="121.65854"/>
    <trkpt lat="25.20931" lon="121.65787"/>
    <trkpt lat="25.20939" lon="121.65781"/>
    <trkpt lat="25.2095" lon="121.65769"/>
    <trkpt lat="25.20957" lon="121.6576"/>
    <trkpt lat="25.20961" lon="121.65754"/>
    <trkpt lat="25.20963" lon="121.65746"/>
    <trkpt lat="25.20966" lon="121.65736"/>
    <trkpt lat="25.20967" lon="121.65732"/>
    <trkpt lat="25.20968" lon="121.65715"/>
    <trkpt lat="25.20967" lon="121.65707"/>
    <trkpt lat="25.20965" lon="121.65703"/>
    <trkpt lat="25.20963" lon="121.65691"/>
    <trkpt lat="25.20963" lon="121.65689"/>
    <trkpt lat="25.20962" lon="121.65673"/>
    <trkpt lat="25.20961" lon="121.65668"/>
    <trkpt lat="25.20959" lon="121.65645"/>
    <trkpt lat="25.20955" lon="121.6562"/>
    <trkpt lat="25.20952" lon="121.65598"/>
    <trkpt lat="25.20949" lon="121.65584"/>
    <trkpt lat="25.20947" lon="121.6558"/>
    <trkpt lat="25.20945" lon="121.65576"/>
    <trkpt lat="25.20943" lon="121.65571"/>
    <trkpt lat="25.2094" lon="121.65565"/>
    <trkpt lat="25.20939" lon="121.65561"/>
    <trkpt lat="25.2091" lon="121.65495"/>
    <trkpt lat="25.20902" lon="121.65474"/>
    <trkpt lat="25.20899" lon="121.65466"/>
    <trkpt lat="25.20897" lon="121.65457"/>
    <trkpt lat="25.20898" lon="121.65445"/>
    <trkpt lat="25.20897" lon="121.65441"/>
    <trkpt lat="25.20895" lon="121.65432"/>
    <trkpt lat="25.20893" lon="121.65416"/>
    <trkpt lat="25.20892" lon="121.65392"/>
    <trkpt lat="25.2089" lon="121.65353"/>
    <trkpt lat="25.20889" lon="121.65314"/>
    <trkpt lat="25.20888" lon="121.65287"/>
    <trkpt lat="25.20886" lon="121.65249"/>
    <trkpt lat="25.20885" lon="121.6524"/>
    <trkpt lat="25.20881" lon="121.65191"/>
    <trkpt lat="25.20881" lon="121.65162"/>
    <trkpt lat="25.20882" lon="121.65142"/>
    <trkpt lat="25.20885" lon="121.65127"/>
    <trkpt lat="25.20888" lon="121.65116"/>
    <trkpt lat="25.20892" lon="121.65108"/>
    <trkpt lat="25.209" lon="121.65094"/>
    <trkpt lat="25.20903" lon="121.6509"/>
    <trkpt lat="25.20936" lon="121.65048"/>
    <trkpt lat="25.20952" lon="121.65026"/>
    <trkpt lat="25.21025" lon="121.64929"/>
    <trkpt lat="25.21045" lon="121.64903"/>
    <trkpt lat="25.21102" lon="121.64827"/>
    <trkpt lat="25.21177" lon="121.64728"/>
    <trkpt lat="25.21182" lon="121.64721"/>
    <trkpt lat="25.21202" lon="121.64694"/>
    <trkpt lat="25.21215" lon="121.64676"/>
    <trkpt lat="25.21243" lon="121.64652"/>
    <trkpt lat="25.21259" lon="121.64638"/>
    <trkpt lat="25.21289" lon="121.64607"/>
    <trkpt lat="25.21369" lon="121.6453"/>
    <trkpt lat="25.21432" lon="121.64468"/>
    <trkpt lat="25.21448" lon="121.64453"/>
    <trkpt lat="25.21518" lon="121.64386"/>
    <trkpt lat="25.21594" lon="121.64316"/>
    <trkpt lat="25.21602" lon="121.64309"/>
    <trkpt lat="25.2165" lon="121.64261"/>
    <trkpt lat="25.21663" lon="121.6425"/>
    <trkpt lat="25.21678" lon="121.64235"/>
    <trkpt lat="25.21736" lon="121.64176"/>
    <trkpt lat="25.21744" lon="121.6417"/>
    <trkpt lat="25.2175" lon="121.64163"/>
    <trkpt lat="25.21758" lon="121.64155"/>
    <trkpt lat="25.21771" lon="121.64141"/>
    <trkpt lat="25.21806" lon="121.64109"/>
    <trkpt lat="25.21861" lon="121.64052"/>
    <trkpt lat="25.21865" lon="121.64044"/>
    <trkpt lat="25.21937" lon="121.63979"/>
    <trkpt lat="25.21944" lon="121.63973"/>
    <trkpt lat="25.21974" lon="121.63946"/>
    <trkpt lat="25.21982" lon="121.63939"/>
    <trkpt lat="25.21986" lon="121.63936"/>
    <trkpt lat="25.22029" lon="121.63899"/>
    <trkpt lat="25.22035" lon="121.63894"/>
    <trkpt lat="25.22064" lon="121.6387"/>
    <trkpt lat="25.22087" lon="121.63852"/>
    <trkpt lat="25.2209" lon="121.63849"/>
    <trkpt lat="25.22098" lon="121.63843"/>
    <trkpt lat="25.22142" lon="121.63795"/>
    <trkpt lat="25.22148" lon="121.63788"/>
    <trkpt lat="25.22172" lon="121.63758"/>
    <trkpt lat="25.22196" lon="121.63728"/>
    <trkpt lat="25.22233" lon="121.63686"/>
    <trkpt lat="25.22243" lon="121.63676"/>
    <trkpt lat="25.22258" lon="121.63739"/>
    <trkpt lat="25.2226" lon="121.63751"/>
    <trkpt lat="25.22228" lon="121.63785"/>
    <trkpt lat="25.22188" lon="121.63829"/>
  </trkseg></trk>
</gpx>