<?xml version="1.0" encoding="UTF-8"?>
<gpx xmlns="http://www.topografix.com/GPX/1/1" version="1.1" creator="CyclingTW">
  <metadata><name>Day 10 極北完騎凱旋歸途</name>
    <bounds minlat="25.08437" minlon="121.41089" maxlat="25.29777" maxlon="121.63829"/></metadata>
  <wpt lat="25.2217827" lon="121.6383244"><name>金山老街</name><sym>Flag, Green</sym></wpt>
  <wpt lat="25.295895899999998" lon="121.5683103"><name>石門洞</name><sym>Waypoint</sym></wpt>
  <wpt lat="25.292127699999998" lon="121.5680525"><name>全家便利商店 石門粽香店</name><sym>Waypoint</sym></wpt>
  <wpt lat="25.2996123" lon="121.53696370000002"><name>富貴角燈塔</name><sym>Waypoint</sym></wpt>
  <wpt lat="25.2578811" lon="121.50339849999999"><name>7-ELEVEN 三芝門市</name><sym>Waypoint</sym></wpt>
  <wpt lat="25.2541511" lon="121.47355599999999"><name>普羅旺斯海岸咖啡</name><sym>Waypoint</sym></wpt>
  <wpt lat="25.168927" lon="121.44409209999999"><name>淡水老街</name><sym>Waypoint</sym></wpt>
  <wpt lat="25.1654185" lon="121.410892"><name>淡江大橋</name><sym>Waypoint</sym></wpt>
  <wpt lat="25.158442899999997" lon="121.4347089"><name>八里渡船頭老街</name><sym>Waypoint</sym></wpt>
  <wpt lat="25.128575200000004" lon="121.45196410000001"><name>全家便利商店 八里龍米店</name><sym>Waypoint</sym></wpt>
  <wpt lat="25.088224999999998" lon="121.4626333"><name>蘆洲柳堤公園</name><sym>Flag, Red</sym></wpt>
  <trk><name>Day 10</name><trkseg>
    <trkpt lat="25.22188" lon="121.63829"/>
    <trkpt lat="25.22228" lon="121.63785"/>
    <trkpt lat="25.2226" lon="121.63751"/>
    <trkpt lat="25.22258" lon="121.63739"/>
    <trkpt lat="25.22243" lon="121.63676"/>
    <trkpt lat="25.22305" lon="121.63627"/>
    <trkpt lat="25.22336" lon="121.63602"/>
    <trkpt lat="25.22371" lon="121.63578"/>
    <trkpt lat="25.22399" lon="121.63555"/>
    <trkpt lat="25.22417" lon="121.63529"/>
    <trkpt lat="25.22431" lon="121.63504"/>
    <trkpt lat="25.2249" lon="121.63407"/>
    <trkpt lat="25.22515" lon="121.63368"/>
    <trkpt lat="25.22538" lon="121.63331"/>
    <trkpt lat="25.22546" lon="121.63315"/>
    <trkpt lat="25.22553" lon="121.63305"/>
    <trkpt lat="25.22561" lon="121.63293"/>
    <trkpt lat="25.22562" lon="121.63292"/>
    <trkpt lat="25.22566" lon="121.63286"/>
    <trkpt lat="25.22579" lon="121.6327"/>
    <trkpt lat="25.22596" lon="121.63253"/>
    <trkpt lat="25.22612" lon="121.63236"/>
    <trkpt lat="25.22628" lon="121.6322"/>
    <trkpt lat="25.22635" lon="121.63212"/>
    <trkpt lat="25.22648" lon="121.63198"/>
    <trkpt lat="25.22659" lon="121.63186"/>
    <trkpt lat="25.22712" lon="121.63128"/>
    <trkpt lat="25.22724" lon="121.63114"/>
    <trkpt lat="25.22728" lon="121.6311"/>
    <trkpt lat="25.22736" lon="121.63101"/>
    <trkpt lat="25.22737" lon="121.631"/>
    <trkpt lat="25.22745" lon="121.6309"/>
    <trkpt lat="25.2275" lon="121.63086"/>
    <trkpt lat="25.22764" lon="121.6307"/>
    <trkpt lat="25.22788" lon="121.63045"/>
    <trkpt lat="25.22793" lon="121.6304"/>
    <trkpt lat="25.22796" lon="121.63037"/>
    <trkpt lat="25.22801" lon="121.63033"/>
    <trkpt lat="25.22806" lon="121.63031"/>
    <trkpt lat="25.2281" lon="121.63029"/>
    <trkpt lat="25.22818" lon="121.63027"/>
    <trkpt lat="25.22823" lon="121.63026"/>
    <trkpt lat="25.22827" lon="121.63026"/>
    <trkpt lat="25.22832" lon="121.63025"/>
    <trkpt lat="25.22848" lon="121.63025"/>
    <trkpt lat="25.22871" lon="121.6303"/>
    <trkpt lat="25.22883" lon="121.63031"/>
    <trkpt lat="25.22888" lon="121.63031"/>
    <trkpt lat="25.22892" lon="121.63031"/>
    <trkpt lat="25.22897" lon="121.6303"/>
    <trkpt lat="25.229" lon="121.63029"/>
    <trkpt lat="25.22903" lon="121.63027"/>
    <trkpt lat="25.22907" lon="121.63023"/>
    <trkpt lat="25.22911" lon="121.63019"/>
    <trkpt lat="25.22914" lon="121.63015"/>
    <trkpt lat="25.22916" lon="121.63011"/>
    <trkpt lat="25.22919" lon="121.63002"/>
    <trkpt lat="25.22925" lon="121.63001"/>
    <trkpt lat="25.22939" lon="121.63"/>
    <trkpt lat="25.22959" lon="121.62998"/>
    <trkpt lat="25.23145" lon="121.62982"/>
    <trkpt lat="25.2324" lon="121.62974"/>
    <trkpt lat="25.23503" lon="121.6295"/>
    <trkpt lat="25.23556" lon="121.62946"/>
    <trkpt lat="25.23574" lon="121.62945"/>
    <trkpt lat="25.23591" lon="121.62943"/>
    <trkpt lat="25.23598" lon="121.62945"/>
    <trkpt lat="25.2362" lon="121.62948"/>
    <trkpt lat="25.23629" lon="121.6295"/>
    <trkpt lat="25.23634" lon="121.62951"/>
    <trkpt lat="25.23636" lon="121.62952"/>
    <trkpt lat="25.23642" lon="121.62954"/>
    <trkpt lat="25.23651" lon="121.62958"/>
    <trkpt lat="25.23663" lon="121.62964"/>
    <trkpt lat="25.23675" lon="121.6297"/>
    <trkpt lat="25.23682" lon="121.62975"/>
    <trkpt lat="25.23691" lon="121.6298"/>
    <trkpt lat="25.23707" lon="121.6299"/>
    <trkpt lat="25.23725" lon="121.63003"/>
    <trkpt lat="25.23757" lon="121.63025"/>
    <trkpt lat="25.23833" lon="121.63078"/>
    <trkpt lat="25.2385" lon="121.63093"/>
    <trkpt lat="25.23861" lon="121.63102"/>
    <trkpt lat="25.23862" lon="121.63103"/>
    <trkpt lat="25.23867" lon="121.63107"/>
    <trkpt lat="25.23876" lon="121.63115"/>
    <trkpt lat="25.23889" lon="121.63128"/>
    <trkpt lat="25.2393" lon="121.63186"/>
    <trkpt lat="25.2395" lon="121.63217"/>
    <trkpt lat="25.23975" lon="121.63252"/>
    <trkpt lat="25.23985" lon="121.63264"/>
    <trkpt lat="25.23994" lon="121.63273"/>
    <trkpt lat="25.24005" lon="121.63284"/>
    <trkpt lat="25.24016" lon="121.63292"/>
    <trkpt lat="25.24027" lon="121.633"/>
    <trkpt lat="25.24041" lon="121.63308"/>
    <trkpt lat="25.24056" lon="121.63316"/>
    <trkpt lat="25.24075" lon="121.63324"/>
    <trkpt lat="25.24085" lon="121.63328"/>
    <trkpt lat="25.24093" lon="121.63331"/>
    <trkpt lat="25.24102" lon="121.63334"/>
    <trkpt lat="25.24113" lon="121.63336"/>
    <trkpt lat="25.24125" lon="121.63339"/>
    <trkpt lat="25.24154" lon="121.63346"/>
    <trkpt lat="25.24172" lon="121.63349"/>
    <trkpt lat="25.2419" lon="121.63353"/>
    <trkpt lat="25.24207" lon="121.63357"/>
    <trkpt lat="25.24254" lon="121.63368"/>
    <trkpt lat="25.2426" lon="121.63369"/>
    <trkpt lat="25.2426" lon="121.6337"/>
    <trkpt lat="25.24278" lon="121.63373"/>
    <trkpt lat="25.24371" lon="121.63394"/>
    <trkpt lat="25.24384" lon="121.63396"/>
    <trkpt lat="25.24395" lon="121.63401"/>
    <trkpt lat="25.24413" lon="121.63404"/>
    <trkpt lat="25.24426" lon="121.63407"/>
    <trkpt lat="25.24446" lon="121.6341"/>
    <trkpt lat="25.24462" lon="121.63412"/>
    <trkpt lat="25.24477" lon="121.63413"/>
    <trkpt lat="25.245" lon="121.63415"/>
    <trkpt lat="25.24532" lon="121.63418"/>
    <trkpt lat="25.24565" lon="121.63421"/>
    <trkpt lat="25.24645" lon="121.63431"/>
    <trkpt lat="25.24659" lon="121.63432"/>
    <trkpt lat="25.24684" lon="121.63435"/>
    <trkpt lat="25.24714" lon="121.63437"/>
    <trkpt lat="25.248" lon="121.63446"/>
    <trkpt lat="25.24925" lon="121.63462"/>
    <trkpt lat="25.24931" lon="121.63463"/>
    <trkpt lat="25.24938" lon="121.63464"/>
    <trkpt lat="25.24944" lon="121.63464"/>
    <trkpt lat="25.2495" lon="121.63465"/>
    <trkpt lat="25.24979" lon="121.63471"/>
    <trkpt lat="25.25006" lon="121.63475"/>
    <trkpt lat="25.25016" lon="121.63475"/>
    <trkpt lat="25.2504" lon="121.63477"/>
    <trkpt lat="25.25055" lon="121.63477"/>
    <trkpt lat="25.25072" lon="121.63477"/>
    <trkpt lat="25.25081" lon="121.63477"/>
    <trkpt lat="25.25094" lon="121.63475"/>
    <trkpt lat="25.25109" lon="121.63473"/>
    <trkpt lat="25.25123" lon="121.63471"/>
    <trkpt lat="25.25135" lon="121.63468"/>
    <trkpt lat="25.25149" lon="121.63465"/>
    <trkpt lat="25.25166" lon="121.63461"/>
    <trkpt lat="25.25188" lon="121.63456"/>
    <trkpt lat="25.25206" lon="121.63451"/>
    <trkpt lat="25.25234" lon="121.63443"/>
    <trkpt lat="25.25265" lon="121.63435"/>
    <trkpt lat="25.25275" lon="121.63432"/>
    <trkpt lat="25.25292" lon="121.63427"/>
    <trkpt lat="25.25308" lon="121.63423"/>
    <trkpt lat="25.2535" lon="121.63412"/>
    <trkpt lat="25.25394" lon="121.634"/>
    <trkpt lat="25.25438" lon="121.63388"/>
    <trkpt lat="25.25471" lon="121.63379"/>
    <trkpt lat="25.2549" lon="121.63375"/>
    <trkpt lat="25.25508" lon="121.6337"/>
    <trkpt lat="25.25536" lon="121.63365"/>
    <trkpt lat="25.25555" lon="121.63362"/>
    <trkpt lat="25.25569" lon="121.6336"/>
    <trkpt lat="25.25583" lon="121.63358"/>
    <trkpt lat="25.25589" lon="121.63357"/>
    <trkpt lat="25.25599" lon="121.63356"/>
    <trkpt lat="25.25607" lon="121.63355"/>
    <trkpt lat="25.25613" lon="121.63355"/>
    <trkpt lat="25.25628" lon="121.63354"/>
    <trkpt lat="25.25656" lon="121.63351"/>
    <trkpt lat="25.25679" lon="121.63349"/>
    <trkpt lat="25.25697" lon="121.63348"/>
    <trkpt lat="25.257" lon="121.63347"/>
    <trkpt lat="25.25733" lon="121.63344"/>
    <trkpt lat="25.25792" lon="121.63338"/>
    <trkpt lat="25.2581" lon="121.63336"/>
    <trkpt lat="25.25823" lon="121.63334"/>
    <trkpt lat="25.2584" lon="121.6333"/>
    <trkpt lat="25.25855" lon="121.63326"/>
    <trkpt lat="25.25865" lon="121.63323"/>
    <trkpt lat="25.25886" lon="121.63315"/>
    <trkpt lat="25.25898" lon="121.6331"/>
    <trkpt lat="25.2591" lon="121.63305"/>
    <trkpt lat="25.25921" lon="121.633"/>
    <trkpt lat="25.2593" lon="121.63295"/>
    <trkpt lat="25.25941" lon="121.63289"/>
    <trkpt lat="25.25968" lon="121.63272"/>
    <trkpt lat="25.26004" lon="121.63249"/>
    <trkpt lat="25.26016" lon="121.63242"/>
    <trkpt lat="25.26086" lon="121.63198"/>
    <trkpt lat="25.26121" lon="121.63177"/>
    <trkpt lat="25.26145" lon="121.63166"/>
    <trkpt lat="25.26188" lon="121.63143"/>
    <trkpt lat="25.26206" lon="121.63133"/>
    <trkpt lat="25.26225" lon="121.63125"/>
    <trkpt lat="25.26248" lon="121.63115"/>
    <trkpt lat="25.26282" lon="121.631"/>
    <trkpt lat="25.26324" lon="121.63081"/>
    <trkpt lat="25.26352" lon="121.63069"/>
    <trkpt lat="25.26365" lon="121.63063"/>
    <trkpt lat="25.26375" lon="121.63057"/>
    <trkpt lat="25.26385" lon="121.63051"/>
    <trkpt lat="25.26391" lon="121.63046"/>
    <trkpt lat="25.26396" lon="121.63043"/>
    <trkpt lat="25.26409" lon="121.63033"/>
    <trkpt lat="25.26422" lon="121.63023"/>
    <trkpt lat="25.26455" lon="121.62995"/>
    <trkpt lat="25.26531" lon="121.62937"/>
    <trkpt lat="25.26568" lon="121.62908"/>
    <trkpt lat="25.26671" lon="121.62827"/>
    <trkpt lat="25.26811" lon="121.6272"/>
    <trkpt lat="25.26836" lon="121.62701"/>
    <trkpt lat="25.26858" lon="121.62684"/>
    <trkpt lat="25.26862" lon="121.62681"/>
    <trkpt lat="25.26889" lon="121.62658"/>
    <trkpt lat="25.26906" lon="121.62643"/>
    <trkpt lat="25.26917" lon="121.62632"/>
    <trkpt lat="25.26924" lon="121.62625"/>
    <trkpt lat="25.26936" lon="121.62613"/>
    <trkpt lat="25.26937" lon="121.62612"/>
    <trkpt lat="25.26952" lon="121.62596"/>
    <trkpt lat="25.26963" lon="121.62584"/>
    <trkpt lat="25.26998" lon="121.62543"/>
    <trkpt lat="25.27038" lon="121.62494"/>
    <trkpt lat="25.27069" lon="121.62457"/>
    <trkpt lat="25.27102" lon="121.62417"/>
    <trkpt lat="25.27135" lon="121.62381"/>
    <trkpt lat="25.27151" lon="121.62361"/>
    <trkpt lat="25.2716" lon="121.62351"/>
    <trkpt lat="25.27202" lon="121.62303"/>
    <trkpt lat="25.27216" lon="121.62287"/>
    <trkpt lat="25.27238" lon="121.62264"/>
    <trkpt lat="25.27264" lon="121.62237"/>
    <trkpt lat="25.27296" lon="121.62203"/>
    <trkpt lat="25.27336" lon="121.62164"/>
    <trkpt lat="25.27355" lon="121.62143"/>
    <trkpt lat="25.27368" lon="121.6213"/>
    <trkpt lat="25.27371" lon="121.62127"/>
    <trkpt lat="25.27403" lon="121.62094"/>
    <trkpt lat="25.27408" lon="121.62089"/>
    <trkpt lat="25.27434" lon="121.62062"/>
    <trkpt lat="25.27484" lon="121.62009"/>
    <trkpt lat="25.27516" lon="121.61973"/>
    <trkpt lat="25.27543" lon="121.61944"/>
    <trkpt lat="25.27582" lon="121.61902"/>
    <trkpt lat="25.27623" lon="121.61858"/>
    <trkpt lat="25.27667" lon="121.61809"/>
    <trkpt lat="25.27691" lon="121.61784"/>
    <trkpt lat="25.27695" lon="121.6178"/>
    <trkpt lat="25.27704" lon="121.6177"/>
    <trkpt lat="25.27723" lon="121.61748"/>
    <trkpt lat="25.27747" lon="121.61721"/>
    <trkpt lat="25.27765" lon="121.61696"/>
    <trkpt lat="25.27781" lon="121.61672"/>
    <trkpt lat="25.27803" lon="121.61634"/>
    <trkpt lat="25.27821" lon="121.616"/>
    <trkpt lat="25.27839" lon="121.61567"/>
    <trkpt lat="25.27855" lon="121.61534"/>
    <trkpt lat="25.27858" lon="121.61529"/>
    <trkpt lat="25.27864" lon="121.61517"/>
    <trkpt lat="25.27871" lon="121.61504"/>
    <trkpt lat="25.27879" lon="121.61486"/>
    <trkpt lat="25.2788" lon="121.61482"/>
    <trkpt lat="25.27887" lon="121.61464"/>
    <trkpt lat="25.27894" lon="121.61444"/>
    <trkpt lat="25.27903" lon="121.61412"/>
    <trkpt lat="25.27906" lon="121.61399"/>
    <trkpt lat="25.27908" lon="121.61387"/>
    <trkpt lat="25.27909" lon="121.6137"/>
    <trkpt lat="25.27911" lon="121.61351"/>
    <trkpt lat="25.2792" lon="121.61252"/>
    <trkpt lat="25.27922" lon="121.61233"/>
    <trkpt lat="25.27925" lon="121.61221"/>
    <trkpt lat="25.27929" lon="121.61201"/>
    <trkpt lat="25.2794" lon="121.6117"/>
    <trkpt lat="25.27952" lon="121.61133"/>
    <trkpt lat="25.27977" lon="121.61062"/>
    <trkpt lat="25.27977" lon="121.61061"/>
    <trkpt lat="25.27981" lon="121.61049"/>
    <trkpt lat="25.27985" lon="121.61033"/>
    <trkpt lat="25.27989" lon="121.61015"/>
    <trkpt lat="25.27992" lon="121.60998"/>
    <trkpt lat="25.27998" lon="121.60937"/>
    <trkpt lat="25.28002" lon="121.60912"/>
    <trkpt lat="25.28007" lon="121.60892"/>
    <trkpt lat="25.28011" lon="121.60873"/>
    <trkpt lat="25.28016" lon="121.60858"/>
    <trkpt lat="25.28016" lon="121.60857"/>
    <trkpt lat="25.28024" lon="121.60837"/>
    <trkpt lat="25.28037" lon="121.6081"/>
    <trkpt lat="25.28051" lon="121.60783"/>
    <trkpt lat="25.28068" lon="121.60745"/>
    <trkpt lat="25.28077" lon="121.60728"/>
    <trkpt lat="25.28087" lon="121.60712"/>
    <trkpt lat="25.28101" lon="121.60692"/>
    <trkpt lat="25.28114" lon="121.60676"/>
    <trkpt lat="25.28126" lon="121.60663"/>
    <trkpt lat="25.2814" lon="121.60648"/>
    <trkpt lat="25.28155" lon="121.60636"/>
    <trkpt lat="25.28167" lon="121.60626"/>
    <trkpt lat="25.28179" lon="121.60615"/>
    <trkpt lat="25.2821" lon="121.60596"/>
    <trkpt lat="25.28231" lon="121.60585"/>
    <trkpt lat="25.28247" lon="121.60577"/>
    <trkpt lat="25.28278" lon="121.60561"/>
    <trkpt lat="25.28288" lon="121.60556"/>
    <trkpt lat="25.28304" lon="121.60547"/>
    <trkpt lat="25.28306" lon="121.60546"/>
    <trkpt lat="25.28324" lon="121.60537"/>
    <trkpt lat="25.28342" lon="121.60527"/>
    <trkpt lat="25.28348" lon="121.60524"/>
    <trkpt lat="25.28372" lon="121.6051"/>
    <trkpt lat="25.28374" lon="121.60508"/>
    <trkpt lat="25.28378" lon="121.60506"/>
    <trkpt lat="25.28385" lon="121.60501"/>
    <trkpt lat="25.284" lon="121.6049"/>
    <trkpt lat="25.28433" lon="121.60462"/>
    <trkpt lat="25.28467" lon="121.60429"/>
    <trkpt lat="25.28483" lon="121.60414"/>
    <trkpt lat="25.28498" lon="121.60398"/>
    <trkpt lat="25.28509" lon="121.60385"/>
    <trkpt lat="25.28515" lon="121.60378"/>
    <trkpt lat="25.28518" lon="121.60373"/>
    <trkpt lat="25.28528" lon="121.60358"/>
    <trkpt lat="25.28558" lon="121.60314"/>
    <trkpt lat="25.28566" lon="121.60302"/>
    <trkpt lat="25.28568" lon="121.60298"/>
    <trkpt lat="25.28579" lon="121.60282"/>
    <trkpt lat="25.28595" lon="121.60258"/>
    <trkpt lat="25.286" lon="121.6025"/>
    <trkpt lat="25.28611" lon="121.60234"/>
    <trkpt lat="25.28625" lon="121.60214"/>
    <trkpt lat="25.28668" lon="121.60152"/>
    <trkpt lat="25.28688" lon="121.60124"/>
    <trkpt lat="25.28699" lon="121.60109"/>
    <trkpt lat="25.28704" lon="121.60102"/>
    <trkpt lat="25.28711" lon="121.60093"/>
    <trkpt lat="25.28713" lon="121.6009"/>
    <trkpt lat="25.28721" lon="121.60077"/>
    <trkpt lat="25.28731" lon="121.60061"/>
    <trkpt lat="25.28752" lon="121.60028"/>
    <trkpt lat="25.28752" lon="121.60027"/>
    <trkpt lat="25.28762" lon="121.60011"/>
    <trkpt lat="25.28786" lon="121.59971"/>
    <trkpt lat="25.28805" lon="121.59937"/>
    <trkpt lat="25.2881" lon="121.59928"/>
    <trkpt lat="25.28824" lon="121.59902"/>
    <trkpt lat="25.28837" lon="121.59878"/>
    <trkpt lat="25.2885" lon="121.5985"/>
    <trkpt lat="25.28859" lon="121.5983"/>
    <trkpt lat="25.28889" lon="121.59764"/>
    <trkpt lat="25.28902" lon="121.59734"/>
    <trkpt lat="25.28909" lon="121.59715"/>
    <trkpt lat="25.28952" lon="121.59606"/>
    <trkpt lat="25.2896" lon="121.59588"/>
    <trkpt lat="25.28974" lon="121.59552"/>
    <trkpt lat="25.2902" lon="121.59442"/>
    <trkpt lat="25.29059" lon="121.59347"/>
    <trkpt lat="25.29072" lon="121.59313"/>
    <trkpt lat="25.29079" lon="121.59294"/>
    <trkpt lat="25.29084" lon="121.59275"/>
    <trkpt lat="25.29089" lon="121.5926"/>
    <trkpt lat="25.29093" lon="121.59243"/>
    <trkpt lat="25.29095" lon="121.5923"/>
    <trkpt lat="25.29097" lon="121.59215"/>
    <trkpt lat="25.29099" lon="121.59199"/>
    <trkpt lat="25.29099" lon="121.59185"/>
    <trkpt lat="25.291" lon="121.5916"/>
    <trkpt lat="25.29102" lon="121.59132"/>
    <trkpt lat="25.29104" lon="121.59102"/>
    <trkpt lat="25.29106" lon="121.59082"/>
    <trkpt lat="25.29112" lon="121.59003"/>
    <trkpt lat="25.29117" lon="121.58961"/>
    <trkpt lat="25.29121" lon="121.58939"/>
    <trkpt lat="25.29122" lon="121.58938"/>
    <trkpt lat="25.29132" lon="121.58888"/>
    <trkpt lat="25.29132" lon="121.58886"/>
    <trkpt lat="25.29132" lon="121.58885"/>
    <trkpt lat="25.29132" lon="121.58884"/>
    <trkpt lat="25.29132" lon="121.58883"/>
    <trkpt lat="25.29131" lon="121.58881"/>
    <trkpt lat="25.29133" lon="121.5887"/>
    <trkpt lat="25.29136" lon="121.58862"/>
    <trkpt lat="25.29139" lon="121.58849"/>
    <trkpt lat="25.29142" lon="121.58843"/>
    <trkpt lat="25.29148" lon="121.58828"/>
    <trkpt lat="25.29149" lon="121.58825"/>
    <trkpt lat="25.29158" lon="121.58807"/>
    <trkpt lat="25.29159" lon="121.58804"/>
    <trkpt lat="25.29167" lon="121.58791"/>
    <trkpt lat="25.29175" lon="121.58776"/>
    <trkpt lat="25.29176" lon="121.58774"/>
    <trkpt lat="25.29176" lon="121.58773"/>
    <trkpt lat="25.29186" lon="121.58757"/>
    <trkpt lat="25.29187" lon="121.58757"/>
    <trkpt lat="25.29197" lon="121.58741"/>
    <trkpt lat="25.29207" lon="121.58725"/>
    <trkpt lat="25.29216" lon="121.58711"/>
    <trkpt lat="25.29228" lon="121.58692"/>
    <trkpt lat="25.29237" lon="121.58676"/>
    <trkpt lat="25.29238" lon="121.58675"/>
    <trkpt lat="25.29248" lon="121.58659"/>
    <trkpt lat="25.29258" lon="121.58643"/>
    <trkpt lat="25.29259" lon="121.5864"/>
    <trkpt lat="25.29268" lon="121.58626"/>
    <trkpt lat="25.29278" lon="121.58609"/>
    <trkpt lat="25.29288" lon="121.58593"/>
    <trkpt lat="25.29298" lon="121.58577"/>
    <trkpt lat="25.29298" lon="121.58576"/>
    <trkpt lat="25.29305" lon="121.58564"/>
    <trkpt lat="25.29318" lon="121.58544"/>
    <trkpt lat="25.29318" lon="121.58543"/>
    <trkpt lat="25.29328" lon="121.58527"/>
    <trkpt lat="25.29347" lon="121.58494"/>
    <trkpt lat="25.29351" lon="121.58489"/>
    <trkpt lat="25.29357" lon="121.58478"/>
    <trkpt lat="25.29358" lon="121.58477"/>
    <trkpt lat="25.29368" lon="121.58462"/>
    <trkpt lat="25.29368" lon="121.58461"/>
    <trkpt lat="25.29388" lon="121.58429"/>
    <trkpt lat="25.29388" lon="121.58428"/>
    <trkpt lat="25.29398" lon="121.58412"/>
    <trkpt lat="25.29398" lon="121.58411"/>
    <trkpt lat="25.29419" lon="121.58378"/>
    <trkpt lat="25.29425" lon="121.58373"/>
    <trkpt lat="25.29427" lon="121.5837"/>
    <trkpt lat="25.2943" lon="121.58367"/>
    <trkpt lat="25.29433" lon="121.58362"/>
    <trkpt lat="25.29441" lon="121.58346"/>
    <trkpt lat="25.29448" lon="121.58334"/>
    <trkpt lat="25.29483" lon="121.58274"/>
    <trkpt lat="25.29511" lon="121.5823"/>
    <trkpt lat="25.29676" lon="121.57968"/>
    <trkpt lat="25.29697" lon="121.57933"/>
    <trkpt lat="25.2971" lon="121.57909"/>
    <trkpt lat="25.29723" lon="121.5788"/>
    <trkpt lat="25.29731" lon="121.57859"/>
    <trkpt lat="25.29741" lon="121.57831"/>
    <trkpt lat="25.29747" lon="121.57808"/>
    <trkpt lat="25.29757" lon="121.57766"/>
    <trkpt lat="25.29766" lon="121.57722"/>
    <trkpt lat="25.29769" lon="121.57705"/>
    <trkpt lat="25.29774" lon="121.57677"/>
    <trkpt lat="25.29775" lon="121.57668"/>
    <trkpt lat="25.29776" lon="121.57661"/>
    <trkpt lat="25.29777" lon="121.57645"/>
    <trkpt lat="25.29777" lon="121.57624"/>
    <trkpt lat="25.29774" lon="121.57582"/>
    <trkpt lat="25.29769" lon="121.57536"/>
    <trkpt lat="25.29767" lon="121.57504"/>
    <trkpt lat="25.29762" lon="121.57449"/>
    <trkpt lat="25.29754" lon="121.57411"/>
    <trkpt lat="25.29745" lon="121.57377"/>
    <trkpt lat="25.29734" lon="121.57339"/>
    <trkpt lat="25.29721" lon="121.57293"/>
    <trkpt lat="25.29698" lon="121.57208"/>
    <trkpt lat="25.29694" lon="121.57192"/>
    <trkpt lat="25.29693" lon="121.57184"/>
    <trkpt lat="25.29692" lon="121.57177"/>
    <trkpt lat="25.29691" lon="121.57168"/>
    <trkpt lat="25.29692" lon="121.57155"/>
    <trkpt lat="25.29693" lon="121.57138"/>
    <trkpt lat="25.29696" lon="121.57102"/>
    <trkpt lat="25.29697" lon="121.57088"/>
    <trkpt lat="25.29696" lon="121.5708"/>
    <trkpt lat="25.29695" lon="121.57072"/>
    <trkpt lat="25.29693" lon="121.57063"/>
    <trkpt lat="25.29689" lon="121.57051"/>
    <trkpt lat="25.29686" lon="121.57044"/>
    <trkpt lat="25.29681" lon="121.57031"/>
    <trkpt lat="25.29661" lon="121.56987"/>
    <trkpt lat="25.29654" lon="121.56968"/>
    <trkpt lat="25.29646" lon="121.56951"/>
    <trkpt lat="25.29637" lon="121.56928"/>
    <trkpt lat="25.2963" lon="121.56914"/>
    <trkpt lat="25.29622" lon="121.569"/>
    <trkpt lat="25.29612" lon="121.56888"/>
    <trkpt lat="25.29604" lon="121.56879"/>
    <trkpt lat="25.29594" lon="121.56871"/>
    <trkpt lat="25.29583" lon="121.56864"/>
    <trkpt lat="25.29577" lon="121.56861"/>
    <trkpt lat="25.2957" lon="121.56858"/>
    <trkpt lat="25.29554" lon="121.56853"/>
    <trkpt lat="25.29549" lon="121.56852"/>
    <trkpt lat="25.29503" lon="121.56847"/>
    <trkpt lat="25.29484" lon="121.56845"/>
    <trkpt lat="25.29468" lon="121.56843"/>
    <trkpt lat="25.29457" lon="121.56842"/>
    <trkpt lat="25.29436" lon="121.56837"/>
    <trkpt lat="25.29425" lon="121.56834"/>
    <trkpt lat="25.2941" lon="121.5683"/>
    <trkpt lat="25.29406" lon="121.56829"/>
    <trkpt lat="25.29371" lon="121.5682"/>
    <trkpt lat="25.29353" lon="121.56816"/>
    <trkpt lat="25.29336" lon="121.56811"/>
    <trkpt lat="25.29318" lon="121.56807"/>
    <trkpt lat="25.29301" lon="121.56804"/>
    <trkpt lat="25.29284" lon="121.56798"/>
    <trkpt lat="25.2926" lon="121.56791"/>
    <trkpt lat="25.29227" lon="121.56781"/>
    <trkpt lat="25.29213" lon="121.56776"/>
    <trkpt lat="25.29198" lon="121.56768"/>
    <trkpt lat="25.29192" lon="121.56772"/>
    <trkpt lat="25.29187" lon="121.56776"/>
    <trkpt lat="25.29199" lon="121.56781"/>
    <trkpt lat="25.29208" lon="121.56784"/>
    <trkpt lat="25.29216" lon="121.56788"/>
    <trkpt lat="25.29217" lon="121.56788"/>
    <trkpt lat="25.29236" lon="121.56794"/>
    <trkpt lat="25.29264" lon="121.56802"/>
    <trkpt lat="25.2928" lon="121.56808"/>
    <trkpt lat="25.29281" lon="121.56808"/>
    <trkpt lat="25.29297" lon="121.56813"/>
    <trkpt lat="25.29301" lon="121.56804"/>
    <trkpt lat="25.29284" lon="121.56798"/>
    <trkpt lat="25.2926" lon="121.56791"/>
    <trkpt lat="25.29227" lon="121.56781"/>
    <trkpt lat="25.29213" lon="121.56776"/>
    <trkpt lat="25.29198" lon="121.56768"/>
    <trkpt lat="25.29191" lon="121.56764"/>
    <trkpt lat="25.29186" lon="121.56755"/>
    <trkpt lat="25.29183" lon="121.56748"/>
    <trkpt lat="25.29179" lon="121.56737"/>
    <trkpt lat="25.29175" lon="121.56722"/>
    <trkpt lat="25.29171" lon="121.56706"/>
    <trkpt lat="25.29168" lon="121.56687"/>
    <trkpt lat="25.29158" lon="121.5664"/>
    <trkpt lat="25.29141" lon="121.56573"/>
    <trkpt lat="25.29124" lon="121.56504"/>
    <trkpt lat="25.29111" lon="121.56447"/>
    <trkpt lat="25.29096" lon="121.5639"/>
    <trkpt lat="25.29093" lon="121.56376"/>
    <trkpt lat="25.29091" lon="121.56364"/>
    <trkpt lat="25.29091" lon="121.56351"/>
    <trkpt lat="25.29093" lon="121.56342"/>
    <trkpt lat="25.29097" lon="121.56322"/>
    <trkpt lat="25.29108" lon="121.56274"/>
    <trkpt lat="25.29109" lon="121.56263"/>
    <trkpt lat="25.2911" lon="121.56256"/>
    <trkpt lat="25.2911" lon="121.5625"/>
    <trkpt lat="25.29109" lon="121.56242"/>
    <trkpt lat="25.29099" lon="121.56191"/>
    <trkpt lat="25.29096" lon="121.56169"/>
    <trkpt lat="25.29091" lon="121.56145"/>
    <trkpt lat="25.29087" lon="121.56118"/>
    <trkpt lat="25.29085" lon="121.56105"/>
    <trkpt lat="25.29084" lon="121.5609"/>
    <trkpt lat="25.29085" lon="121.5606"/>
    <trkpt lat="25.29087" lon="121.56028"/>
    <trkpt lat="25.29089" lon="121.56015"/>
    <trkpt lat="25.29089" lon="121.56014"/>
    <trkpt lat="25.29092" lon="121.55995"/>
    <trkpt lat="25.29092" lon="121.55994"/>
    <trkpt lat="25.29094" lon="121.55978"/>
    <trkpt lat="25.29098" lon="121.55957"/>
    <trkpt lat="25.29116" lon="121.55871"/>
    <trkpt lat="25.29121" lon="121.55841"/>
    <trkpt lat="25.29124" lon="121.55819"/>
    <trkpt lat="25.29125" lon="121.55811"/>
    <trkpt lat="25.29128" lon="121.5578"/>
    <trkpt lat="25.29129" lon="121.55772"/>
    <trkpt lat="25.29129" lon="121.55724"/>
    <trkpt lat="25.2913" lon="121.55662"/>
    <trkpt lat="25.29132" lon="121.55642"/>
    <trkpt lat="25.29132" lon="121.55641"/>
    <trkpt lat="25.29137" lon="121.55615"/>
    <trkpt lat="25.29142" lon="121.55598"/>
    <trkpt lat="25.2915" lon="121.55573"/>
    <trkpt lat="25.29153" lon="121.55565"/>
    <trkpt lat="25.29168" lon="121.55526"/>
    <trkpt lat="25.29179" lon="121.55496"/>
    <trkpt lat="25.29186" lon="121.55468"/>
    <trkpt lat="25.29189" lon="121.55451"/>
    <trkpt lat="25.29189" lon="121.55439"/>
    <trkpt lat="25.29189" lon="121.55437"/>
    <trkpt lat="25.29188" lon="121.55421"/>
    <trkpt lat="25.29185" lon="121.55406"/>
    <trkpt lat="25.2918" lon="121.55389"/>
    <trkpt lat="25.2917" lon="121.55366"/>
    <trkpt lat="25.2916" lon="121.55346"/>
    <trkpt lat="25.29066" lon="121.55174"/>
    <trkpt lat="25.29052" lon="121.55145"/>
    <trkpt lat="25.29049" lon="121.55139"/>
    <trkpt lat="25.29038" lon="121.55118"/>
    <trkpt lat="25.2902" lon="121.55078"/>
    <trkpt lat="25.29008" lon="121.55049"/>
    <trkpt lat="25.29006" lon="121.55045"/>
    <trkpt lat="25.29004" lon="121.55038"/>
    <trkpt lat="25.28992" lon="121.55006"/>
    <trkpt lat="25.28979" lon="121.54968"/>
    <trkpt lat="25.28965" lon="121.54932"/>
    <trkpt lat="25.28955" lon="121.54908"/>
    <trkpt lat="25.28952" lon="121.54901"/>
    <trkpt lat="25.28948" lon="121.54892"/>
    <trkpt lat="25.2894" lon="121.54879"/>
    <trkpt lat="25.2893" lon="121.54861"/>
    <trkpt lat="25.28921" lon="121.54845"/>
    <trkpt lat="25.28916" lon="121.54837"/>
    <trkpt lat="25.28909" lon="121.54827"/>
    <trkpt lat="25.28893" lon="121.54807"/>
    <trkpt lat="25.28869" lon="121.54778"/>
    <trkpt lat="25.28853" lon="121.54763"/>
    <trkpt lat="25.28818" lon="121.54729"/>
    <trkpt lat="25.28797" lon="121.54708"/>
    <trkpt lat="25.28789" lon="121.54699"/>
    <trkpt lat="25.2878" lon="121.54688"/>
    <trkpt lat="25.28772" lon="121.54673"/>
    <trkpt lat="25.28766" lon="121.5466"/>
    <trkpt lat="25.28762" lon="121.54651"/>
    <trkpt lat="25.28761" lon="121.54648"/>
    <trkpt lat="25.28759" lon="121.54641"/>
    <trkpt lat="25.28756" lon="121.54631"/>
    <trkpt lat="25.28754" lon="121.54619"/>
    <trkpt lat="25.28753" lon="121.54608"/>
    <trkpt lat="25.28754" lon="121.54594"/>
    <trkpt lat="25.28755" lon="121.54582"/>
    <trkpt lat="25.28756" lon="121.54575"/>
    <trkpt lat="25.28756" lon="121.54574"/>
    <trkpt lat="25.28757" lon="121.54568"/>
    <trkpt lat="25.28761" lon="121.54552"/>
    <trkpt lat="25.28769" lon="121.54529"/>
    <trkpt lat="25.2878" lon="121.54506"/>
    <trkpt lat="25.288" lon="121.54465"/>
    <trkpt lat="25.28807" lon="121.54447"/>
    <trkpt lat="25.28816" lon="121.54428"/>
    <trkpt lat="25.28825" lon="121.5441"/>
    <trkpt lat="25.28833" lon="121.54392"/>
    <trkpt lat="25.28849" lon="121.54356"/>
    <trkpt lat="25.28876" lon="121.54296"/>
    <trkpt lat="25.28879" lon="121.5429"/>
    <trkpt lat="25.28915" lon="121.54212"/>
    <trkpt lat="25.28941" lon="121.54158"/>
    <trkpt lat="25.2895" lon="121.54138"/>
    <trkpt lat="25.28957" lon="121.54123"/>
    <trkpt lat="25.2896" lon="121.54117"/>
    <trkpt lat="25.28966" lon="121.54103"/>
    <trkpt lat="25.28972" lon="121.54086"/>
    <trkpt lat="25.28972" lon="121.54085"/>
    <trkpt lat="25.28976" lon="121.54069"/>
    <trkpt lat="25.28981" lon="121.54048"/>
    <trkpt lat="25.28982" lon="121.54043"/>
    <trkpt lat="25.28983" lon="121.54019"/>
    <trkpt lat="25.28984" lon="121.54015"/>
    <trkpt lat="25.28983" lon="121.53996"/>
    <trkpt lat="25.28982" lon="121.5398"/>
    <trkpt lat="25.28981" lon="121.53968"/>
    <trkpt lat="25.28979" lon="121.53958"/>
    <trkpt lat="25.28977" lon="121.53945"/>
    <trkpt lat="25.28968" lon="121.53916"/>
    <trkpt lat="25.28953" lon="121.53877"/>
    <trkpt lat="25.28951" lon="121.5387"/>
    <trkpt lat="25.28944" lon="121.53851"/>
    <trkpt lat="25.2894" lon="121.53838"/>
    <trkpt lat="25.28939" lon="121.53833"/>
    <trkpt lat="25.28936" lon="121.53822"/>
    <trkpt lat="25.28935" lon="121.53814"/>
    <trkpt lat="25.28932" lon="121.53797"/>
    <trkpt lat="25.29049" lon="121.53757"/>
    <trkpt lat="25.29103" lon="121.53742"/>
    <trkpt lat="25.2911" lon="121.5374"/>
    <trkpt lat="25.29116" lon="121.53738"/>
    <trkpt lat="25.29129" lon="121.53734"/>
    <trkpt lat="25.29181" lon="121.53717"/>
    <trkpt lat="25.29184" lon="121.53716"/>
    <trkpt lat="25.29249" lon="121.53694"/>
    <trkpt lat="25.29244" lon="121.53708"/>
    <trkpt lat="25.29244" lon="121.53709"/>
    <trkpt lat="25.29242" lon="121.53715"/>
    <trkpt lat="25.29241" lon="121.53723"/>
    <trkpt lat="25.29241" lon="121.53728"/>
    <trkpt lat="25.29241" lon="121.53729"/>
    <trkpt lat="25.29241" lon="121.53734"/>
    <trkpt lat="25.29242" lon="121.53742"/>
    <trkpt lat="25.29244" lon="121.53748"/>
    <trkpt lat="25.29245" lon="121.53752"/>
    <trkpt lat="25.29249" lon="121.53766"/>
    <trkpt lat="25.29255" lon="121.53786"/>
    <trkpt lat="25.29258" lon="121.53793"/>
    <trkpt lat="25.29259" lon="121.53798"/>
    <trkpt lat="25.2926" lon="121.53802"/>
    <trkpt lat="25.29261" lon="121.53806"/>
    <trkpt lat="25.29262" lon="121.53811"/>
    <trkpt lat="25.29262" lon="121.53817"/>
    <trkpt lat="25.29282" lon="121.53812"/>
    <trkpt lat="25.29299" lon="121.53807"/>
    <trkpt lat="25.29308" lon="121.53805"/>
    <trkpt lat="25.29376" lon="121.53781"/>
    <trkpt lat="25.29387" lon="121.53778"/>
    <trkpt lat="25.29414" lon="121.53767"/>
    <trkpt lat="25.29428" lon="121.53763"/>
    <trkpt lat="25.29433" lon="121.53761"/>
    <trkpt lat="25.29435" lon="121.5376"/>
    <trkpt lat="25.29438" lon="121.53757"/>
    <trkpt lat="25.29441" lon="121.53755"/>
    <trkpt lat="25.29443" lon="121.53753"/>
    <trkpt lat="25.29445" lon="121.5375"/>
    <trkpt lat="25.29445" lon="121.53747"/>
    <trkpt lat="25.29445" lon="121.53744"/>
    <trkpt lat="25.29445" lon="121.5374"/>
    <trkpt lat="25.29444" lon="121.53736"/>
    <trkpt lat="25.29443" lon="121.53731"/>
    <trkpt lat="25.29441" lon="121.53725"/>
    <trkpt lat="25.29439" lon="121.53718"/>
    <trkpt lat="25.29437" lon="121.53711"/>
    <trkpt lat="25.29434" lon="121.53704"/>
    <trkpt lat="25.29433" lon="121.53696"/>
    <trkpt lat="25.29433" lon="121.53689"/>
    <trkpt lat="25.29433" lon="121.53684"/>
    <trkpt lat="25.29434" lon="121.5368"/>
    <trkpt lat="25.29436" lon="121.53675"/>
    <trkpt lat="25.2944" lon="121.53672"/>
    <trkpt lat="25.29448" lon="121.53669"/>
    <trkpt lat="25.29455" lon="121.53666"/>
    <trkpt lat="25.29459" lon="121.53664"/>
    <trkpt lat="25.29462" lon="121.53661"/>
    <trkpt lat="25.29464" lon="121.53657"/>
    <trkpt lat="25.29466" lon="121.53647"/>
    <trkpt lat="25.2947" lon="121.53634"/>
    <trkpt lat="25.29472" lon="121.53628"/>
    <trkpt lat="25.29477" lon="121.53613"/>
    <trkpt lat="25.2948" lon="121.53605"/>
    <trkpt lat="25.29484" lon="121.5359"/>
    <trkpt lat="25.2949" lon="121.53577"/>
    <trkpt lat="25.29494" lon="121.53571"/>
    <trkpt lat="25.29499" lon="121.53566"/>
    <trkpt lat="25.29503" lon="121.53562"/>
    <trkpt lat="25.29505" lon="121.5356"/>
    <trkpt lat="25.29508" lon="121.53558"/>
    <trkpt lat="25.2951" lon="121.53556"/>
    <trkpt lat="25.29512" lon="121.53555"/>
    <trkpt lat="25.29514" lon="121.53555"/>
    <trkpt lat="25.29516" lon="121.53554"/>
    <trkpt lat="25.29519" lon="121.53554"/>
    <trkpt lat="25.29528" lon="121.53555"/>
    <trkpt lat="25.29546" lon="121.53556"/>
    <trkpt lat="25.29574" lon="121.53557"/>
    <trkpt lat="25.29591" lon="121.53556"/>
    <trkpt lat="25.29599" lon="121.53556"/>
    <trkpt lat="25.29605" lon="121.53554"/>
    <trkpt lat="25.29609" lon="121.53553"/>
    <trkpt lat="25.29617" lon="121.53549"/>
    <trkpt lat="25.29609" lon="121.53553"/>
    <trkpt lat="25.29605" lon="121.53554"/>
    <trkpt lat="25.29599" lon="121.53556"/>
    <trkpt lat="25.29591" lon="121.53556"/>
    <trkpt lat="25.29574" lon="121.53557"/>
    <trkpt lat="25.29546" lon="121.53556"/>
    <trkpt lat="25.29528" lon="121.53555"/>
    <trkpt lat="25.29519" lon="121.53554"/>
    <trkpt lat="25.29516" lon="121.53554"/>
    <trkpt lat="25.29514" lon="121.53555"/>
    <trkpt lat="25.29512" lon="121.53555"/>
    <trkpt lat="25.2951" lon="121.53556"/>
    <trkpt lat="25.29508" lon="121.53558"/>
    <trkpt lat="25.29505" lon="121.5356"/>
    <trkpt lat="25.29503" lon="121.53562"/>
    <trkpt lat="25.29499" lon="121.53566"/>
    <trkpt lat="25.29494" lon="121.53571"/>
    <trkpt lat="25.2949" lon="121.53577"/>
    <trkpt lat="25.29484" lon="121.5359"/>
    <trkpt lat="25.2948" lon="121.53605"/>
    <trkpt lat="25.29477" lon="121.53613"/>
    <trkpt lat="25.29472" lon="121.53628"/>
    <trkpt lat="25.2947" lon="121.53634"/>
    <trkpt lat="25.29466" lon="121.53647"/>
    <trkpt lat="25.29464" lon="121.53657"/>
    <trkpt lat="25.29462" lon="121.53661"/>
    <trkpt lat="25.29459" lon="121.53664"/>
    <trkpt lat="25.29455" lon="121.53666"/>
    <trkpt lat="25.29448" lon="121.53669"/>
    <trkpt lat="25.2944" lon="121.53672"/>
    <trkpt lat="25.29436" lon="121.53675"/>
    <trkpt lat="25.29434" lon="121.5368"/>
    <trkpt lat="25.29433" lon="121.53684"/>
    <trkpt lat="25.29433" lon="121.53689"/>
    <trkpt lat="25.29433" lon="121.53696"/>
    <trkpt lat="25.29434" lon="121.53704"/>
    <trkpt lat="25.29437" lon="121.53711"/>
    <trkpt lat="25.29439" lon="121.53718"/>
    <trkpt lat="25.29441" lon="121.53725"/>
    <trkpt lat="25.29443" lon="121.53731"/>
    <trkpt lat="25.29444" lon="121.53736"/>
    <trkpt lat="25.29445" lon="121.5374"/>
    <trkpt lat="25.29445" lon="121.53744"/>
    <trkpt lat="25.29445" lon="121.53747"/>
    <trkpt lat="25.29445" lon="121.5375"/>
    <trkpt lat="25.29443" lon="121.53753"/>
    <trkpt lat="25.29441" lon="121.53755"/>
    <trkpt lat="25.29438" lon="121.53757"/>
    <trkpt lat="25.29435" lon="121.5376"/>
    <trkpt lat="25.29433" lon="121.53761"/>
    <trkpt lat="25.29428" lon="121.53763"/>
    <trkpt lat="25.29414" lon="121.53767"/>
    <trkpt lat="25.29387" lon="121.53778"/>
    <trkpt lat="25.29376" lon="121.53781"/>
    <trkpt lat="25.29308" lon="121.53805"/>
    <trkpt lat="25.29299" lon="121.53807"/>
    <trkpt lat="25.29282" lon="121.53812"/>
    <trkpt lat="25.29262" lon="121.53817"/>
    <trkpt lat="25.29262" lon="121.53811"/>
    <trkpt lat="25.29261" lon="121.53806"/>
    <trkpt lat="25.2926" lon="121.53802"/>
    <trkpt lat="25.29259" lon="121.53798"/>
    <trkpt lat="25.29258" lon="121.53793"/>
    <trkpt lat="25.29255" lon="121.53786"/>
    <trkpt lat="25.29249" lon="121.53766"/>
    <trkpt lat="25.29245" lon="121.53752"/>
    <trkpt lat="25.29244" lon="121.53748"/>
    <trkpt lat="25.29242" lon="121.53742"/>
    <trkpt lat="25.29241" lon="121.53734"/>
    <trkpt lat="25.29241" lon="121.53729"/>
    <trkpt lat="25.29241" lon="121.53728"/>
    <trkpt lat="25.29241" lon="121.53723"/>
    <trkpt lat="25.29242" lon="121.53715"/>
    <trkpt lat="25.29244" lon="121.53709"/>
    <trkpt lat="25.29244" lon="121.53708"/>
    <trkpt lat="25.29249" lon="121.53694"/>
    <trkpt lat="25.29184" lon="121.53716"/>
    <trkpt lat="25.29181" lon="121.53717"/>
    <trkpt lat="25.29129" lon="121.53734"/>
    <trkpt lat="25.29116" lon="121.53738"/>
    <trkpt lat="25.2911" lon="121.5374"/>
    <trkpt lat="25.29103" lon="121.53742"/>
    <trkpt lat="25.29049" lon="121.53757"/>
    <trkpt lat="25.28932" lon="121.53797"/>
    <trkpt lat="25.2893" lon="121.53774"/>
    <trkpt lat="25.28931" lon="121.53755"/>
    <trkpt lat="25.28934" lon="121.53735"/>
    <trkpt lat="25.28939" lon="121.53713"/>
    <trkpt lat="25.28949" lon="121.53684"/>
    <trkpt lat="25.28952" lon="121.53676"/>
    <trkpt lat="25.28956" lon="121.53663"/>
    <trkpt lat="25.28957" lon="121.53657"/>
    <trkpt lat="25.28961" lon="121.53639"/>
    <trkpt lat="25.28961" lon="121.53638"/>
    <trkpt lat="25.28965" lon="121.53621"/>
    <trkpt lat="25.28967" lon="121.53601"/>
    <trkpt lat="25.28967" lon="121.53588"/>
    <trkpt lat="25.28965" lon="121.53563"/>
    <trkpt lat="25.28959" lon="121.53546"/>
    <trkpt lat="25.28953" lon="121.53532"/>
    <trkpt lat="25.28953" lon="121.53531"/>
    <trkpt lat="25.28947" lon="121.5352"/>
    <trkpt lat="25.28934" lon="121.53501"/>
    <trkpt lat="25.28925" lon="121.5349"/>
    <trkpt lat="25.28869" lon="121.53433"/>
    <trkpt lat="25.28859" lon="121.53421"/>
    <trkpt lat="25.28855" lon="121.53414"/>
    <trkpt lat="25.28851" lon="121.53406"/>
    <trkpt lat="25.28845" lon="121.53393"/>
    <trkpt lat="25.28842" lon="121.53385"/>
    <trkpt lat="25.28838" lon="121.53372"/>
    <trkpt lat="25.28834" lon="121.53353"/>
    <trkpt lat="25.2883" lon="121.53334"/>
    <trkpt lat="25.28826" lon="121.53278"/>
    <trkpt lat="25.28824" lon="121.53254"/>
    <trkpt lat="25.28817" lon="121.53228"/>
    <trkpt lat="25.28809" lon="121.53205"/>
    <trkpt lat="25.288" lon="121.53188"/>
    <trkpt lat="25.28782" lon="121.53163"/>
    <trkpt lat="25.28767" lon="121.53147"/>
    <trkpt lat="25.28716" lon="121.53092"/>
    <trkpt lat="25.28708" lon="121.53083"/>
    <trkpt lat="25.28631" lon="121.52994"/>
    <trkpt lat="25.28615" lon="121.52975"/>
    <trkpt lat="25.28603" lon="121.52957"/>
    <trkpt lat="25.28597" lon="121.52946"/>
    <trkpt lat="25.28587" lon="121.52922"/>
    <trkpt lat="25.28577" lon="121.52893"/>
    <trkpt lat="25.28567" lon="121.52858"/>
    <trkpt lat="25.2856" lon="121.52837"/>
    <trkpt lat="25.28546" lon="121.52801"/>
    <trkpt lat="25.2853" lon="121.52766"/>
    <trkpt lat="25.28514" lon="121.52732"/>
    <trkpt lat="25.28508" lon="121.52716"/>
    <trkpt lat="25.28505" lon="121.5271"/>
    <trkpt lat="25.28504" lon="121.52704"/>
    <trkpt lat="25.285" lon="121.52688"/>
    <trkpt lat="25.28499" lon="121.52672"/>
    <trkpt lat="25.28499" lon="121.52653"/>
    <trkpt lat="25.285" lon="121.52636"/>
    <trkpt lat="25.28502" lon="121.52623"/>
    <trkpt lat="25.28516" lon="121.52542"/>
    <trkpt lat="25.28519" lon="121.52521"/>
    <trkpt lat="25.28526" lon="121.52481"/>
    <trkpt lat="25.28534" lon="121.52425"/>
    <trkpt lat="25.28535" lon="121.52424"/>
    <trkpt lat="25.28536" lon="121.52413"/>
    <trkpt lat="25.28538" lon="121.52405"/>
    <trkpt lat="25.2854" lon="121.52388"/>
    <trkpt lat="25.28543" lon="121.52368"/>
    <trkpt lat="25.28545" lon="121.52347"/>
    <trkpt lat="25.28545" lon="121.52329"/>
    <trkpt lat="25.28545" lon="121.52305"/>
    <trkpt lat="25.28543" lon="121.52286"/>
    <trkpt lat="25.28542" lon="121.52283"/>
    <trkpt lat="25.28531" lon="121.52254"/>
    <trkpt lat="25.28523" lon="121.52235"/>
    <trkpt lat="25.28506" lon="121.52208"/>
    <trkpt lat="25.2848" lon="121.52179"/>
    <trkpt lat="25.28408" lon="121.52128"/>
    <trkpt lat="25.28372" lon="121.52104"/>
    <trkpt lat="25.28346" lon="121.52081"/>
    <trkpt lat="25.2829" lon="121.52026"/>
    <trkpt lat="25.28265" lon="121.52"/>
    <trkpt lat="25.28257" lon="121.51993"/>
    <trkpt lat="25.28244" lon="121.51981"/>
    <trkpt lat="25.28214" lon="121.5196"/>
    <trkpt lat="25.28204" lon="121.51955"/>
    <trkpt lat="25.28181" lon="121.51943"/>
    <trkpt lat="25.28153" lon="121.51931"/>
    <trkpt lat="25.28062" lon="121.51892"/>
    <trkpt lat="25.28038" lon="121.51881"/>
    <trkpt lat="25.28028" lon="121.51878"/>
    <trkpt lat="25.28012" lon="121.51871"/>
    <trkpt lat="25.28006" lon="121.51869"/>
    <trkpt lat="25.27995" lon="121.51864"/>
    <trkpt lat="25.27972" lon="121.51854"/>
    <trkpt lat="25.27945" lon="121.51842"/>
    <trkpt lat="25.27944" lon="121.51842"/>
    <trkpt lat="25.27928" lon="121.51834"/>
    <trkpt lat="25.27915" lon="121.51829"/>
    <trkpt lat="25.27827" lon="121.51787"/>
    <trkpt lat="25.2779" lon="121.51769"/>
    <trkpt lat="25.2778" lon="121.51763"/>
    <trkpt lat="25.27764" lon="121.51754"/>
    <trkpt lat="25.27756" lon="121.5175"/>
    <trkpt lat="25.27735" lon="121.51741"/>
    <trkpt lat="25.2773" lon="121.51735"/>
    <trkpt lat="25.27708" lon="121.5171"/>
    <trkpt lat="25.27683" lon="121.51681"/>
    <trkpt lat="25.27667" lon="121.51662"/>
    <trkpt lat="25.27648" lon="121.51643"/>
    <trkpt lat="25.27635" lon="121.51631"/>
    <trkpt lat="25.27612" lon="121.5161"/>
    <trkpt lat="25.27556" lon="121.51566"/>
    <trkpt lat="25.27534" lon="121.5155"/>
    <trkpt lat="25.27513" lon="121.51531"/>
    <trkpt lat="25.27509" lon="121.51524"/>
    <trkpt lat="25.27503" lon="121.51516"/>
    <trkpt lat="25.27498" lon="121.51508"/>
    <trkpt lat="25.27493" lon="121.51495"/>
    <trkpt lat="25.27489" lon="121.51485"/>
    <trkpt lat="25.27487" lon="121.51479"/>
    <trkpt lat="25.27483" lon="121.51467"/>
    <trkpt lat="25.27475" lon="121.51442"/>
    <trkpt lat="25.27469" lon="121.51423"/>
    <trkpt lat="25.27465" lon="121.5141"/>
    <trkpt lat="25.27461" lon="121.514"/>
    <trkpt lat="25.27455" lon="121.51386"/>
    <trkpt lat="25.27449" lon="121.51376"/>
    <trkpt lat="25.27442" lon="121.51364"/>
    <trkpt lat="25.27437" lon="121.51357"/>
    <trkpt lat="25.27434" lon="121.51354"/>
    <trkpt lat="25.27429" lon="121.51348"/>
    <trkpt lat="25.27411" lon="121.51331"/>
    <trkpt lat="25.27394" lon="121.51315"/>
    <trkpt lat="25.27372" lon="121.51296"/>
    <trkpt lat="25.27366" lon="121.5129"/>
    <trkpt lat="25.27365" lon="121.51289"/>
    <trkpt lat="25.27346" lon="121.51272"/>
    <trkpt lat="25.27313" lon="121.51236"/>
    <trkpt lat="25.27304" lon="121.51226"/>
    <trkpt lat="25.27291" lon="121.51208"/>
    <trkpt lat="25.27274" lon="121.51185"/>
    <trkpt lat="25.27261" lon="121.51168"/>
    <trkpt lat="25.27251" lon="121.51157"/>
    <trkpt lat="25.27243" lon="121.5115"/>
    <trkpt lat="25.27237" lon="121.51145"/>
    <trkpt lat="25.27224" lon="121.51136"/>
    <trkpt lat="25.27214" lon="121.51131"/>
    <trkpt lat="25.27207" lon="121.51128"/>
    <trkpt lat="25.27206" lon="121.51127"/>
    <trkpt lat="25.27205" lon="121.51127"/>
    <trkpt lat="25.27193" lon="121.5112"/>
    <trkpt lat="25.27181" lon="121.51115"/>
    <trkpt lat="25.27137" lon="121.51096"/>
    <trkpt lat="25.27126" lon="121.51091"/>
    <trkpt lat="25.27118" lon="121.51086"/>
    <trkpt lat="25.27108" lon="121.5108"/>
    <trkpt lat="25.27099" lon="121.51074"/>
    <trkpt lat="25.27093" lon="121.51068"/>
    <trkpt lat="25.27085" lon="121.51062"/>
    <trkpt lat="25.27075" lon="121.51053"/>
    <trkpt lat="25.2706" lon="121.51036"/>
    <trkpt lat="25.27042" lon="121.51015"/>
    <trkpt lat="25.2703" lon="121.51001"/>
    <trkpt lat="25.2702" lon="121.50989"/>
    <trkpt lat="25.27014" lon="121.50982"/>
    <trkpt lat="25.27008" lon="121.50974"/>
    <trkpt lat="25.26993" lon="121.50957"/>
    <trkpt lat="25.26983" lon="121.50945"/>
    <trkpt lat="25.26968" lon="121.50931"/>
    <trkpt lat="25.26955" lon="121.50919"/>
    <trkpt lat="25.26946" lon="121.50913"/>
    <trkpt lat="25.26936" lon="121.50906"/>
    <trkpt lat="25.26931" lon="121.50903"/>
    <trkpt lat="25.26918" lon="121.50896"/>
    <trkpt lat="25.26916" lon="121.50895"/>
    <trkpt lat="25.26908" lon="121.5089"/>
    <trkpt lat="25.26892" lon="121.50885"/>
    <trkpt lat="25.26884" lon="121.50877"/>
    <trkpt lat="25.26874" lon="121.50874"/>
    <trkpt lat="25.26851" lon="121.50868"/>
    <trkpt lat="25.26817" lon="121.5086"/>
    <trkpt lat="25.26809" lon="121.50858"/>
    <trkpt lat="25.2679" lon="121.50854"/>
    <trkpt lat="25.26764" lon="121.50848"/>
    <trkpt lat="25.26738" lon="121.50839"/>
    <trkpt lat="25.26713" lon="121.50828"/>
    <trkpt lat="25.26662" lon="121.50803"/>
    <trkpt lat="25.26619" lon="121.50781"/>
    <trkpt lat="25.2657" lon="121.50758"/>
    <trkpt lat="25.26461" lon="121.50708"/>
    <trkpt lat="25.26451" lon="121.50702"/>
    <trkpt lat="25.26435" lon="121.50692"/>
    <trkpt lat="25.26404" lon="121.50674"/>
    <trkpt lat="25.26397" lon="121.50669"/>
    <trkpt lat="25.26389" lon="121.50663"/>
    <trkpt lat="25.26374" lon="121.50652"/>
    <trkpt lat="25.26359" lon="121.50641"/>
    <trkpt lat="25.26344" lon="121.5063"/>
    <trkpt lat="25.2634" lon="121.50628"/>
    <trkpt lat="25.26314" lon="121.50607"/>
    <trkpt lat="25.26298" lon="121.50594"/>
    <trkpt lat="25.26273" lon="121.50573"/>
    <trkpt lat="25.26249" lon="121.50554"/>
    <trkpt lat="25.26224" lon="121.50535"/>
    <trkpt lat="25.26198" lon="121.50511"/>
    <trkpt lat="25.26189" lon="121.50499"/>
    <trkpt lat="25.2617" lon="121.50474"/>
    <trkpt lat="25.26167" lon="121.50469"/>
    <trkpt lat="25.2616" lon="121.50454"/>
    <trkpt lat="25.26148" lon="121.50456"/>
    <trkpt lat="25.26144" lon="121.50455"/>
    <trkpt lat="25.26142" lon="121.50453"/>
    <trkpt lat="25.26138" lon="121.5045"/>
    <trkpt lat="25.26125" lon="121.50438"/>
    <trkpt lat="25.2612" lon="121.50432"/>
    <trkpt lat="25.26076" lon="121.50386"/>
    <trkpt lat="25.2603" lon="121.50337"/>
    <trkpt lat="25.26025" lon="121.5033"/>
    <trkpt lat="25.26018" lon="121.50322"/>
    <trkpt lat="25.26003" lon="121.50309"/>
    <trkpt lat="25.25963" lon="121.50259"/>
    <trkpt lat="25.25942" lon="121.50243"/>
    <trkpt lat="25.25936" lon="121.50238"/>
    <trkpt lat="25.25928" lon="121.50244"/>
    <trkpt lat="25.25891" lon="121.50274"/>
    <trkpt lat="25.25867" lon="121.50295"/>
    <trkpt lat="25.25841" lon="121.50316"/>
    <trkpt lat="25.2582" lon="121.50334"/>
    <trkpt lat="25.25795" lon="121.50352"/>
    <trkpt lat="25.25779" lon="121.50364"/>
    <trkpt lat="25.25757" lon="121.5038"/>
    <trkpt lat="25.25755" lon="121.50373"/>
    <trkpt lat="25.25755" lon="121.50372"/>
    <trkpt lat="25.25754" lon="121.50371"/>
    <trkpt lat="25.25754" lon="121.5037"/>
    <trkpt lat="25.25753" lon="121.50369"/>
    <trkpt lat="25.25751" lon="121.50367"/>
    <trkpt lat="25.25749" lon="121.50366"/>
    <trkpt lat="25.25747" lon="121.50364"/>
    <trkpt lat="25.25745" lon="121.50351"/>
    <trkpt lat="25.25745" lon="121.50346"/>
    <trkpt lat="25.25745" lon="121.50341"/>
    <trkpt lat="25.25746" lon="121.50337"/>
    <trkpt lat="25.25748" lon="121.50334"/>
    <trkpt lat="25.2575" lon="121.50332"/>
    <trkpt lat="25.2576" lon="121.50325"/>
    <trkpt lat="25.25795" lon="121.50297"/>
    <trkpt lat="25.25845" lon="121.50263"/>
    <trkpt lat="25.25867" lon="121.50295"/>
    <trkpt lat="25.25873" lon="121.50305"/>
    <trkpt lat="25.259" lon="121.50279"/>
    <trkpt lat="25.25934" lon="121.5025"/>
    <trkpt lat="25.25942" lon="121.50243"/>
    <trkpt lat="25.25936" lon="121.50238"/>
    <trkpt lat="25.25925" lon="121.50227"/>
    <trkpt lat="25.25984" lon="121.50204"/>
    <trkpt lat="25.26007" lon="121.50195"/>
    <trkpt lat="25.2603" lon="121.50188"/>
    <trkpt lat="25.26057" lon="121.50183"/>
    <trkpt lat="25.26081" lon="121.50179"/>
    <trkpt lat="25.26102" lon="121.50176"/>
    <trkpt lat="25.26114" lon="121.50174"/>
    <trkpt lat="25.26123" lon="121.50174"/>
    <trkpt lat="25.26136" lon="121.50174"/>
    <trkpt lat="25.2614" lon="121.50174"/>
    <trkpt lat="25.26143" lon="121.50173"/>
    <trkpt lat="25.26145" lon="121.50172"/>
    <trkpt lat="25.26155" lon="121.50164"/>
    <trkpt lat="25.26155" lon="121.50131"/>
    <trkpt lat="25.26155" lon="121.50116"/>
    <trkpt lat="25.26154" lon="121.50089"/>
    <trkpt lat="25.26152" lon="121.50074"/>
    <trkpt lat="25.26151" lon="121.50064"/>
    <trkpt lat="25.26148" lon="121.50052"/>
    <trkpt lat="25.26145" lon="121.50042"/>
    <trkpt lat="25.26142" lon="121.50034"/>
    <trkpt lat="25.26142" lon="121.50032"/>
    <trkpt lat="25.26138" lon="121.50019"/>
    <trkpt lat="25.26132" lon="121.50007"/>
    <trkpt lat="25.26127" lon="121.49997"/>
    <trkpt lat="25.26119" lon="121.49984"/>
    <trkpt lat="25.26089" lon="121.4994"/>
    <trkpt lat="25.26036" lon="121.49866"/>
    <trkpt lat="25.26016" lon="121.49839"/>
    <trkpt lat="25.26001" lon="121.49816"/>
    <trkpt lat="25.25994" lon="121.49802"/>
    <trkpt lat="25.25987" lon="121.49786"/>
    <trkpt lat="25.25985" lon="121.49776"/>
    <trkpt lat="25.25984" lon="121.49768"/>
    <trkpt lat="25.25983" lon="121.49755"/>
    <trkpt lat="25.25983" lon="121.49746"/>
    <trkpt lat="25.25984" lon="121.4974"/>
    <trkpt lat="25.25985" lon="121.49728"/>
    <trkpt lat="25.2599" lon="121.49692"/>
    <trkpt lat="25.26009" lon="121.49544"/>
    <trkpt lat="25.26012" lon="121.49524"/>
    <trkpt lat="25.26013" lon="121.49517"/>
    <trkpt lat="25.26018" lon="121.49479"/>
    <trkpt lat="25.26021" lon="121.49458"/>
    <trkpt lat="25.26024" lon="121.49429"/>
    <trkpt lat="25.26025" lon="121.49406"/>
    <trkpt lat="25.26025" lon="121.49389"/>
    <trkpt lat="25.26024" lon="121.49324"/>
    <trkpt lat="25.2602" lon="121.49235"/>
    <trkpt lat="25.2602" lon="121.49219"/>
    <trkpt lat="25.2602" lon="121.49214"/>
    <trkpt lat="25.26023" lon="121.49198"/>
    <trkpt lat="25.26027" lon="121.49183"/>
    <trkpt lat="25.26032" lon="121.49166"/>
    <trkpt lat="25.26038" lon="121.49147"/>
    <trkpt lat="25.26048" lon="121.49122"/>
    <trkpt lat="25.26055" lon="121.49104"/>
    <trkpt lat="25.2609" lon="121.49012"/>
    <trkpt lat="25.26117" lon="121.48942"/>
    <trkpt lat="25.26139" lon="121.48887"/>
    <trkpt lat="25.26154" lon="121.4885"/>
    <trkpt lat="25.26168" lon="121.48814"/>
    <trkpt lat="25.26169" lon="121.48812"/>
    <trkpt lat="25.26175" lon="121.48795"/>
    <trkpt lat="25.26187" lon="121.48765"/>
    <trkpt lat="25.26198" lon="121.48737"/>
    <trkpt lat="25.26212" lon="121.48698"/>
    <trkpt lat="25.26222" lon="121.48661"/>
    <trkpt lat="25.26224" lon="121.48649"/>
    <trkpt lat="25.26239" lon="121.48587"/>
    <trkpt lat="25.2624" lon="121.48582"/>
    <trkpt lat="25.26252" lon="121.48528"/>
    <trkpt lat="25.2627" lon="121.48447"/>
    <trkpt lat="25.26275" lon="121.48426"/>
    <trkpt lat="25.26277" lon="121.48419"/>
    <trkpt lat="25.2628" lon="121.48411"/>
    <trkpt lat="25.26284" lon="121.484"/>
    <trkpt lat="25.26289" lon="121.48391"/>
    <trkpt lat="25.26289" lon="121.4839"/>
    <trkpt lat="25.26295" lon="121.48379"/>
    <trkpt lat="25.26299" lon="121.48373"/>
    <trkpt lat="25.2631" lon="121.48354"/>
    <trkpt lat="25.26331" lon="121.48323"/>
    <trkpt lat="25.26343" lon="121.48304"/>
    <trkpt lat="25.26352" lon="121.48291"/>
    <trkpt lat="25.26357" lon="121.48281"/>
    <trkpt lat="25.26361" lon="121.48273"/>
    <trkpt lat="25.26366" lon="121.4826"/>
    <trkpt lat="25.26368" lon="121.48254"/>
    <trkpt lat="25.26371" lon="121.48241"/>
    <trkpt lat="25.26373" lon="121.48232"/>
    <trkpt lat="25.26374" lon="121.48219"/>
    <trkpt lat="25.26375" lon="121.48207"/>
    <trkpt lat="25.26374" lon="121.48198"/>
    <trkpt lat="25.26369" lon="121.48171"/>
    <trkpt lat="25.26366" lon="121.48165"/>
    <trkpt lat="25.26361" lon="121.48155"/>
    <trkpt lat="25.2636" lon="121.48154"/>
    <trkpt lat="25.26354" lon="121.48143"/>
    <trkpt lat="25.2635" lon="121.48137"/>
    <trkpt lat="25.2634" lon="121.48121"/>
    <trkpt lat="25.26339" lon="121.48119"/>
    <trkpt lat="25.26328" lon="121.48104"/>
    <trkpt lat="25.26315" lon="121.48087"/>
    <trkpt lat="25.26287" lon="121.48049"/>
    <trkpt lat="25.26265" lon="121.48019"/>
    <trkpt lat="25.26251" lon="121.47999"/>
    <trkpt lat="25.26235" lon="121.47978"/>
    <trkpt lat="25.26223" lon="121.47964"/>
    <trkpt lat="25.26218" lon="121.47957"/>
    <trkpt lat="25.26211" lon="121.47951"/>
    <trkpt lat="25.262" lon="121.47939"/>
    <trkpt lat="25.26192" lon="121.47931"/>
    <trkpt lat="25.26183" lon="121.47923"/>
    <trkpt lat="25.26175" lon="121.47917"/>
    <trkpt lat="25.26165" lon="121.4791"/>
    <trkpt lat="25.26149" lon="121.479"/>
    <trkpt lat="25.26087" lon="121.47861"/>
    <trkpt lat="25.2607" lon="121.4785"/>
    <trkpt lat="25.25971" lon="121.47786"/>
    <trkpt lat="25.25927" lon="121.4776"/>
    <trkpt lat="25.25918" lon="121.47754"/>
    <trkpt lat="25.25904" lon="121.47745"/>
    <trkpt lat="25.25876" lon="121.47728"/>
    <trkpt lat="25.25806" lon="121.47684"/>
    <trkpt lat="25.25732" lon="121.47638"/>
    <trkpt lat="25.25706" lon="121.47619"/>
    <trkpt lat="25.25654" lon="121.47582"/>
    <trkpt lat="25.25619" lon="121.47555"/>
    <trkpt lat="25.25535" lon="121.47487"/>
    <trkpt lat="25.25531" lon="121.47483"/>
    <trkpt lat="25.25512" lon="121.47467"/>
    <trkpt lat="25.25487" lon="121.47444"/>
    <trkpt lat="25.25452" lon="121.47412"/>
    <trkpt lat="25.25435" lon="121.47396"/>
    <trkpt lat="25.25406" lon="121.47367"/>
    <trkpt lat="25.25352" lon="121.47313"/>
    <trkpt lat="25.25289" lon="121.47238"/>
    <trkpt lat="25.25221" lon="121.47154"/>
    <trkpt lat="25.25212" lon="121.47143"/>
    <trkpt lat="25.25183" lon="121.47104"/>
    <trkpt lat="25.25124" lon="121.47018"/>
    <trkpt lat="25.25105" lon="121.46988"/>
    <trkpt lat="25.25096" lon="121.46971"/>
    <trkpt lat="25.25075" lon="121.46931"/>
    <trkpt lat="25.25064" lon="121.4691"/>
    <trkpt lat="25.25059" lon="121.46897"/>
    <trkpt lat="25.25054" lon="121.46883"/>
    <trkpt lat="25.25041" lon="121.46846"/>
    <trkpt lat="25.24989" lon="121.46697"/>
    <trkpt lat="25.24982" lon="121.46677"/>
    <trkpt lat="25.24979" lon="121.46669"/>
    <trkpt lat="25.24951" lon="121.46588"/>
    <trkpt lat="25.2495" lon="121.46585"/>
    <trkpt lat="25.24936" lon="121.46547"/>
    <trkpt lat="25.24902" lon="121.46448"/>
    <trkpt lat="25.24873" lon="121.46372"/>
    <trkpt lat="25.24866" lon="121.46357"/>
    <trkpt lat="25.24807" lon="121.46212"/>
    <trkpt lat="25.248" lon="121.46194"/>
    <trkpt lat="25.24768" lon="121.46117"/>
    <trkpt lat="25.24753" lon="121.46081"/>
    <trkpt lat="25.24747" lon="121.46069"/>
    <trkpt lat="25.24736" lon="121.46041"/>
    <trkpt lat="25.24732" lon="121.46032"/>
    <trkpt lat="25.24726" lon="121.46019"/>
    <trkpt lat="25.24724" lon="121.46015"/>
    <trkpt lat="25.24715" lon="121.45998"/>
    <trkpt lat="25.24714" lon="121.45996"/>
    <trkpt lat="25.24693" lon="121.45965"/>
    <trkpt lat="25.24688" lon="121.45961"/>
    <trkpt lat="25.24679" lon="121.45953"/>
    <trkpt lat="25.24668" lon="121.45946"/>
    <trkpt lat="25.24658" lon="121.45941"/>
    <trkpt lat="25.24639" lon="121.45933"/>
    <trkpt lat="25.24616" lon="121.45925"/>
    <trkpt lat="25.24596" lon="121.4592"/>
    <trkpt lat="25.24578" lon="121.45917"/>
    <trkpt lat="25.24549" lon="121.45913"/>
    <trkpt lat="25.24498" lon="121.45908"/>
    <trkpt lat="25.24476" lon="121.45905"/>
    <trkpt lat="25.24442" lon="121.45896"/>
    <trkpt lat="25.24399" lon="121.45882"/>
    <trkpt lat="25.24362" lon="121.45868"/>
    <trkpt lat="25.24311" lon="121.45848"/>
    <trkpt lat="25.24291" lon="121.4584"/>
    <trkpt lat="25.24253" lon="121.45825"/>
    <trkpt lat="25.2415" lon="121.45785"/>
    <trkpt lat="25.24104" lon="121.45765"/>
    <trkpt lat="25.24043" lon="121.45732"/>
    <trkpt lat="25.24027" lon="121.45722"/>
    <trkpt lat="25.24026" lon="121.45722"/>
    <trkpt lat="25.24018" lon="121.45718"/>
    <trkpt lat="25.24009" lon="121.45713"/>
    <trkpt lat="25.23978" lon="121.45701"/>
    <trkpt lat="25.23971" lon="121.45698"/>
    <trkpt lat="25.23961" lon="121.45696"/>
    <trkpt lat="25.23945" lon="121.45692"/>
    <trkpt lat="25.23925" lon="121.45688"/>
    <trkpt lat="25.23882" lon="121.45679"/>
    <trkpt lat="25.23831" lon="121.4567"/>
    <trkpt lat="25.23829" lon="121.45669"/>
    <trkpt lat="25.23811" lon="121.45666"/>
    <trkpt lat="25.23779" lon="121.45661"/>
    <trkpt lat="25.23705" lon="121.45646"/>
    <trkpt lat="25.23665" lon="121.45635"/>
    <trkpt lat="25.23638" lon="121.45625"/>
    <trkpt lat="25.23621" lon="121.45617"/>
    <trkpt lat="25.23604" lon="121.4561"/>
    <trkpt lat="25.23579" lon="121.45599"/>
    <trkpt lat="25.2353" lon="121.45574"/>
    <trkpt lat="25.23514" lon="121.45565"/>
    <trkpt lat="25.23504" lon="121.4556"/>
    <trkpt lat="25.23485" lon="121.4555"/>
    <trkpt lat="25.23465" lon="121.45539"/>
    <trkpt lat="25.23451" lon="121.45529"/>
    <trkpt lat="25.23435" lon="121.45518"/>
    <trkpt lat="25.23418" lon="121.45505"/>
    <trkpt lat="25.23381" lon="121.4547"/>
    <trkpt lat="25.23372" lon="121.4546"/>
    <trkpt lat="25.23308" lon="121.45397"/>
    <trkpt lat="25.23283" lon="121.45372"/>
    <trkpt lat="25.23258" lon="121.45342"/>
    <trkpt lat="25.23252" lon="121.45331"/>
    <trkpt lat="25.23237" lon="121.45308"/>
    <trkpt lat="25.23219" lon="121.45282"/>
    <trkpt lat="25.23205" lon="121.45262"/>
    <trkpt lat="25.23182" lon="121.45231"/>
    <trkpt lat="25.23172" lon="121.45222"/>
    <trkpt lat="25.23163" lon="121.45213"/>
    <trkpt lat="25.23159" lon="121.45209"/>
    <trkpt lat="25.23144" lon="121.45198"/>
    <trkpt lat="25.23139" lon="121.45194"/>
    <trkpt lat="25.23133" lon="121.4519"/>
    <trkpt lat="25.23128" lon="121.45188"/>
    <trkpt lat="25.23125" lon="121.45186"/>
    <trkpt lat="25.23112" lon="121.45179"/>
    <trkpt lat="25.23111" lon="121.45179"/>
    <trkpt lat="25.23094" lon="121.45172"/>
    <trkpt lat="25.23084" lon="121.45167"/>
    <trkpt lat="25.23057" lon="121.45161"/>
    <trkpt lat="25.23031" lon="121.45156"/>
    <trkpt lat="25.22998" lon="121.45152"/>
    <trkpt lat="25.22954" lon="121.45151"/>
    <trkpt lat="25.22916" lon="121.45151"/>
    <trkpt lat="25.2289" lon="121.45153"/>
    <trkpt lat="25.22826" lon="121.45161"/>
    <trkpt lat="25.2278" lon="121.4517"/>
    <trkpt lat="25.22738" lon="121.45176"/>
    <trkpt lat="25.22732" lon="121.45177"/>
    <trkpt lat="25.22695" lon="121.45183"/>
    <trkpt lat="25.22635" lon="121.4519"/>
    <trkpt lat="25.22594" lon="121.45193"/>
    <trkpt lat="25.22585" lon="121.45194"/>
    <trkpt lat="25.22559" lon="121.45195"/>
    <trkpt lat="25.22536" lon="121.45196"/>
    <trkpt lat="25.22518" lon="121.45196"/>
    <trkpt lat="25.22492" lon="121.45196"/>
    <trkpt lat="25.22481" lon="121.45195"/>
    <trkpt lat="25.22389" lon="121.45189"/>
    <trkpt lat="25.22381" lon="121.45189"/>
    <trkpt lat="25.22359" lon="121.45186"/>
    <trkpt lat="25.22267" lon="121.45176"/>
    <trkpt lat="25.22256" lon="121.4517"/>
    <trkpt lat="25.22243" lon="121.45169"/>
    <trkpt lat="25.2222" lon="121.45166"/>
    <trkpt lat="25.22202" lon="121.45164"/>
    <trkpt lat="25.22185" lon="121.45162"/>
    <trkpt lat="25.22162" lon="121.45159"/>
    <trkpt lat="25.22149" lon="121.45157"/>
    <trkpt lat="25.22145" lon="121.45156"/>
    <trkpt lat="25.22133" lon="121.45153"/>
    <trkpt lat="25.22131" lon="121.45152"/>
    <trkpt lat="25.22103" lon="121.45142"/>
    <trkpt lat="25.22092" lon="121.45136"/>
    <trkpt lat="25.22092" lon="121.45135"/>
    <trkpt lat="25.22082" lon="121.45129"/>
    <trkpt lat="25.22077" lon="121.45125"/>
    <trkpt lat="25.22062" lon="121.45114"/>
    <trkpt lat="25.22049" lon="121.45102"/>
    <trkpt lat="25.22039" lon="121.45093"/>
    <trkpt lat="25.2203" lon="121.45085"/>
    <trkpt lat="25.22008" lon="121.45062"/>
    <trkpt lat="25.21999" lon="121.45053"/>
    <trkpt lat="25.21988" lon="121.45043"/>
    <trkpt lat="25.21971" lon="121.45032"/>
    <trkpt lat="25.21958" lon="121.45025"/>
    <trkpt lat="25.21947" lon="121.45019"/>
    <trkpt lat="25.21931" lon="121.45014"/>
    <trkpt lat="25.2193" lon="121.45014"/>
    <trkpt lat="25.21919" lon="121.4501"/>
    <trkpt lat="25.2191" lon="121.45007"/>
    <trkpt lat="25.21879" lon="121.45001"/>
    <trkpt lat="25.21842" lon="121.44996"/>
    <trkpt lat="25.21822" lon="121.44992"/>
    <trkpt lat="25.21747" lon="121.44982"/>
    <trkpt lat="25.21714" lon="121.44978"/>
    <trkpt lat="25.21678" lon="121.44976"/>
    <trkpt lat="25.21661" lon="121.44976"/>
    <trkpt lat="25.21649" lon="121.44976"/>
    <trkpt lat="25.21636" lon="121.44978"/>
    <trkpt lat="25.21625" lon="121.44983"/>
    <trkpt lat="25.21612" lon="121.44989"/>
    <trkpt lat="25.21596" lon="121.44998"/>
    <trkpt lat="25.21579" lon="121.45011"/>
    <trkpt lat="25.21564" lon="121.45022"/>
    <trkpt lat="25.21549" lon="121.45034"/>
    <trkpt lat="25.21542" lon="121.45038"/>
    <trkpt lat="25.21529" lon="121.45045"/>
    <trkpt lat="25.21523" lon="121.45049"/>
    <trkpt lat="25.2151" lon="121.45055"/>
    <trkpt lat="25.21497" lon="121.4506"/>
    <trkpt lat="25.21484" lon="121.4506"/>
    <trkpt lat="25.21468" lon="121.4506"/>
    <trkpt lat="25.21449" lon="121.45059"/>
    <trkpt lat="25.21412" lon="121.45054"/>
    <trkpt lat="25.21391" lon="121.45054"/>
    <trkpt lat="25.2133" lon="121.45047"/>
    <trkpt lat="25.21234" lon="121.45043"/>
    <trkpt lat="25.21226" lon="121.45042"/>
    <trkpt lat="25.2121" lon="121.4504"/>
    <trkpt lat="25.2113" lon="121.45028"/>
    <trkpt lat="25.21112" lon="121.45024"/>
    <trkpt lat="25.21094" lon="121.45017"/>
    <trkpt lat="25.21084" lon="121.45012"/>
    <trkpt lat="25.21071" lon="121.45005"/>
    <trkpt lat="25.2104" lon="121.44982"/>
    <trkpt lat="25.21019" lon="121.44966"/>
    <trkpt lat="25.20998" lon="121.44951"/>
    <trkpt lat="25.20985" lon="121.44944"/>
    <trkpt lat="25.20964" lon="121.44935"/>
    <trkpt lat="25.20949" lon="121.44931"/>
    <trkpt lat="25.20939" lon="121.44929"/>
    <trkpt lat="25.20889" lon="121.44919"/>
    <trkpt lat="25.20873" lon="121.44916"/>
    <trkpt lat="25.20866" lon="121.44915"/>
    <trkpt lat="25.20838" lon="121.44909"/>
    <trkpt lat="25.20834" lon="121.44908"/>
    <trkpt lat="25.2081" lon="121.44902"/>
    <trkpt lat="25.20741" lon="121.44883"/>
    <trkpt lat="25.20728" lon="121.4488"/>
    <trkpt lat="25.20717" lon="121.44878"/>
    <trkpt lat="25.20708" lon="121.44877"/>
    <trkpt lat="25.20707" lon="121.44877"/>
    <trkpt lat="25.20697" lon="121.44877"/>
    <trkpt lat="25.20684" lon="121.44878"/>
    <trkpt lat="25.20626" lon="121.44891"/>
    <trkpt lat="25.20613" lon="121.44894"/>
    <trkpt lat="25.20602" lon="121.44896"/>
    <trkpt lat="25.20589" lon="121.44898"/>
    <trkpt lat="25.20577" lon="121.44898"/>
    <trkpt lat="25.20569" lon="121.44898"/>
    <trkpt lat="25.20555" lon="121.44897"/>
    <trkpt lat="25.20509" lon="121.44885"/>
    <trkpt lat="25.2049" lon="121.44881"/>
    <trkpt lat="25.2048" lon="121.4488"/>
    <trkpt lat="25.2047" lon="121.4488"/>
    <trkpt lat="25.20452" lon="121.44879"/>
    <trkpt lat="25.20444" lon="121.4488"/>
    <trkpt lat="25.20426" lon="121.4488"/>
    <trkpt lat="25.20392" lon="121.44881"/>
    <trkpt lat="25.20387" lon="121.44882"/>
    <trkpt lat="25.20365" lon="121.44882"/>
    <trkpt lat="25.20356" lon="121.44881"/>
    <trkpt lat="25.20349" lon="121.44881"/>
    <trkpt lat="25.20339" lon="121.4488"/>
    <trkpt lat="25.2033" lon="121.44879"/>
    <trkpt lat="25.2032" lon="121.44877"/>
    <trkpt lat="25.20311" lon="121.44874"/>
    <trkpt lat="25.20276" lon="121.44863"/>
    <trkpt lat="25.20246" lon="121.44849"/>
    <trkpt lat="25.20237" lon="121.44845"/>
    <trkpt lat="25.20222" lon="121.44841"/>
    <trkpt lat="25.20206" lon="121.44837"/>
    <trkpt lat="25.20191" lon="121.44835"/>
    <trkpt lat="25.20139" lon="121.44828"/>
    <trkpt lat="25.20087" lon="121.44821"/>
    <trkpt lat="25.20019" lon="121.44814"/>
    <trkpt lat="25.20009" lon="121.44812"/>
    <trkpt lat="25.19963" lon="121.44808"/>
    <trkpt lat="25.19937" lon="121.44805"/>
    <trkpt lat="25.19918" lon="121.44801"/>
    <trkpt lat="25.19907" lon="121.44797"/>
    <trkpt lat="25.19893" lon="121.44789"/>
    <trkpt lat="25.19878" lon="121.44779"/>
    <trkpt lat="25.19854" lon="121.4476"/>
    <trkpt lat="25.19841" lon="121.44748"/>
    <trkpt lat="25.19813" lon="121.44712"/>
    <trkpt lat="25.19809" lon="121.44706"/>
    <trkpt lat="25.19777" lon="121.44664"/>
    <trkpt lat="25.19762" lon="121.44645"/>
    <trkpt lat="25.19749" lon="121.44632"/>
    <trkpt lat="25.19747" lon="121.44625"/>
    <trkpt lat="25.19744" lon="121.4462"/>
    <trkpt lat="25.19741" lon="121.44615"/>
    <trkpt lat="25.19738" lon="121.44609"/>
    <trkpt lat="25.19735" lon="121.44605"/>
    <trkpt lat="25.19707" lon="121.44571"/>
    <trkpt lat="25.19693" lon="121.44556"/>
    <trkpt lat="25.1969" lon="121.44553"/>
    <trkpt lat="25.19685" lon="121.44549"/>
    <trkpt lat="25.19682" lon="121.44547"/>
    <trkpt lat="25.19668" lon="121.4454"/>
    <trkpt lat="25.19636" lon="121.44526"/>
    <trkpt lat="25.19603" lon="121.44512"/>
    <trkpt lat="25.19567" lon="121.44497"/>
    <trkpt lat="25.19564" lon="121.44496"/>
    <trkpt lat="25.19526" lon="121.44483"/>
    <trkpt lat="25.1951" lon="121.44476"/>
    <trkpt lat="25.19492" lon="121.44463"/>
    <trkpt lat="25.19473" lon="121.4445"/>
    <trkpt lat="25.1943" lon="121.44418"/>
    <trkpt lat="25.19409" lon="121.44402"/>
    <trkpt lat="25.19387" lon="121.44388"/>
    <trkpt lat="25.19383" lon="121.44384"/>
    <trkpt lat="25.19377" lon="121.44382"/>
    <trkpt lat="25.19369" lon="121.44378"/>
    <trkpt lat="25.19362" lon="121.44377"/>
    <trkpt lat="25.19355" lon="121.44376"/>
    <trkpt lat="25.19347" lon="121.44375"/>
    <trkpt lat="25.19331" lon="121.44378"/>
    <trkpt lat="25.19321" lon="121.44384"/>
    <trkpt lat="25.19304" lon="121.44395"/>
    <trkpt lat="25.19301" lon="121.44398"/>
    <trkpt lat="25.19258" lon="121.44435"/>
    <trkpt lat="25.19253" lon="121.44439"/>
    <trkpt lat="25.19246" lon="121.44445"/>
    <trkpt lat="25.19237" lon="121.4445"/>
    <trkpt lat="25.19224" lon="121.44455"/>
    <trkpt lat="25.19212" lon="121.44457"/>
    <trkpt lat="25.1921" lon="121.44456"/>
    <trkpt lat="25.19202" lon="121.44454"/>
    <trkpt lat="25.19192" lon="121.4445"/>
    <trkpt lat="25.19173" lon="121.44444"/>
    <trkpt lat="25.19171" lon="121.44443"/>
    <trkpt lat="25.19125" lon="121.44427"/>
    <trkpt lat="25.19108" lon="121.44421"/>
    <trkpt lat="25.19077" lon="121.44411"/>
    <trkpt lat="25.19056" lon="121.44404"/>
    <trkpt lat="25.19029" lon="121.44395"/>
    <trkpt lat="25.19008" lon="121.44388"/>
    <trkpt lat="25.18993" lon="121.44385"/>
    <trkpt lat="25.18986" lon="121.44382"/>
    <trkpt lat="25.18983" lon="121.44381"/>
    <trkpt lat="25.18974" lon="121.44378"/>
    <trkpt lat="25.18968" lon="121.44376"/>
    <trkpt lat="25.18961" lon="121.44374"/>
    <trkpt lat="25.18955" lon="121.44373"/>
    <trkpt lat="25.18951" lon="121.44372"/>
    <trkpt lat="25.18943" lon="121.44373"/>
    <trkpt lat="25.18918" lon="121.44379"/>
    <trkpt lat="25.18909" lon="121.44383"/>
    <trkpt lat="25.18894" lon="121.44387"/>
    <trkpt lat="25.18883" lon="121.4439"/>
    <trkpt lat="25.1887" lon="121.44393"/>
    <trkpt lat="25.18856" lon="121.44399"/>
    <trkpt lat="25.18855" lon="121.444"/>
    <trkpt lat="25.18841" lon="121.44405"/>
    <trkpt lat="25.18828" lon="121.4441"/>
    <trkpt lat="25.18808" lon="121.44414"/>
    <trkpt lat="25.18793" lon="121.44416"/>
    <trkpt lat="25.18778" lon="121.44417"/>
    <trkpt lat="25.18777" lon="121.44417"/>
    <trkpt lat="25.18762" lon="121.44417"/>
    <trkpt lat="25.18743" lon="121.44418"/>
    <trkpt lat="25.1873" lon="121.44418"/>
    <trkpt lat="25.18728" lon="121.44418"/>
    <trkpt lat="25.18591" lon="121.44421"/>
    <trkpt lat="25.18535" lon="121.44423"/>
    <trkpt lat="25.18533" lon="121.44423"/>
    <trkpt lat="25.1852" lon="121.44424"/>
    <trkpt lat="25.18508" lon="121.44425"/>
    <trkpt lat="25.18482" lon="121.44428"/>
    <trkpt lat="25.18464" lon="121.44431"/>
    <trkpt lat="25.18433" lon="121.44434"/>
    <trkpt lat="25.18367" lon="121.44442"/>
    <trkpt lat="25.18343" lon="121.44446"/>
    <trkpt lat="25.18298" lon="121.44453"/>
    <trkpt lat="25.18242" lon="121.44456"/>
    <trkpt lat="25.18238" lon="121.44456"/>
    <trkpt lat="25.18221" lon="121.44458"/>
    <trkpt lat="25.18211" lon="121.44459"/>
    <trkpt lat="25.18202" lon="121.44462"/>
    <trkpt lat="25.18184" lon="121.44463"/>
    <trkpt lat="25.18166" lon="121.44466"/>
    <trkpt lat="25.18143" lon="121.44469"/>
    <trkpt lat="25.18089" lon="121.44475"/>
    <trkpt lat="25.18081" lon="121.44475"/>
    <trkpt lat="25.18051" lon="121.4447"/>
    <trkpt lat="25.18015" lon="121.44464"/>
    <trkpt lat="25.17998" lon="121.44461"/>
    <trkpt lat="25.17979" lon="121.44458"/>
    <trkpt lat="25.17939" lon="121.44451"/>
    <trkpt lat="25.1793" lon="121.44449"/>
    <trkpt lat="25.17903" lon="121.44445"/>
    <trkpt lat="25.17895" lon="121.44443"/>
    <trkpt lat="25.17881" lon="121.44439"/>
    <trkpt lat="25.17872" lon="121.44434"/>
    <trkpt lat="25.17865" lon="121.44431"/>
    <trkpt lat="25.17865" lon="121.4443"/>
    <trkpt lat="25.17861" lon="121.44428"/>
    <trkpt lat="25.17849" lon="121.44419"/>
    <trkpt lat="25.17837" lon="121.44408"/>
    <trkpt lat="25.17833" lon="121.44405"/>
    <trkpt lat="25.17826" lon="121.444"/>
    <trkpt lat="25.17808" lon="121.44387"/>
    <trkpt lat="25.17729" lon="121.44315"/>
    <trkpt lat="25.17692" lon="121.44285"/>
    <trkpt lat="25.17681" lon="121.44275"/>
    <trkpt lat="25.17655" lon="121.4426"/>
    <trkpt lat="25.17595" lon="121.44211"/>
    <trkpt lat="25.17567" lon="121.44188"/>
    <trkpt lat="25.17536" lon="121.44165"/>
    <trkpt lat="25.17528" lon="121.44161"/>
    <trkpt lat="25.17525" lon="121.4416"/>
    <trkpt lat="25.17521" lon="121.44159"/>
    <trkpt lat="25.17513" lon="121.44157"/>
    <trkpt lat="25.17504" lon="121.44154"/>
    <trkpt lat="25.17469" lon="121.44145"/>
    <trkpt lat="25.17462" lon="121.44144"/>
    <trkpt lat="25.17443" lon="121.44138"/>
    <trkpt lat="25.17427" lon="121.44132"/>
    <trkpt lat="25.17409" lon="121.44125"/>
    <trkpt lat="25.17392" lon="121.44118"/>
    <trkpt lat="25.17376" lon="121.44112"/>
    <trkpt lat="25.17359" lon="121.44105"/>
    <trkpt lat="25.17356" lon="121.44104"/>
    <trkpt lat="25.17341" lon="121.44098"/>
    <trkpt lat="25.1734" lon="121.44098"/>
    <trkpt lat="25.17323" lon="121.4409"/>
    <trkpt lat="25.17319" lon="121.44088"/>
    <trkpt lat="25.17295" lon="121.44076"/>
    <trkpt lat="25.17293" lon="121.44075"/>
    <trkpt lat="25.17259" lon="121.44058"/>
    <trkpt lat="25.17237" lon="121.44041"/>
    <trkpt lat="25.17227" lon="121.44034"/>
    <trkpt lat="25.17221" lon="121.44043"/>
    <trkpt lat="25.17214" lon="121.4405"/>
    <trkpt lat="25.17197" lon="121.44062"/>
    <trkpt lat="25.17178" lon="121.44077"/>
    <trkpt lat="25.17175" lon="121.44079"/>
    <trkpt lat="25.17163" lon="121.44088"/>
    <trkpt lat="25.17161" lon="121.4409"/>
    <trkpt lat="25.17152" lon="121.44097"/>
    <trkpt lat="25.17149" lon="121.44101"/>
    <trkpt lat="25.17146" lon="121.44104"/>
    <trkpt lat="25.17138" lon="121.44113"/>
    <trkpt lat="25.17124" lon="121.4413"/>
    <trkpt lat="25.17089" lon="121.44173"/>
    <trkpt lat="25.17086" lon="121.44177"/>
    <trkpt lat="25.17076" lon="121.4419"/>
    <trkpt lat="25.1707" lon="121.44199"/>
    <trkpt lat="25.17065" lon="121.44207"/>
    <trkpt lat="25.1706" lon="121.44215"/>
    <trkpt lat="25.17055" lon="121.44226"/>
    <trkpt lat="25.17052" lon="121.44235"/>
    <trkpt lat="25.17051" lon="121.44241"/>
    <trkpt lat="25.17049" lon="121.44253"/>
    <trkpt lat="25.17048" lon="121.44258"/>
    <trkpt lat="25.17047" lon="121.4427"/>
    <trkpt lat="25.17045" lon="121.44303"/>
    <trkpt lat="25.17044" lon="121.4434"/>
    <trkpt lat="25.17043" lon="121.44353"/>
    <trkpt lat="25.17042" lon="121.44363"/>
    <trkpt lat="25.1704" lon="121.44372"/>
    <trkpt lat="25.17036" lon="121.44381"/>
    <trkpt lat="25.1703" lon="121.4439"/>
    <trkpt lat="25.17022" lon="121.44399"/>
    <trkpt lat="25.17015" lon="121.44405"/>
    <trkpt lat="25.17011" lon="121.44408"/>
    <trkpt lat="25.17006" lon="121.4441"/>
    <trkpt lat="25.16951" lon="121.44433"/>
    <trkpt lat="25.16935" lon="121.44441"/>
    <trkpt lat="25.16923" lon="121.44433"/>
    <trkpt lat="25.16921" lon="121.44431"/>
    <trkpt lat="25.16919" lon="121.44429"/>
    <trkpt lat="25.16917" lon="121.44423"/>
    <trkpt lat="25.16915" lon="121.44411"/>
    <trkpt lat="25.16878" lon="121.44405"/>
    <trkpt lat="25.16871" lon="121.44414"/>
    <trkpt lat="25.16869" lon="121.44412"/>
    <trkpt lat="25.16863" lon="121.44406"/>
    <trkpt lat="25.16861" lon="121.44406"/>
    <trkpt lat="25.16859" lon="121.44407"/>
    <trkpt lat="25.16854" lon="121.44411"/>
    <trkpt lat="25.16849" lon="121.44415"/>
    <trkpt lat="25.16843" lon="121.44418"/>
    <trkpt lat="25.16838" lon="121.44421"/>
    <trkpt lat="25.16836" lon="121.44422"/>
    <trkpt lat="25.16833" lon="121.44424"/>
    <trkpt lat="25.16829" lon="121.44432"/>
    <trkpt lat="25.16816" lon="121.44421"/>
    <trkpt lat="25.16796" lon="121.44404"/>
    <trkpt lat="25.16799" lon="121.444"/>
    <trkpt lat="25.168" lon="121.44397"/>
    <trkpt lat="25.168" lon="121.44394"/>
    <trkpt lat="25.168" lon="121.44393"/>
    <trkpt lat="25.16799" lon="121.44392"/>
    <trkpt lat="25.16799" lon="121.44391"/>
    <trkpt lat="25.16798" lon="121.4439"/>
    <trkpt lat="25.1679" lon="121.4438"/>
    <trkpt lat="25.16785" lon="121.44375"/>
    <trkpt lat="25.16803" lon="121.44352"/>
    <trkpt lat="25.16814" lon="121.44338"/>
    <trkpt lat="25.16817" lon="121.44335"/>
    <trkpt lat="25.16817" lon="121.44334"/>
    <trkpt lat="25.16825" lon="121.44323"/>
    <trkpt lat="25.16837" lon="121.44305"/>
    <trkpt lat="25.16841" lon="121.44298"/>
    <trkpt lat="25.16846" lon="121.4429"/>
    <trkpt lat="25.16871" lon="121.44251"/>
    <trkpt lat="25.16875" lon="121.44244"/>
    <trkpt lat="25.16883" lon="121.44225"/>
    <trkpt lat="25.16884" lon="121.44222"/>
    <trkpt lat="25.16891" lon="121.44201"/>
    <trkpt lat="25.16894" lon="121.4419"/>
    <trkpt lat="25.16897" lon="121.44179"/>
    <trkpt lat="25.16899" lon="121.44168"/>
    <trkpt lat="25.16905" lon="121.44131"/>
    <trkpt lat="25.16906" lon="121.4412"/>
    <trkpt lat="25.16907" lon="121.44118"/>
    <trkpt lat="25.1692" lon="121.44068"/>
    <trkpt lat="25.16921" lon="121.44063"/>
    <trkpt lat="25.16924" lon="121.44054"/>
    <trkpt lat="25.16927" lon="121.44044"/>
    <trkpt lat="25.16933" lon="121.44031"/>
    <trkpt lat="25.16942" lon="121.44008"/>
    <trkpt lat="25.16953" lon="121.43982"/>
    <trkpt lat="25.16953" lon="121.43981"/>
    <trkpt lat="25.16957" lon="121.43972"/>
    <trkpt lat="25.16961" lon="121.43963"/>
    <trkpt lat="25.16965" lon="121.43954"/>
    <trkpt lat="25.16973" lon="121.43936"/>
    <trkpt lat="25.16976" lon="121.43927"/>
    <trkpt lat="25.1698" lon="121.43918"/>
    <trkpt lat="25.16986" lon="121.43903"/>
    <trkpt lat="25.1699" lon="121.43895"/>
    <trkpt lat="25.16997" lon="121.43886"/>
    <trkpt lat="25.16999" lon="121.43882"/>
    <trkpt lat="25.17002" lon="121.43879"/>
    <trkpt lat="25.17006" lon="121.43875"/>
    <trkpt lat="25.17013" lon="121.43868"/>
    <trkpt lat="25.17017" lon="121.43864"/>
    <trkpt lat="25.17018" lon="121.43863"/>
    <trkpt lat="25.1702" lon="121.43861"/>
    <trkpt lat="25.17022" lon="121.4386"/>
    <trkpt lat="25.17024" lon="121.43859"/>
    <trkpt lat="25.17025" lon="121.43858"/>
    <trkpt lat="25.17043" lon="121.43832"/>
    <trkpt lat="25.17044" lon="121.43831"/>
    <trkpt lat="25.17054" lon="121.43816"/>
    <trkpt lat="25.17086" lon="121.43768"/>
    <trkpt lat="25.17092" lon="121.43758"/>
    <trkpt lat="25.17109" lon="121.43733"/>
    <trkpt lat="25.1711" lon="121.43732"/>
    <trkpt lat="25.17111" lon="121.43731"/>
    <trkpt lat="25.17112" lon="121.43731"/>
    <trkpt lat="25.17113" lon="121.43731"/>
    <trkpt lat="25.17114" lon="121.4373"/>
    <trkpt lat="25.17115" lon="121.4373"/>
    <trkpt lat="25.17116" lon="121.4373"/>
    <trkpt lat="25.17117" lon="121.43729"/>
    <trkpt lat="25.17117" lon="121.43728"/>
    <trkpt lat="25.17119" lon="121.43725"/>
    <trkpt lat="25.17128" lon="121.43715"/>
    <trkpt lat="25.17128" lon="121.43714"/>
    <trkpt lat="25.17129" lon="121.43714"/>
    <trkpt lat="25.1713" lon="121.43712"/>
    <trkpt lat="25.17135" lon="121.43707"/>
    <trkpt lat="25.17152" lon="121.43692"/>
    <trkpt lat="25.17153" lon="121.43691"/>
    <trkpt lat="25.17155" lon="121.43692"/>
    <trkpt lat="25.17158" lon="121.43695"/>
    <trkpt lat="25.17166" lon="121.43703"/>
    <trkpt lat="25.17168" lon="121.43705"/>
    <trkpt lat="25.17169" lon="121.43706"/>
    <trkpt lat="25.1717" lon="121.43706"/>
    <trkpt lat="25.17171" lon="121.43706"/>
    <trkpt lat="25.17173" lon="121.43707"/>
    <trkpt lat="25.17174" lon="121.43706"/>
    <trkpt lat="25.17176" lon="121.43705"/>
    <trkpt lat="25.17178" lon="121.43703"/>
    <trkpt lat="25.1718" lon="121.437"/>
    <trkpt lat="25.17182" lon="121.43697"/>
    <trkpt lat="25.17183" lon="121.43695"/>
    <trkpt lat="25.17182" lon="121.43693"/>
    <trkpt lat="25.1718" lon="121.4369"/>
    <trkpt lat="25.1717" lon="121.43679"/>
    <trkpt lat="25.17169" lon="121.43678"/>
    <trkpt lat="25.17169" lon="121.43677"/>
    <trkpt lat="25.17169" lon="121.43675"/>
    <trkpt lat="25.17171" lon="121.43673"/>
    <trkpt lat="25.17175" lon="121.43666"/>
    <trkpt lat="25.1719" lon="121.43646"/>
    <trkpt lat="25.17233" lon="121.43589"/>
    <trkpt lat="25.17246" lon="121.43562"/>
    <trkpt lat="25.17261" lon="121.43538"/>
    <trkpt lat="25.17263" lon="121.43537"/>
    <trkpt lat="25.17265" lon="121.43536"/>
    <trkpt lat="25.17266" lon="121.43536"/>
    <trkpt lat="25.17268" lon="121.43536"/>
    <trkpt lat="25.1727" lon="121.43537"/>
    <trkpt lat="25.17316" lon="121.43568"/>
    <trkpt lat="25.17354" lon="121.43503"/>
    <trkpt lat="25.17381" lon="121.43457"/>
    <trkpt lat="25.17382" lon="121.43456"/>
    <trkpt lat="25.17382" lon="121.43455"/>
    <trkpt lat="25.17396" lon="121.43433"/>
    <trkpt lat="25.17414" lon="121.43398"/>
    <trkpt lat="25.17421" lon="121.43384"/>
    <trkpt lat="25.17426" lon="121.43373"/>
    <trkpt lat="25.17433" lon="121.43352"/>
    <trkpt lat="25.17436" lon="121.43346"/>
    <trkpt lat="25.1744" lon="121.43331"/>
    <trkpt lat="25.17452" lon="121.43287"/>
    <trkpt lat="25.17457" lon="121.43269"/>
    <trkpt lat="25.17458" lon="121.43262"/>
    <trkpt lat="25.17462" lon="121.43246"/>
    <trkpt lat="25.17467" lon="121.43228"/>
    <trkpt lat="25.17472" lon="121.43204"/>
    <trkpt lat="25.17473" lon="121.43197"/>
    <trkpt lat="25.17479" lon="121.43174"/>
    <trkpt lat="25.1748" lon="121.43168"/>
    <trkpt lat="25.17485" lon="121.43153"/>
    <trkpt lat="25.17497" lon="121.43124"/>
    <trkpt lat="25.17503" lon="121.43108"/>
    <trkpt lat="25.17509" lon="121.43097"/>
    <trkpt lat="25.17514" lon="121.43085"/>
    <trkpt lat="25.17517" lon="121.43077"/>
    <trkpt lat="25.17521" lon="121.43066"/>
    <trkpt lat="25.17522" lon="121.43061"/>
    <trkpt lat="25.17522" lon="121.4306"/>
    <trkpt lat="25.17524" lon="121.43053"/>
    <trkpt lat="25.17525" lon="121.43043"/>
    <trkpt lat="25.17526" lon="121.43038"/>
    <trkpt lat="25.17526" lon="121.43026"/>
    <trkpt lat="25.17526" lon="121.43012"/>
    <trkpt lat="25.17525" lon="121.43001"/>
    <trkpt lat="25.17524" lon="121.42988"/>
    <trkpt lat="25.17522" lon="121.42968"/>
    <trkpt lat="25.17523" lon="121.42949"/>
    <trkpt lat="25.17523" lon="121.42942"/>
    <trkpt lat="25.17524" lon="121.42933"/>
    <trkpt lat="25.17525" lon="121.42922"/>
    <trkpt lat="25.17527" lon="121.4291"/>
    <trkpt lat="25.17528" lon="121.42901"/>
    <trkpt lat="25.17532" lon="121.42884"/>
    <trkpt lat="25.1754" lon="121.42858"/>
    <trkpt lat="25.17549" lon="121.42827"/>
    <trkpt lat="25.17552" lon="121.42816"/>
    <trkpt lat="25.17564" lon="121.42771"/>
    <trkpt lat="25.17569" lon="121.42752"/>
    <trkpt lat="25.17573" lon="121.42741"/>
    <trkpt lat="25.17575" lon="121.42733"/>
    <trkpt lat="25.17583" lon="121.42708"/>
    <trkpt lat="25.17591" lon="121.42689"/>
    <trkpt lat="25.17604" lon="121.4266"/>
    <trkpt lat="25.17638" lon="121.42604"/>
    <trkpt lat="25.17656" lon="121.42579"/>
    <trkpt lat="25.1766" lon="121.42572"/>
    <trkpt lat="25.1768" lon="121.42544"/>
    <trkpt lat="25.1769" lon="121.42528"/>
    <trkpt lat="25.17691" lon="121.42527"/>
    <trkpt lat="25.17693" lon="121.42524"/>
    <trkpt lat="25.17706" lon="121.42505"/>
    <trkpt lat="25.17708" lon="121.425"/>
    <trkpt lat="25.17709" lon="121.42499"/>
    <trkpt lat="25.1771" lon="121.42497"/>
    <trkpt lat="25.1771" lon="121.42496"/>
    <trkpt lat="25.1771" lon="121.42492"/>
    <trkpt lat="25.1771" lon="121.42491"/>
    <trkpt lat="25.17711" lon="121.4249"/>
    <trkpt lat="25.17712" lon="121.42488"/>
    <trkpt lat="25.17713" lon="121.42485"/>
    <trkpt lat="25.17727" lon="121.42464"/>
    <trkpt lat="25.1777" lon="121.42398"/>
    <trkpt lat="25.17813" lon="121.42334"/>
    <trkpt lat="25.17814" lon="121.42332"/>
    <trkpt lat="25.17834" lon="121.42301"/>
    <trkpt lat="25.17835" lon="121.42299"/>
    <trkpt lat="25.17866" lon="121.42253"/>
    <trkpt lat="25.1791" lon="121.42186"/>
    <trkpt lat="25.17918" lon="121.42175"/>
    <trkpt lat="25.17924" lon="121.42186"/>
    <trkpt lat="25.17928" lon="121.42194"/>
    <trkpt lat="25.17985" lon="121.42104"/>
    <trkpt lat="25.17993" lon="121.42097"/>
    <trkpt lat="25.1801" lon="121.42085"/>
    <trkpt lat="25.1806" lon="121.42056"/>
    <trkpt lat="25.18073" lon="121.42048"/>
    <trkpt lat="25.18082" lon="121.42042"/>
    <trkpt lat="25.18076" lon="121.42033"/>
    <trkpt lat="25.18072" lon="121.42028"/>
    <trkpt lat="25.18074" lon="121.42024"/>
    <trkpt lat="25.18074" lon="121.42021"/>
    <trkpt lat="25.18075" lon="121.42019"/>
    <trkpt lat="25.18074" lon="121.42017"/>
    <trkpt lat="25.18074" lon="121.42015"/>
    <trkpt lat="25.18072" lon="121.42013"/>
    <trkpt lat="25.18069" lon="121.42009"/>
    <trkpt lat="25.18057" lon="121.41995"/>
    <trkpt lat="25.18031" lon="121.41968"/>
    <trkpt lat="25.18003" lon="121.41943"/>
    <trkpt lat="25.17975" lon="121.41918"/>
    <trkpt lat="25.17974" lon="121.41916"/>
    <trkpt lat="25.17946" lon="121.41893"/>
    <trkpt lat="25.17928" lon="121.41879"/>
    <trkpt lat="25.1791" lon="121.41864"/>
    <trkpt lat="25.17901" lon="121.41857"/>
    <trkpt lat="25.17844" lon="121.41833"/>
    <trkpt lat="25.17837" lon="121.4183"/>
    <trkpt lat="25.17826" lon="121.41827"/>
    <trkpt lat="25.1775" lon="121.41804"/>
    <trkpt lat="25.17664" lon="121.4178"/>
    <trkpt lat="25.17624" lon="121.41768"/>
    <trkpt lat="25.17579" lon="121.41757"/>
    <trkpt lat="25.17519" lon="121.41749"/>
    <trkpt lat="25.17455" lon="121.41733"/>
    <trkpt lat="25.17402" lon="121.4172"/>
    <trkpt lat="25.17353" lon="121.41709"/>
    <trkpt lat="25.17312" lon="121.417"/>
    <trkpt lat="25.1724" lon="121.41682"/>
    <trkpt lat="25.17171" lon="121.41664"/>
    <trkpt lat="25.17118" lon="121.41651"/>
    <trkpt lat="25.17059" lon="121.41632"/>
    <trkpt lat="25.17032" lon="121.41623"/>
    <trkpt lat="25.17012" lon="121.41613"/>
    <trkpt lat="25.16989" lon="121.41602"/>
    <trkpt lat="25.1698" lon="121.41597"/>
    <trkpt lat="25.16954" lon="121.41581"/>
    <trkpt lat="25.16926" lon="121.41562"/>
    <trkpt lat="25.1691" lon="121.41541"/>
    <trkpt lat="25.16882" lon="121.41511"/>
    <trkpt lat="25.16875" lon="121.41503"/>
    <trkpt lat="25.16871" lon="121.415"/>
    <trkpt lat="25.1683" lon="121.41456"/>
    <trkpt lat="25.16826" lon="121.41451"/>
    <trkpt lat="25.16821" lon="121.41447"/>
    <trkpt lat="25.16799" lon="121.41424"/>
    <trkpt lat="25.16784" lon="121.41404"/>
    <trkpt lat="25.16756" lon="121.41367"/>
    <trkpt lat="25.16736" lon="121.41332"/>
    <trkpt lat="25.1668" lon="121.41255"/>
    <trkpt lat="25.16673" lon="121.41247"/>
    <trkpt lat="25.1662" lon="121.4118"/>
    <trkpt lat="25.16587" lon="121.4114"/>
    <trkpt lat="25.16581" lon="121.41138"/>
    <trkpt lat="25.16542" lon="121.41089"/>
    <trkpt lat="25.16539" lon="121.41093"/>
    <trkpt lat="25.16536" lon="121.41098"/>
    <trkpt lat="25.16533" lon="121.41101"/>
    <trkpt lat="25.16531" lon="121.41104"/>
    <trkpt lat="25.16527" lon="121.41107"/>
    <trkpt lat="25.16522" lon="121.41111"/>
    <trkpt lat="25.16515" lon="121.41117"/>
    <trkpt lat="25.16507" lon="121.41123"/>
    <trkpt lat="25.16498" lon="121.41129"/>
    <trkpt lat="25.16486" lon="121.41139"/>
    <trkpt lat="25.16352" lon="121.41241"/>
    <trkpt lat="25.16357" lon="121.41248"/>
    <trkpt lat="25.16351" lon="121.41251"/>
    <trkpt lat="25.16349" lon="121.41253"/>
    <trkpt lat="25.16348" lon="121.41253"/>
    <trkpt lat="25.16347" lon="121.41254"/>
    <trkpt lat="25.16347" lon="121.41255"/>
    <trkpt lat="25.16347" lon="121.41257"/>
    <trkpt lat="25.16346" lon="121.4126"/>
    <trkpt lat="25.16346" lon="121.41281"/>
    <trkpt lat="25.16347" lon="121.41301"/>
    <trkpt lat="25.16347" lon="121.41363"/>
    <trkpt lat="25.16349" lon="121.41402"/>
    <trkpt lat="25.16349" lon="121.41452"/>
    <trkpt lat="25.16349" lon="121.41453"/>
    <trkpt lat="25.1635" lon="121.41454"/>
    <trkpt lat="25.16351" lon="121.4149"/>
    <trkpt lat="25.16351" lon="121.41492"/>
    <trkpt lat="25.16358" lon="121.41501"/>
    <trkpt lat="25.1638" lon="121.41532"/>
    <trkpt lat="25.16391" lon="121.41547"/>
    <trkpt lat="25.16405" lon="121.41566"/>
    <trkpt lat="25.16407" lon="121.41568"/>
    <trkpt lat="25.16409" lon="121.41569"/>
    <trkpt lat="25.1641" lon="121.4157"/>
    <trkpt lat="25.16414" lon="121.41572"/>
    <trkpt lat="25.16416" lon="121.41573"/>
    <trkpt lat="25.16417" lon="121.41574"/>
    <trkpt lat="25.16427" lon="121.4159"/>
    <trkpt lat="25.16431" lon="121.41595"/>
    <trkpt lat="25.16414" lon="121.41601"/>
    <trkpt lat="25.16379" lon="121.41613"/>
    <trkpt lat="25.16366" lon="121.41618"/>
    <trkpt lat="25.16362" lon="121.4162"/>
    <trkpt lat="25.16352" lon="121.41624"/>
    <trkpt lat="25.16349" lon="121.41626"/>
    <trkpt lat="25.16348" lon="121.41628"/>
    <trkpt lat="25.16347" lon="121.41629"/>
    <trkpt lat="25.16347" lon="121.41631"/>
    <trkpt lat="25.16346" lon="121.41633"/>
    <trkpt lat="25.16346" lon="121.41635"/>
    <trkpt lat="25.16346" lon="121.41637"/>
    <trkpt lat="25.16345" lon="121.41638"/>
    <trkpt lat="25.16345" lon="121.41639"/>
    <trkpt lat="25.16343" lon="121.41639"/>
    <trkpt lat="25.16342" lon="121.4164"/>
    <trkpt lat="25.16338" lon="121.41641"/>
    <trkpt lat="25.16338" lon="121.41642"/>
    <trkpt lat="25.16336" lon="121.41643"/>
    <trkpt lat="25.1633" lon="121.41652"/>
    <trkpt lat="25.16325" lon="121.41658"/>
    <trkpt lat="25.16317" lon="121.41668"/>
    <trkpt lat="25.16305" lon="121.41691"/>
    <trkpt lat="25.163" lon="121.41701"/>
    <trkpt lat="25.16297" lon="121.41715"/>
    <trkpt lat="25.16296" lon="121.41719"/>
    <trkpt lat="25.16293" lon="121.41742"/>
    <trkpt lat="25.1629" lon="121.41804"/>
    <trkpt lat="25.16287" lon="121.41858"/>
    <trkpt lat="25.16286" lon="121.4186"/>
    <trkpt lat="25.16285" lon="121.41877"/>
    <trkpt lat="25.16282" lon="121.41897"/>
    <trkpt lat="25.16281" lon="121.41907"/>
    <trkpt lat="25.16276" lon="121.41973"/>
    <trkpt lat="25.16272" lon="121.42048"/>
    <trkpt lat="25.16273" lon="121.42073"/>
    <trkpt lat="25.16273" lon="121.42082"/>
    <trkpt lat="25.16273" lon="121.42087"/>
    <trkpt lat="25.16273" lon="121.42093"/>
    <trkpt lat="25.16273" lon="121.421"/>
    <trkpt lat="25.16273" lon="121.42105"/>
    <trkpt lat="25.16273" lon="121.42107"/>
    <trkpt lat="25.16273" lon="121.42109"/>
    <trkpt lat="25.16273" lon="121.42112"/>
    <trkpt lat="25.16273" lon="121.42115"/>
    <trkpt lat="25.16274" lon="121.42119"/>
    <trkpt lat="25.16274" lon="121.42121"/>
    <trkpt lat="25.16275" lon="121.42124"/>
    <trkpt lat="25.16277" lon="121.42129"/>
    <trkpt lat="25.16278" lon="121.42132"/>
    <trkpt lat="25.16279" lon="121.42134"/>
    <trkpt lat="25.16284" lon="121.42154"/>
    <trkpt lat="25.16291" lon="121.42183"/>
    <trkpt lat="25.16296" lon="121.42202"/>
    <trkpt lat="25.16305" lon="121.4224"/>
    <trkpt lat="25.16307" lon="121.42249"/>
    <trkpt lat="25.16309" lon="121.42259"/>
    <trkpt lat="25.16311" lon="121.42267"/>
    <trkpt lat="25.16311" lon="121.42271"/>
    <trkpt lat="25.16312" lon="121.42274"/>
    <trkpt lat="25.16312" lon="121.42276"/>
    <trkpt lat="25.16311" lon="121.42279"/>
    <trkpt lat="25.16304" lon="121.42338"/>
    <trkpt lat="25.16318" lon="121.42341"/>
    <trkpt lat="25.16336" lon="121.42346"/>
    <trkpt lat="25.16335" lon="121.42353"/>
    <trkpt lat="25.16336" lon="121.42357"/>
    <trkpt lat="25.16336" lon="121.42359"/>
    <trkpt lat="25.16337" lon="121.42361"/>
    <trkpt lat="25.1634" lon="121.42367"/>
    <trkpt lat="25.16345" lon="121.42373"/>
    <trkpt lat="25.16349" lon="121.4238"/>
    <trkpt lat="25.1635" lon="121.42381"/>
    <trkpt lat="25.16351" lon="121.42385"/>
    <trkpt lat="25.16353" lon="121.4239"/>
    <trkpt lat="25.16353" lon="121.42393"/>
    <trkpt lat="25.16352" lon="121.42397"/>
    <trkpt lat="25.16352" lon="121.424"/>
    <trkpt lat="25.16351" lon="121.42402"/>
    <trkpt lat="25.16349" lon="121.42404"/>
    <trkpt lat="25.1634" lon="121.42414"/>
    <trkpt lat="25.1634" lon="121.42415"/>
    <trkpt lat="25.16328" lon="121.4243"/>
    <trkpt lat="25.1631" lon="121.4245"/>
    <trkpt lat="25.16306" lon="121.42456"/>
    <trkpt lat="25.16304" lon="121.4246"/>
    <trkpt lat="25.16295" lon="121.42491"/>
    <trkpt lat="25.16294" lon="121.42498"/>
    <trkpt lat="25.16292" lon="121.42511"/>
    <trkpt lat="25.16291" lon="121.42518"/>
    <trkpt lat="25.16291" lon="121.42524"/>
    <trkpt lat="25.1629" lon="121.4253"/>
    <trkpt lat="25.16289" lon="121.42536"/>
    <trkpt lat="25.16288" lon="121.4254"/>
    <trkpt lat="25.16288" lon="121.42541"/>
    <trkpt lat="25.16287" lon="121.42541"/>
    <trkpt lat="25.16287" lon="121.42542"/>
    <trkpt lat="25.16286" lon="121.42542"/>
    <trkpt lat="25.16285" lon="121.42542"/>
    <trkpt lat="25.16284" lon="121.42543"/>
    <trkpt lat="25.16273" lon="121.42549"/>
    <trkpt lat="25.1627" lon="121.4255"/>
    <trkpt lat="25.16268" lon="121.42552"/>
    <trkpt lat="25.16267" lon="121.42554"/>
    <trkpt lat="25.16266" lon="121.42556"/>
    <trkpt lat="25.16265" lon="121.42562"/>
    <trkpt lat="25.16265" lon="121.42565"/>
    <trkpt lat="25.16264" lon="121.42568"/>
    <trkpt lat="25.16264" lon="121.42571"/>
    <trkpt lat="25.16263" lon="121.42578"/>
    <trkpt lat="25.16262" lon="121.42582"/>
    <trkpt lat="25.1626" lon="121.42596"/>
    <trkpt lat="25.16258" lon="121.42602"/>
    <trkpt lat="25.16253" lon="121.42615"/>
    <trkpt lat="25.16252" lon="121.42617"/>
    <trkpt lat="25.16247" lon="121.42629"/>
    <trkpt lat="25.16244" lon="121.42634"/>
    <trkpt lat="25.16237" lon="121.42647"/>
    <trkpt lat="25.16227" lon="121.42661"/>
    <trkpt lat="25.1622" lon="121.42668"/>
    <trkpt lat="25.16207" lon="121.42676"/>
    <trkpt lat="25.16207" lon="121.42677"/>
    <trkpt lat="25.16204" lon="121.42679"/>
    <trkpt lat="25.16203" lon="121.4268"/>
    <trkpt lat="25.16202" lon="121.42681"/>
    <trkpt lat="25.16201" lon="121.42682"/>
    <trkpt lat="25.162" lon="121.42683"/>
    <trkpt lat="25.162" lon="121.42685"/>
    <trkpt lat="25.16199" lon="121.42687"/>
    <trkpt lat="25.16196" lon="121.42712"/>
    <trkpt lat="25.16195" lon="121.42716"/>
    <trkpt lat="25.16193" lon="121.42732"/>
    <trkpt lat="25.1619" lon="121.42756"/>
    <trkpt lat="25.16189" lon="121.42766"/>
    <trkpt lat="25.16189" lon="121.42772"/>
    <trkpt lat="25.16187" lon="121.42791"/>
    <trkpt lat="25.16186" lon="121.42795"/>
    <trkpt lat="25.16185" lon="121.42811"/>
    <trkpt lat="25.16183" lon="121.42824"/>
    <trkpt lat="25.16183" lon="121.42831"/>
    <trkpt lat="25.16183" lon="121.42832"/>
    <trkpt lat="25.1618" lon="121.42849"/>
    <trkpt lat="25.16179" lon="121.42859"/>
    <trkpt lat="25.16177" lon="121.42865"/>
    <trkpt lat="25.16173" lon="121.42874"/>
    <trkpt lat="25.16168" lon="121.42883"/>
    <trkpt lat="25.1615" lon="121.42918"/>
    <trkpt lat="25.16148" lon="121.42921"/>
    <trkpt lat="25.1614" lon="121.42939"/>
    <trkpt lat="25.16125" lon="121.42969"/>
    <trkpt lat="25.16124" lon="121.42971"/>
    <trkpt lat="25.16123" lon="121.42972"/>
    <trkpt lat="25.16122" lon="121.42973"/>
    <trkpt lat="25.16121" lon="121.42973"/>
    <trkpt lat="25.16119" lon="121.42974"/>
    <trkpt lat="25.16118" lon="121.42974"/>
    <trkpt lat="25.16114" lon="121.42975"/>
    <trkpt lat="25.16112" lon="121.42976"/>
    <trkpt lat="25.1611" lon="121.42976"/>
    <trkpt lat="25.16109" lon="121.42977"/>
    <trkpt lat="25.16109" lon="121.42979"/>
    <trkpt lat="25.16108" lon="121.42979"/>
    <trkpt lat="25.16108" lon="121.42982"/>
    <trkpt lat="25.16108" lon="121.42983"/>
    <trkpt lat="25.16109" lon="121.42985"/>
    <trkpt lat="25.1611" lon="121.42987"/>
    <trkpt lat="25.16118" lon="121.42997"/>
    <trkpt lat="25.16121" lon="121.43001"/>
    <trkpt lat="25.16125" lon="121.43009"/>
    <trkpt lat="25.16127" lon="121.43013"/>
    <trkpt lat="25.16128" lon="121.43017"/>
    <trkpt lat="25.16129" lon="121.43023"/>
    <trkpt lat="25.16129" lon="121.43032"/>
    <trkpt lat="25.16127" lon="121.43039"/>
    <trkpt lat="25.16123" lon="121.43053"/>
    <trkpt lat="25.16123" lon="121.43054"/>
    <trkpt lat="25.1611" lon="121.43099"/>
    <trkpt lat="25.16104" lon="121.43121"/>
    <trkpt lat="25.16101" lon="121.43129"/>
    <trkpt lat="25.161" lon="121.43134"/>
    <trkpt lat="25.16097" lon="121.4314"/>
    <trkpt lat="25.16096" lon="121.43141"/>
    <trkpt lat="25.16093" lon="121.43146"/>
    <trkpt lat="25.1609" lon="121.4315"/>
    <trkpt lat="25.16088" lon="121.43154"/>
    <trkpt lat="25.16087" lon="121.43155"/>
    <trkpt lat="25.16086" lon="121.43158"/>
    <trkpt lat="25.16079" lon="121.43203"/>
    <trkpt lat="25.16077" lon="121.43214"/>
    <trkpt lat="25.16074" lon="121.43241"/>
    <trkpt lat="25.16073" lon="121.43242"/>
    <trkpt lat="25.16072" lon="121.4325"/>
    <trkpt lat="25.16072" lon="121.43253"/>
    <trkpt lat="25.16071" lon="121.43255"/>
    <trkpt lat="25.16071" lon="121.43256"/>
    <trkpt lat="25.1607" lon="121.43257"/>
    <trkpt lat="25.16069" lon="121.43259"/>
    <trkpt lat="25.16067" lon="121.43261"/>
    <trkpt lat="25.16066" lon="121.43263"/>
    <trkpt lat="25.16056" lon="121.43273"/>
    <trkpt lat="25.16054" lon="121.43276"/>
    <trkpt lat="25.1605" lon="121.43287"/>
    <trkpt lat="25.16045" lon="121.43306"/>
    <trkpt lat="25.16043" lon="121.43309"/>
    <trkpt lat="25.16041" lon="121.43314"/>
    <trkpt lat="25.16033" lon="121.43329"/>
    <trkpt lat="25.16027" lon="121.43338"/>
    <trkpt lat="25.16027" lon="121.43339"/>
    <trkpt lat="25.16024" lon="121.43344"/>
    <trkpt lat="25.1602" lon="121.43347"/>
    <trkpt lat="25.16017" lon="121.4335"/>
    <trkpt lat="25.15998" lon="121.43364"/>
    <trkpt lat="25.15997" lon="121.43365"/>
    <trkpt lat="25.15996" lon="121.43366"/>
    <trkpt lat="25.15995" lon="121.43367"/>
    <trkpt lat="25.15995" lon="121.43369"/>
    <trkpt lat="25.15994" lon="121.43371"/>
    <trkpt lat="25.15993" lon="121.43375"/>
    <trkpt lat="25.15993" lon="121.43378"/>
    <trkpt lat="25.15992" lon="121.43379"/>
    <trkpt lat="25.15992" lon="121.4338"/>
    <trkpt lat="25.15991" lon="121.43381"/>
    <trkpt lat="25.1599" lon="121.43382"/>
    <trkpt lat="25.15974" lon="121.43396"/>
    <trkpt lat="25.1597" lon="121.43401"/>
    <trkpt lat="25.15969" lon="121.43403"/>
    <trkpt lat="25.15968" lon="121.43405"/>
    <trkpt lat="25.15967" lon="121.43407"/>
    <trkpt lat="25.15966" lon="121.4341"/>
    <trkpt lat="25.15965" lon="121.43416"/>
    <trkpt lat="25.15964" lon="121.43422"/>
    <trkpt lat="25.15963" lon="121.43426"/>
    <trkpt lat="25.15963" lon="121.43428"/>
    <trkpt lat="25.15962" lon="121.43429"/>
    <trkpt lat="25.15962" lon="121.4343"/>
    <trkpt lat="25.15962" lon="121.43431"/>
    <trkpt lat="25.15961" lon="121.43432"/>
    <trkpt lat="25.15959" lon="121.43434"/>
    <trkpt lat="25.15944" lon="121.43447"/>
    <trkpt lat="25.15902" lon="121.43499"/>
    <trkpt lat="25.15882" lon="121.43519"/>
    <trkpt lat="25.15861" lon="121.43489"/>
    <trkpt lat="25.15844" lon="121.43471"/>
    <trkpt lat="25.15861" lon="121.43489"/>
    <trkpt lat="25.15882" lon="121.43519"/>
    <trkpt lat="25.1587" lon="121.4353"/>
    <trkpt lat="25.15853" lon="121.43542"/>
    <trkpt lat="25.15843" lon="121.43549"/>
    <trkpt lat="25.15829" lon="121.43561"/>
    <trkpt lat="25.15824" lon="121.43565"/>
    <trkpt lat="25.158" lon="121.43585"/>
    <trkpt lat="25.15782" lon="121.43602"/>
    <trkpt lat="25.15771" lon="121.43607"/>
    <trkpt lat="25.15761" lon="121.43612"/>
    <trkpt lat="25.15755" lon="121.43617"/>
    <trkpt lat="25.15746" lon="121.43625"/>
    <trkpt lat="25.15741" lon="121.4363"/>
    <trkpt lat="25.15728" lon="121.43642"/>
    <trkpt lat="25.15717" lon="121.43658"/>
    <trkpt lat="25.15708" lon="121.4367"/>
    <trkpt lat="25.15706" lon="121.43674"/>
    <trkpt lat="25.15695" lon="121.4369"/>
    <trkpt lat="25.1568" lon="121.43713"/>
    <trkpt lat="25.15674" lon="121.43722"/>
    <trkpt lat="25.15665" lon="121.43739"/>
    <trkpt lat="25.15663" lon="121.43742"/>
    <trkpt lat="25.15654" lon="121.43755"/>
    <trkpt lat="25.15631" lon="121.43786"/>
    <trkpt lat="25.15624" lon="121.43795"/>
    <trkpt lat="25.15623" lon="121.43797"/>
    <trkpt lat="25.1562" lon="121.43802"/>
    <trkpt lat="25.15619" lon="121.43806"/>
    <trkpt lat="25.15618" lon="121.43809"/>
    <trkpt lat="25.15617" lon="121.43811"/>
    <trkpt lat="25.15615" lon="121.43817"/>
    <trkpt lat="25.15608" lon="121.43821"/>
    <trkpt lat="25.15604" lon="121.43824"/>
    <trkpt lat="25.15601" lon="121.43827"/>
    <trkpt lat="25.15591" lon="121.43841"/>
    <trkpt lat="25.15581" lon="121.43856"/>
    <trkpt lat="25.15567" lon="121.43873"/>
    <trkpt lat="25.15552" lon="121.43889"/>
    <trkpt lat="25.15532" lon="121.4391"/>
    <trkpt lat="25.15528" lon="121.43914"/>
    <trkpt lat="25.15518" lon="121.43926"/>
    <trkpt lat="25.15511" lon="121.43935"/>
    <trkpt lat="25.15508" lon="121.43939"/>
    <trkpt lat="25.15507" lon="121.43941"/>
    <trkpt lat="25.15506" lon="121.43942"/>
    <trkpt lat="25.15505" lon="121.43944"/>
    <trkpt lat="25.15505" lon="121.43945"/>
    <trkpt lat="25.15505" lon="121.43947"/>
    <trkpt lat="25.15505" lon="121.43949"/>
    <trkpt lat="25.15505" lon="121.43951"/>
    <trkpt lat="25.15504" lon="121.43953"/>
    <trkpt lat="25.15504" lon="121.43954"/>
    <trkpt lat="25.15503" lon="121.43955"/>
    <trkpt lat="25.15502" lon="121.43957"/>
    <trkpt lat="25.15502" lon="121.43958"/>
    <trkpt lat="25.15501" lon="121.43958"/>
    <trkpt lat="25.15499" lon="121.43959"/>
    <trkpt lat="25.15498" lon="121.4396"/>
    <trkpt lat="25.15497" lon="121.4396"/>
    <trkpt lat="25.15495" lon="121.4396"/>
    <trkpt lat="25.15493" lon="121.43961"/>
    <trkpt lat="25.15492" lon="121.43961"/>
    <trkpt lat="25.15491" lon="121.43962"/>
    <trkpt lat="25.1549" lon="121.43962"/>
    <trkpt lat="25.15489" lon="121.43963"/>
    <trkpt lat="25.15488" lon="121.43965"/>
    <trkpt lat="25.15479" lon="121.43978"/>
    <trkpt lat="25.15469" lon="121.43995"/>
    <trkpt lat="25.15468" lon="121.43997"/>
    <trkpt lat="25.15467" lon="121.44001"/>
    <trkpt lat="25.15465" lon="121.44007"/>
    <trkpt lat="25.15463" lon="121.44013"/>
    <trkpt lat="25.15461" lon="121.44018"/>
    <trkpt lat="25.15458" lon="121.44024"/>
    <trkpt lat="25.15454" lon="121.44032"/>
    <trkpt lat="25.15451" lon="121.4404"/>
    <trkpt lat="25.15448" lon="121.44044"/>
    <trkpt lat="25.15446" lon="121.44048"/>
    <trkpt lat="25.15443" lon="121.44057"/>
    <trkpt lat="25.15437" lon="121.44065"/>
    <trkpt lat="25.15432" lon="121.4407"/>
    <trkpt lat="25.15426" lon="121.44077"/>
    <trkpt lat="25.15419" lon="121.4408"/>
    <trkpt lat="25.15414" lon="121.44081"/>
    <trkpt lat="25.15403" lon="121.44083"/>
    <trkpt lat="25.15402" lon="121.44083"/>
    <trkpt lat="25.15399" lon="121.44082"/>
    <trkpt lat="25.15397" lon="121.44082"/>
    <trkpt lat="25.15394" lon="121.44082"/>
    <trkpt lat="25.15392" lon="121.44082"/>
    <trkpt lat="25.1539" lon="121.44082"/>
    <trkpt lat="25.15387" lon="121.44083"/>
    <trkpt lat="25.15386" lon="121.44084"/>
    <trkpt lat="25.15385" lon="121.44084"/>
    <trkpt lat="25.15384" lon="121.44085"/>
    <trkpt lat="25.15382" lon="121.44087"/>
    <trkpt lat="25.15379" lon="121.44092"/>
    <trkpt lat="25.15376" lon="121.441"/>
    <trkpt lat="25.15374" lon="121.44103"/>
    <trkpt lat="25.15372" lon="121.44108"/>
    <trkpt lat="25.1537" lon="121.44111"/>
    <trkpt lat="25.15368" lon="121.44113"/>
    <trkpt lat="25.1536" lon="121.44119"/>
    <trkpt lat="25.15346" lon="121.44131"/>
    <trkpt lat="25.15337" lon="121.4414"/>
    <trkpt lat="25.15329" lon="121.44144"/>
    <trkpt lat="25.15321" lon="121.44148"/>
    <trkpt lat="25.15312" lon="121.44151"/>
    <trkpt lat="25.15305" lon="121.44154"/>
    <trkpt lat="25.153" lon="121.44156"/>
    <trkpt lat="25.15295" lon="121.4416"/>
    <trkpt lat="25.1529" lon="121.44164"/>
    <trkpt lat="25.15282" lon="121.44173"/>
    <trkpt lat="25.15277" lon="121.44179"/>
    <trkpt lat="25.15276" lon="121.4418"/>
    <trkpt lat="25.15274" lon="121.44182"/>
    <trkpt lat="25.15269" lon="121.44184"/>
    <trkpt lat="25.1526" lon="121.44186"/>
    <trkpt lat="25.15245" lon="121.44192"/>
    <trkpt lat="25.15236" lon="121.44198"/>
    <trkpt lat="25.15233" lon="121.442"/>
    <trkpt lat="25.1523" lon="121.44202"/>
    <trkpt lat="25.15228" lon="121.44205"/>
    <trkpt lat="25.15221" lon="121.44217"/>
    <trkpt lat="25.15218" lon="121.44223"/>
    <trkpt lat="25.15216" lon="121.44224"/>
    <trkpt lat="25.15214" lon="121.44227"/>
    <trkpt lat="25.1521" lon="121.44231"/>
    <trkpt lat="25.15207" lon="121.44233"/>
    <trkpt lat="25.15196" lon="121.44242"/>
    <trkpt lat="25.1519" lon="121.44246"/>
    <trkpt lat="25.15183" lon="121.44251"/>
    <trkpt lat="25.15161" lon="121.44262"/>
    <trkpt lat="25.15154" lon="121.44265"/>
    <trkpt lat="25.1515" lon="121.44268"/>
    <trkpt lat="25.15146" lon="121.44271"/>
    <trkpt lat="25.15142" lon="121.44274"/>
    <trkpt lat="25.15136" lon="121.4428"/>
    <trkpt lat="25.15123" lon="121.44292"/>
    <trkpt lat="25.1512" lon="121.44294"/>
    <trkpt lat="25.15118" lon="121.44296"/>
    <trkpt lat="25.15117" lon="121.44297"/>
    <trkpt lat="25.15116" lon="121.44297"/>
    <trkpt lat="25.15115" lon="121.44297"/>
    <trkpt lat="25.15114" lon="121.44298"/>
    <trkpt lat="25.15112" lon="121.44298"/>
    <trkpt lat="25.15111" lon="121.44298"/>
    <trkpt lat="25.1511" lon="121.44298"/>
    <trkpt lat="25.15109" lon="121.44298"/>
    <trkpt lat="25.15108" lon="121.44298"/>
    <trkpt lat="25.15107" lon="121.44298"/>
    <trkpt lat="25.15106" lon="121.44299"/>
    <trkpt lat="25.15105" lon="121.44299"/>
    <trkpt lat="25.15104" lon="121.443"/>
    <trkpt lat="25.15095" lon="121.44307"/>
    <trkpt lat="25.15082" lon="121.44318"/>
    <trkpt lat="25.15056" lon="121.4434"/>
    <trkpt lat="25.15051" lon="121.44343"/>
    <trkpt lat="25.15049" lon="121.44344"/>
    <trkpt lat="25.15048" lon="121.44345"/>
    <trkpt lat="25.15044" lon="121.44345"/>
    <trkpt lat="25.15042" lon="121.44346"/>
    <trkpt lat="25.1504" lon="121.44347"/>
    <trkpt lat="25.15039" lon="121.44348"/>
    <trkpt lat="25.15038" lon="121.44349"/>
    <trkpt lat="25.15037" lon="121.4435"/>
    <trkpt lat="25.15035" lon="121.44353"/>
    <trkpt lat="25.15031" lon="121.4436"/>
    <trkpt lat="25.15029" lon="121.44363"/>
    <trkpt lat="25.15029" lon="121.44364"/>
    <trkpt lat="25.15028" lon="121.44365"/>
    <trkpt lat="25.15026" lon="121.44366"/>
    <trkpt lat="25.15025" lon="121.44367"/>
    <trkpt lat="25.15018" lon="121.4437"/>
    <trkpt lat="25.15013" lon="121.44372"/>
    <trkpt lat="25.1501" lon="121.44374"/>
    <trkpt lat="25.14998" lon="121.44383"/>
    <trkpt lat="25.14993" lon="121.44387"/>
    <trkpt lat="25.14983" lon="121.44394"/>
    <trkpt lat="25.14974" lon="121.44401"/>
    <trkpt lat="25.14968" lon="121.44405"/>
    <trkpt lat="25.14967" lon="121.44406"/>
    <trkpt lat="25.1495" lon="121.44423"/>
    <trkpt lat="25.14936" lon="121.44434"/>
    <trkpt lat="25.14926" lon="121.44441"/>
    <trkpt lat="25.14911" lon="121.44452"/>
    <trkpt lat="25.14906" lon="121.44456"/>
    <trkpt lat="25.14901" lon="121.4446"/>
    <trkpt lat="25.14898" lon="121.44461"/>
    <trkpt lat="25.14895" lon="121.44462"/>
    <trkpt lat="25.14892" lon="121.44461"/>
    <trkpt lat="25.14889" lon="121.4446"/>
    <trkpt lat="25.14887" lon="121.44461"/>
    <trkpt lat="25.14885" lon="121.44462"/>
    <trkpt lat="25.14882" lon="121.44463"/>
    <trkpt lat="25.1488" lon="121.44465"/>
    <trkpt lat="25.14877" lon="121.44468"/>
    <trkpt lat="25.14874" lon="121.44471"/>
    <trkpt lat="25.14871" lon="121.44473"/>
    <trkpt lat="25.14866" lon="121.44476"/>
    <trkpt lat="25.1483" lon="121.44496"/>
    <trkpt lat="25.14824" lon="121.445"/>
    <trkpt lat="25.14822" lon="121.44501"/>
    <trkpt lat="25.1482" lon="121.44503"/>
    <trkpt lat="25.14817" lon="121.44506"/>
    <trkpt lat="25.14814" lon="121.44511"/>
    <trkpt lat="25.14813" lon="121.44514"/>
    <trkpt lat="25.14813" lon="121.44518"/>
    <trkpt lat="25.14812" lon="121.4452"/>
    <trkpt lat="25.14812" lon="121.44522"/>
    <trkpt lat="25.14812" lon="121.44524"/>
    <trkpt lat="25.14811" lon="121.44526"/>
    <trkpt lat="25.14811" lon="121.44527"/>
    <trkpt lat="25.1481" lon="121.44528"/>
    <trkpt lat="25.14803" lon="121.44537"/>
    <trkpt lat="25.14798" lon="121.44543"/>
    <trkpt lat="25.14793" lon="121.4455"/>
    <trkpt lat="25.14791" lon="121.44552"/>
    <trkpt lat="25.14784" lon="121.44559"/>
    <trkpt lat="25.14779" lon="121.44564"/>
    <trkpt lat="25.1477" lon="121.44572"/>
    <trkpt lat="25.14765" lon="121.44575"/>
    <trkpt lat="25.14761" lon="121.44578"/>
    <trkpt lat="25.14754" lon="121.44582"/>
    <trkpt lat="25.14749" lon="121.44584"/>
    <trkpt lat="25.14738" lon="121.4459"/>
    <trkpt lat="25.14727" lon="121.44597"/>
    <trkpt lat="25.14722" lon="121.44599"/>
    <trkpt lat="25.14715" lon="121.44603"/>
    <trkpt lat="25.14706" lon="121.44608"/>
    <trkpt lat="25.14697" lon="121.44613"/>
    <trkpt lat="25.14687" lon="121.44619"/>
    <trkpt lat="25.14682" lon="121.44622"/>
    <trkpt lat="25.14674" lon="121.44626"/>
    <trkpt lat="25.14665" lon="121.44629"/>
    <trkpt lat="25.1465" lon="121.44633"/>
    <trkpt lat="25.14634" lon="121.44635"/>
    <trkpt lat="25.14625" lon="121.44637"/>
    <trkpt lat="25.14619" lon="121.4464"/>
    <trkpt lat="25.14594" lon="121.4465"/>
    <trkpt lat="25.14573" lon="121.44659"/>
    <trkpt lat="25.14541" lon="121.44674"/>
    <trkpt lat="25.14525" lon="121.44681"/>
    <trkpt lat="25.1452" lon="121.44684"/>
    <trkpt lat="25.14518" lon="121.44685"/>
    <trkpt lat="25.14514" lon="121.44686"/>
    <trkpt lat="25.14502" lon="121.4469"/>
    <trkpt lat="25.14499" lon="121.44691"/>
    <trkpt lat="25.14498" lon="121.44693"/>
    <trkpt lat="25.14497" lon="121.44694"/>
    <trkpt lat="25.14492" lon="121.44696"/>
    <trkpt lat="25.14487" lon="121.44698"/>
    <trkpt lat="25.14484" lon="121.44698"/>
    <trkpt lat="25.14479" lon="121.44697"/>
    <trkpt lat="25.14471" lon="121.44697"/>
    <trkpt lat="25.14468" lon="121.44697"/>
    <trkpt lat="25.14467" lon="121.44697"/>
    <trkpt lat="25.14465" lon="121.44698"/>
    <trkpt lat="25.14461" lon="121.447"/>
    <trkpt lat="25.14439" lon="121.44712"/>
    <trkpt lat="25.14432" lon="121.44715"/>
    <trkpt lat="25.14422" lon="121.4472"/>
    <trkpt lat="25.14415" lon="121.44722"/>
    <trkpt lat="25.14407" lon="121.44726"/>
    <trkpt lat="25.14405" lon="121.44727"/>
    <trkpt lat="25.14386" lon="121.44738"/>
    <trkpt lat="25.14381" lon="121.44743"/>
    <trkpt lat="25.14364" lon="121.4476"/>
    <trkpt lat="25.14357" lon="121.44768"/>
    <trkpt lat="25.14344" lon="121.44781"/>
    <trkpt lat="25.14342" lon="121.44783"/>
    <trkpt lat="25.1434" lon="121.44786"/>
    <trkpt lat="25.14337" lon="121.44789"/>
    <trkpt lat="25.14334" lon="121.44791"/>
    <trkpt lat="25.1433" lon="121.44793"/>
    <trkpt lat="25.14316" lon="121.44801"/>
    <trkpt lat="25.14314" lon="121.44802"/>
    <trkpt lat="25.14304" lon="121.4481"/>
    <trkpt lat="25.14299" lon="121.44814"/>
    <trkpt lat="25.14291" lon="121.44821"/>
    <trkpt lat="25.14284" lon="121.44826"/>
    <trkpt lat="25.14281" lon="121.44829"/>
    <trkpt lat="25.14279" lon="121.44831"/>
    <trkpt lat="25.14275" lon="121.44835"/>
    <trkpt lat="25.14272" lon="121.44837"/>
    <trkpt lat="25.14267" lon="121.44839"/>
    <trkpt lat="25.14264" lon="121.44841"/>
    <trkpt lat="25.14261" lon="121.44844"/>
    <trkpt lat="25.1426" lon="121.44845"/>
    <trkpt lat="25.14258" lon="121.44846"/>
    <trkpt lat="25.14256" lon="121.44848"/>
    <trkpt lat="25.14254" lon="121.4485"/>
    <trkpt lat="25.14251" lon="121.44851"/>
    <trkpt lat="25.14247" lon="121.44853"/>
    <trkpt lat="25.14239" lon="121.44856"/>
    <trkpt lat="25.14227" lon="121.4486"/>
    <trkpt lat="25.14222" lon="121.44862"/>
    <trkpt lat="25.14212" lon="121.44865"/>
    <trkpt lat="25.1421" lon="121.44866"/>
    <trkpt lat="25.14207" lon="121.44867"/>
    <trkpt lat="25.14206" lon="121.44867"/>
    <trkpt lat="25.14205" lon="121.44867"/>
    <trkpt lat="25.14204" lon="121.44867"/>
    <trkpt lat="25.14203" lon="121.44867"/>
    <trkpt lat="25.14202" lon="121.44867"/>
    <trkpt lat="25.14201" lon="121.44867"/>
    <trkpt lat="25.142" lon="121.44866"/>
    <trkpt lat="25.14199" lon="121.44865"/>
    <trkpt lat="25.14196" lon="121.44863"/>
    <trkpt lat="25.14194" lon="121.44861"/>
    <trkpt lat="25.14193" lon="121.44859"/>
    <trkpt lat="25.14191" lon="121.44857"/>
    <trkpt lat="25.14189" lon="121.44856"/>
    <trkpt lat="25.14188" lon="121.44856"/>
    <trkpt lat="25.14186" lon="121.44856"/>
    <trkpt lat="25.14185" lon="121.44856"/>
    <trkpt lat="25.14183" lon="121.44856"/>
    <trkpt lat="25.1418" lon="121.44857"/>
    <trkpt lat="25.14173" lon="121.4486"/>
    <trkpt lat="25.14159" lon="121.44865"/>
    <trkpt lat="25.14157" lon="121.44866"/>
    <trkpt lat="25.14156" lon="121.44866"/>
    <trkpt lat="25.14154" lon="121.44867"/>
    <trkpt lat="25.14149" lon="121.44871"/>
    <trkpt lat="25.14145" lon="121.44875"/>
    <trkpt lat="25.14143" lon="121.44878"/>
    <trkpt lat="25.14142" lon="121.44878"/>
    <trkpt lat="25.1414" lon="121.4488"/>
    <trkpt lat="25.14137" lon="121.44883"/>
    <trkpt lat="25.14136" lon="121.44884"/>
    <trkpt lat="25.14133" lon="121.44886"/>
    <trkpt lat="25.14131" lon="121.44887"/>
    <trkpt lat="25.14127" lon="121.44888"/>
    <trkpt lat="25.14117" lon="121.44891"/>
    <trkpt lat="25.14104" lon="121.44896"/>
    <trkpt lat="25.14087" lon="121.44902"/>
    <trkpt lat="25.14085" lon="121.44903"/>
    <trkpt lat="25.14079" lon="121.44904"/>
    <trkpt lat="25.1407" lon="121.44908"/>
    <trkpt lat="25.14054" lon="121.44913"/>
    <trkpt lat="25.14036" lon="121.4492"/>
    <trkpt lat="25.14018" lon="121.44926"/>
    <trkpt lat="25.14017" lon="121.44927"/>
    <trkpt lat="25.13994" lon="121.44935"/>
    <trkpt lat="25.13984" lon="121.44938"/>
    <trkpt lat="25.13976" lon="121.44941"/>
    <trkpt lat="25.1397" lon="121.44943"/>
    <trkpt lat="25.13967" lon="121.44944"/>
    <trkpt lat="25.1395" lon="121.4495"/>
    <trkpt lat="25.13942" lon="121.44953"/>
    <trkpt lat="25.13933" lon="121.44956"/>
    <trkpt lat="25.13899" lon="121.4497"/>
    <trkpt lat="25.13891" lon="121.44973"/>
    <trkpt lat="25.13881" lon="121.44978"/>
    <trkpt lat="25.13848" lon="121.44993"/>
    <trkpt lat="25.13847" lon="121.44994"/>
    <trkpt lat="25.13832" lon="121.45001"/>
    <trkpt lat="25.13828" lon="121.45003"/>
    <trkpt lat="25.13826" lon="121.45004"/>
    <trkpt lat="25.13825" lon="121.45004"/>
    <trkpt lat="25.13824" lon="121.45004"/>
    <trkpt lat="25.13823" lon="121.45004"/>
    <trkpt lat="25.13822" lon="121.45004"/>
    <trkpt lat="25.1382" lon="121.45003"/>
    <trkpt lat="25.13817" lon="121.45002"/>
    <trkpt lat="25.13815" lon="121.45002"/>
    <trkpt lat="25.13814" lon="121.45002"/>
    <trkpt lat="25.13813" lon="121.45003"/>
    <trkpt lat="25.13812" lon="121.45003"/>
    <trkpt lat="25.13811" lon="121.45004"/>
    <trkpt lat="25.1381" lon="121.45004"/>
    <trkpt lat="25.1381" lon="121.45005"/>
    <trkpt lat="25.13809" lon="121.45006"/>
    <trkpt lat="25.13808" lon="121.45008"/>
    <trkpt lat="25.13806" lon="121.45011"/>
    <trkpt lat="25.13805" lon="121.45012"/>
    <trkpt lat="25.13804" lon="121.45013"/>
    <trkpt lat="25.13803" lon="121.45013"/>
    <trkpt lat="25.13801" lon="121.45014"/>
    <trkpt lat="25.13794" lon="121.45016"/>
    <trkpt lat="25.1379" lon="121.45017"/>
    <trkpt lat="25.13785" lon="121.45019"/>
    <trkpt lat="25.13782" lon="121.4502"/>
    <trkpt lat="25.13779" lon="121.4502"/>
    <trkpt lat="25.13775" lon="121.4502"/>
    <trkpt lat="25.13772" lon="121.4502"/>
    <trkpt lat="25.13769" lon="121.4502"/>
    <trkpt lat="25.13767" lon="121.4502"/>
    <trkpt lat="25.13763" lon="121.4502"/>
    <trkpt lat="25.1376" lon="121.45021"/>
    <trkpt lat="25.13758" lon="121.45022"/>
    <trkpt lat="25.13754" lon="121.45023"/>
    <trkpt lat="25.13751" lon="121.45024"/>
    <trkpt lat="25.13748" lon="121.45024"/>
    <trkpt lat="25.13746" lon="121.45024"/>
    <trkpt lat="25.13742" lon="121.45024"/>
    <trkpt lat="25.13738" lon="121.45022"/>
    <trkpt lat="25.13736" lon="121.45022"/>
    <trkpt lat="25.13735" lon="121.45022"/>
    <trkpt lat="25.13733" lon="121.45021"/>
    <trkpt lat="25.1373" lon="121.45022"/>
    <trkpt lat="25.13722" lon="121.45025"/>
    <trkpt lat="25.13712" lon="121.45028"/>
    <trkpt lat="25.13701" lon="121.45033"/>
    <trkpt lat="25.13696" lon="121.45035"/>
    <trkpt lat="25.13679" lon="121.45042"/>
    <trkpt lat="25.13663" lon="121.45049"/>
    <trkpt lat="25.13654" lon="121.45053"/>
    <trkpt lat="25.13646" lon="121.45057"/>
    <trkpt lat="25.1363" lon="121.45065"/>
    <trkpt lat="25.13629" lon="121.45066"/>
    <trkpt lat="25.13615" lon="121.45073"/>
    <trkpt lat="25.13597" lon="121.45085"/>
    <trkpt lat="25.13589" lon="121.45089"/>
    <trkpt lat="25.13583" lon="121.45094"/>
    <trkpt lat="25.1358" lon="121.45096"/>
    <trkpt lat="25.1357" lon="121.45104"/>
    <trkpt lat="25.13568" lon="121.45106"/>
    <trkpt lat="25.13567" lon="121.45107"/>
    <trkpt lat="25.13563" lon="121.4511"/>
    <trkpt lat="25.1356" lon="121.45112"/>
    <trkpt lat="25.13557" lon="121.45115"/>
    <trkpt lat="25.13554" lon="121.45118"/>
    <trkpt lat="25.1355" lon="121.45122"/>
    <trkpt lat="25.13545" lon="121.45127"/>
    <trkpt lat="25.1354" lon="121.4513"/>
    <trkpt lat="25.13532" lon="121.45134"/>
    <trkpt lat="25.13526" lon="121.45136"/>
    <trkpt lat="25.13523" lon="121.45137"/>
    <trkpt lat="25.13516" lon="121.45139"/>
    <trkpt lat="25.13511" lon="121.45142"/>
    <trkpt lat="25.13506" lon="121.45143"/>
    <trkpt lat="25.13506" lon="121.45144"/>
    <trkpt lat="25.13489" lon="121.45151"/>
    <trkpt lat="25.13479" lon="121.45155"/>
    <trkpt lat="25.13472" lon="121.45158"/>
    <trkpt lat="25.13454" lon="121.45165"/>
    <trkpt lat="25.13432" lon="121.45174"/>
    <trkpt lat="25.13427" lon="121.45177"/>
    <trkpt lat="25.13422" lon="121.4518"/>
    <trkpt lat="25.13419" lon="121.45186"/>
    <trkpt lat="25.13416" lon="121.45192"/>
    <trkpt lat="25.13412" lon="121.45194"/>
    <trkpt lat="25.1341" lon="121.45195"/>
    <trkpt lat="25.13401" lon="121.45198"/>
    <trkpt lat="25.13398" lon="121.45199"/>
    <trkpt lat="25.13394" lon="121.45202"/>
    <trkpt lat="25.13384" lon="121.45205"/>
    <trkpt lat="25.13374" lon="121.45207"/>
    <trkpt lat="25.13363" lon="121.45211"/>
    <trkpt lat="25.13356" lon="121.45212"/>
    <trkpt lat="25.13355" lon="121.45212"/>
    <trkpt lat="25.13338" lon="121.45215"/>
    <trkpt lat="25.13327" lon="121.45216"/>
    <trkpt lat="25.13285" lon="121.45227"/>
    <trkpt lat="25.13277" lon="121.45231"/>
    <trkpt lat="25.13271" lon="121.45232"/>
    <trkpt lat="25.13268" lon="121.45233"/>
    <trkpt lat="25.13266" lon="121.45234"/>
    <trkpt lat="25.13261" lon="121.45236"/>
    <trkpt lat="25.13257" lon="121.45238"/>
    <trkpt lat="25.13254" lon="121.45241"/>
    <trkpt lat="25.13252" lon="121.45242"/>
    <trkpt lat="25.13251" lon="121.45245"/>
    <trkpt lat="25.1325" lon="121.45246"/>
    <trkpt lat="25.13249" lon="121.45247"/>
    <trkpt lat="25.13247" lon="121.45248"/>
    <trkpt lat="25.13245" lon="121.4525"/>
    <trkpt lat="25.13241" lon="121.45252"/>
    <trkpt lat="25.13238" lon="121.45253"/>
    <trkpt lat="25.13237" lon="121.45254"/>
    <trkpt lat="25.13235" lon="121.45254"/>
    <trkpt lat="25.13233" lon="121.45254"/>
    <trkpt lat="25.13231" lon="121.45253"/>
    <trkpt lat="25.13229" lon="121.45252"/>
    <trkpt lat="25.13226" lon="121.4525"/>
    <trkpt lat="25.13222" lon="121.45247"/>
    <trkpt lat="25.13218" lon="121.45246"/>
    <trkpt lat="25.13213" lon="121.45245"/>
    <trkpt lat="25.13209" lon="121.45246"/>
    <trkpt lat="25.13204" lon="121.45248"/>
    <trkpt lat="25.13199" lon="121.4525"/>
    <trkpt lat="25.13184" lon="121.45248"/>
    <trkpt lat="25.13175" lon="121.45247"/>
    <trkpt lat="25.13162" lon="121.45247"/>
    <trkpt lat="25.13146" lon="121.45246"/>
    <trkpt lat="25.13134" lon="121.45243"/>
    <trkpt lat="25.13123" lon="121.45242"/>
    <trkpt lat="25.13115" lon="121.45241"/>
    <trkpt lat="25.13109" lon="121.45241"/>
    <trkpt lat="25.13101" lon="121.45241"/>
    <trkpt lat="25.13095" lon="121.45241"/>
    <trkpt lat="25.1309" lon="121.45242"/>
    <trkpt lat="25.13087" lon="121.45243"/>
    <trkpt lat="25.13083" lon="121.45244"/>
    <trkpt lat="25.1308" lon="121.45245"/>
    <trkpt lat="25.13079" lon="121.45245"/>
    <trkpt lat="25.13076" lon="121.45245"/>
    <trkpt lat="25.13074" lon="121.45245"/>
    <trkpt lat="25.13072" lon="121.45244"/>
    <trkpt lat="25.13068" lon="121.45242"/>
    <trkpt lat="25.13063" lon="121.45239"/>
    <trkpt lat="25.1306" lon="121.45238"/>
    <trkpt lat="25.13055" lon="121.45236"/>
    <trkpt lat="25.13047" lon="121.45234"/>
    <trkpt lat="25.13042" lon="121.45232"/>
    <trkpt lat="25.13037" lon="121.45231"/>
    <trkpt lat="25.13034" lon="121.4523"/>
    <trkpt lat="25.13032" lon="121.4523"/>
    <trkpt lat="25.13028" lon="121.45231"/>
    <trkpt lat="25.13024" lon="121.45233"/>
    <trkpt lat="25.13017" lon="121.45238"/>
    <trkpt lat="25.13012" lon="121.4524"/>
    <trkpt lat="25.13008" lon="121.45241"/>
    <trkpt lat="25.13005" lon="121.45242"/>
    <trkpt lat="25.12988" lon="121.45244"/>
    <trkpt lat="25.12972" lon="121.45248"/>
    <trkpt lat="25.12961" lon="121.45251"/>
    <trkpt lat="25.12954" lon="121.45253"/>
    <trkpt lat="25.12949" lon="121.45255"/>
    <trkpt lat="25.12949" lon="121.45256"/>
    <trkpt lat="25.12945" lon="121.45257"/>
    <trkpt lat="25.12942" lon="121.45259"/>
    <trkpt lat="25.12939" lon="121.4526"/>
    <trkpt lat="25.12936" lon="121.45262"/>
    <trkpt lat="25.12933" lon="121.45263"/>
    <trkpt lat="25.12932" lon="121.45263"/>
    <trkpt lat="25.12931" lon="121.45264"/>
    <trkpt lat="25.12927" lon="121.45265"/>
    <trkpt lat="25.12922" lon="121.45266"/>
    <trkpt lat="25.12915" lon="121.45266"/>
    <trkpt lat="25.12914" lon="121.45266"/>
    <trkpt lat="25.12908" lon="121.45267"/>
    <trkpt lat="25.12895" lon="121.45268"/>
    <trkpt lat="25.12887" lon="121.45268"/>
    <trkpt lat="25.12884" lon="121.45269"/>
    <trkpt lat="25.12876" lon="121.45273"/>
    <trkpt lat="25.12874" lon="121.45274"/>
    <trkpt lat="25.12871" lon="121.45274"/>
    <trkpt lat="25.12869" lon="121.45274"/>
    <trkpt lat="25.12867" lon="121.45273"/>
    <trkpt lat="25.12862" lon="121.45271"/>
    <trkpt lat="25.12856" lon="121.45269"/>
    <trkpt lat="25.12851" lon="121.45269"/>
    <trkpt lat="25.12851" lon="121.45267"/>
    <trkpt lat="25.12851" lon="121.45266"/>
    <trkpt lat="25.12851" lon="121.45265"/>
    <trkpt lat="25.1285" lon="121.45261"/>
    <trkpt lat="25.12851" lon="121.45259"/>
    <trkpt lat="25.12852" lon="121.45258"/>
    <trkpt lat="25.12855" lon="121.45256"/>
    <trkpt lat="25.12857" lon="121.45254"/>
    <trkpt lat="25.1286" lon="121.45252"/>
    <trkpt lat="25.12863" lon="121.4525"/>
    <trkpt lat="25.12866" lon="121.4525"/>
    <trkpt lat="25.12869" lon="121.4525"/>
    <trkpt lat="25.12872" lon="121.45249"/>
    <trkpt lat="25.12874" lon="121.45248"/>
    <trkpt lat="25.12876" lon="121.45246"/>
    <trkpt lat="25.12877" lon="121.45244"/>
    <trkpt lat="25.12878" lon="121.45242"/>
    <trkpt lat="25.12879" lon="121.4524"/>
    <trkpt lat="25.1288" lon="121.45238"/>
    <trkpt lat="25.1288" lon="121.45237"/>
    <trkpt lat="25.12879" lon="121.45235"/>
    <trkpt lat="25.12878" lon="121.45223"/>
    <trkpt lat="25.12878" lon="121.45218"/>
    <trkpt lat="25.12879" lon="121.45204"/>
    <trkpt lat="25.12879" lon="121.452"/>
    <trkpt lat="25.12877" lon="121.45198"/>
    <trkpt lat="25.12874" lon="121.45196"/>
    <trkpt lat="25.12871" lon="121.45193"/>
    <trkpt lat="25.12869" lon="121.45189"/>
    <trkpt lat="25.12869" lon="121.45186"/>
    <trkpt lat="25.12869" lon="121.45183"/>
    <trkpt lat="25.12856" lon="121.45186"/>
    <trkpt lat="25.12869" lon="121.45183"/>
    <trkpt lat="25.12869" lon="121.45186"/>
    <trkpt lat="25.12869" lon="121.45189"/>
    <trkpt lat="25.12871" lon="121.45193"/>
    <trkpt lat="25.12874" lon="121.45196"/>
    <trkpt lat="25.12877" lon="121.45198"/>
    <trkpt lat="25.12879" lon="121.452"/>
    <trkpt lat="25.12879" lon="121.45204"/>
    <trkpt lat="25.12878" lon="121.45218"/>
    <trkpt lat="25.12878" lon="121.45223"/>
    <trkpt lat="25.12879" lon="121.45235"/>
    <trkpt lat="25.1288" lon="121.45237"/>
    <trkpt lat="25.1288" lon="121.45238"/>
    <trkpt lat="25.12879" lon="121.4524"/>
    <trkpt lat="25.12878" lon="121.45242"/>
    <trkpt lat="25.12877" lon="121.45244"/>
    <trkpt lat="25.12876" lon="121.45246"/>
    <trkpt lat="25.12874" lon="121.45248"/>
    <trkpt lat="25.12872" lon="121.45249"/>
    <trkpt lat="25.12869" lon="121.4525"/>
    <trkpt lat="25.12866" lon="121.4525"/>
    <trkpt lat="25.12863" lon="121.4525"/>
    <trkpt lat="25.1286" lon="121.45252"/>
    <trkpt lat="25.12857" lon="121.45254"/>
    <trkpt lat="25.12855" lon="121.45256"/>
    <trkpt lat="25.12852" lon="121.45258"/>
    <trkpt lat="25.12851" lon="121.45259"/>
    <trkpt lat="25.1285" lon="121.45261"/>
    <trkpt lat="25.12851" lon="121.45265"/>
    <trkpt lat="25.12851" lon="121.45266"/>
    <trkpt lat="25.12851" lon="121.45267"/>
    <trkpt lat="25.12851" lon="121.45269"/>
    <trkpt lat="25.12846" lon="121.45269"/>
    <trkpt lat="25.12838" lon="121.45271"/>
    <trkpt lat="25.12827" lon="121.45271"/>
    <trkpt lat="25.12818" lon="121.45272"/>
    <trkpt lat="25.12811" lon="121.45272"/>
    <trkpt lat="25.12807" lon="121.45273"/>
    <trkpt lat="25.12801" lon="121.45274"/>
    <trkpt lat="25.12796" lon="121.45276"/>
    <trkpt lat="25.12782" lon="121.45282"/>
    <trkpt lat="25.12781" lon="121.45282"/>
    <trkpt lat="25.12773" lon="121.45286"/>
    <trkpt lat="25.12756" lon="121.45294"/>
    <trkpt lat="25.12748" lon="121.45299"/>
    <trkpt lat="25.1274" lon="121.45303"/>
    <trkpt lat="25.12732" lon="121.45307"/>
    <trkpt lat="25.12707" lon="121.45319"/>
    <trkpt lat="25.12699" lon="121.45323"/>
    <trkpt lat="25.12683" lon="121.45331"/>
    <trkpt lat="25.12669" lon="121.45339"/>
    <trkpt lat="25.12661" lon="121.45343"/>
    <trkpt lat="25.12656" lon="121.45346"/>
    <trkpt lat="25.12651" lon="121.45349"/>
    <trkpt lat="25.12649" lon="121.45351"/>
    <trkpt lat="25.12646" lon="121.45353"/>
    <trkpt lat="25.12644" lon="121.45357"/>
    <trkpt lat="25.12641" lon="121.45361"/>
    <trkpt lat="25.12638" lon="121.45367"/>
    <trkpt lat="25.12637" lon="121.45371"/>
    <trkpt lat="25.12636" lon="121.45374"/>
    <trkpt lat="25.12635" lon="121.45377"/>
    <trkpt lat="25.12634" lon="121.4538"/>
    <trkpt lat="25.12632" lon="121.45382"/>
    <trkpt lat="25.1263" lon="121.45384"/>
    <trkpt lat="25.12627" lon="121.45386"/>
    <trkpt lat="25.12625" lon="121.45388"/>
    <trkpt lat="25.12624" lon="121.45388"/>
    <trkpt lat="25.12585" lon="121.45405"/>
    <trkpt lat="25.12553" lon="121.45419"/>
    <trkpt lat="25.12549" lon="121.45421"/>
    <trkpt lat="25.12546" lon="121.45424"/>
    <trkpt lat="25.1254" lon="121.45427"/>
    <trkpt lat="25.12543" lon="121.45435"/>
    <trkpt lat="25.12543" lon="121.45437"/>
    <trkpt lat="25.12543" lon="121.45439"/>
    <trkpt lat="25.12542" lon="121.45441"/>
    <trkpt lat="25.12542" lon="121.45442"/>
    <trkpt lat="25.12541" lon="121.45444"/>
    <trkpt lat="25.12539" lon="121.45445"/>
    <trkpt lat="25.12537" lon="121.45447"/>
    <trkpt lat="25.12534" lon="121.45448"/>
    <trkpt lat="25.12533" lon="121.45449"/>
    <trkpt lat="25.12532" lon="121.45449"/>
    <trkpt lat="25.1253" lon="121.45449"/>
    <trkpt lat="25.12529" lon="121.45448"/>
    <trkpt lat="25.12527" lon="121.45448"/>
    <trkpt lat="25.12525" lon="121.45447"/>
    <trkpt lat="25.12524" lon="121.45446"/>
    <trkpt lat="25.12523" lon="121.45445"/>
    <trkpt lat="25.12522" lon="121.45443"/>
    <trkpt lat="25.12521" lon="121.45439"/>
    <trkpt lat="25.1252" lon="121.45438"/>
    <trkpt lat="25.12519" lon="121.45437"/>
    <trkpt lat="25.12518" lon="121.45436"/>
    <trkpt lat="25.12516" lon="121.45435"/>
    <trkpt lat="25.1251" lon="121.45433"/>
    <trkpt lat="25.12504" lon="121.45431"/>
    <trkpt lat="25.12488" lon="121.45429"/>
    <trkpt lat="25.12487" lon="121.45429"/>
    <trkpt lat="25.12482" lon="121.45429"/>
    <trkpt lat="25.12478" lon="121.45429"/>
    <trkpt lat="25.12476" lon="121.4543"/>
    <trkpt lat="25.12475" lon="121.4543"/>
    <trkpt lat="25.12472" lon="121.45432"/>
    <trkpt lat="25.12466" lon="121.45436"/>
    <trkpt lat="25.12455" lon="121.45444"/>
    <trkpt lat="25.1245" lon="121.45447"/>
    <trkpt lat="25.12438" lon="121.45457"/>
    <trkpt lat="25.12436" lon="121.45458"/>
    <trkpt lat="25.12425" lon="121.45464"/>
    <trkpt lat="25.12409" lon="121.45475"/>
    <trkpt lat="25.12405" lon="121.45478"/>
    <trkpt lat="25.12394" lon="121.45486"/>
    <trkpt lat="25.1239" lon="121.45489"/>
    <trkpt lat="25.12379" lon="121.45496"/>
    <trkpt lat="25.12375" lon="121.455"/>
    <trkpt lat="25.12351" lon="121.45519"/>
    <trkpt lat="25.1235" lon="121.4552"/>
    <trkpt lat="25.12331" lon="121.45536"/>
    <trkpt lat="25.12329" lon="121.45538"/>
    <trkpt lat="25.12328" lon="121.45538"/>
    <trkpt lat="25.12327" lon="121.45538"/>
    <trkpt lat="25.12326" lon="121.45538"/>
    <trkpt lat="25.12325" lon="121.45538"/>
    <trkpt lat="25.12322" lon="121.45536"/>
    <trkpt lat="25.12318" lon="121.45535"/>
    <trkpt lat="25.12316" lon="121.45536"/>
    <trkpt lat="25.12314" lon="121.45536"/>
    <trkpt lat="25.12313" lon="121.45536"/>
    <trkpt lat="25.12309" lon="121.45538"/>
    <trkpt lat="25.12286" lon="121.45548"/>
    <trkpt lat="25.12276" lon="121.45552"/>
    <trkpt lat="25.12271" lon="121.45555"/>
    <trkpt lat="25.1227" lon="121.45556"/>
    <trkpt lat="25.12265" lon="121.4556"/>
    <trkpt lat="25.1224" lon="121.45584"/>
    <trkpt lat="25.12235" lon="121.45588"/>
    <trkpt lat="25.12228" lon="121.45593"/>
    <trkpt lat="25.12196" lon="121.45608"/>
    <trkpt lat="25.12193" lon="121.45609"/>
    <trkpt lat="25.1218" lon="121.45617"/>
    <trkpt lat="25.12161" lon="121.45628"/>
    <trkpt lat="25.12154" lon="121.45632"/>
    <trkpt lat="25.12151" lon="121.45633"/>
    <trkpt lat="25.12145" lon="121.45634"/>
    <trkpt lat="25.12125" lon="121.4564"/>
    <trkpt lat="25.12122" lon="121.45641"/>
    <trkpt lat="25.12121" lon="121.45642"/>
    <trkpt lat="25.12115" lon="121.45644"/>
    <trkpt lat="25.12107" lon="121.45648"/>
    <trkpt lat="25.121" lon="121.45653"/>
    <trkpt lat="25.12083" lon="121.45664"/>
    <trkpt lat="25.12079" lon="121.45667"/>
    <trkpt lat="25.12078" lon="121.45667"/>
    <trkpt lat="25.12074" lon="121.45669"/>
    <trkpt lat="25.12073" lon="121.45669"/>
    <trkpt lat="25.12062" lon="121.45673"/>
    <trkpt lat="25.12059" lon="121.45674"/>
    <trkpt lat="25.12053" lon="121.45675"/>
    <trkpt lat="25.12047" lon="121.45676"/>
    <trkpt lat="25.12037" lon="121.45677"/>
    <trkpt lat="25.12022" lon="121.45677"/>
    <trkpt lat="25.12016" lon="121.45678"/>
    <trkpt lat="25.12011" lon="121.45679"/>
    <trkpt lat="25.12003" lon="121.45681"/>
    <trkpt lat="25.11987" lon="121.45689"/>
    <trkpt lat="25.11985" lon="121.4569"/>
    <trkpt lat="25.11971" lon="121.45698"/>
    <trkpt lat="25.11969" lon="121.45699"/>
    <trkpt lat="25.11965" lon="121.45702"/>
    <trkpt lat="25.1196" lon="121.45706"/>
    <trkpt lat="25.11957" lon="121.45709"/>
    <trkpt lat="25.11957" lon="121.4571"/>
    <trkpt lat="25.11951" lon="121.45716"/>
    <trkpt lat="25.1194" lon="121.45728"/>
    <trkpt lat="25.11932" lon="121.45737"/>
    <trkpt lat="25.11928" lon="121.45741"/>
    <trkpt lat="25.11923" lon="121.45745"/>
    <trkpt lat="25.11919" lon="121.45749"/>
    <trkpt lat="25.11915" lon="121.45751"/>
    <trkpt lat="25.11911" lon="121.45753"/>
    <trkpt lat="25.11907" lon="121.45755"/>
    <trkpt lat="25.11901" lon="121.45758"/>
    <trkpt lat="25.11891" lon="121.45761"/>
    <trkpt lat="25.11881" lon="121.45763"/>
    <trkpt lat="25.11874" lon="121.45765"/>
    <trkpt lat="25.11868" lon="121.45767"/>
    <trkpt lat="25.11864" lon="121.45767"/>
    <trkpt lat="25.11859" lon="121.45768"/>
    <trkpt lat="25.11853" lon="121.45767"/>
    <trkpt lat="25.11848" lon="121.45768"/>
    <trkpt lat="25.11844" lon="121.45768"/>
    <trkpt lat="25.11833" lon="121.45769"/>
    <trkpt lat="25.1183" lon="121.45769"/>
    <trkpt lat="25.11825" lon="121.4577"/>
    <trkpt lat="25.11816" lon="121.45772"/>
    <trkpt lat="25.11813" lon="121.45773"/>
    <trkpt lat="25.11812" lon="121.45773"/>
    <trkpt lat="25.11806" lon="121.45775"/>
    <trkpt lat="25.11797" lon="121.45778"/>
    <trkpt lat="25.11787" lon="121.45782"/>
    <trkpt lat="25.11779" lon="121.45785"/>
    <trkpt lat="25.11763" lon="121.45792"/>
    <trkpt lat="25.11762" lon="121.45792"/>
    <trkpt lat="25.11761" lon="121.45792"/>
    <trkpt lat="25.11745" lon="121.45798"/>
    <trkpt lat="25.11744" lon="121.45798"/>
    <trkpt lat="25.11731" lon="121.45803"/>
    <trkpt lat="25.11727" lon="121.45804"/>
    <trkpt lat="25.11724" lon="121.45805"/>
    <trkpt lat="25.11713" lon="121.45808"/>
    <trkpt lat="25.1171" lon="121.45809"/>
    <trkpt lat="25.11699" lon="121.45812"/>
    <trkpt lat="25.11692" lon="121.45813"/>
    <trkpt lat="25.11686" lon="121.45815"/>
    <trkpt lat="25.11672" lon="121.45818"/>
    <trkpt lat="25.11656" lon="121.4582"/>
    <trkpt lat="25.11646" lon="121.45822"/>
    <trkpt lat="25.11636" lon="121.45825"/>
    <trkpt lat="25.11618" lon="121.45829"/>
    <trkpt lat="25.11607" lon="121.45832"/>
    <trkpt lat="25.11595" lon="121.45833"/>
    <trkpt lat="25.11582" lon="121.45836"/>
    <trkpt lat="25.11568" lon="121.45838"/>
    <trkpt lat="25.11561" lon="121.4584"/>
    <trkpt lat="25.11553" lon="121.45844"/>
    <trkpt lat="25.11537" lon="121.45852"/>
    <trkpt lat="25.11528" lon="121.45857"/>
    <trkpt lat="25.11504" lon="121.45869"/>
    <trkpt lat="25.11486" lon="121.45878"/>
    <trkpt lat="25.11472" lon="121.45885"/>
    <trkpt lat="25.11464" lon="121.45887"/>
    <trkpt lat="25.11451" lon="121.45892"/>
    <trkpt lat="25.11442" lon="121.45895"/>
    <trkpt lat="25.11426" lon="121.45898"/>
    <trkpt lat="25.11414" lon="121.45901"/>
    <trkpt lat="25.11407" lon="121.45902"/>
    <trkpt lat="25.11394" lon="121.45905"/>
    <trkpt lat="25.1138" lon="121.45906"/>
    <trkpt lat="25.11372" lon="121.45906"/>
    <trkpt lat="25.11365" lon="121.45906"/>
    <trkpt lat="25.1136" lon="121.45905"/>
    <trkpt lat="25.11353" lon="121.45905"/>
    <trkpt lat="25.11346" lon="121.45904"/>
    <trkpt lat="25.11342" lon="121.45903"/>
    <trkpt lat="25.11335" lon="121.45901"/>
    <trkpt lat="25.11323" lon="121.45898"/>
    <trkpt lat="25.11311" lon="121.45894"/>
    <trkpt lat="25.11309" lon="121.45893"/>
    <trkpt lat="25.11308" lon="121.45892"/>
    <trkpt lat="25.11304" lon="121.45891"/>
    <trkpt lat="25.11298" lon="121.45889"/>
    <trkpt lat="25.11294" lon="121.45887"/>
    <trkpt lat="25.11291" lon="121.45886"/>
    <trkpt lat="25.1129" lon="121.45886"/>
    <trkpt lat="25.11287" lon="121.45885"/>
    <trkpt lat="25.11281" lon="121.45881"/>
    <trkpt lat="25.11273" lon="121.45877"/>
    <trkpt lat="25.11264" lon="121.45872"/>
    <trkpt lat="25.11255" lon="121.45866"/>
    <trkpt lat="25.11252" lon="121.45863"/>
    <trkpt lat="25.1125" lon="121.45862"/>
    <trkpt lat="25.11243" lon="121.45856"/>
    <trkpt lat="25.11232" lon="121.45846"/>
    <trkpt lat="25.11225" lon="121.4584"/>
    <trkpt lat="25.11224" lon="121.45839"/>
    <trkpt lat="25.11213" lon="121.4583"/>
    <trkpt lat="25.11208" lon="121.45826"/>
    <trkpt lat="25.11199" lon="121.45819"/>
    <trkpt lat="25.11196" lon="121.45817"/>
    <trkpt lat="25.11183" lon="121.45808"/>
    <trkpt lat="25.11168" lon="121.45797"/>
    <trkpt lat="25.11157" lon="121.45789"/>
    <trkpt lat="25.11141" lon="121.45776"/>
    <trkpt lat="25.11126" lon="121.45766"/>
    <trkpt lat="25.11098" lon="121.45746"/>
    <trkpt lat="25.11085" lon="121.45736"/>
    <trkpt lat="25.11085" lon="121.45735"/>
    <trkpt lat="25.11078" lon="121.4573"/>
    <trkpt lat="25.11069" lon="121.45722"/>
    <trkpt lat="25.11064" lon="121.45717"/>
    <trkpt lat="25.11059" lon="121.45709"/>
    <trkpt lat="25.11046" lon="121.45694"/>
    <trkpt lat="25.11041" lon="121.45688"/>
    <trkpt lat="25.11037" lon="121.45682"/>
    <trkpt lat="25.11035" lon="121.45679"/>
    <trkpt lat="25.11033" lon="121.45678"/>
    <trkpt lat="25.11025" lon="121.45673"/>
    <trkpt lat="25.11018" lon="121.45671"/>
    <trkpt lat="25.11018" lon="121.4567"/>
    <trkpt lat="25.11013" lon="121.45668"/>
    <trkpt lat="25.11009" lon="121.45666"/>
    <trkpt lat="25.11002" lon="121.45663"/>
    <trkpt lat="25.10993" lon="121.45658"/>
    <trkpt lat="25.10981" lon="121.45652"/>
    <trkpt lat="25.10973" lon="121.45649"/>
    <trkpt lat="25.10963" lon="121.45645"/>
    <trkpt lat="25.1095" lon="121.45642"/>
    <trkpt lat="25.10934" lon="121.45638"/>
    <trkpt lat="25.10908" lon="121.45631"/>
    <trkpt lat="25.10893" lon="121.45628"/>
    <trkpt lat="25.10866" lon="121.45621"/>
    <trkpt lat="25.10846" lon="121.45617"/>
    <trkpt lat="25.10846" lon="121.45614"/>
    <trkpt lat="25.10846" lon="121.45612"/>
    <trkpt lat="25.10845" lon="121.45609"/>
    <trkpt lat="25.10845" lon="121.45607"/>
    <trkpt lat="25.10844" lon="121.45603"/>
    <trkpt lat="25.10841" lon="121.45594"/>
    <trkpt lat="25.1084" lon="121.45589"/>
    <trkpt lat="25.10844" lon="121.45579"/>
    <trkpt lat="25.10836" lon="121.4557"/>
    <trkpt lat="25.10824" lon="121.45556"/>
    <trkpt lat="25.1081" lon="121.4554"/>
    <trkpt lat="25.10806" lon="121.45535"/>
    <trkpt lat="25.10779" lon="121.45501"/>
    <trkpt lat="25.10774" lon="121.45494"/>
    <trkpt lat="25.10765" lon="121.45485"/>
    <trkpt lat="25.10744" lon="121.45466"/>
    <trkpt lat="25.10726" lon="121.45445"/>
    <trkpt lat="25.10703" lon="121.45415"/>
    <trkpt lat="25.10683" lon="121.45386"/>
    <trkpt lat="25.1068" lon="121.45381"/>
    <trkpt lat="25.10678" lon="121.45377"/>
    <trkpt lat="25.10678" lon="121.45372"/>
    <trkpt lat="25.10678" lon="121.45355"/>
    <trkpt lat="25.10679" lon="121.45352"/>
    <trkpt lat="25.10685" lon="121.45342"/>
    <trkpt lat="25.1069" lon="121.45335"/>
    <trkpt lat="25.10679" lon="121.45322"/>
    <trkpt lat="25.10672" lon="121.45315"/>
    <trkpt lat="25.10665" lon="121.45308"/>
    <trkpt lat="25.10662" lon="121.45306"/>
    <trkpt lat="25.10647" lon="121.45294"/>
    <trkpt lat="25.10628" lon="121.45282"/>
    <trkpt lat="25.10616" lon="121.45278"/>
    <trkpt lat="25.1061" lon="121.45277"/>
    <trkpt lat="25.10606" lon="121.45276"/>
    <trkpt lat="25.10594" lon="121.45276"/>
    <trkpt lat="25.10571" lon="121.45276"/>
    <trkpt lat="25.10558" lon="121.45275"/>
    <trkpt lat="25.10558" lon="121.45289"/>
    <trkpt lat="25.10558" lon="121.45302"/>
    <trkpt lat="25.10558" lon="121.45308"/>
    <trkpt lat="25.10558" lon="121.45311"/>
    <trkpt lat="25.10557" lon="121.45317"/>
    <trkpt lat="25.10556" lon="121.45324"/>
    <trkpt lat="25.10554" lon="121.45328"/>
    <trkpt lat="25.10553" lon="121.4533"/>
    <trkpt lat="25.10549" lon="121.45336"/>
    <trkpt lat="25.10546" lon="121.45339"/>
    <trkpt lat="25.10543" lon="121.45343"/>
    <trkpt lat="25.10542" lon="121.45344"/>
    <trkpt lat="25.10537" lon="121.45349"/>
    <trkpt lat="25.10521" lon="121.45364"/>
    <trkpt lat="25.10498" lon="121.45383"/>
    <trkpt lat="25.10493" lon="121.45386"/>
    <trkpt lat="25.10491" lon="121.45387"/>
    <trkpt lat="25.10479" lon="121.45395"/>
    <trkpt lat="25.10473" lon="121.45399"/>
    <trkpt lat="25.10467" lon="121.45402"/>
    <trkpt lat="25.1046" lon="121.45406"/>
    <trkpt lat="25.10445" lon="121.45412"/>
    <trkpt lat="25.10435" lon="121.45417"/>
    <trkpt lat="25.10421" lon="121.45422"/>
    <trkpt lat="25.10401" lon="121.45426"/>
    <trkpt lat="25.1038" lon="121.4543"/>
    <trkpt lat="25.10358" lon="121.45432"/>
    <trkpt lat="25.10333" lon="121.45431"/>
    <trkpt lat="25.10321" lon="121.4543"/>
    <trkpt lat="25.10315" lon="121.4543"/>
    <trkpt lat="25.10295" lon="121.45426"/>
    <trkpt lat="25.1028" lon="121.45422"/>
    <trkpt lat="25.10268" lon="121.45418"/>
    <trkpt lat="25.10256" lon="121.45412"/>
    <trkpt lat="25.10241" lon="121.45405"/>
    <trkpt lat="25.10229" lon="121.45397"/>
    <trkpt lat="25.10223" lon="121.45387"/>
    <trkpt lat="25.10217" lon="121.45376"/>
    <trkpt lat="25.10207" lon="121.45388"/>
    <trkpt lat="25.10218" lon="121.45396"/>
    <trkpt lat="25.1023" lon="121.45405"/>
    <trkpt lat="25.10229" lon="121.45409"/>
    <trkpt lat="25.1023" lon="121.45412"/>
    <trkpt lat="25.10231" lon="121.45414"/>
    <trkpt lat="25.10232" lon="121.45416"/>
    <trkpt lat="25.10245" lon="121.45428"/>
    <trkpt lat="25.10248" lon="121.45433"/>
    <trkpt lat="25.10251" lon="121.45437"/>
    <trkpt lat="25.10253" lon="121.45439"/>
    <trkpt lat="25.10253" lon="121.4544"/>
    <trkpt lat="25.10254" lon="121.45441"/>
    <trkpt lat="25.10254" lon="121.45442"/>
    <trkpt lat="25.10254" lon="121.45444"/>
    <trkpt lat="25.10254" lon="121.45445"/>
    <trkpt lat="25.10254" lon="121.45447"/>
    <trkpt lat="25.10254" lon="121.45454"/>
    <trkpt lat="25.10254" lon="121.45456"/>
    <trkpt lat="25.10253" lon="121.45458"/>
    <trkpt lat="25.10252" lon="121.4546"/>
    <trkpt lat="25.10251" lon="121.45461"/>
    <trkpt lat="25.10251" lon="121.45463"/>
    <trkpt lat="25.1025" lon="121.45464"/>
    <trkpt lat="25.10248" lon="121.45466"/>
    <trkpt lat="25.10246" lon="121.45468"/>
    <trkpt lat="25.10243" lon="121.4547"/>
    <trkpt lat="25.10239" lon="121.45472"/>
    <trkpt lat="25.10236" lon="121.45472"/>
    <trkpt lat="25.10232" lon="121.45473"/>
    <trkpt lat="25.10228" lon="121.45472"/>
    <trkpt lat="25.10226" lon="121.45471"/>
    <trkpt lat="25.10221" lon="121.45469"/>
    <trkpt lat="25.10212" lon="121.45463"/>
    <trkpt lat="25.10195" lon="121.45455"/>
    <trkpt lat="25.10179" lon="121.45446"/>
    <trkpt lat="25.10175" lon="121.45443"/>
    <trkpt lat="25.10168" lon="121.45434"/>
    <trkpt lat="25.10166" lon="121.45433"/>
    <trkpt lat="25.10166" lon="121.45432"/>
    <trkpt lat="25.10162" lon="121.45433"/>
    <trkpt lat="25.1016" lon="121.45434"/>
    <trkpt lat="25.10154" lon="121.45439"/>
    <trkpt lat="25.1008" lon="121.45512"/>
    <trkpt lat="25.10079" lon="121.45513"/>
    <trkpt lat="25.10078" lon="121.45513"/>
    <trkpt lat="25.10077" lon="121.45513"/>
    <trkpt lat="25.10076" lon="121.45513"/>
    <trkpt lat="25.10075" lon="121.45512"/>
    <trkpt lat="25.10041" lon="121.45453"/>
    <trkpt lat="25.10039" lon="121.45447"/>
    <trkpt lat="25.10031" lon="121.45434"/>
    <trkpt lat="25.10026" lon="121.45427"/>
    <trkpt lat="25.10021" lon="121.4542"/>
    <trkpt lat="25.10014" lon="121.45414"/>
    <trkpt lat="25.10002" lon="121.45403"/>
    <trkpt lat="25.09994" lon="121.45395"/>
    <trkpt lat="25.09989" lon="121.45391"/>
    <trkpt lat="25.09988" lon="121.45391"/>
    <trkpt lat="25.09987" lon="121.4539"/>
    <trkpt lat="25.09986" lon="121.4539"/>
    <trkpt lat="25.09985" lon="121.4539"/>
    <trkpt lat="25.09984" lon="121.45389"/>
    <trkpt lat="25.09983" lon="121.4539"/>
    <trkpt lat="25.09982" lon="121.4539"/>
    <trkpt lat="25.09981" lon="121.4539"/>
    <trkpt lat="25.09979" lon="121.45391"/>
    <trkpt lat="25.09977" lon="121.45392"/>
    <trkpt lat="25.09974" lon="121.45394"/>
    <trkpt lat="25.0997" lon="121.45398"/>
    <trkpt lat="25.09966" lon="121.45402"/>
    <trkpt lat="25.09961" lon="121.45408"/>
    <trkpt lat="25.09951" lon="121.45422"/>
    <trkpt lat="25.09947" lon="121.45426"/>
    <trkpt lat="25.09944" lon="121.45429"/>
    <trkpt lat="25.09938" lon="121.45434"/>
    <trkpt lat="25.09932" lon="121.45421"/>
    <trkpt lat="25.09931" lon="121.4542"/>
    <trkpt lat="25.0993" lon="121.45418"/>
    <trkpt lat="25.09928" lon="121.45415"/>
    <trkpt lat="25.09925" lon="121.45412"/>
    <trkpt lat="25.09923" lon="121.45409"/>
    <trkpt lat="25.09922" lon="121.45409"/>
    <trkpt lat="25.09919" lon="121.45407"/>
    <trkpt lat="25.09915" lon="121.45406"/>
    <trkpt lat="25.09912" lon="121.45405"/>
    <trkpt lat="25.09905" lon="121.45403"/>
    <trkpt lat="25.09899" lon="121.45403"/>
    <trkpt lat="25.09888" lon="121.45402"/>
    <trkpt lat="25.09868" lon="121.45401"/>
    <trkpt lat="25.09859" lon="121.454"/>
    <trkpt lat="25.09847" lon="121.45399"/>
    <trkpt lat="25.09837" lon="121.45399"/>
    <trkpt lat="25.09831" lon="121.45399"/>
    <trkpt lat="25.09827" lon="121.45399"/>
    <trkpt lat="25.09825" lon="121.454"/>
    <trkpt lat="25.09823" lon="121.45401"/>
    <trkpt lat="25.09821" lon="121.45402"/>
    <trkpt lat="25.09821" lon="121.45403"/>
    <trkpt lat="25.09818" lon="121.45407"/>
    <trkpt lat="25.09815" lon="121.45412"/>
    <trkpt lat="25.09808" lon="121.45423"/>
    <trkpt lat="25.09805" lon="121.45428"/>
    <trkpt lat="25.09801" lon="121.45433"/>
    <trkpt lat="25.09798" lon="121.45437"/>
    <trkpt lat="25.09795" lon="121.45439"/>
    <trkpt lat="25.09793" lon="121.45441"/>
    <trkpt lat="25.09791" lon="121.45443"/>
    <trkpt lat="25.09785" lon="121.45447"/>
    <trkpt lat="25.09774" lon="121.45452"/>
    <trkpt lat="25.09764" lon="121.45456"/>
    <trkpt lat="25.0976" lon="121.45457"/>
    <trkpt lat="25.09757" lon="121.45458"/>
    <trkpt lat="25.09742" lon="121.45462"/>
    <trkpt lat="25.09729" lon="121.45464"/>
    <trkpt lat="25.09695" lon="121.4547"/>
    <trkpt lat="25.09676" lon="121.45474"/>
    <trkpt lat="25.09663" lon="121.45478"/>
    <trkpt lat="25.09645" lon="121.45483"/>
    <trkpt lat="25.09631" lon="121.45488"/>
    <trkpt lat="25.09618" lon="121.45492"/>
    <trkpt lat="25.09612" lon="121.45494"/>
    <trkpt lat="25.0961" lon="121.45495"/>
    <trkpt lat="25.09608" lon="121.45495"/>
    <trkpt lat="25.09606" lon="121.45495"/>
    <trkpt lat="25.09603" lon="121.45495"/>
    <trkpt lat="25.09582" lon="121.45491"/>
    <trkpt lat="25.09564" lon="121.45487"/>
    <trkpt lat="25.09533" lon="121.45482"/>
    <trkpt lat="25.09513" lon="121.45478"/>
    <trkpt lat="25.09506" lon="121.45477"/>
    <trkpt lat="25.09485" lon="121.45475"/>
    <trkpt lat="25.09483" lon="121.45475"/>
    <trkpt lat="25.09479" lon="121.45475"/>
    <trkpt lat="25.09473" lon="121.45475"/>
    <trkpt lat="25.09465" lon="121.45476"/>
    <trkpt lat="25.0946" lon="121.45476"/>
    <trkpt lat="25.09456" lon="121.45476"/>
    <trkpt lat="25.09447" lon="121.45473"/>
    <trkpt lat="25.09442" lon="121.45471"/>
    <trkpt lat="25.09412" lon="121.4546"/>
    <trkpt lat="25.09376" lon="121.45445"/>
    <trkpt lat="25.09326" lon="121.45425"/>
    <trkpt lat="25.09293" lon="121.45412"/>
    <trkpt lat="25.09262" lon="121.454"/>
    <trkpt lat="25.09258" lon="121.45398"/>
    <trkpt lat="25.09197" lon="121.45373"/>
    <trkpt lat="25.09159" lon="121.45357"/>
    <trkpt lat="25.09127" lon="121.45344"/>
    <trkpt lat="25.09123" lon="121.45352"/>
    <trkpt lat="25.0912" lon="121.45362"/>
    <trkpt lat="25.09118" lon="121.45369"/>
    <trkpt lat="25.0911" lon="121.45393"/>
    <trkpt lat="25.09102" lon="121.45388"/>
    <trkpt lat="25.09071" lon="121.45371"/>
    <trkpt lat="25.09042" lon="121.45356"/>
    <trkpt lat="25.0902" lon="121.45345"/>
    <trkpt lat="25.08981" lon="121.45328"/>
    <trkpt lat="25.08948" lon="121.45316"/>
    <trkpt lat="25.08927" lon="121.45309"/>
    <trkpt lat="25.08882" lon="121.45297"/>
    <trkpt lat="25.08879" lon="121.45296"/>
    <trkpt lat="25.08861" lon="121.4529"/>
    <trkpt lat="25.08845" lon="121.45285"/>
    <trkpt lat="25.08844" lon="121.45285"/>
    <trkpt lat="25.08828" lon="121.45278"/>
    <trkpt lat="25.08814" lon="121.45273"/>
    <trkpt lat="25.08795" lon="121.45267"/>
    <trkpt lat="25.08766" lon="121.45255"/>
    <trkpt lat="25.08746" lon="121.45245"/>
    <trkpt lat="25.08719" lon="121.45231"/>
    <trkpt lat="25.0871" lon="121.45226"/>
    <trkpt lat="25.08707" lon="121.45224"/>
    <trkpt lat="25.08696" lon="121.45218"/>
    <trkpt lat="25.08694" lon="121.45217"/>
    <trkpt lat="25.08689" lon="121.45215"/>
    <trkpt lat="25.08678" lon="121.45212"/>
    <trkpt lat="25.08677" lon="121.45211"/>
    <trkpt lat="25.08646" lon="121.45205"/>
    <trkpt lat="25.08629" lon="121.45202"/>
    <trkpt lat="25.08624" lon="121.45201"/>
    <trkpt lat="25.08616" lon="121.45199"/>
    <trkpt lat="25.08611" lon="121.45199"/>
    <trkpt lat="25.08604" lon="121.452"/>
    <trkpt lat="25.08589" lon="121.45202"/>
    <trkpt lat="25.08586" lon="121.45203"/>
    <trkpt lat="25.08581" lon="121.45204"/>
    <trkpt lat="25.08578" lon="121.45205"/>
    <trkpt lat="25.08576" lon="121.45207"/>
    <trkpt lat="25.08572" lon="121.45209"/>
    <trkpt lat="25.08572" lon="121.4521"/>
    <trkpt lat="25.08558" lon="121.45223"/>
    <trkpt lat="25.08548" lon="121.45233"/>
    <trkpt lat="25.08544" lon="121.45236"/>
    <trkpt lat="25.08532" lon="121.4525"/>
    <trkpt lat="25.08522" lon="121.4526"/>
    <trkpt lat="25.08519" lon="121.45264"/>
    <trkpt lat="25.08504" lon="121.4528"/>
    <trkpt lat="25.08487" lon="121.45302"/>
    <trkpt lat="25.08477" lon="121.45311"/>
    <trkpt lat="25.08465" lon="121.45321"/>
    <trkpt lat="25.08452" lon="121.45329"/>
    <trkpt lat="25.08437" lon="121.45372"/>
    <trkpt lat="25.08455" lon="121.45385"/>
    <trkpt lat="25.08466" lon="121.45393"/>
    <trkpt lat="25.08471" lon="121.45395"/>
    <trkpt lat="25.08477" lon="121.45398"/>
    <trkpt lat="25.08483" lon="121.454"/>
    <trkpt lat="25.08488" lon="121.45402"/>
    <trkpt lat="25.08489" lon="121.45403"/>
    <trkpt lat="25.0849" lon="121.45404"/>
    <trkpt lat="25.08494" lon="121.4541"/>
    <trkpt lat="25.085" lon="121.45418"/>
    <trkpt lat="25.08505" lon="121.45424"/>
    <trkpt lat="25.08509" lon="121.45426"/>
    <trkpt lat="25.08514" lon="121.45428"/>
    <trkpt lat="25.08518" lon="121.45429"/>
    <trkpt lat="25.08525" lon="121.45429"/>
    <trkpt lat="25.08528" lon="121.45429"/>
    <trkpt lat="25.08529" lon="121.45429"/>
    <trkpt lat="25.08532" lon="121.4543"/>
    <trkpt lat="25.08536" lon="121.45432"/>
    <trkpt lat="25.08545" lon="121.45438"/>
    <trkpt lat="25.08575" lon="121.45462"/>
    <trkpt lat="25.08584" lon="121.4547"/>
    <trkpt lat="25.08586" lon="121.45472"/>
    <trkpt lat="25.08587" lon="121.45472"/>
    <trkpt lat="25.08588" lon="121.45472"/>
    <trkpt lat="25.08589" lon="121.45472"/>
    <trkpt lat="25.0859" lon="121.45472"/>
    <trkpt lat="25.08591" lon="121.45472"/>
    <trkpt lat="25.08592" lon="121.45472"/>
    <trkpt lat="25.08595" lon="121.45471"/>
    <trkpt lat="25.08595" lon="121.4548"/>
    <trkpt lat="25.08601" lon="121.4548"/>
    <trkpt lat="25.08604" lon="121.4548"/>
    <trkpt lat="25.08607" lon="121.45481"/>
    <trkpt lat="25.08609" lon="121.45482"/>
    <trkpt lat="25.08613" lon="121.45486"/>
    <trkpt lat="25.08604" lon="121.45486"/>
    <trkpt lat="25.086" lon="121.45487"/>
    <trkpt lat="25.08594" lon="121.45488"/>
    <trkpt lat="25.08572" lon="121.45494"/>
    <trkpt lat="25.08569" lon="121.45495"/>
    <trkpt lat="25.08533" lon="121.45504"/>
    <trkpt lat="25.08531" lon="121.45505"/>
    <trkpt lat="25.08528" lon="121.45506"/>
    <trkpt lat="25.08525" lon="121.45506"/>
    <trkpt lat="25.08526" lon="121.45514"/>
    <trkpt lat="25.08526" lon="121.45518"/>
    <trkpt lat="25.08526" lon="121.45529"/>
    <trkpt lat="25.08526" lon="121.45532"/>
    <trkpt lat="25.08525" lon="121.45536"/>
    <trkpt lat="25.08525" lon="121.45552"/>
    <trkpt lat="25.08525" lon="121.45557"/>
    <trkpt lat="25.08525" lon="121.45562"/>
    <trkpt lat="25.08525" lon="121.45564"/>
    <trkpt lat="25.08525" lon="121.45565"/>
    <trkpt lat="25.08525" lon="121.45566"/>
    <trkpt lat="25.08525" lon="121.45585"/>
    <trkpt lat="25.08525" lon="121.45589"/>
    <trkpt lat="25.08525" lon="121.45618"/>
    <trkpt lat="25.08524" lon="121.45621"/>
    <trkpt lat="25.08523" lon="121.45622"/>
    <trkpt lat="25.08523" lon="121.45623"/>
    <trkpt lat="25.08522" lon="121.45624"/>
    <trkpt lat="25.08521" lon="121.45625"/>
    <trkpt lat="25.0852" lon="121.45626"/>
    <trkpt lat="25.08518" lon="121.45627"/>
    <trkpt lat="25.08518" lon="121.45633"/>
    <trkpt lat="25.08515" lon="121.45705"/>
    <trkpt lat="25.08515" lon="121.45721"/>
    <trkpt lat="25.08515" lon="121.45728"/>
    <trkpt lat="25.08515" lon="121.4573"/>
    <trkpt lat="25.08516" lon="121.45736"/>
    <trkpt lat="25.08516" lon="121.45743"/>
    <trkpt lat="25.08517" lon="121.45751"/>
    <trkpt lat="25.08518" lon="121.4576"/>
    <trkpt lat="25.08519" lon="121.45767"/>
    <trkpt lat="25.0852" lon="121.45771"/>
    <trkpt lat="25.08522" lon="121.45774"/>
    <trkpt lat="25.08523" lon="121.45777"/>
    <trkpt lat="25.08524" lon="121.45779"/>
    <trkpt lat="25.08529" lon="121.45784"/>
    <trkpt lat="25.08528" lon="121.45795"/>
    <trkpt lat="25.08529" lon="121.45799"/>
    <trkpt lat="25.0853" lon="121.45802"/>
    <trkpt lat="25.08534" lon="121.45815"/>
    <trkpt lat="25.08541" lon="121.45834"/>
    <trkpt lat="25.08547" lon="121.45848"/>
    <trkpt lat="25.08557" lon="121.45865"/>
    <trkpt lat="25.08578" lon="121.45904"/>
    <trkpt lat="25.08594" lon="121.45937"/>
    <trkpt lat="25.086" lon="121.45951"/>
    <trkpt lat="25.086" lon="121.45952"/>
    <trkpt lat="25.08634" lon="121.46019"/>
    <trkpt lat="25.08676" lon="121.46097"/>
    <trkpt lat="25.08709" lon="121.46164"/>
    <trkpt lat="25.0875" lon="121.46233"/>
    <trkpt lat="25.08781" lon="121.46288"/>
    <trkpt lat="25.08788" lon="121.46301"/>
    <trkpt lat="25.08796" lon="121.46296"/>
    <trkpt lat="25.08801" lon="121.46292"/>
    <trkpt lat="25.08804" lon="121.46289"/>
    <trkpt lat="25.08806" lon="121.46284"/>
    <trkpt lat="25.08811" lon="121.46266"/>
    <trkpt lat="25.08812" lon="121.46263"/>
    <trkpt lat="25.08813" lon="121.46261"/>
    <trkpt lat="25.08814" lon="121.4626"/>
    <trkpt lat="25.08815" lon="121.46259"/>
    <trkpt lat="25.08817" lon="121.4626"/>
    <trkpt lat="25.08818" lon="121.4626"/>
    <trkpt lat="25.0882" lon="121.4626"/>
    <trkpt lat="25.08822" lon="121.4626"/>
  </trkseg></trk>
</gpx>