<?xml version="1.0" ?>
<gpx xmlns="https://raw.githubusercontent.com/GIScience/openrouteservice-schema/main/gpx/v2/ors-gpx.xsd" version="1.1" creator="openrouteservice">
  <metadata>
    <name>openrouteservice directions</name>
    <desc>This is a directions instructions file as GPX, generated from openrouteservice</desc>
    <author>
      <name>openrouteservice</name>
      <email id="support" domain="openrouteservice.heigit.org"/>
      <link href="https://openrouteservice.org/">
        <text>https://openrouteservice.org/</text>
        <type>text/html</type>
      </link>
    </author>
    <copyright author="openrouteservice.org | OpenStreetMap contributors">
      <year>2026</year>
      <license>LGPL 3.0</license>
    </copyright>
    <time>2026-05-19T17:57:21.876Z</time>
    <bounds maxlat="24.556467" maxlon="120.704371" minlat="24.256417" minlon="120.523225"/>
    <extensions>
      <system-message/>
    </extensions>
  </metadata>
  <rte>
    <rtept lat="24.556004" lon="120.703474">
      <name/>
      <desc>Head northeast</desc>
      <extensions>
        <distance>19.4</distance>
        <duration>3.9</duration>
        <type>11</type>
        <step>0</step>
      </extensions>
    </rtept>
    <rtept lat="24.556156" lon="120.703569">
      <name/>
      <desc>Turn right</desc>
      <extensions>
        <distance>106.6</distance>
        <duration>27.4</duration>
        <type>1</type>
        <step>1</step>
      </extensions>
    </rtept>
    <rtept lat="24.556091" lon="120.703767">
      <name/>
      <desc>Turn right</desc>
      <extensions>
        <distance>106.6</distance>
        <duration>27.4</duration>
        <type>1</type>
        <step>1</step>
      </extensions>
    </rtept>
    <rtept lat="24.556103" lon="120.703797">
      <name/>
      <desc>Turn right</desc>
      <extensions>
        <distance>106.6</distance>
        <duration>27.4</duration>
        <type>1</type>
        <step>1</step>
      </extensions>
    </rtept>
    <rtept lat="24.556467" lon="120.704136">
      <name/>
      <desc>Turn right</desc>
      <extensions>
        <distance>106.6</distance>
        <duration>27.4</duration>
        <type>1</type>
        <step>1</step>
      </extensions>
    </rtept>
    <rtept lat="24.556463" lon="120.704236">
      <name/>
      <desc>Turn right</desc>
      <extensions>
        <distance>106.6</distance>
        <duration>27.4</duration>
        <type>1</type>
        <step>1</step>
      </extensions>
    </rtept>
    <rtept lat="24.556347" lon="120.704371">
      <name>中山路, 1</name>
      <desc>Turn right onto 中山路, 1</desc>
      <extensions>
        <distance>5823.0</distance>
        <duration>1164.6</duration>
        <type>1</type>
        <step>2</step>
      </extensions>
    </rtept>
    <rtept lat="24.554613" lon="120.70291">
      <name>中山路, 1</name>
      <desc>Turn right onto 中山路, 1</desc>
      <extensions>
        <distance>5823.0</distance>
        <duration>1164.6</duration>
        <type>1</type>
        <step>2</step>
      </extensions>
    </rtept>
    <rtept lat="24.553138" lon="120.701918">
      <name>中山路, 1</name>
      <desc>Turn right onto 中山路, 1</desc>
      <extensions>
        <distance>5823.0</distance>
        <duration>1164.6</duration>
        <type>1</type>
        <step>2</step>
      </extensions>
    </rtept>
    <rtept lat="24.552567" lon="120.701492">
      <name>中山路, 1</name>
      <desc>Turn right onto 中山路, 1</desc>
      <extensions>
        <distance>5823.0</distance>
        <duration>1164.6</duration>
        <type>1</type>
        <step>2</step>
      </extensions>
    </rtept>
    <rtept lat="24.55202" lon="120.701012">
      <name>中山路, 1</name>
      <desc>Turn right onto 中山路, 1</desc>
      <extensions>
        <distance>5823.0</distance>
        <duration>1164.6</duration>
        <type>1</type>
        <step>2</step>
      </extensions>
    </rtept>
    <rtept lat="24.551483" lon="120.700485">
      <name>中山路, 1</name>
      <desc>Turn right onto 中山路, 1</desc>
      <extensions>
        <distance>5823.0</distance>
        <duration>1164.6</duration>
        <type>1</type>
        <step>2</step>
      </extensions>
    </rtept>
    <rtept lat="24.550901" lon="120.699917">
      <name>中山路, 1</name>
      <desc>Turn right onto 中山路, 1</desc>
      <extensions>
        <distance>5823.0</distance>
        <duration>1164.6</duration>
        <type>1</type>
        <step>2</step>
      </extensions>
    </rtept>
    <rtept lat="24.550543" lon="120.699626">
      <name>中山路, 1</name>
      <desc>Turn right onto 中山路, 1</desc>
      <extensions>
        <distance>5823.0</distance>
        <duration>1164.6</duration>
        <type>1</type>
        <step>2</step>
      </extensions>
    </rtept>
    <rtept lat="24.550298" lon="120.699471">
      <name>中山路, 1</name>
      <desc>Turn right onto 中山路, 1</desc>
      <extensions>
        <distance>5823.0</distance>
        <duration>1164.6</duration>
        <type>1</type>
        <step>2</step>
      </extensions>
    </rtept>
    <rtept lat="24.550203" lon="120.699409">
      <name>中山路, 1</name>
      <desc>Turn right onto 中山路, 1</desc>
      <extensions>
        <distance>5823.0</distance>
        <duration>1164.6</duration>
        <type>1</type>
        <step>2</step>
      </extensions>
    </rtept>
    <rtept lat="24.5496" lon="120.699091">
      <name>中山路, 1</name>
      <desc>Turn right onto 中山路, 1</desc>
      <extensions>
        <distance>5823.0</distance>
        <duration>1164.6</duration>
        <type>1</type>
        <step>2</step>
      </extensions>
    </rtept>
    <rtept lat="24.54921" lon="120.698957">
      <name>中山路, 1</name>
      <desc>Turn right onto 中山路, 1</desc>
      <extensions>
        <distance>5823.0</distance>
        <duration>1164.6</duration>
        <type>1</type>
        <step>2</step>
      </extensions>
    </rtept>
    <rtept lat="24.548937" lon="120.698872">
      <name>中山路, 1</name>
      <desc>Turn right onto 中山路, 1</desc>
      <extensions>
        <distance>5823.0</distance>
        <duration>1164.6</duration>
        <type>1</type>
        <step>2</step>
      </extensions>
    </rtept>
    <rtept lat="24.5481" lon="120.698593">
      <name>中山路, 1</name>
      <desc>Turn right onto 中山路, 1</desc>
      <extensions>
        <distance>5823.0</distance>
        <duration>1164.6</duration>
        <type>1</type>
        <step>2</step>
      </extensions>
    </rtept>
    <rtept lat="24.546843" lon="120.698203">
      <name>中山路, 1</name>
      <desc>Turn right onto 中山路, 1</desc>
      <extensions>
        <distance>5823.0</distance>
        <duration>1164.6</duration>
        <type>1</type>
        <step>2</step>
      </extensions>
    </rtept>
    <rtept lat="24.545828" lon="120.697885">
      <name>中山路, 1</name>
      <desc>Turn right onto 中山路, 1</desc>
      <extensions>
        <distance>5823.0</distance>
        <duration>1164.6</duration>
        <type>1</type>
        <step>2</step>
      </extensions>
    </rtept>
    <rtept lat="24.545293" lon="120.697715">
      <name>中山路, 1</name>
      <desc>Turn right onto 中山路, 1</desc>
      <extensions>
        <distance>5823.0</distance>
        <duration>1164.6</duration>
        <type>1</type>
        <step>2</step>
      </extensions>
    </rtept>
    <rtept lat="24.544884" lon="120.697606">
      <name>中山路, 1</name>
      <desc>Turn right onto 中山路, 1</desc>
      <extensions>
        <distance>5823.0</distance>
        <duration>1164.6</duration>
        <type>1</type>
        <step>2</step>
      </extensions>
    </rtept>
    <rtept lat="24.544217" lon="120.697427">
      <name>中山路, 1</name>
      <desc>Turn right onto 中山路, 1</desc>
      <extensions>
        <distance>5823.0</distance>
        <duration>1164.6</duration>
        <type>1</type>
        <step>2</step>
      </extensions>
    </rtept>
    <rtept lat="24.544069" lon="120.697366">
      <name>中山路, 1</name>
      <desc>Turn right onto 中山路, 1</desc>
      <extensions>
        <distance>5823.0</distance>
        <duration>1164.6</duration>
        <type>1</type>
        <step>2</step>
      </extensions>
    </rtept>
    <rtept lat="24.543602" lon="120.697171">
      <name>中山路, 1</name>
      <desc>Turn right onto 中山路, 1</desc>
      <extensions>
        <distance>5823.0</distance>
        <duration>1164.6</duration>
        <type>1</type>
        <step>2</step>
      </extensions>
    </rtept>
    <rtept lat="24.543332" lon="120.697086">
      <name>中山路, 1</name>
      <desc>Turn right onto 中山路, 1</desc>
      <extensions>
        <distance>5823.0</distance>
        <duration>1164.6</duration>
        <type>1</type>
        <step>2</step>
      </extensions>
    </rtept>
    <rtept lat="24.543018" lon="120.69699">
      <name>中山路, 1</name>
      <desc>Turn right onto 中山路, 1</desc>
      <extensions>
        <distance>5823.0</distance>
        <duration>1164.6</duration>
        <type>1</type>
        <step>2</step>
      </extensions>
    </rtept>
    <rtept lat="24.542721" lon="120.69689">
      <name>中山路, 1</name>
      <desc>Turn right onto 中山路, 1</desc>
      <extensions>
        <distance>5823.0</distance>
        <duration>1164.6</duration>
        <type>1</type>
        <step>2</step>
      </extensions>
    </rtept>
    <rtept lat="24.54214" lon="120.696702">
      <name>中山路, 1</name>
      <desc>Turn right onto 中山路, 1</desc>
      <extensions>
        <distance>5823.0</distance>
        <duration>1164.6</duration>
        <type>1</type>
        <step>2</step>
      </extensions>
    </rtept>
    <rtept lat="24.539671" lon="120.695924">
      <name>中山路, 1</name>
      <desc>Turn right onto 中山路, 1</desc>
      <extensions>
        <distance>5823.0</distance>
        <duration>1164.6</duration>
        <type>1</type>
        <step>2</step>
      </extensions>
    </rtept>
    <rtept lat="24.539346" lon="120.695782">
      <name>中山路, 1</name>
      <desc>Turn right onto 中山路, 1</desc>
      <extensions>
        <distance>5823.0</distance>
        <duration>1164.6</duration>
        <type>1</type>
        <step>2</step>
      </extensions>
    </rtept>
    <rtept lat="24.539289" lon="120.695759">
      <name>中山路, 1</name>
      <desc>Turn right onto 中山路, 1</desc>
      <extensions>
        <distance>5823.0</distance>
        <duration>1164.6</duration>
        <type>1</type>
        <step>2</step>
      </extensions>
    </rtept>
    <rtept lat="24.538928" lon="120.695612">
      <name>中山路, 1</name>
      <desc>Turn right onto 中山路, 1</desc>
      <extensions>
        <distance>5823.0</distance>
        <duration>1164.6</duration>
        <type>1</type>
        <step>2</step>
      </extensions>
    </rtept>
    <rtept lat="24.538" lon="120.69523">
      <name>中山路, 1</name>
      <desc>Turn right onto 中山路, 1</desc>
      <extensions>
        <distance>5823.0</distance>
        <duration>1164.6</duration>
        <type>1</type>
        <step>2</step>
      </extensions>
    </rtept>
    <rtept lat="24.536948" lon="120.694872">
      <name>中山路, 1</name>
      <desc>Turn right onto 中山路, 1</desc>
      <extensions>
        <distance>5823.0</distance>
        <duration>1164.6</duration>
        <type>1</type>
        <step>2</step>
      </extensions>
    </rtept>
    <rtept lat="24.536699" lon="120.694765">
      <name>中山路, 1</name>
      <desc>Turn right onto 中山路, 1</desc>
      <extensions>
        <distance>5823.0</distance>
        <duration>1164.6</duration>
        <type>1</type>
        <step>2</step>
      </extensions>
    </rtept>
    <rtept lat="24.536465" lon="120.694682">
      <name>中山路, 1</name>
      <desc>Turn right onto 中山路, 1</desc>
      <extensions>
        <distance>5823.0</distance>
        <duration>1164.6</duration>
        <type>1</type>
        <step>2</step>
      </extensions>
    </rtept>
    <rtept lat="24.536196" lon="120.694618">
      <name>中山路, 1</name>
      <desc>Turn right onto 中山路, 1</desc>
      <extensions>
        <distance>5823.0</distance>
        <duration>1164.6</duration>
        <type>1</type>
        <step>2</step>
      </extensions>
    </rtept>
    <rtept lat="24.535073" lon="120.694354">
      <name>中山路, 1</name>
      <desc>Turn right onto 中山路, 1</desc>
      <extensions>
        <distance>5823.0</distance>
        <duration>1164.6</duration>
        <type>1</type>
        <step>2</step>
      </extensions>
    </rtept>
    <rtept lat="24.533388" lon="120.693957">
      <name>中山路, 1</name>
      <desc>Turn right onto 中山路, 1</desc>
      <extensions>
        <distance>5823.0</distance>
        <duration>1164.6</duration>
        <type>1</type>
        <step>2</step>
      </extensions>
    </rtept>
    <rtept lat="24.531668" lon="120.693654">
      <name>中山路, 1</name>
      <desc>Turn right onto 中山路, 1</desc>
      <extensions>
        <distance>5823.0</distance>
        <duration>1164.6</duration>
        <type>1</type>
        <step>2</step>
      </extensions>
    </rtept>
    <rtept lat="24.530223" lon="120.693378">
      <name>中山路, 1</name>
      <desc>Turn right onto 中山路, 1</desc>
      <extensions>
        <distance>5823.0</distance>
        <duration>1164.6</duration>
        <type>1</type>
        <step>2</step>
      </extensions>
    </rtept>
    <rtept lat="24.529664" lon="120.693291">
      <name>中山路, 1</name>
      <desc>Turn right onto 中山路, 1</desc>
      <extensions>
        <distance>5823.0</distance>
        <duration>1164.6</duration>
        <type>1</type>
        <step>2</step>
      </extensions>
    </rtept>
    <rtept lat="24.528752" lon="120.693148">
      <name>中山路, 1</name>
      <desc>Turn right onto 中山路, 1</desc>
      <extensions>
        <distance>5823.0</distance>
        <duration>1164.6</duration>
        <type>1</type>
        <step>2</step>
      </extensions>
    </rtept>
    <rtept lat="24.527564" lon="120.692854">
      <name>中山路, 1</name>
      <desc>Turn right onto 中山路, 1</desc>
      <extensions>
        <distance>5823.0</distance>
        <duration>1164.6</duration>
        <type>1</type>
        <step>2</step>
      </extensions>
    </rtept>
    <rtept lat="24.527331" lon="120.692816">
      <name>中山路, 1</name>
      <desc>Turn right onto 中山路, 1</desc>
      <extensions>
        <distance>5823.0</distance>
        <duration>1164.6</duration>
        <type>1</type>
        <step>2</step>
      </extensions>
    </rtept>
    <rtept lat="24.526592" lon="120.692695">
      <name>中山路, 1</name>
      <desc>Turn right onto 中山路, 1</desc>
      <extensions>
        <distance>5823.0</distance>
        <duration>1164.6</duration>
        <type>1</type>
        <step>2</step>
      </extensions>
    </rtept>
    <rtept lat="24.525668" lon="120.692592">
      <name>中山路, 1</name>
      <desc>Turn right onto 中山路, 1</desc>
      <extensions>
        <distance>5823.0</distance>
        <duration>1164.6</duration>
        <type>1</type>
        <step>2</step>
      </extensions>
    </rtept>
    <rtept lat="24.523727" lon="120.692374">
      <name>中山路, 1</name>
      <desc>Turn right onto 中山路, 1</desc>
      <extensions>
        <distance>5823.0</distance>
        <duration>1164.6</duration>
        <type>1</type>
        <step>2</step>
      </extensions>
    </rtept>
    <rtept lat="24.523107" lon="120.692304">
      <name>中山路, 1</name>
      <desc>Turn right onto 中山路, 1</desc>
      <extensions>
        <distance>5823.0</distance>
        <duration>1164.6</duration>
        <type>1</type>
        <step>2</step>
      </extensions>
    </rtept>
    <rtept lat="24.520691" lon="120.692045">
      <name>中山路, 1</name>
      <desc>Turn right onto 中山路, 1</desc>
      <extensions>
        <distance>5823.0</distance>
        <duration>1164.6</duration>
        <type>1</type>
        <step>2</step>
      </extensions>
    </rtept>
    <rtept lat="24.517006" lon="120.691648">
      <name>中山路, 1</name>
      <desc>Turn right onto 中山路, 1</desc>
      <extensions>
        <distance>5823.0</distance>
        <duration>1164.6</duration>
        <type>1</type>
        <step>2</step>
      </extensions>
    </rtept>
    <rtept lat="24.516583" lon="120.691595">
      <name>中山路, 1</name>
      <desc>Turn right onto 中山路, 1</desc>
      <extensions>
        <distance>5823.0</distance>
        <duration>1164.6</duration>
        <type>1</type>
        <step>2</step>
      </extensions>
    </rtept>
    <rtept lat="24.515541" lon="120.69133">
      <name>中山路, 1</name>
      <desc>Turn right onto 中山路, 1</desc>
      <extensions>
        <distance>5823.0</distance>
        <duration>1164.6</duration>
        <type>1</type>
        <step>2</step>
      </extensions>
    </rtept>
    <rtept lat="24.513987" lon="120.690928">
      <name>中山路, 1</name>
      <desc>Turn right onto 中山路, 1</desc>
      <extensions>
        <distance>5823.0</distance>
        <duration>1164.6</duration>
        <type>1</type>
        <step>2</step>
      </extensions>
    </rtept>
    <rtept lat="24.512967" lon="120.690649">
      <name>中山路, 1</name>
      <desc>Turn right onto 中山路, 1</desc>
      <extensions>
        <distance>5823.0</distance>
        <duration>1164.6</duration>
        <type>1</type>
        <step>2</step>
      </extensions>
    </rtept>
    <rtept lat="24.510107" lon="120.689913">
      <name>中山路, 1</name>
      <desc>Turn right onto 中山路, 1</desc>
      <extensions>
        <distance>5823.0</distance>
        <duration>1164.6</duration>
        <type>1</type>
        <step>2</step>
      </extensions>
    </rtept>
    <rtept lat="24.509854" lon="120.689842">
      <name>中山路, 1</name>
      <desc>Turn right onto 中山路, 1</desc>
      <extensions>
        <distance>5823.0</distance>
        <duration>1164.6</duration>
        <type>1</type>
        <step>2</step>
      </extensions>
    </rtept>
    <rtept lat="24.509543" lon="120.689755">
      <name>中山路, 1</name>
      <desc>Turn right onto 中山路, 1</desc>
      <extensions>
        <distance>5823.0</distance>
        <duration>1164.6</duration>
        <type>1</type>
        <step>2</step>
      </extensions>
    </rtept>
    <rtept lat="24.508678" lon="120.689532">
      <name>中山路, 1</name>
      <desc>Turn right onto 中山路, 1</desc>
      <extensions>
        <distance>5823.0</distance>
        <duration>1164.6</duration>
        <type>1</type>
        <step>2</step>
      </extensions>
    </rtept>
    <rtept lat="24.506643" lon="120.689011">
      <name>中山路</name>
      <desc>Keep right onto 中山路</desc>
      <extensions>
        <distance>301.6</distance>
        <duration>60.3</duration>
        <type>13</type>
        <step>3</step>
      </extensions>
    </rtept>
    <rtept lat="24.50646" lon="120.688871">
      <name>中山路</name>
      <desc>Keep right onto 中山路</desc>
      <extensions>
        <distance>301.6</distance>
        <duration>60.3</duration>
        <type>13</type>
        <step>3</step>
      </extensions>
    </rtept>
    <rtept lat="24.505349" lon="120.688302">
      <name>中山路</name>
      <desc>Keep right onto 中山路</desc>
      <extensions>
        <distance>301.6</distance>
        <duration>60.3</duration>
        <type>13</type>
        <step>3</step>
      </extensions>
    </rtept>
    <rtept lat="24.504748" lon="120.688035">
      <name>中山路</name>
      <desc>Keep right onto 中山路</desc>
      <extensions>
        <distance>301.6</distance>
        <duration>60.3</duration>
        <type>13</type>
        <step>3</step>
      </extensions>
    </rtept>
    <rtept lat="24.504173" lon="120.687795">
      <name>中山路, 苗37</name>
      <desc>Continue straight onto 中山路, 苗37</desc>
      <extensions>
        <distance>1730.4</distance>
        <duration>346.1</duration>
        <type>6</type>
        <step>4</step>
      </extensions>
    </rtept>
    <rtept lat="24.503789" lon="120.687621">
      <name>中山路, 苗37</name>
      <desc>Continue straight onto 中山路, 苗37</desc>
      <extensions>
        <distance>1730.4</distance>
        <duration>346.1</duration>
        <type>6</type>
        <step>4</step>
      </extensions>
    </rtept>
    <rtept lat="24.503505" lon="120.687456">
      <name>中山路, 苗37</name>
      <desc>Continue straight onto 中山路, 苗37</desc>
      <extensions>
        <distance>1730.4</distance>
        <duration>346.1</duration>
        <type>6</type>
        <step>4</step>
      </extensions>
    </rtept>
    <rtept lat="24.501755" lon="120.686745">
      <name>中山路, 苗37</name>
      <desc>Continue straight onto 中山路, 苗37</desc>
      <extensions>
        <distance>1730.4</distance>
        <duration>346.1</duration>
        <type>6</type>
        <step>4</step>
      </extensions>
    </rtept>
    <rtept lat="24.50124" lon="120.686495">
      <name>中山路, 苗37</name>
      <desc>Continue straight onto 中山路, 苗37</desc>
      <extensions>
        <distance>1730.4</distance>
        <duration>346.1</duration>
        <type>6</type>
        <step>4</step>
      </extensions>
    </rtept>
    <rtept lat="24.499307" lon="120.685342">
      <name>中山路, 苗37</name>
      <desc>Continue straight onto 中山路, 苗37</desc>
      <extensions>
        <distance>1730.4</distance>
        <duration>346.1</duration>
        <type>6</type>
        <step>4</step>
      </extensions>
    </rtept>
    <rtept lat="24.496927" lon="120.683502">
      <name>中山路, 苗37</name>
      <desc>Continue straight onto 中山路, 苗37</desc>
      <extensions>
        <distance>1730.4</distance>
        <duration>346.1</duration>
        <type>6</type>
        <step>4</step>
      </extensions>
    </rtept>
    <rtept lat="24.49648" lon="120.683145">
      <name>中山路, 苗37</name>
      <desc>Continue straight onto 中山路, 苗37</desc>
      <extensions>
        <distance>1730.4</distance>
        <duration>346.1</duration>
        <type>6</type>
        <step>4</step>
      </extensions>
    </rtept>
    <rtept lat="24.495189" lon="120.682113">
      <name>中山路, 苗37</name>
      <desc>Continue straight onto 中山路, 苗37</desc>
      <extensions>
        <distance>1730.4</distance>
        <duration>346.1</duration>
        <type>6</type>
        <step>4</step>
      </extensions>
    </rtept>
    <rtept lat="24.49442" lon="120.681482">
      <name>中山路, 苗37</name>
      <desc>Continue straight onto 中山路, 苗37</desc>
      <extensions>
        <distance>1730.4</distance>
        <duration>346.1</duration>
        <type>6</type>
        <step>4</step>
      </extensions>
    </rtept>
    <rtept lat="24.494188" lon="120.681252">
      <name>中山路, 苗37</name>
      <desc>Continue straight onto 中山路, 苗37</desc>
      <extensions>
        <distance>1730.4</distance>
        <duration>346.1</duration>
        <type>6</type>
        <step>4</step>
      </extensions>
    </rtept>
    <rtept lat="24.493227" lon="120.680206">
      <name>中山路, 苗37</name>
      <desc>Continue straight onto 中山路, 苗37</desc>
      <extensions>
        <distance>1730.4</distance>
        <duration>346.1</duration>
        <type>6</type>
        <step>4</step>
      </extensions>
    </rtept>
    <rtept lat="24.493053" lon="120.680077">
      <name>中山路, 苗37</name>
      <desc>Continue straight onto 中山路, 苗37</desc>
      <extensions>
        <distance>1730.4</distance>
        <duration>346.1</duration>
        <type>6</type>
        <step>4</step>
      </extensions>
    </rtept>
    <rtept lat="24.492858" lon="120.67998">
      <name>中山路, 苗37</name>
      <desc>Continue straight onto 中山路, 苗37</desc>
      <extensions>
        <distance>1730.4</distance>
        <duration>346.1</duration>
        <type>6</type>
        <step>4</step>
      </extensions>
    </rtept>
    <rtept lat="24.492084" lon="120.679661">
      <name>中山路, 苗37</name>
      <desc>Continue straight onto 中山路, 苗37</desc>
      <extensions>
        <distance>1730.4</distance>
        <duration>346.1</duration>
        <type>6</type>
        <step>4</step>
      </extensions>
    </rtept>
    <rtept lat="24.491856" lon="120.67951">
      <name>中山路, 苗37</name>
      <desc>Continue straight onto 中山路, 苗37</desc>
      <extensions>
        <distance>1730.4</distance>
        <duration>346.1</duration>
        <type>6</type>
        <step>4</step>
      </extensions>
    </rtept>
    <rtept lat="24.491412" lon="120.679155">
      <name>中山路, 苗37</name>
      <desc>Continue straight onto 中山路, 苗37</desc>
      <extensions>
        <distance>1730.4</distance>
        <duration>346.1</duration>
        <type>6</type>
        <step>4</step>
      </extensions>
    </rtept>
    <rtept lat="24.491163" lon="120.678943">
      <name>中山路, 苗37</name>
      <desc>Continue straight onto 中山路, 苗37</desc>
      <extensions>
        <distance>1730.4</distance>
        <duration>346.1</duration>
        <type>6</type>
        <step>4</step>
      </extensions>
    </rtept>
    <rtept lat="24.491048" lon="120.678871">
      <name>中山路, 121</name>
      <desc>Turn slight left onto 中山路, 121</desc>
      <extensions>
        <distance>305.4</distance>
        <duration>61.1</duration>
        <type>4</type>
        <step>5</step>
      </extensions>
    </rtept>
    <rtept lat="24.489749" lon="120.678421">
      <name>中山路, 121</name>
      <desc>Turn slight left onto 中山路, 121</desc>
      <extensions>
        <distance>305.4</distance>
        <duration>61.1</duration>
        <type>4</type>
        <step>5</step>
      </extensions>
    </rtept>
    <rtept lat="24.489298" lon="120.67826">
      <name>中山路, 121</name>
      <desc>Turn slight left onto 中山路, 121</desc>
      <extensions>
        <distance>305.4</distance>
        <duration>61.1</duration>
        <type>4</type>
        <step>5</step>
      </extensions>
    </rtept>
    <rtept lat="24.489127" lon="120.67822">
      <name>中山路, 121</name>
      <desc>Turn slight left onto 中山路, 121</desc>
      <extensions>
        <distance>305.4</distance>
        <duration>61.1</duration>
        <type>4</type>
        <step>5</step>
      </extensions>
    </rtept>
    <rtept lat="24.488905" lon="120.678163">
      <name>中山路, 121</name>
      <desc>Turn slight left onto 中山路, 121</desc>
      <extensions>
        <distance>305.4</distance>
        <duration>61.1</duration>
        <type>4</type>
        <step>5</step>
      </extensions>
    </rtept>
    <rtept lat="24.4884" lon="120.67821">
      <name>中山路, 苗37</name>
      <desc>Continue straight onto 中山路, 苗37</desc>
      <extensions>
        <distance>1130.5</distance>
        <duration>226.1</duration>
        <type>6</type>
        <step>6</step>
      </extensions>
    </rtept>
    <rtept lat="24.487434" lon="120.678355">
      <name>中山路, 苗37</name>
      <desc>Continue straight onto 中山路, 苗37</desc>
      <extensions>
        <distance>1130.5</distance>
        <duration>226.1</duration>
        <type>6</type>
        <step>6</step>
      </extensions>
    </rtept>
    <rtept lat="24.487175" lon="120.678393">
      <name>中山路, 苗37</name>
      <desc>Continue straight onto 中山路, 苗37</desc>
      <extensions>
        <distance>1130.5</distance>
        <duration>226.1</duration>
        <type>6</type>
        <step>6</step>
      </extensions>
    </rtept>
    <rtept lat="24.48696" lon="120.678396">
      <name>中山路, 苗37</name>
      <desc>Continue straight onto 中山路, 苗37</desc>
      <extensions>
        <distance>1130.5</distance>
        <duration>226.1</duration>
        <type>6</type>
        <step>6</step>
      </extensions>
    </rtept>
    <rtept lat="24.486796" lon="120.678369">
      <name>中山路, 苗37</name>
      <desc>Continue straight onto 中山路, 苗37</desc>
      <extensions>
        <distance>1130.5</distance>
        <duration>226.1</duration>
        <type>6</type>
        <step>6</step>
      </extensions>
    </rtept>
    <rtept lat="24.486427" lon="120.678157">
      <name>中山路, 苗37</name>
      <desc>Continue straight onto 中山路, 苗37</desc>
      <extensions>
        <distance>1130.5</distance>
        <duration>226.1</duration>
        <type>6</type>
        <step>6</step>
      </extensions>
    </rtept>
    <rtept lat="24.485969" lon="120.677604">
      <name>中山路, 苗37</name>
      <desc>Continue straight onto 中山路, 苗37</desc>
      <extensions>
        <distance>1130.5</distance>
        <duration>226.1</duration>
        <type>6</type>
        <step>6</step>
      </extensions>
    </rtept>
    <rtept lat="24.485312" lon="120.676624">
      <name>中山路, 苗37</name>
      <desc>Continue straight onto 中山路, 苗37</desc>
      <extensions>
        <distance>1130.5</distance>
        <duration>226.1</duration>
        <type>6</type>
        <step>6</step>
      </extensions>
    </rtept>
    <rtept lat="24.485" lon="120.676258">
      <name>中山路, 苗37</name>
      <desc>Continue straight onto 中山路, 苗37</desc>
      <extensions>
        <distance>1130.5</distance>
        <duration>226.1</duration>
        <type>6</type>
        <step>6</step>
      </extensions>
    </rtept>
    <rtept lat="24.484733" lon="120.676036">
      <name>中山路, 苗37</name>
      <desc>Continue straight onto 中山路, 苗37</desc>
      <extensions>
        <distance>1130.5</distance>
        <duration>226.1</duration>
        <type>6</type>
        <step>6</step>
      </extensions>
    </rtept>
    <rtept lat="24.484458" lon="120.675849">
      <name>中山路, 苗37</name>
      <desc>Continue straight onto 中山路, 苗37</desc>
      <extensions>
        <distance>1130.5</distance>
        <duration>226.1</duration>
        <type>6</type>
        <step>6</step>
      </extensions>
    </rtept>
    <rtept lat="24.484141" lon="120.675716">
      <name>中山路, 苗37</name>
      <desc>Continue straight onto 中山路, 苗37</desc>
      <extensions>
        <distance>1130.5</distance>
        <duration>226.1</duration>
        <type>6</type>
        <step>6</step>
      </extensions>
    </rtept>
    <rtept lat="24.483833" lon="120.675643">
      <name>中山路, 苗37</name>
      <desc>Continue straight onto 中山路, 苗37</desc>
      <extensions>
        <distance>1130.5</distance>
        <duration>226.1</duration>
        <type>6</type>
        <step>6</step>
      </extensions>
    </rtept>
    <rtept lat="24.48361" lon="120.675623">
      <name>中山路, 苗37</name>
      <desc>Continue straight onto 中山路, 苗37</desc>
      <extensions>
        <distance>1130.5</distance>
        <duration>226.1</duration>
        <type>6</type>
        <step>6</step>
      </extensions>
    </rtept>
    <rtept lat="24.48182" lon="120.675631">
      <name>中山路, 苗37</name>
      <desc>Continue straight onto 中山路, 苗37</desc>
      <extensions>
        <distance>1130.5</distance>
        <duration>226.1</duration>
        <type>6</type>
        <step>6</step>
      </extensions>
    </rtept>
    <rtept lat="24.480712" lon="120.675656">
      <name>中山路, 苗37</name>
      <desc>Continue straight onto 中山路, 苗37</desc>
      <extensions>
        <distance>1130.5</distance>
        <duration>226.1</duration>
        <type>6</type>
        <step>6</step>
      </extensions>
    </rtept>
    <rtept lat="24.480216" lon="120.675655">
      <name>中山路, 苗37</name>
      <desc>Continue straight onto 中山路, 苗37</desc>
      <extensions>
        <distance>1130.5</distance>
        <duration>226.1</duration>
        <type>6</type>
        <step>6</step>
      </extensions>
    </rtept>
    <rtept lat="24.479628" lon="120.675497">
      <name>中山路, 苗37</name>
      <desc>Continue straight onto 中山路, 苗37</desc>
      <extensions>
        <distance>1130.5</distance>
        <duration>226.1</duration>
        <type>6</type>
        <step>6</step>
      </extensions>
    </rtept>
    <rtept lat="24.479299" lon="120.675358">
      <name>中山路, 1</name>
      <desc>Turn slight right onto 中山路, 1</desc>
      <extensions>
        <distance>3776.0</distance>
        <duration>755.2</duration>
        <type>5</type>
        <step>7</step>
      </extensions>
    </rtept>
    <rtept lat="24.479096" lon="120.675159">
      <name>中山路, 1</name>
      <desc>Turn slight right onto 中山路, 1</desc>
      <extensions>
        <distance>3776.0</distance>
        <duration>755.2</duration>
        <type>5</type>
        <step>7</step>
      </extensions>
    </rtept>
    <rtept lat="24.47873" lon="120.674837">
      <name>中山路, 1</name>
      <desc>Turn slight right onto 中山路, 1</desc>
      <extensions>
        <distance>3776.0</distance>
        <duration>755.2</duration>
        <type>5</type>
        <step>7</step>
      </extensions>
    </rtept>
    <rtept lat="24.478339" lon="120.674483">
      <name>中山路, 1</name>
      <desc>Turn slight right onto 中山路, 1</desc>
      <extensions>
        <distance>3776.0</distance>
        <duration>755.2</duration>
        <type>5</type>
        <step>7</step>
      </extensions>
    </rtept>
    <rtept lat="24.478034" lon="120.674276">
      <name>中山路, 1</name>
      <desc>Turn slight right onto 中山路, 1</desc>
      <extensions>
        <distance>3776.0</distance>
        <duration>755.2</duration>
        <type>5</type>
        <step>7</step>
      </extensions>
    </rtept>
    <rtept lat="24.477087" lon="120.673775">
      <name>中山路, 1</name>
      <desc>Turn slight right onto 中山路, 1</desc>
      <extensions>
        <distance>3776.0</distance>
        <duration>755.2</duration>
        <type>5</type>
        <step>7</step>
      </extensions>
    </rtept>
    <rtept lat="24.47626" lon="120.673335">
      <name>中山路, 1</name>
      <desc>Turn slight right onto 中山路, 1</desc>
      <extensions>
        <distance>3776.0</distance>
        <duration>755.2</duration>
        <type>5</type>
        <step>7</step>
      </extensions>
    </rtept>
    <rtept lat="24.47548" lon="120.672861">
      <name>中山路, 1</name>
      <desc>Turn slight right onto 中山路, 1</desc>
      <extensions>
        <distance>3776.0</distance>
        <duration>755.2</duration>
        <type>5</type>
        <step>7</step>
      </extensions>
    </rtept>
    <rtept lat="24.475177" lon="120.67264">
      <name>中山路, 1</name>
      <desc>Turn slight right onto 中山路, 1</desc>
      <extensions>
        <distance>3776.0</distance>
        <duration>755.2</duration>
        <type>5</type>
        <step>7</step>
      </extensions>
    </rtept>
    <rtept lat="24.474909" lon="120.672455">
      <name>中山路, 1</name>
      <desc>Turn slight right onto 中山路, 1</desc>
      <extensions>
        <distance>3776.0</distance>
        <duration>755.2</duration>
        <type>5</type>
        <step>7</step>
      </extensions>
    </rtept>
    <rtept lat="24.474383" lon="120.672041">
      <name>中山路, 1</name>
      <desc>Turn slight right onto 中山路, 1</desc>
      <extensions>
        <distance>3776.0</distance>
        <duration>755.2</duration>
        <type>5</type>
        <step>7</step>
      </extensions>
    </rtept>
    <rtept lat="24.474053" lon="120.671708">
      <name>中山路, 1</name>
      <desc>Turn slight right onto 中山路, 1</desc>
      <extensions>
        <distance>3776.0</distance>
        <duration>755.2</duration>
        <type>5</type>
        <step>7</step>
      </extensions>
    </rtept>
    <rtept lat="24.473362" lon="120.670766">
      <name>中山路, 1</name>
      <desc>Turn slight right onto 中山路, 1</desc>
      <extensions>
        <distance>3776.0</distance>
        <duration>755.2</duration>
        <type>5</type>
        <step>7</step>
      </extensions>
    </rtept>
    <rtept lat="24.472722" lon="120.669834">
      <name>中山路, 1</name>
      <desc>Turn slight right onto 中山路, 1</desc>
      <extensions>
        <distance>3776.0</distance>
        <duration>755.2</duration>
        <type>5</type>
        <step>7</step>
      </extensions>
    </rtept>
    <rtept lat="24.471926" lon="120.668694">
      <name>中山路, 1</name>
      <desc>Turn slight right onto 中山路, 1</desc>
      <extensions>
        <distance>3776.0</distance>
        <duration>755.2</duration>
        <type>5</type>
        <step>7</step>
      </extensions>
    </rtept>
    <rtept lat="24.471733" lon="120.668428">
      <name>中山路, 1</name>
      <desc>Turn slight right onto 中山路, 1</desc>
      <extensions>
        <distance>3776.0</distance>
        <duration>755.2</duration>
        <type>5</type>
        <step>7</step>
      </extensions>
    </rtept>
    <rtept lat="24.471272" lon="120.667779">
      <name>中山路, 1</name>
      <desc>Turn slight right onto 中山路, 1</desc>
      <extensions>
        <distance>3776.0</distance>
        <duration>755.2</duration>
        <type>5</type>
        <step>7</step>
      </extensions>
    </rtept>
    <rtept lat="24.470745" lon="120.667102">
      <name>中山路, 1</name>
      <desc>Turn slight right onto 中山路, 1</desc>
      <extensions>
        <distance>3776.0</distance>
        <duration>755.2</duration>
        <type>5</type>
        <step>7</step>
      </extensions>
    </rtept>
    <rtept lat="24.470393" lon="120.666745">
      <name>中山路, 1</name>
      <desc>Turn slight right onto 中山路, 1</desc>
      <extensions>
        <distance>3776.0</distance>
        <duration>755.2</duration>
        <type>5</type>
        <step>7</step>
      </extensions>
    </rtept>
    <rtept lat="24.470035" lon="120.666426">
      <name>中山路, 1</name>
      <desc>Turn slight right onto 中山路, 1</desc>
      <extensions>
        <distance>3776.0</distance>
        <duration>755.2</duration>
        <type>5</type>
        <step>7</step>
      </extensions>
    </rtept>
    <rtept lat="24.469657" lon="120.666163">
      <name>中山路, 1</name>
      <desc>Turn slight right onto 中山路, 1</desc>
      <extensions>
        <distance>3776.0</distance>
        <duration>755.2</duration>
        <type>5</type>
        <step>7</step>
      </extensions>
    </rtept>
    <rtept lat="24.468702" lon="120.66574">
      <name>中山路, 1</name>
      <desc>Turn slight right onto 中山路, 1</desc>
      <extensions>
        <distance>3776.0</distance>
        <duration>755.2</duration>
        <type>5</type>
        <step>7</step>
      </extensions>
    </rtept>
    <rtept lat="24.468145" lon="120.665475">
      <name>中山路, 1</name>
      <desc>Turn slight right onto 中山路, 1</desc>
      <extensions>
        <distance>3776.0</distance>
        <duration>755.2</duration>
        <type>5</type>
        <step>7</step>
      </extensions>
    </rtept>
    <rtept lat="24.467859" lon="120.665314">
      <name>中山路, 1</name>
      <desc>Turn slight right onto 中山路, 1</desc>
      <extensions>
        <distance>3776.0</distance>
        <duration>755.2</duration>
        <type>5</type>
        <step>7</step>
      </extensions>
    </rtept>
    <rtept lat="24.466919" lon="120.664713">
      <name>中山路, 1</name>
      <desc>Turn slight right onto 中山路, 1</desc>
      <extensions>
        <distance>3776.0</distance>
        <duration>755.2</duration>
        <type>5</type>
        <step>7</step>
      </extensions>
    </rtept>
    <rtept lat="24.466426" lon="120.664445">
      <name>中山路, 1</name>
      <desc>Turn slight right onto 中山路, 1</desc>
      <extensions>
        <distance>3776.0</distance>
        <duration>755.2</duration>
        <type>5</type>
        <step>7</step>
      </extensions>
    </rtept>
    <rtept lat="24.466061" lon="120.664264">
      <name>中山路, 1</name>
      <desc>Turn slight right onto 中山路, 1</desc>
      <extensions>
        <distance>3776.0</distance>
        <duration>755.2</duration>
        <type>5</type>
        <step>7</step>
      </extensions>
    </rtept>
    <rtept lat="24.465671" lon="120.664079">
      <name>中山路, 1</name>
      <desc>Turn slight right onto 中山路, 1</desc>
      <extensions>
        <distance>3776.0</distance>
        <duration>755.2</duration>
        <type>5</type>
        <step>7</step>
      </extensions>
    </rtept>
    <rtept lat="24.465168" lon="120.663904">
      <name>中山路, 1</name>
      <desc>Turn slight right onto 中山路, 1</desc>
      <extensions>
        <distance>3776.0</distance>
        <duration>755.2</duration>
        <type>5</type>
        <step>7</step>
      </extensions>
    </rtept>
    <rtept lat="24.46466" lon="120.663733">
      <name>中山路, 1</name>
      <desc>Turn slight right onto 中山路, 1</desc>
      <extensions>
        <distance>3776.0</distance>
        <duration>755.2</duration>
        <type>5</type>
        <step>7</step>
      </extensions>
    </rtept>
    <rtept lat="24.464047" lon="120.663619">
      <name>中山路, 1</name>
      <desc>Turn slight right onto 中山路, 1</desc>
      <extensions>
        <distance>3776.0</distance>
        <duration>755.2</duration>
        <type>5</type>
        <step>7</step>
      </extensions>
    </rtept>
    <rtept lat="24.463766" lon="120.663556">
      <name>中山路, 1</name>
      <desc>Turn slight right onto 中山路, 1</desc>
      <extensions>
        <distance>3776.0</distance>
        <duration>755.2</duration>
        <type>5</type>
        <step>7</step>
      </extensions>
    </rtept>
    <rtept lat="24.462119" lon="120.66325">
      <name>中山路, 1</name>
      <desc>Turn slight right onto 中山路, 1</desc>
      <extensions>
        <distance>3776.0</distance>
        <duration>755.2</duration>
        <type>5</type>
        <step>7</step>
      </extensions>
    </rtept>
    <rtept lat="24.461375" lon="120.663121">
      <name>中山路, 1</name>
      <desc>Turn slight right onto 中山路, 1</desc>
      <extensions>
        <distance>3776.0</distance>
        <duration>755.2</duration>
        <type>5</type>
        <step>7</step>
      </extensions>
    </rtept>
    <rtept lat="24.46063" lon="120.662993">
      <name>中山路, 1</name>
      <desc>Turn slight right onto 中山路, 1</desc>
      <extensions>
        <distance>3776.0</distance>
        <duration>755.2</duration>
        <type>5</type>
        <step>7</step>
      </extensions>
    </rtept>
    <rtept lat="24.459262" lon="120.662732">
      <name>中山路, 1</name>
      <desc>Turn slight right onto 中山路, 1</desc>
      <extensions>
        <distance>3776.0</distance>
        <duration>755.2</duration>
        <type>5</type>
        <step>7</step>
      </extensions>
    </rtept>
    <rtept lat="24.45903" lon="120.662653">
      <name>中山路, 1</name>
      <desc>Turn slight right onto 中山路, 1</desc>
      <extensions>
        <distance>3776.0</distance>
        <duration>755.2</duration>
        <type>5</type>
        <step>7</step>
      </extensions>
    </rtept>
    <rtept lat="24.4588" lon="120.662537">
      <name>中山路, 1</name>
      <desc>Turn slight right onto 中山路, 1</desc>
      <extensions>
        <distance>3776.0</distance>
        <duration>755.2</duration>
        <type>5</type>
        <step>7</step>
      </extensions>
    </rtept>
    <rtept lat="24.458471" lon="120.662314">
      <name>中山路, 1</name>
      <desc>Turn slight right onto 中山路, 1</desc>
      <extensions>
        <distance>3776.0</distance>
        <duration>755.2</duration>
        <type>5</type>
        <step>7</step>
      </extensions>
    </rtept>
    <rtept lat="24.458025" lon="120.661952">
      <name>中山路, 1</name>
      <desc>Turn slight right onto 中山路, 1</desc>
      <extensions>
        <distance>3776.0</distance>
        <duration>755.2</duration>
        <type>5</type>
        <step>7</step>
      </extensions>
    </rtept>
    <rtept lat="24.457642" lon="120.661672">
      <name>中山路, 1</name>
      <desc>Turn slight right onto 中山路, 1</desc>
      <extensions>
        <distance>3776.0</distance>
        <duration>755.2</duration>
        <type>5</type>
        <step>7</step>
      </extensions>
    </rtept>
    <rtept lat="24.457571" lon="120.66161">
      <name>中山路, 1</name>
      <desc>Turn slight right onto 中山路, 1</desc>
      <extensions>
        <distance>3776.0</distance>
        <duration>755.2</duration>
        <type>5</type>
        <step>7</step>
      </extensions>
    </rtept>
    <rtept lat="24.457391" lon="120.661456">
      <name>中山路, 1</name>
      <desc>Turn slight right onto 中山路, 1</desc>
      <extensions>
        <distance>3776.0</distance>
        <duration>755.2</duration>
        <type>5</type>
        <step>7</step>
      </extensions>
    </rtept>
    <rtept lat="24.457212" lon="120.66127">
      <name>中山路, 1</name>
      <desc>Turn slight right onto 中山路, 1</desc>
      <extensions>
        <distance>3776.0</distance>
        <duration>755.2</duration>
        <type>5</type>
        <step>7</step>
      </extensions>
    </rtept>
    <rtept lat="24.456818" lon="120.660795">
      <name>中山路, 1</name>
      <desc>Turn slight right onto 中山路, 1</desc>
      <extensions>
        <distance>3776.0</distance>
        <duration>755.2</duration>
        <type>5</type>
        <step>7</step>
      </extensions>
    </rtept>
    <rtept lat="24.456523" lon="120.660463">
      <name>中山路, 1</name>
      <desc>Turn slight right onto 中山路, 1</desc>
      <extensions>
        <distance>3776.0</distance>
        <duration>755.2</duration>
        <type>5</type>
        <step>7</step>
      </extensions>
    </rtept>
    <rtept lat="24.45633" lon="120.660304">
      <name>中山路, 1</name>
      <desc>Turn slight right onto 中山路, 1</desc>
      <extensions>
        <distance>3776.0</distance>
        <duration>755.2</duration>
        <type>5</type>
        <step>7</step>
      </extensions>
    </rtept>
    <rtept lat="24.454923" lon="120.659339">
      <name>中山路, 1</name>
      <desc>Turn slight right onto 中山路, 1</desc>
      <extensions>
        <distance>3776.0</distance>
        <duration>755.2</duration>
        <type>5</type>
        <step>7</step>
      </extensions>
    </rtept>
    <rtept lat="24.454384" lon="120.658992">
      <name>中山路, 1</name>
      <desc>Turn slight right onto 中山路, 1</desc>
      <extensions>
        <distance>3776.0</distance>
        <duration>755.2</duration>
        <type>5</type>
        <step>7</step>
      </extensions>
    </rtept>
    <rtept lat="24.453952" lon="120.658588">
      <name>中山路, 1</name>
      <desc>Turn slight right onto 中山路, 1</desc>
      <extensions>
        <distance>3776.0</distance>
        <duration>755.2</duration>
        <type>5</type>
        <step>7</step>
      </extensions>
    </rtept>
    <rtept lat="24.452599" lon="120.657926">
      <name>中山路, 1</name>
      <desc>Turn slight right onto 中山路, 1</desc>
      <extensions>
        <distance>3776.0</distance>
        <duration>755.2</duration>
        <type>5</type>
        <step>7</step>
      </extensions>
    </rtept>
    <rtept lat="24.452085" lon="120.657701">
      <name>中山路, 1</name>
      <desc>Turn slight right onto 中山路, 1</desc>
      <extensions>
        <distance>3776.0</distance>
        <duration>755.2</duration>
        <type>5</type>
        <step>7</step>
      </extensions>
    </rtept>
    <rtept lat="24.45146" lon="120.657374">
      <name>中山路, 1</name>
      <desc>Turn slight right onto 中山路, 1</desc>
      <extensions>
        <distance>3776.0</distance>
        <duration>755.2</duration>
        <type>5</type>
        <step>7</step>
      </extensions>
    </rtept>
    <rtept lat="24.45118" lon="120.657218">
      <name>中山路, 1</name>
      <desc>Turn slight right onto 中山路, 1</desc>
      <extensions>
        <distance>3776.0</distance>
        <duration>755.2</duration>
        <type>5</type>
        <step>7</step>
      </extensions>
    </rtept>
    <rtept lat="24.451016" lon="120.657087">
      <name>中山路, 1</name>
      <desc>Turn slight right onto 中山路, 1</desc>
      <extensions>
        <distance>3776.0</distance>
        <duration>755.2</duration>
        <type>5</type>
        <step>7</step>
      </extensions>
    </rtept>
    <rtept lat="24.450845" lon="120.656921">
      <name>中山路</name>
      <desc>Turn left onto 中山路</desc>
      <extensions>
        <distance>10.1</distance>
        <duration>2.0</duration>
        <type>0</type>
        <step>8</step>
      </extensions>
    </rtept>
    <rtept lat="24.450763" lon="120.656963">
      <name>中山路</name>
      <desc>Turn right onto 中山路</desc>
      <extensions>
        <distance>657.6</distance>
        <duration>131.5</duration>
        <type>1</type>
        <step>9</step>
      </extensions>
    </rtept>
    <rtept lat="24.450673" lon="120.65692">
      <name>中山路</name>
      <desc>Turn right onto 中山路</desc>
      <extensions>
        <distance>657.6</distance>
        <duration>131.5</duration>
        <type>1</type>
        <step>9</step>
      </extensions>
    </rtept>
    <rtept lat="24.449919" lon="120.656323">
      <name>中山路</name>
      <desc>Turn right onto 中山路</desc>
      <extensions>
        <distance>657.6</distance>
        <duration>131.5</duration>
        <type>1</type>
        <step>9</step>
      </extensions>
    </rtept>
    <rtept lat="24.449577" lon="120.656058">
      <name>中山路</name>
      <desc>Turn right onto 中山路</desc>
      <extensions>
        <distance>657.6</distance>
        <duration>131.5</duration>
        <type>1</type>
        <step>9</step>
      </extensions>
    </rtept>
    <rtept lat="24.449287" lon="120.655905">
      <name>中山路</name>
      <desc>Turn right onto 中山路</desc>
      <extensions>
        <distance>657.6</distance>
        <duration>131.5</duration>
        <type>1</type>
        <step>9</step>
      </extensions>
    </rtept>
    <rtept lat="24.449089" lon="120.655805">
      <name>中山路</name>
      <desc>Turn right onto 中山路</desc>
      <extensions>
        <distance>657.6</distance>
        <duration>131.5</duration>
        <type>1</type>
        <step>9</step>
      </extensions>
    </rtept>
    <rtept lat="24.448429" lon="120.655474">
      <name>中山路</name>
      <desc>Turn right onto 中山路</desc>
      <extensions>
        <distance>657.6</distance>
        <duration>131.5</duration>
        <type>1</type>
        <step>9</step>
      </extensions>
    </rtept>
    <rtept lat="24.44782" lon="120.6551">
      <name>中山路</name>
      <desc>Turn right onto 中山路</desc>
      <extensions>
        <distance>657.6</distance>
        <duration>131.5</duration>
        <type>1</type>
        <step>9</step>
      </extensions>
    </rtept>
    <rtept lat="24.447657" lon="120.654993">
      <name>中山路</name>
      <desc>Turn right onto 中山路</desc>
      <extensions>
        <distance>657.6</distance>
        <duration>131.5</duration>
        <type>1</type>
        <step>9</step>
      </extensions>
    </rtept>
    <rtept lat="24.447231" lon="120.654691">
      <name>中山路</name>
      <desc>Turn right onto 中山路</desc>
      <extensions>
        <distance>657.6</distance>
        <duration>131.5</duration>
        <type>1</type>
        <step>9</step>
      </extensions>
    </rtept>
    <rtept lat="24.446986" lon="120.654434">
      <name>中山路</name>
      <desc>Turn right onto 中山路</desc>
      <extensions>
        <distance>657.6</distance>
        <duration>131.5</duration>
        <type>1</type>
        <step>9</step>
      </extensions>
    </rtept>
    <rtept lat="24.446848" lon="120.654188">
      <name>中山路</name>
      <desc>Turn right onto 中山路</desc>
      <extensions>
        <distance>657.6</distance>
        <duration>131.5</duration>
        <type>1</type>
        <step>9</step>
      </extensions>
    </rtept>
    <rtept lat="24.446675" lon="120.653867">
      <name>中山路</name>
      <desc>Turn right onto 中山路</desc>
      <extensions>
        <distance>657.6</distance>
        <duration>131.5</duration>
        <type>1</type>
        <step>9</step>
      </extensions>
    </rtept>
    <rtept lat="24.446393" lon="120.653315">
      <name>中山路</name>
      <desc>Turn right onto 中山路</desc>
      <extensions>
        <distance>657.6</distance>
        <duration>131.5</duration>
        <type>1</type>
        <step>9</step>
      </extensions>
    </rtept>
    <rtept lat="24.446234" lon="120.653135">
      <name>中山路</name>
      <desc>Turn right onto 中山路</desc>
      <extensions>
        <distance>657.6</distance>
        <duration>131.5</duration>
        <type>1</type>
        <step>9</step>
      </extensions>
    </rtept>
    <rtept lat="24.446209" lon="120.653072">
      <name>中山路</name>
      <desc>Turn left onto 中山路</desc>
      <extensions>
        <distance>973.6</distance>
        <duration>194.7</duration>
        <type>0</type>
        <step>10</step>
      </extensions>
    </rtept>
    <rtept lat="24.445965" lon="120.65298">
      <name>中山路</name>
      <desc>Turn left onto 中山路</desc>
      <extensions>
        <distance>973.6</distance>
        <duration>194.7</duration>
        <type>0</type>
        <step>10</step>
      </extensions>
    </rtept>
    <rtept lat="24.445238" lon="120.65264">
      <name>中山路</name>
      <desc>Turn left onto 中山路</desc>
      <extensions>
        <distance>973.6</distance>
        <duration>194.7</duration>
        <type>0</type>
        <step>10</step>
      </extensions>
    </rtept>
    <rtept lat="24.444364" lon="120.652232">
      <name>中山路</name>
      <desc>Turn left onto 中山路</desc>
      <extensions>
        <distance>973.6</distance>
        <duration>194.7</duration>
        <type>0</type>
        <step>10</step>
      </extensions>
    </rtept>
    <rtept lat="24.444101" lon="120.652116">
      <name>中山路</name>
      <desc>Turn left onto 中山路</desc>
      <extensions>
        <distance>973.6</distance>
        <duration>194.7</duration>
        <type>0</type>
        <step>10</step>
      </extensions>
    </rtept>
    <rtept lat="24.443421" lon="120.651819">
      <name>中山路</name>
      <desc>Turn left onto 中山路</desc>
      <extensions>
        <distance>973.6</distance>
        <duration>194.7</duration>
        <type>0</type>
        <step>10</step>
      </extensions>
    </rtept>
    <rtept lat="24.443337" lon="120.651781">
      <name>中山路</name>
      <desc>Turn left onto 中山路</desc>
      <extensions>
        <distance>973.6</distance>
        <duration>194.7</duration>
        <type>0</type>
        <step>10</step>
      </extensions>
    </rtept>
    <rtept lat="24.443271" lon="120.651752">
      <name>中山路</name>
      <desc>Turn left onto 中山路</desc>
      <extensions>
        <distance>973.6</distance>
        <duration>194.7</duration>
        <type>0</type>
        <step>10</step>
      </extensions>
    </rtept>
    <rtept lat="24.442298" lon="120.651299">
      <name>中山路</name>
      <desc>Turn left onto 中山路</desc>
      <extensions>
        <distance>973.6</distance>
        <duration>194.7</duration>
        <type>0</type>
        <step>10</step>
      </extensions>
    </rtept>
    <rtept lat="24.441358" lon="120.650857">
      <name>中山路</name>
      <desc>Turn left onto 中山路</desc>
      <extensions>
        <distance>973.6</distance>
        <duration>194.7</duration>
        <type>0</type>
        <step>10</step>
      </extensions>
    </rtept>
    <rtept lat="24.441232" lon="120.650783">
      <name>中山路</name>
      <desc>Turn left onto 中山路</desc>
      <extensions>
        <distance>973.6</distance>
        <duration>194.7</duration>
        <type>0</type>
        <step>10</step>
      </extensions>
    </rtept>
    <rtept lat="24.440463" lon="120.650451">
      <name>中山路</name>
      <desc>Turn left onto 中山路</desc>
      <extensions>
        <distance>973.6</distance>
        <duration>194.7</duration>
        <type>0</type>
        <step>10</step>
      </extensions>
    </rtept>
    <rtept lat="24.439428" lon="120.649979">
      <name>中山路</name>
      <desc>Turn left onto 中山路</desc>
      <extensions>
        <distance>973.6</distance>
        <duration>194.7</duration>
        <type>0</type>
        <step>10</step>
      </extensions>
    </rtept>
    <rtept lat="24.438702" lon="120.649628">
      <name>中山路</name>
      <desc>Turn left onto 中山路</desc>
      <extensions>
        <distance>973.6</distance>
        <duration>194.7</duration>
        <type>0</type>
        <step>10</step>
      </extensions>
    </rtept>
    <rtept lat="24.438318" lon="120.649422">
      <name>中山路</name>
      <desc>Turn left onto 中山路</desc>
      <extensions>
        <distance>973.6</distance>
        <duration>194.7</duration>
        <type>0</type>
        <step>10</step>
      </extensions>
    </rtept>
    <rtept lat="24.438132" lon="120.649373">
      <name/>
      <desc>Arrive at 中山路, on the right</desc>
      <extensions>
        <distance>0.0</distance>
        <duration>0.0</duration>
        <type>10</type>
        <step>11</step>
      </extensions>
    </rtept>
    <rtept lat="24.438132" lon="120.649373">
      <name>中山路</name>
      <desc>Head south on 中山路</desc>
      <extensions>
        <distance>781.3</distance>
        <duration>156.3</duration>
        <type>11</type>
        <step>12</step>
      </extensions>
    </rtept>
    <rtept lat="24.43808" lon="120.64936">
      <name>中山路</name>
      <desc>Head south on 中山路</desc>
      <extensions>
        <distance>781.3</distance>
        <duration>156.3</duration>
        <type>11</type>
        <step>12</step>
      </extensions>
    </rtept>
    <rtept lat="24.437681" lon="120.649348">
      <name>中山路</name>
      <desc>Head south on 中山路</desc>
      <extensions>
        <distance>781.3</distance>
        <duration>156.3</duration>
        <type>11</type>
        <step>12</step>
      </extensions>
    </rtept>
    <rtept lat="24.437497" lon="120.649359">
      <name>中山路</name>
      <desc>Head south on 中山路</desc>
      <extensions>
        <distance>781.3</distance>
        <duration>156.3</duration>
        <type>11</type>
        <step>12</step>
      </extensions>
    </rtept>
    <rtept lat="24.436672" lon="120.649347">
      <name>中山路</name>
      <desc>Head south on 中山路</desc>
      <extensions>
        <distance>781.3</distance>
        <duration>156.3</duration>
        <type>11</type>
        <step>12</step>
      </extensions>
    </rtept>
    <rtept lat="24.436422" lon="120.649341">
      <name>中山路</name>
      <desc>Head south on 中山路</desc>
      <extensions>
        <distance>781.3</distance>
        <duration>156.3</duration>
        <type>11</type>
        <step>12</step>
      </extensions>
    </rtept>
    <rtept lat="24.436293" lon="120.649298">
      <name>中山路</name>
      <desc>Head south on 中山路</desc>
      <extensions>
        <distance>781.3</distance>
        <duration>156.3</duration>
        <type>11</type>
        <step>12</step>
      </extensions>
    </rtept>
    <rtept lat="24.43615" lon="120.649204">
      <name>中山路</name>
      <desc>Head south on 中山路</desc>
      <extensions>
        <distance>781.3</distance>
        <duration>156.3</duration>
        <type>11</type>
        <step>12</step>
      </extensions>
    </rtept>
    <rtept lat="24.435321" lon="120.648421">
      <name>中山路</name>
      <desc>Head south on 中山路</desc>
      <extensions>
        <distance>781.3</distance>
        <duration>156.3</duration>
        <type>11</type>
        <step>12</step>
      </extensions>
    </rtept>
    <rtept lat="24.434632" lon="120.647751">
      <name>中山路</name>
      <desc>Head south on 中山路</desc>
      <extensions>
        <distance>781.3</distance>
        <duration>156.3</duration>
        <type>11</type>
        <step>12</step>
      </extensions>
    </rtept>
    <rtept lat="24.434272" lon="120.647438">
      <name>中山路</name>
      <desc>Head south on 中山路</desc>
      <extensions>
        <distance>781.3</distance>
        <duration>156.3</duration>
        <type>11</type>
        <step>12</step>
      </extensions>
    </rtept>
    <rtept lat="24.434155" lon="120.647352">
      <name>中山路</name>
      <desc>Head south on 中山路</desc>
      <extensions>
        <distance>781.3</distance>
        <duration>156.3</duration>
        <type>11</type>
        <step>12</step>
      </extensions>
    </rtept>
    <rtept lat="24.432969" lon="120.646712">
      <name>中山路</name>
      <desc>Head south on 中山路</desc>
      <extensions>
        <distance>781.3</distance>
        <duration>156.3</duration>
        <type>11</type>
        <step>12</step>
      </extensions>
    </rtept>
    <rtept lat="24.432036" lon="120.64612">
      <name/>
      <desc>Turn right</desc>
      <extensions>
        <distance>18.9</distance>
        <duration>3.8</duration>
        <type>1</type>
        <step>13</step>
      </extensions>
    </rtept>
    <rtept lat="24.432011" lon="120.645935">
      <name>縱貫公路, 1</name>
      <desc>Turn left onto 縱貫公路, 1</desc>
      <extensions>
        <distance>8433.2</distance>
        <duration>1686.6</duration>
        <type>0</type>
        <step>14</step>
      </extensions>
    </rtept>
    <rtept lat="24.431906" lon="120.6459">
      <name>縱貫公路, 1</name>
      <desc>Turn left onto 縱貫公路, 1</desc>
      <extensions>
        <distance>8433.2</distance>
        <duration>1686.6</duration>
        <type>0</type>
        <step>14</step>
      </extensions>
    </rtept>
    <rtept lat="24.431754" lon="120.645851">
      <name>縱貫公路, 1</name>
      <desc>Turn left onto 縱貫公路, 1</desc>
      <extensions>
        <distance>8433.2</distance>
        <duration>1686.6</duration>
        <type>0</type>
        <step>14</step>
      </extensions>
    </rtept>
    <rtept lat="24.431498" lon="120.645732">
      <name>縱貫公路, 1</name>
      <desc>Turn left onto 縱貫公路, 1</desc>
      <extensions>
        <distance>8433.2</distance>
        <duration>1686.6</duration>
        <type>0</type>
        <step>14</step>
      </extensions>
    </rtept>
    <rtept lat="24.430758" lon="120.645301">
      <name>縱貫公路, 1</name>
      <desc>Turn left onto 縱貫公路, 1</desc>
      <extensions>
        <distance>8433.2</distance>
        <duration>1686.6</duration>
        <type>0</type>
        <step>14</step>
      </extensions>
    </rtept>
    <rtept lat="24.42992" lon="120.644822">
      <name>縱貫公路, 1</name>
      <desc>Turn left onto 縱貫公路, 1</desc>
      <extensions>
        <distance>8433.2</distance>
        <duration>1686.6</duration>
        <type>0</type>
        <step>14</step>
      </extensions>
    </rtept>
    <rtept lat="24.429268" lon="120.64445">
      <name>縱貫公路, 1</name>
      <desc>Turn left onto 縱貫公路, 1</desc>
      <extensions>
        <distance>8433.2</distance>
        <duration>1686.6</duration>
        <type>0</type>
        <step>14</step>
      </extensions>
    </rtept>
    <rtept lat="24.42915" lon="120.644379">
      <name>縱貫公路, 1</name>
      <desc>Turn left onto 縱貫公路, 1</desc>
      <extensions>
        <distance>8433.2</distance>
        <duration>1686.6</duration>
        <type>0</type>
        <step>14</step>
      </extensions>
    </rtept>
    <rtept lat="24.428874" lon="120.644246">
      <name>縱貫公路, 1</name>
      <desc>Turn left onto 縱貫公路, 1</desc>
      <extensions>
        <distance>8433.2</distance>
        <duration>1686.6</duration>
        <type>0</type>
        <step>14</step>
      </extensions>
    </rtept>
    <rtept lat="24.428331" lon="120.644028">
      <name>縱貫公路, 1</name>
      <desc>Turn left onto 縱貫公路, 1</desc>
      <extensions>
        <distance>8433.2</distance>
        <duration>1686.6</duration>
        <type>0</type>
        <step>14</step>
      </extensions>
    </rtept>
    <rtept lat="24.427283" lon="120.643818">
      <name>縱貫公路, 1</name>
      <desc>Turn left onto 縱貫公路, 1</desc>
      <extensions>
        <distance>8433.2</distance>
        <duration>1686.6</duration>
        <type>0</type>
        <step>14</step>
      </extensions>
    </rtept>
    <rtept lat="24.426454" lon="120.643645">
      <name>縱貫公路, 1</name>
      <desc>Turn left onto 縱貫公路, 1</desc>
      <extensions>
        <distance>8433.2</distance>
        <duration>1686.6</duration>
        <type>0</type>
        <step>14</step>
      </extensions>
    </rtept>
    <rtept lat="24.425113" lon="120.643438">
      <name>縱貫公路, 1</name>
      <desc>Turn left onto 縱貫公路, 1</desc>
      <extensions>
        <distance>8433.2</distance>
        <duration>1686.6</duration>
        <type>0</type>
        <step>14</step>
      </extensions>
    </rtept>
    <rtept lat="24.424465" lon="120.643354">
      <name>縱貫公路, 1</name>
      <desc>Turn left onto 縱貫公路, 1</desc>
      <extensions>
        <distance>8433.2</distance>
        <duration>1686.6</duration>
        <type>0</type>
        <step>14</step>
      </extensions>
    </rtept>
    <rtept lat="24.424339" lon="120.643338">
      <name>縱貫公路, 1</name>
      <desc>Turn left onto 縱貫公路, 1</desc>
      <extensions>
        <distance>8433.2</distance>
        <duration>1686.6</duration>
        <type>0</type>
        <step>14</step>
      </extensions>
    </rtept>
    <rtept lat="24.422926" lon="120.643201">
      <name>縱貫公路, 1</name>
      <desc>Turn left onto 縱貫公路, 1</desc>
      <extensions>
        <distance>8433.2</distance>
        <duration>1686.6</duration>
        <type>0</type>
        <step>14</step>
      </extensions>
    </rtept>
    <rtept lat="24.422649" lon="120.643173">
      <name>縱貫公路, 1</name>
      <desc>Turn left onto 縱貫公路, 1</desc>
      <extensions>
        <distance>8433.2</distance>
        <duration>1686.6</duration>
        <type>0</type>
        <step>14</step>
      </extensions>
    </rtept>
    <rtept lat="24.422246" lon="120.64314">
      <name>縱貫公路, 1</name>
      <desc>Turn left onto 縱貫公路, 1</desc>
      <extensions>
        <distance>8433.2</distance>
        <duration>1686.6</duration>
        <type>0</type>
        <step>14</step>
      </extensions>
    </rtept>
    <rtept lat="24.42198" lon="120.643112">
      <name>縱貫公路, 1</name>
      <desc>Turn left onto 縱貫公路, 1</desc>
      <extensions>
        <distance>8433.2</distance>
        <duration>1686.6</duration>
        <type>0</type>
        <step>14</step>
      </extensions>
    </rtept>
    <rtept lat="24.421248" lon="120.643027">
      <name>縱貫公路, 1</name>
      <desc>Turn left onto 縱貫公路, 1</desc>
      <extensions>
        <distance>8433.2</distance>
        <duration>1686.6</duration>
        <type>0</type>
        <step>14</step>
      </extensions>
    </rtept>
    <rtept lat="24.420456" lon="120.642938">
      <name>縱貫公路, 1</name>
      <desc>Turn left onto 縱貫公路, 1</desc>
      <extensions>
        <distance>8433.2</distance>
        <duration>1686.6</duration>
        <type>0</type>
        <step>14</step>
      </extensions>
    </rtept>
    <rtept lat="24.419035" lon="120.642799">
      <name>縱貫公路, 1</name>
      <desc>Turn left onto 縱貫公路, 1</desc>
      <extensions>
        <distance>8433.2</distance>
        <duration>1686.6</duration>
        <type>0</type>
        <step>14</step>
      </extensions>
    </rtept>
    <rtept lat="24.418807" lon="120.642776">
      <name>縱貫公路, 1</name>
      <desc>Turn left onto 縱貫公路, 1</desc>
      <extensions>
        <distance>8433.2</distance>
        <duration>1686.6</duration>
        <type>0</type>
        <step>14</step>
      </extensions>
    </rtept>
    <rtept lat="24.418135" lon="120.64271">
      <name>縱貫公路, 1</name>
      <desc>Turn left onto 縱貫公路, 1</desc>
      <extensions>
        <distance>8433.2</distance>
        <duration>1686.6</duration>
        <type>0</type>
        <step>14</step>
      </extensions>
    </rtept>
    <rtept lat="24.417461" lon="120.642702">
      <name>縱貫公路, 1</name>
      <desc>Turn left onto 縱貫公路, 1</desc>
      <extensions>
        <distance>8433.2</distance>
        <duration>1686.6</duration>
        <type>0</type>
        <step>14</step>
      </extensions>
    </rtept>
    <rtept lat="24.416183" lon="120.642799">
      <name>縱貫公路, 1</name>
      <desc>Turn left onto 縱貫公路, 1</desc>
      <extensions>
        <distance>8433.2</distance>
        <duration>1686.6</duration>
        <type>0</type>
        <step>14</step>
      </extensions>
    </rtept>
    <rtept lat="24.415592" lon="120.642854">
      <name>縱貫公路, 1</name>
      <desc>Turn left onto 縱貫公路, 1</desc>
      <extensions>
        <distance>8433.2</distance>
        <duration>1686.6</duration>
        <type>0</type>
        <step>14</step>
      </extensions>
    </rtept>
    <rtept lat="24.415243" lon="120.642887">
      <name>縱貫公路, 1</name>
      <desc>Turn left onto 縱貫公路, 1</desc>
      <extensions>
        <distance>8433.2</distance>
        <duration>1686.6</duration>
        <type>0</type>
        <step>14</step>
      </extensions>
    </rtept>
    <rtept lat="24.414599" lon="120.642945">
      <name>縱貫公路, 1</name>
      <desc>Turn left onto 縱貫公路, 1</desc>
      <extensions>
        <distance>8433.2</distance>
        <duration>1686.6</duration>
        <type>0</type>
        <step>14</step>
      </extensions>
    </rtept>
    <rtept lat="24.414207" lon="120.642981">
      <name>縱貫公路, 1</name>
      <desc>Turn left onto 縱貫公路, 1</desc>
      <extensions>
        <distance>8433.2</distance>
        <duration>1686.6</duration>
        <type>0</type>
        <step>14</step>
      </extensions>
    </rtept>
    <rtept lat="24.412615" lon="120.643126">
      <name>縱貫公路, 1</name>
      <desc>Turn left onto 縱貫公路, 1</desc>
      <extensions>
        <distance>8433.2</distance>
        <duration>1686.6</duration>
        <type>0</type>
        <step>14</step>
      </extensions>
    </rtept>
    <rtept lat="24.411844" lon="120.643205">
      <name>縱貫公路, 1</name>
      <desc>Turn left onto 縱貫公路, 1</desc>
      <extensions>
        <distance>8433.2</distance>
        <duration>1686.6</duration>
        <type>0</type>
        <step>14</step>
      </extensions>
    </rtept>
    <rtept lat="24.411586" lon="120.643231">
      <name>縱貫公路, 1</name>
      <desc>Turn left onto 縱貫公路, 1</desc>
      <extensions>
        <distance>8433.2</distance>
        <duration>1686.6</duration>
        <type>0</type>
        <step>14</step>
      </extensions>
    </rtept>
    <rtept lat="24.410593" lon="120.643332">
      <name>縱貫公路, 1</name>
      <desc>Turn left onto 縱貫公路, 1</desc>
      <extensions>
        <distance>8433.2</distance>
        <duration>1686.6</duration>
        <type>0</type>
        <step>14</step>
      </extensions>
    </rtept>
    <rtept lat="24.409711" lon="120.643379">
      <name>縱貫公路, 1</name>
      <desc>Turn left onto 縱貫公路, 1</desc>
      <extensions>
        <distance>8433.2</distance>
        <duration>1686.6</duration>
        <type>0</type>
        <step>14</step>
      </extensions>
    </rtept>
    <rtept lat="24.409525" lon="120.643375">
      <name>縱貫公路, 1</name>
      <desc>Turn left onto 縱貫公路, 1</desc>
      <extensions>
        <distance>8433.2</distance>
        <duration>1686.6</duration>
        <type>0</type>
        <step>14</step>
      </extensions>
    </rtept>
    <rtept lat="24.409291" lon="120.643383">
      <name>縱貫公路, 1</name>
      <desc>Turn left onto 縱貫公路, 1</desc>
      <extensions>
        <distance>8433.2</distance>
        <duration>1686.6</duration>
        <type>0</type>
        <step>14</step>
      </extensions>
    </rtept>
    <rtept lat="24.408743" lon="120.643315">
      <name>縱貫公路, 1</name>
      <desc>Turn left onto 縱貫公路, 1</desc>
      <extensions>
        <distance>8433.2</distance>
        <duration>1686.6</duration>
        <type>0</type>
        <step>14</step>
      </extensions>
    </rtept>
    <rtept lat="24.408453" lon="120.643238">
      <name>縱貫公路, 1</name>
      <desc>Turn left onto 縱貫公路, 1</desc>
      <extensions>
        <distance>8433.2</distance>
        <duration>1686.6</duration>
        <type>0</type>
        <step>14</step>
      </extensions>
    </rtept>
    <rtept lat="24.407886" lon="120.643036">
      <name>縱貫公路, 1</name>
      <desc>Turn left onto 縱貫公路, 1</desc>
      <extensions>
        <distance>8433.2</distance>
        <duration>1686.6</duration>
        <type>0</type>
        <step>14</step>
      </extensions>
    </rtept>
    <rtept lat="24.407232" lon="120.642748">
      <name>縱貫公路, 1</name>
      <desc>Turn left onto 縱貫公路, 1</desc>
      <extensions>
        <distance>8433.2</distance>
        <duration>1686.6</duration>
        <type>0</type>
        <step>14</step>
      </extensions>
    </rtept>
    <rtept lat="24.406281" lon="120.642353">
      <name>縱貫公路, 1</name>
      <desc>Turn left onto 縱貫公路, 1</desc>
      <extensions>
        <distance>8433.2</distance>
        <duration>1686.6</duration>
        <type>0</type>
        <step>14</step>
      </extensions>
    </rtept>
    <rtept lat="24.404482" lon="120.641575">
      <name>縱貫公路, 1</name>
      <desc>Turn left onto 縱貫公路, 1</desc>
      <extensions>
        <distance>8433.2</distance>
        <duration>1686.6</duration>
        <type>0</type>
        <step>14</step>
      </extensions>
    </rtept>
    <rtept lat="24.403944" lon="120.641339">
      <name>縱貫公路, 1</name>
      <desc>Turn left onto 縱貫公路, 1</desc>
      <extensions>
        <distance>8433.2</distance>
        <duration>1686.6</duration>
        <type>0</type>
        <step>14</step>
      </extensions>
    </rtept>
    <rtept lat="24.403623" lon="120.641259">
      <name>縱貫公路, 1</name>
      <desc>Turn left onto 縱貫公路, 1</desc>
      <extensions>
        <distance>8433.2</distance>
        <duration>1686.6</duration>
        <type>0</type>
        <step>14</step>
      </extensions>
    </rtept>
    <rtept lat="24.403181" lon="120.641201">
      <name>縱貫公路, 1</name>
      <desc>Turn left onto 縱貫公路, 1</desc>
      <extensions>
        <distance>8433.2</distance>
        <duration>1686.6</duration>
        <type>0</type>
        <step>14</step>
      </extensions>
    </rtept>
    <rtept lat="24.402669" lon="120.641256">
      <name>縱貫公路, 1</name>
      <desc>Turn left onto 縱貫公路, 1</desc>
      <extensions>
        <distance>8433.2</distance>
        <duration>1686.6</duration>
        <type>0</type>
        <step>14</step>
      </extensions>
    </rtept>
    <rtept lat="24.402254" lon="120.641377">
      <name>縱貫公路, 1</name>
      <desc>Turn left onto 縱貫公路, 1</desc>
      <extensions>
        <distance>8433.2</distance>
        <duration>1686.6</duration>
        <type>0</type>
        <step>14</step>
      </extensions>
    </rtept>
    <rtept lat="24.402082" lon="120.641463">
      <name>縱貫公路, 1</name>
      <desc>Turn left onto 縱貫公路, 1</desc>
      <extensions>
        <distance>8433.2</distance>
        <duration>1686.6</duration>
        <type>0</type>
        <step>14</step>
      </extensions>
    </rtept>
    <rtept lat="24.401634" lon="120.641761">
      <name>縱貫公路, 1</name>
      <desc>Turn left onto 縱貫公路, 1</desc>
      <extensions>
        <distance>8433.2</distance>
        <duration>1686.6</duration>
        <type>0</type>
        <step>14</step>
      </extensions>
    </rtept>
    <rtept lat="24.401348" lon="120.642021">
      <name>縱貫公路, 1</name>
      <desc>Turn left onto 縱貫公路, 1</desc>
      <extensions>
        <distance>8433.2</distance>
        <duration>1686.6</duration>
        <type>0</type>
        <step>14</step>
      </extensions>
    </rtept>
    <rtept lat="24.400882" lon="120.642485">
      <name>縱貫公路, 1</name>
      <desc>Turn left onto 縱貫公路, 1</desc>
      <extensions>
        <distance>8433.2</distance>
        <duration>1686.6</duration>
        <type>0</type>
        <step>14</step>
      </extensions>
    </rtept>
    <rtept lat="24.400285" lon="120.64318">
      <name>縱貫公路, 1</name>
      <desc>Turn left onto 縱貫公路, 1</desc>
      <extensions>
        <distance>8433.2</distance>
        <duration>1686.6</duration>
        <type>0</type>
        <step>14</step>
      </extensions>
    </rtept>
    <rtept lat="24.398522" lon="120.64525">
      <name>縱貫公路, 1</name>
      <desc>Turn left onto 縱貫公路, 1</desc>
      <extensions>
        <distance>8433.2</distance>
        <duration>1686.6</duration>
        <type>0</type>
        <step>14</step>
      </extensions>
    </rtept>
    <rtept lat="24.398175" lon="120.645613">
      <name>縱貫公路, 1</name>
      <desc>Turn left onto 縱貫公路, 1</desc>
      <extensions>
        <distance>8433.2</distance>
        <duration>1686.6</duration>
        <type>0</type>
        <step>14</step>
      </extensions>
    </rtept>
    <rtept lat="24.397171" lon="120.646838">
      <name>縱貫公路, 1</name>
      <desc>Turn left onto 縱貫公路, 1</desc>
      <extensions>
        <distance>8433.2</distance>
        <duration>1686.6</duration>
        <type>0</type>
        <step>14</step>
      </extensions>
    </rtept>
    <rtept lat="24.39614" lon="120.647758">
      <name>縱貫公路, 1</name>
      <desc>Turn left onto 縱貫公路, 1</desc>
      <extensions>
        <distance>8433.2</distance>
        <duration>1686.6</duration>
        <type>0</type>
        <step>14</step>
      </extensions>
    </rtept>
    <rtept lat="24.39583" lon="120.647986">
      <name>縱貫公路, 1</name>
      <desc>Turn left onto 縱貫公路, 1</desc>
      <extensions>
        <distance>8433.2</distance>
        <duration>1686.6</duration>
        <type>0</type>
        <step>14</step>
      </extensions>
    </rtept>
    <rtept lat="24.39529" lon="120.648359">
      <name>縱貫公路, 1</name>
      <desc>Turn left onto 縱貫公路, 1</desc>
      <extensions>
        <distance>8433.2</distance>
        <duration>1686.6</duration>
        <type>0</type>
        <step>14</step>
      </extensions>
    </rtept>
    <rtept lat="24.394279" lon="120.648871">
      <name>縱貫公路, 1</name>
      <desc>Turn left onto 縱貫公路, 1</desc>
      <extensions>
        <distance>8433.2</distance>
        <duration>1686.6</duration>
        <type>0</type>
        <step>14</step>
      </extensions>
    </rtept>
    <rtept lat="24.393884" lon="120.649">
      <name>縱貫公路, 1</name>
      <desc>Turn left onto 縱貫公路, 1</desc>
      <extensions>
        <distance>8433.2</distance>
        <duration>1686.6</duration>
        <type>0</type>
        <step>14</step>
      </extensions>
    </rtept>
    <rtept lat="24.39169" lon="120.649834">
      <name>縱貫公路, 1</name>
      <desc>Turn left onto 縱貫公路, 1</desc>
      <extensions>
        <distance>8433.2</distance>
        <duration>1686.6</duration>
        <type>0</type>
        <step>14</step>
      </extensions>
    </rtept>
    <rtept lat="24.391656" lon="120.649843">
      <name>縱貫公路, 1</name>
      <desc>Turn left onto 縱貫公路, 1</desc>
      <extensions>
        <distance>8433.2</distance>
        <duration>1686.6</duration>
        <type>0</type>
        <step>14</step>
      </extensions>
    </rtept>
    <rtept lat="24.39012" lon="120.650448">
      <name>縱貫公路, 1</name>
      <desc>Turn left onto 縱貫公路, 1</desc>
      <extensions>
        <distance>8433.2</distance>
        <duration>1686.6</duration>
        <type>0</type>
        <step>14</step>
      </extensions>
    </rtept>
    <rtept lat="24.388731" lon="120.650952">
      <name>縱貫公路, 1</name>
      <desc>Turn left onto 縱貫公路, 1</desc>
      <extensions>
        <distance>8433.2</distance>
        <duration>1686.6</duration>
        <type>0</type>
        <step>14</step>
      </extensions>
    </rtept>
    <rtept lat="24.38843" lon="120.651045">
      <name>縱貫公路, 1</name>
      <desc>Turn left onto 縱貫公路, 1</desc>
      <extensions>
        <distance>8433.2</distance>
        <duration>1686.6</duration>
        <type>0</type>
        <step>14</step>
      </extensions>
    </rtept>
    <rtept lat="24.388323" lon="120.65108">
      <name>縱貫公路, 1</name>
      <desc>Turn left onto 縱貫公路, 1</desc>
      <extensions>
        <distance>8433.2</distance>
        <duration>1686.6</duration>
        <type>0</type>
        <step>14</step>
      </extensions>
    </rtept>
    <rtept lat="24.386934" lon="120.651506">
      <name>縱貫公路, 1</name>
      <desc>Turn left onto 縱貫公路, 1</desc>
      <extensions>
        <distance>8433.2</distance>
        <duration>1686.6</duration>
        <type>0</type>
        <step>14</step>
      </extensions>
    </rtept>
    <rtept lat="24.385693" lon="120.651785">
      <name>縱貫公路, 1</name>
      <desc>Turn left onto 縱貫公路, 1</desc>
      <extensions>
        <distance>8433.2</distance>
        <duration>1686.6</duration>
        <type>0</type>
        <step>14</step>
      </extensions>
    </rtept>
    <rtept lat="24.384635" lon="120.651854">
      <name>縱貫公路, 1</name>
      <desc>Turn left onto 縱貫公路, 1</desc>
      <extensions>
        <distance>8433.2</distance>
        <duration>1686.6</duration>
        <type>0</type>
        <step>14</step>
      </extensions>
    </rtept>
    <rtept lat="24.384437" lon="120.651849">
      <name>縱貫公路, 1</name>
      <desc>Turn left onto 縱貫公路, 1</desc>
      <extensions>
        <distance>8433.2</distance>
        <duration>1686.6</duration>
        <type>0</type>
        <step>14</step>
      </extensions>
    </rtept>
    <rtept lat="24.383634" lon="120.651828">
      <name>縱貫公路, 1</name>
      <desc>Turn left onto 縱貫公路, 1</desc>
      <extensions>
        <distance>8433.2</distance>
        <duration>1686.6</duration>
        <type>0</type>
        <step>14</step>
      </extensions>
    </rtept>
    <rtept lat="24.382549" lon="120.651628">
      <name>縱貫公路, 1</name>
      <desc>Turn left onto 縱貫公路, 1</desc>
      <extensions>
        <distance>8433.2</distance>
        <duration>1686.6</duration>
        <type>0</type>
        <step>14</step>
      </extensions>
    </rtept>
    <rtept lat="24.38198" lon="120.651453">
      <name>縱貫公路, 1</name>
      <desc>Turn left onto 縱貫公路, 1</desc>
      <extensions>
        <distance>8433.2</distance>
        <duration>1686.6</duration>
        <type>0</type>
        <step>14</step>
      </extensions>
    </rtept>
    <rtept lat="24.381264" lon="120.651184">
      <name>縱貫公路, 1</name>
      <desc>Turn left onto 縱貫公路, 1</desc>
      <extensions>
        <distance>8433.2</distance>
        <duration>1686.6</duration>
        <type>0</type>
        <step>14</step>
      </extensions>
    </rtept>
    <rtept lat="24.380494" lon="120.650812">
      <name>縱貫公路, 1</name>
      <desc>Turn left onto 縱貫公路, 1</desc>
      <extensions>
        <distance>8433.2</distance>
        <duration>1686.6</duration>
        <type>0</type>
        <step>14</step>
      </extensions>
    </rtept>
    <rtept lat="24.380226" lon="120.650653">
      <name>縱貫公路, 1</name>
      <desc>Turn left onto 縱貫公路, 1</desc>
      <extensions>
        <distance>8433.2</distance>
        <duration>1686.6</duration>
        <type>0</type>
        <step>14</step>
      </extensions>
    </rtept>
    <rtept lat="24.379523" lon="120.650197">
      <name>縱貫公路, 1</name>
      <desc>Turn left onto 縱貫公路, 1</desc>
      <extensions>
        <distance>8433.2</distance>
        <duration>1686.6</duration>
        <type>0</type>
        <step>14</step>
      </extensions>
    </rtept>
    <rtept lat="24.378657" lon="120.649634">
      <name>縱貫公路, 1</name>
      <desc>Turn left onto 縱貫公路, 1</desc>
      <extensions>
        <distance>8433.2</distance>
        <duration>1686.6</duration>
        <type>0</type>
        <step>14</step>
      </extensions>
    </rtept>
    <rtept lat="24.377983" lon="120.649213">
      <name>縱貫公路, 1</name>
      <desc>Turn left onto 縱貫公路, 1</desc>
      <extensions>
        <distance>8433.2</distance>
        <duration>1686.6</duration>
        <type>0</type>
        <step>14</step>
      </extensions>
    </rtept>
    <rtept lat="24.376759" lon="120.648475">
      <name>縱貫公路, 1</name>
      <desc>Turn left onto 縱貫公路, 1</desc>
      <extensions>
        <distance>8433.2</distance>
        <duration>1686.6</duration>
        <type>0</type>
        <step>14</step>
      </extensions>
    </rtept>
    <rtept lat="24.376654" lon="120.648422">
      <name>縱貫公路, 1</name>
      <desc>Turn left onto 縱貫公路, 1</desc>
      <extensions>
        <distance>8433.2</distance>
        <duration>1686.6</duration>
        <type>0</type>
        <step>14</step>
      </extensions>
    </rtept>
    <rtept lat="24.374423" lon="120.647094">
      <name>縱貫公路, 1</name>
      <desc>Turn left onto 縱貫公路, 1</desc>
      <extensions>
        <distance>8433.2</distance>
        <duration>1686.6</duration>
        <type>0</type>
        <step>14</step>
      </extensions>
    </rtept>
    <rtept lat="24.368789" lon="120.643512">
      <name>縱貫公路, 1</name>
      <desc>Turn left onto 縱貫公路, 1</desc>
      <extensions>
        <distance>8433.2</distance>
        <duration>1686.6</duration>
        <type>0</type>
        <step>14</step>
      </extensions>
    </rtept>
    <rtept lat="24.36776" lon="120.642875">
      <name>縱貫公路, 1</name>
      <desc>Turn left onto 縱貫公路, 1</desc>
      <extensions>
        <distance>8433.2</distance>
        <duration>1686.6</duration>
        <type>0</type>
        <step>14</step>
      </extensions>
    </rtept>
    <rtept lat="24.366545" lon="120.641981">
      <name>縱貫公路, 1</name>
      <desc>Turn left onto 縱貫公路, 1</desc>
      <extensions>
        <distance>8433.2</distance>
        <duration>1686.6</duration>
        <type>0</type>
        <step>14</step>
      </extensions>
    </rtept>
    <rtept lat="24.36637" lon="120.641844">
      <name>縱貫公路, 1</name>
      <desc>Turn left onto 縱貫公路, 1</desc>
      <extensions>
        <distance>8433.2</distance>
        <duration>1686.6</duration>
        <type>0</type>
        <step>14</step>
      </extensions>
    </rtept>
    <rtept lat="24.365851" lon="120.641421">
      <name>縱貫公路, 1</name>
      <desc>Turn left onto 縱貫公路, 1</desc>
      <extensions>
        <distance>8433.2</distance>
        <duration>1686.6</duration>
        <type>0</type>
        <step>14</step>
      </extensions>
    </rtept>
    <rtept lat="24.363868" lon="120.639886">
      <name>縱貫公路, 1</name>
      <desc>Turn left onto 縱貫公路, 1</desc>
      <extensions>
        <distance>8433.2</distance>
        <duration>1686.6</duration>
        <type>0</type>
        <step>14</step>
      </extensions>
    </rtept>
    <rtept lat="24.363458" lon="120.63947">
      <name>縱貫公路, 1</name>
      <desc>Turn left onto 縱貫公路, 1</desc>
      <extensions>
        <distance>8433.2</distance>
        <duration>1686.6</duration>
        <type>0</type>
        <step>14</step>
      </extensions>
    </rtept>
    <rtept lat="24.363248" lon="120.639197">
      <name>東西八路一段, 中10</name>
      <desc>Turn left onto 東西八路一段, 中10</desc>
      <extensions>
        <distance>1847.6</distance>
        <duration>369.5</duration>
        <type>0</type>
        <step>15</step>
      </extensions>
    </rtept>
    <rtept lat="24.363096" lon="120.639249">
      <name>東西八路一段, 中10</name>
      <desc>Turn left onto 東西八路一段, 中10</desc>
      <extensions>
        <distance>1847.6</distance>
        <duration>369.5</duration>
        <type>0</type>
        <step>15</step>
      </extensions>
    </rtept>
    <rtept lat="24.363059" lon="120.639256">
      <name>東西八路一段, 中10</name>
      <desc>Turn left onto 東西八路一段, 中10</desc>
      <extensions>
        <distance>1847.6</distance>
        <duration>369.5</duration>
        <type>0</type>
        <step>15</step>
      </extensions>
    </rtept>
    <rtept lat="24.362936" lon="120.639219">
      <name>東西八路一段, 中10</name>
      <desc>Turn left onto 東西八路一段, 中10</desc>
      <extensions>
        <distance>1847.6</distance>
        <duration>369.5</duration>
        <type>0</type>
        <step>15</step>
      </extensions>
    </rtept>
    <rtept lat="24.362803" lon="120.639137">
      <name>東西八路一段, 中10</name>
      <desc>Turn left onto 東西八路一段, 中10</desc>
      <extensions>
        <distance>1847.6</distance>
        <duration>369.5</duration>
        <type>0</type>
        <step>15</step>
      </extensions>
    </rtept>
    <rtept lat="24.361324" lon="120.638003">
      <name>東西八路一段, 中10</name>
      <desc>Turn left onto 東西八路一段, 中10</desc>
      <extensions>
        <distance>1847.6</distance>
        <duration>369.5</duration>
        <type>0</type>
        <step>15</step>
      </extensions>
    </rtept>
    <rtept lat="24.361254" lon="120.63795">
      <name>東西八路一段, 中10</name>
      <desc>Turn left onto 東西八路一段, 中10</desc>
      <extensions>
        <distance>1847.6</distance>
        <duration>369.5</duration>
        <type>0</type>
        <step>15</step>
      </extensions>
    </rtept>
    <rtept lat="24.360135" lon="120.637101">
      <name>東西八路一段, 中10</name>
      <desc>Turn left onto 東西八路一段, 中10</desc>
      <extensions>
        <distance>1847.6</distance>
        <duration>369.5</duration>
        <type>0</type>
        <step>15</step>
      </extensions>
    </rtept>
    <rtept lat="24.359739" lon="120.636788">
      <name>東西八路一段, 中10</name>
      <desc>Turn left onto 東西八路一段, 中10</desc>
      <extensions>
        <distance>1847.6</distance>
        <duration>369.5</duration>
        <type>0</type>
        <step>15</step>
      </extensions>
    </rtept>
    <rtept lat="24.357383" lon="120.635003">
      <name>東西八路一段, 中10</name>
      <desc>Turn left onto 東西八路一段, 中10</desc>
      <extensions>
        <distance>1847.6</distance>
        <duration>369.5</duration>
        <type>0</type>
        <step>15</step>
      </extensions>
    </rtept>
    <rtept lat="24.357135" lon="120.634723">
      <name>東西八路一段, 中10</name>
      <desc>Turn left onto 東西八路一段, 中10</desc>
      <extensions>
        <distance>1847.6</distance>
        <duration>369.5</duration>
        <type>0</type>
        <step>15</step>
      </extensions>
    </rtept>
    <rtept lat="24.357112" lon="120.634692">
      <name>東西八路一段, 中10</name>
      <desc>Turn left onto 東西八路一段, 中10</desc>
      <extensions>
        <distance>1847.6</distance>
        <duration>369.5</duration>
        <type>0</type>
        <step>15</step>
      </extensions>
    </rtept>
    <rtept lat="24.356931" lon="120.634448">
      <name>東西八路一段, 中10</name>
      <desc>Turn left onto 東西八路一段, 中10</desc>
      <extensions>
        <distance>1847.6</distance>
        <duration>369.5</duration>
        <type>0</type>
        <step>15</step>
      </extensions>
    </rtept>
    <rtept lat="24.356868" lon="120.634364">
      <name>東西八路一段, 中10</name>
      <desc>Turn left onto 東西八路一段, 中10</desc>
      <extensions>
        <distance>1847.6</distance>
        <duration>369.5</duration>
        <type>0</type>
        <step>15</step>
      </extensions>
    </rtept>
    <rtept lat="24.356317" lon="120.633496">
      <name>東西八路一段, 中10</name>
      <desc>Turn left onto 東西八路一段, 中10</desc>
      <extensions>
        <distance>1847.6</distance>
        <duration>369.5</duration>
        <type>0</type>
        <step>15</step>
      </extensions>
    </rtept>
    <rtept lat="24.356164" lon="120.63327">
      <name>東西八路一段, 中10</name>
      <desc>Turn left onto 東西八路一段, 中10</desc>
      <extensions>
        <distance>1847.6</distance>
        <duration>369.5</duration>
        <type>0</type>
        <step>15</step>
      </extensions>
    </rtept>
    <rtept lat="24.35593" lon="120.632925">
      <name>東西八路一段, 中10</name>
      <desc>Turn left onto 東西八路一段, 中10</desc>
      <extensions>
        <distance>1847.6</distance>
        <duration>369.5</duration>
        <type>0</type>
        <step>15</step>
      </extensions>
    </rtept>
    <rtept lat="24.355588" lon="120.632429">
      <name>東西八路一段, 中10</name>
      <desc>Turn left onto 東西八路一段, 中10</desc>
      <extensions>
        <distance>1847.6</distance>
        <duration>369.5</duration>
        <type>0</type>
        <step>15</step>
      </extensions>
    </rtept>
    <rtept lat="24.355362" lon="120.632085">
      <name>東西八路一段, 中10</name>
      <desc>Turn left onto 東西八路一段, 中10</desc>
      <extensions>
        <distance>1847.6</distance>
        <duration>369.5</duration>
        <type>0</type>
        <step>15</step>
      </extensions>
    </rtept>
    <rtept lat="24.354814" lon="120.631397">
      <name>東西八路一段, 中10</name>
      <desc>Turn left onto 東西八路一段, 中10</desc>
      <extensions>
        <distance>1847.6</distance>
        <duration>369.5</duration>
        <type>0</type>
        <step>15</step>
      </extensions>
    </rtept>
    <rtept lat="24.354187" lon="120.630671">
      <name>東西八路一段, 中10</name>
      <desc>Turn left onto 東西八路一段, 中10</desc>
      <extensions>
        <distance>1847.6</distance>
        <duration>369.5</duration>
        <type>0</type>
        <step>15</step>
      </extensions>
    </rtept>
    <rtept lat="24.353505" lon="120.629903">
      <name>東西八路一段, 中10</name>
      <desc>Turn left onto 東西八路一段, 中10</desc>
      <extensions>
        <distance>1847.6</distance>
        <duration>369.5</duration>
        <type>0</type>
        <step>15</step>
      </extensions>
    </rtept>
    <rtept lat="24.35298" lon="120.629322">
      <name>東西八路一段, 中10</name>
      <desc>Turn left onto 東西八路一段, 中10</desc>
      <extensions>
        <distance>1847.6</distance>
        <duration>369.5</duration>
        <type>0</type>
        <step>15</step>
      </extensions>
    </rtept>
    <rtept lat="24.352969" lon="120.629309">
      <name>東西八路一段, 中10</name>
      <desc>Turn left onto 東西八路一段, 中10</desc>
      <extensions>
        <distance>1847.6</distance>
        <duration>369.5</duration>
        <type>0</type>
        <step>15</step>
      </extensions>
    </rtept>
    <rtept lat="24.352695" lon="120.628996">
      <name>東西八路一段, 中10</name>
      <desc>Turn left onto 東西八路一段, 中10</desc>
      <extensions>
        <distance>1847.6</distance>
        <duration>369.5</duration>
        <type>0</type>
        <step>15</step>
      </extensions>
    </rtept>
    <rtept lat="24.35243" lon="120.628703">
      <name>東西八路一段, 中10</name>
      <desc>Turn left onto 東西八路一段, 中10</desc>
      <extensions>
        <distance>1847.6</distance>
        <duration>369.5</duration>
        <type>0</type>
        <step>15</step>
      </extensions>
    </rtept>
    <rtept lat="24.352204" lon="120.628467">
      <name>東西八路一段, 中10</name>
      <desc>Turn left onto 東西八路一段, 中10</desc>
      <extensions>
        <distance>1847.6</distance>
        <duration>369.5</duration>
        <type>0</type>
        <step>15</step>
      </extensions>
    </rtept>
    <rtept lat="24.351392" lon="120.627794">
      <name>東西八路一段, 中10</name>
      <desc>Turn left onto 東西八路一段, 中10</desc>
      <extensions>
        <distance>1847.6</distance>
        <duration>369.5</duration>
        <type>0</type>
        <step>15</step>
      </extensions>
    </rtept>
    <rtept lat="24.35118" lon="120.627643">
      <name>東西八路一段, 中10</name>
      <desc>Turn left onto 東西八路一段, 中10</desc>
      <extensions>
        <distance>1847.6</distance>
        <duration>369.5</duration>
        <type>0</type>
        <step>15</step>
      </extensions>
    </rtept>
    <rtept lat="24.350882" lon="120.627424">
      <name>順天路</name>
      <desc>Keep right onto 順天路</desc>
      <extensions>
        <distance>755.4</distance>
        <duration>151.1</duration>
        <type>13</type>
        <step>16</step>
      </extensions>
    </rtept>
    <rtept lat="24.350347" lon="120.627048">
      <name>順天路</name>
      <desc>Keep right onto 順天路</desc>
      <extensions>
        <distance>755.4</distance>
        <duration>151.1</duration>
        <type>13</type>
        <step>16</step>
      </extensions>
    </rtept>
    <rtept lat="24.349483" lon="120.62645">
      <name>順天路</name>
      <desc>Keep right onto 順天路</desc>
      <extensions>
        <distance>755.4</distance>
        <duration>151.1</duration>
        <type>13</type>
        <step>16</step>
      </extensions>
    </rtept>
    <rtept lat="24.348994" lon="120.626098">
      <name>順天路</name>
      <desc>Keep right onto 順天路</desc>
      <extensions>
        <distance>755.4</distance>
        <duration>151.1</duration>
        <type>13</type>
        <step>16</step>
      </extensions>
    </rtept>
    <rtept lat="24.348484" lon="120.625758">
      <name>順天路</name>
      <desc>Keep right onto 順天路</desc>
      <extensions>
        <distance>755.4</distance>
        <duration>151.1</duration>
        <type>13</type>
        <step>16</step>
      </extensions>
    </rtept>
    <rtept lat="24.347994" lon="120.625305">
      <name>順天路</name>
      <desc>Keep right onto 順天路</desc>
      <extensions>
        <distance>755.4</distance>
        <duration>151.1</duration>
        <type>13</type>
        <step>16</step>
      </extensions>
    </rtept>
    <rtept lat="24.34763" lon="120.624975">
      <name>順天路</name>
      <desc>Keep right onto 順天路</desc>
      <extensions>
        <distance>755.4</distance>
        <duration>151.1</duration>
        <type>13</type>
        <step>16</step>
      </extensions>
    </rtept>
    <rtept lat="24.347261" lon="120.624662">
      <name>順天路</name>
      <desc>Keep right onto 順天路</desc>
      <extensions>
        <distance>755.4</distance>
        <duration>151.1</duration>
        <type>13</type>
        <step>16</step>
      </extensions>
    </rtept>
    <rtept lat="24.346616" lon="120.624178">
      <name>順天路</name>
      <desc>Keep right onto 順天路</desc>
      <extensions>
        <distance>755.4</distance>
        <duration>151.1</duration>
        <type>13</type>
        <step>16</step>
      </extensions>
    </rtept>
    <rtept lat="24.3465" lon="120.624074">
      <name>順天路</name>
      <desc>Keep right onto 順天路</desc>
      <extensions>
        <distance>755.4</distance>
        <duration>151.1</duration>
        <type>13</type>
        <step>16</step>
      </extensions>
    </rtept>
    <rtept lat="24.345957" lon="120.623598">
      <name>順天路</name>
      <desc>Keep right onto 順天路</desc>
      <extensions>
        <distance>755.4</distance>
        <duration>151.1</duration>
        <type>13</type>
        <step>16</step>
      </extensions>
    </rtept>
    <rtept lat="24.345568" lon="120.623226">
      <name>順天路</name>
      <desc>Keep right onto 順天路</desc>
      <extensions>
        <distance>755.4</distance>
        <duration>151.1</duration>
        <type>13</type>
        <step>16</step>
      </extensions>
    </rtept>
    <rtept lat="24.345428" lon="120.623019">
      <name/>
      <desc>Turn sharp left</desc>
      <extensions>
        <distance>14.0</distance>
        <duration>3.6</duration>
        <type>2</type>
        <step>17</step>
      </extensions>
    </rtept>
    <rtept lat="24.345365" lon="120.623139">
      <name>廟埕</name>
      <desc>Turn left onto 廟埕</desc>
      <extensions>
        <distance>42.6</distance>
        <duration>25.6</duration>
        <type>0</type>
        <step>18</step>
      </extensions>
    </rtept>
    <rtept lat="24.345397" lon="120.623186">
      <name>廟埕</name>
      <desc>Turn left onto 廟埕</desc>
      <extensions>
        <distance>42.6</distance>
        <duration>25.6</duration>
        <type>0</type>
        <step>18</step>
      </extensions>
    </rtept>
    <rtept lat="24.345375" lon="120.623243">
      <name>廟埕</name>
      <desc>Turn left onto 廟埕</desc>
      <extensions>
        <distance>42.6</distance>
        <duration>25.6</duration>
        <type>0</type>
        <step>18</step>
      </extensions>
    </rtept>
    <rtept lat="24.345287" lon="120.623477">
      <name>廟埕</name>
      <desc>Turn left onto 廟埕</desc>
      <extensions>
        <distance>42.6</distance>
        <duration>25.6</duration>
        <type>0</type>
        <step>18</step>
      </extensions>
    </rtept>
    <rtept lat="24.345248" lon="120.623459">
      <name/>
      <desc>Turn left</desc>
      <extensions>
        <distance>1.6</distance>
        <duration>2.8</duration>
        <type>0</type>
        <step>19</step>
      </extensions>
    </rtept>
    <rtept lat="24.345242" lon="120.623473">
      <name/>
      <desc>Arrive at your destination, on the right</desc>
      <extensions>
        <distance>0.0</distance>
        <duration>0.0</duration>
        <type>10</type>
        <step>20</step>
      </extensions>
    </rtept>
    <rtept lat="24.345242" lon="120.623473">
      <name/>
      <desc>Head northwest</desc>
      <extensions>
        <distance>1.6</distance>
        <duration>2.8</duration>
        <type>11</type>
        <step>21</step>
      </extensions>
    </rtept>
    <rtept lat="24.345248" lon="120.623459">
      <name>廟埕</name>
      <desc>Turn left onto 廟埕</desc>
      <extensions>
        <distance>10.5</distance>
        <duration>6.3</duration>
        <type>0</type>
        <step>22</step>
      </extensions>
    </rtept>
    <rtept lat="24.345201" lon="120.623438">
      <name>廟埕</name>
      <desc>Turn left onto 廟埕</desc>
      <extensions>
        <distance>10.5</distance>
        <duration>6.3</duration>
        <type>0</type>
        <step>22</step>
      </extensions>
    </rtept>
    <rtept lat="24.345218" lon="120.623393">
      <name/>
      <desc>Turn left</desc>
      <extensions>
        <distance>12.0</distance>
        <duration>7.2</duration>
        <type>0</type>
        <step>23</step>
      </extensions>
    </rtept>
    <rtept lat="24.345118" lon="120.62335">
      <name/>
      <desc>Turn left</desc>
      <extensions>
        <distance>45.6</distance>
        <duration>27.4</duration>
        <type>0</type>
        <step>24</step>
      </extensions>
    </rtept>
    <rtept lat="24.344982" lon="120.623776">
      <name>鎮瀾街</name>
      <desc>Turn right onto 鎮瀾街</desc>
      <extensions>
        <distance>99.9</distance>
        <duration>20.0</duration>
        <type>1</type>
        <step>25</step>
      </extensions>
    </rtept>
    <rtept lat="24.344876" lon="120.623735">
      <name>鎮瀾街</name>
      <desc>Turn right onto 鎮瀾街</desc>
      <extensions>
        <distance>99.9</distance>
        <duration>20.0</duration>
        <type>1</type>
        <step>25</step>
      </extensions>
    </rtept>
    <rtept lat="24.344563" lon="120.623618">
      <name>鎮瀾街</name>
      <desc>Turn right onto 鎮瀾街</desc>
      <extensions>
        <distance>99.9</distance>
        <duration>20.0</duration>
        <type>1</type>
        <step>25</step>
      </extensions>
    </rtept>
    <rtept lat="24.344295" lon="120.623519">
      <name>鎮瀾街</name>
      <desc>Turn right onto 鎮瀾街</desc>
      <extensions>
        <distance>99.9</distance>
        <duration>20.0</duration>
        <type>1</type>
        <step>25</step>
      </extensions>
    </rtept>
    <rtept lat="24.344126" lon="120.623481">
      <name>光明路, 中18</name>
      <desc>Turn left onto 光明路, 中18</desc>
      <extensions>
        <distance>252.4</distance>
        <duration>50.5</duration>
        <type>0</type>
        <step>26</step>
      </extensions>
    </rtept>
    <rtept lat="24.344112" lon="120.623789">
      <name>光明路, 中18</name>
      <desc>Turn left onto 光明路, 中18</desc>
      <extensions>
        <distance>252.4</distance>
        <duration>50.5</duration>
        <type>0</type>
        <step>26</step>
      </extensions>
    </rtept>
    <rtept lat="24.34389" lon="120.624636">
      <name>光明路, 中18</name>
      <desc>Turn left onto 光明路, 中18</desc>
      <extensions>
        <distance>252.4</distance>
        <duration>50.5</duration>
        <type>0</type>
        <step>26</step>
      </extensions>
    </rtept>
    <rtept lat="24.343809" lon="120.624959">
      <name>光明路, 中18</name>
      <desc>Turn left onto 光明路, 中18</desc>
      <extensions>
        <distance>252.4</distance>
        <duration>50.5</duration>
        <type>0</type>
        <step>26</step>
      </extensions>
    </rtept>
    <rtept lat="24.343698" lon="120.6253">
      <name>光明路, 中18</name>
      <desc>Turn left onto 光明路, 中18</desc>
      <extensions>
        <distance>252.4</distance>
        <duration>50.5</duration>
        <type>0</type>
        <step>26</step>
      </extensions>
    </rtept>
    <rtept lat="24.343538" lon="120.625878">
      <name>中山路一段, 132</name>
      <desc>Turn sharp right onto 中山路一段, 132</desc>
      <extensions>
        <distance>90.6</distance>
        <duration>18.1</duration>
        <type>3</type>
        <step>27</step>
      </extensions>
    </rtept>
    <rtept lat="24.343313" lon="120.625702">
      <name>中山路一段, 132</name>
      <desc>Turn sharp right onto 中山路一段, 132</desc>
      <extensions>
        <distance>90.6</distance>
        <duration>18.1</duration>
        <type>3</type>
        <step>27</step>
      </extensions>
    </rtept>
    <rtept lat="24.34318" lon="120.625575">
      <name>中山路一段, 132</name>
      <desc>Turn sharp right onto 中山路一段, 132</desc>
      <extensions>
        <distance>90.6</distance>
        <duration>18.1</duration>
        <type>3</type>
        <step>27</step>
      </extensions>
    </rtept>
    <rtept lat="24.343074" lon="120.625369">
      <name>中山路一段, 132</name>
      <desc>Turn sharp right onto 中山路一段, 132</desc>
      <extensions>
        <distance>90.6</distance>
        <duration>18.1</duration>
        <type>3</type>
        <step>27</step>
      </extensions>
    </rtept>
    <rtept lat="24.343037" lon="120.625213">
      <name/>
      <desc>Arrive at 中山路一段, 132, on the left</desc>
      <extensions>
        <distance>0.0</distance>
        <duration>0.0</duration>
        <type>10</type>
        <step>28</step>
      </extensions>
    </rtept>
    <rtept lat="24.343037" lon="120.625213">
      <name>中山路一段, 132</name>
      <desc>Head east on 中山路一段, 132</desc>
      <extensions>
        <distance>90.6</distance>
        <duration>18.1</duration>
        <type>11</type>
        <step>29</step>
      </extensions>
    </rtept>
    <rtept lat="24.343074" lon="120.625369">
      <name>中山路一段, 132</name>
      <desc>Head east on 中山路一段, 132</desc>
      <extensions>
        <distance>90.6</distance>
        <duration>18.1</duration>
        <type>11</type>
        <step>29</step>
      </extensions>
    </rtept>
    <rtept lat="24.34318" lon="120.625575">
      <name>中山路一段, 132</name>
      <desc>Head east on 中山路一段, 132</desc>
      <extensions>
        <distance>90.6</distance>
        <duration>18.1</duration>
        <type>11</type>
        <step>29</step>
      </extensions>
    </rtept>
    <rtept lat="24.343313" lon="120.625702">
      <name>中山路一段, 132</name>
      <desc>Head east on 中山路一段, 132</desc>
      <extensions>
        <distance>90.6</distance>
        <duration>18.1</duration>
        <type>11</type>
        <step>29</step>
      </extensions>
    </rtept>
    <rtept lat="24.343538" lon="120.625878">
      <name>光明路, 中18</name>
      <desc>Turn sharp left onto 光明路, 中18</desc>
      <extensions>
        <distance>408.3</distance>
        <duration>81.7</duration>
        <type>2</type>
        <step>30</step>
      </extensions>
    </rtept>
    <rtept lat="24.343698" lon="120.6253">
      <name>光明路, 中18</name>
      <desc>Turn sharp left onto 光明路, 中18</desc>
      <extensions>
        <distance>408.3</distance>
        <duration>81.7</duration>
        <type>2</type>
        <step>30</step>
      </extensions>
    </rtept>
    <rtept lat="24.343809" lon="120.624959">
      <name>光明路, 中18</name>
      <desc>Turn sharp left onto 光明路, 中18</desc>
      <extensions>
        <distance>408.3</distance>
        <duration>81.7</duration>
        <type>2</type>
        <step>30</step>
      </extensions>
    </rtept>
    <rtept lat="24.34389" lon="120.624636">
      <name>光明路, 中18</name>
      <desc>Turn sharp left onto 光明路, 中18</desc>
      <extensions>
        <distance>408.3</distance>
        <duration>81.7</duration>
        <type>2</type>
        <step>30</step>
      </extensions>
    </rtept>
    <rtept lat="24.344112" lon="120.623789">
      <name>光明路, 中18</name>
      <desc>Turn sharp left onto 光明路, 中18</desc>
      <extensions>
        <distance>408.3</distance>
        <duration>81.7</duration>
        <type>2</type>
        <step>30</step>
      </extensions>
    </rtept>
    <rtept lat="24.344126" lon="120.623481">
      <name>光明路, 中18</name>
      <desc>Turn sharp left onto 光明路, 中18</desc>
      <extensions>
        <distance>408.3</distance>
        <duration>81.7</duration>
        <type>2</type>
        <step>30</step>
      </extensions>
    </rtept>
    <rtept lat="24.344188" lon="120.622376">
      <name>光明路, 中18</name>
      <desc>Turn sharp left onto 光明路, 中18</desc>
      <extensions>
        <distance>408.3</distance>
        <duration>81.7</duration>
        <type>2</type>
        <step>30</step>
      </extensions>
    </rtept>
    <rtept lat="24.344227" lon="120.621946">
      <name>順天路</name>
      <desc>Turn left onto 順天路</desc>
      <extensions>
        <distance>312.3</distance>
        <duration>62.5</duration>
        <type>0</type>
        <step>31</step>
      </extensions>
    </rtept>
    <rtept lat="24.344088" lon="120.621911">
      <name>順天路</name>
      <desc>Turn left onto 順天路</desc>
      <extensions>
        <distance>312.3</distance>
        <duration>62.5</duration>
        <type>0</type>
        <step>31</step>
      </extensions>
    </rtept>
    <rtept lat="24.343934" lon="120.621834">
      <name>順天路</name>
      <desc>Turn left onto 順天路</desc>
      <extensions>
        <distance>312.3</distance>
        <duration>62.5</duration>
        <type>0</type>
        <step>31</step>
      </extensions>
    </rtept>
    <rtept lat="24.34351" lon="120.621537">
      <name>順天路</name>
      <desc>Turn left onto 順天路</desc>
      <extensions>
        <distance>312.3</distance>
        <duration>62.5</duration>
        <type>0</type>
        <step>31</step>
      </extensions>
    </rtept>
    <rtept lat="24.343225" lon="120.621308">
      <name>順天路</name>
      <desc>Turn left onto 順天路</desc>
      <extensions>
        <distance>312.3</distance>
        <duration>62.5</duration>
        <type>0</type>
        <step>31</step>
      </extensions>
    </rtept>
    <rtept lat="24.342964" lon="120.621086">
      <name>順天路</name>
      <desc>Turn left onto 順天路</desc>
      <extensions>
        <distance>312.3</distance>
        <duration>62.5</duration>
        <type>0</type>
        <step>31</step>
      </extensions>
    </rtept>
    <rtept lat="24.342398" lon="120.620666">
      <name>順天路</name>
      <desc>Turn left onto 順天路</desc>
      <extensions>
        <distance>312.3</distance>
        <duration>62.5</duration>
        <type>0</type>
        <step>31</step>
      </extensions>
    </rtept>
    <rtept lat="24.34188" lon="120.620277">
      <name>中山路一段</name>
      <desc>Continue straight onto 中山路一段</desc>
      <extensions>
        <distance>10128.4</distance>
        <duration>2025.7</duration>
        <type>6</type>
        <step>32</step>
      </extensions>
    </rtept>
    <rtept lat="24.34167" lon="120.62011">
      <name>中山路一段</name>
      <desc>Continue straight onto 中山路一段</desc>
      <extensions>
        <distance>10128.4</distance>
        <duration>2025.7</duration>
        <type>6</type>
        <step>32</step>
      </extensions>
    </rtept>
    <rtept lat="24.34159" lon="120.620045">
      <name>中山路一段</name>
      <desc>Continue straight onto 中山路一段</desc>
      <extensions>
        <distance>10128.4</distance>
        <duration>2025.7</duration>
        <type>6</type>
        <step>32</step>
      </extensions>
    </rtept>
    <rtept lat="24.341188" lon="120.619734">
      <name>中山路一段</name>
      <desc>Continue straight onto 中山路一段</desc>
      <extensions>
        <distance>10128.4</distance>
        <duration>2025.7</duration>
        <type>6</type>
        <step>32</step>
      </extensions>
    </rtept>
    <rtept lat="24.34111" lon="120.619682">
      <name>中山路一段</name>
      <desc>Continue straight onto 中山路一段</desc>
      <extensions>
        <distance>10128.4</distance>
        <duration>2025.7</duration>
        <type>6</type>
        <step>32</step>
      </extensions>
    </rtept>
    <rtept lat="24.340708" lon="120.619418">
      <name>中山路一段</name>
      <desc>Continue straight onto 中山路一段</desc>
      <extensions>
        <distance>10128.4</distance>
        <duration>2025.7</duration>
        <type>6</type>
        <step>32</step>
      </extensions>
    </rtept>
    <rtept lat="24.340613" lon="120.619356">
      <name>中山路一段</name>
      <desc>Continue straight onto 中山路一段</desc>
      <extensions>
        <distance>10128.4</distance>
        <duration>2025.7</duration>
        <type>6</type>
        <step>32</step>
      </extensions>
    </rtept>
    <rtept lat="24.339705" lon="120.618737">
      <name>中山路一段</name>
      <desc>Continue straight onto 中山路一段</desc>
      <extensions>
        <distance>10128.4</distance>
        <duration>2025.7</duration>
        <type>6</type>
        <step>32</step>
      </extensions>
    </rtept>
    <rtept lat="24.339014" lon="120.618296">
      <name>中山路一段</name>
      <desc>Continue straight onto 中山路一段</desc>
      <extensions>
        <distance>10128.4</distance>
        <duration>2025.7</duration>
        <type>6</type>
        <step>32</step>
      </extensions>
    </rtept>
    <rtept lat="24.338854" lon="120.618084">
      <name>中山路一段</name>
      <desc>Continue straight onto 中山路一段</desc>
      <extensions>
        <distance>10128.4</distance>
        <duration>2025.7</duration>
        <type>6</type>
        <step>32</step>
      </extensions>
    </rtept>
    <rtept lat="24.338146" lon="120.61764">
      <name>中山路一段</name>
      <desc>Continue straight onto 中山路一段</desc>
      <extensions>
        <distance>10128.4</distance>
        <duration>2025.7</duration>
        <type>6</type>
        <step>32</step>
      </extensions>
    </rtept>
    <rtept lat="24.336022" lon="120.616241">
      <name>中山路一段</name>
      <desc>Continue straight onto 中山路一段</desc>
      <extensions>
        <distance>10128.4</distance>
        <duration>2025.7</duration>
        <type>6</type>
        <step>32</step>
      </extensions>
    </rtept>
    <rtept lat="24.335543" lon="120.615911">
      <name>中山路一段</name>
      <desc>Continue straight onto 中山路一段</desc>
      <extensions>
        <distance>10128.4</distance>
        <duration>2025.7</duration>
        <type>6</type>
        <step>32</step>
      </extensions>
    </rtept>
    <rtept lat="24.333899" lon="120.61482">
      <name>中山路一段</name>
      <desc>Continue straight onto 中山路一段</desc>
      <extensions>
        <distance>10128.4</distance>
        <duration>2025.7</duration>
        <type>6</type>
        <step>32</step>
      </extensions>
    </rtept>
    <rtept lat="24.333427" lon="120.614479">
      <name>中山路一段</name>
      <desc>Continue straight onto 中山路一段</desc>
      <extensions>
        <distance>10128.4</distance>
        <duration>2025.7</duration>
        <type>6</type>
        <step>32</step>
      </extensions>
    </rtept>
    <rtept lat="24.332612" lon="120.613721">
      <name>中山路一段</name>
      <desc>Continue straight onto 中山路一段</desc>
      <extensions>
        <distance>10128.4</distance>
        <duration>2025.7</duration>
        <type>6</type>
        <step>32</step>
      </extensions>
    </rtept>
    <rtept lat="24.330862" lon="120.612052">
      <name>中山路一段</name>
      <desc>Continue straight onto 中山路一段</desc>
      <extensions>
        <distance>10128.4</distance>
        <duration>2025.7</duration>
        <type>6</type>
        <step>32</step>
      </extensions>
    </rtept>
    <rtept lat="24.329325" lon="120.610507">
      <name>中山路一段</name>
      <desc>Continue straight onto 中山路一段</desc>
      <extensions>
        <distance>10128.4</distance>
        <duration>2025.7</duration>
        <type>6</type>
        <step>32</step>
      </extensions>
    </rtept>
    <rtept lat="24.328363" lon="120.609572">
      <name>中山路一段</name>
      <desc>Continue straight onto 中山路一段</desc>
      <extensions>
        <distance>10128.4</distance>
        <duration>2025.7</duration>
        <type>6</type>
        <step>32</step>
      </extensions>
    </rtept>
    <rtept lat="24.328007" lon="120.609225">
      <name>中山路一段</name>
      <desc>Continue straight onto 中山路一段</desc>
      <extensions>
        <distance>10128.4</distance>
        <duration>2025.7</duration>
        <type>6</type>
        <step>32</step>
      </extensions>
    </rtept>
    <rtept lat="24.327856" lon="120.609072">
      <name>中山路一段</name>
      <desc>Continue straight onto 中山路一段</desc>
      <extensions>
        <distance>10128.4</distance>
        <duration>2025.7</duration>
        <type>6</type>
        <step>32</step>
      </extensions>
    </rtept>
    <rtept lat="24.327852" lon="120.609068">
      <name>中山路一段</name>
      <desc>Continue straight onto 中山路一段</desc>
      <extensions>
        <distance>10128.4</distance>
        <duration>2025.7</duration>
        <type>6</type>
        <step>32</step>
      </extensions>
    </rtept>
    <rtept lat="24.327597" lon="120.608832">
      <name>中山路一段</name>
      <desc>Continue straight onto 中山路一段</desc>
      <extensions>
        <distance>10128.4</distance>
        <duration>2025.7</duration>
        <type>6</type>
        <step>32</step>
      </extensions>
    </rtept>
    <rtept lat="24.327476" lon="120.608722">
      <name>中山路一段</name>
      <desc>Continue straight onto 中山路一段</desc>
      <extensions>
        <distance>10128.4</distance>
        <duration>2025.7</duration>
        <type>6</type>
        <step>32</step>
      </extensions>
    </rtept>
    <rtept lat="24.326929" lon="120.608345">
      <name>中山路一段</name>
      <desc>Continue straight onto 中山路一段</desc>
      <extensions>
        <distance>10128.4</distance>
        <duration>2025.7</duration>
        <type>6</type>
        <step>32</step>
      </extensions>
    </rtept>
    <rtept lat="24.326586" lon="120.608165">
      <name>中山路一段</name>
      <desc>Continue straight onto 中山路一段</desc>
      <extensions>
        <distance>10128.4</distance>
        <duration>2025.7</duration>
        <type>6</type>
        <step>32</step>
      </extensions>
    </rtept>
    <rtept lat="24.326337" lon="120.608066">
      <name>中山路一段</name>
      <desc>Continue straight onto 中山路一段</desc>
      <extensions>
        <distance>10128.4</distance>
        <duration>2025.7</duration>
        <type>6</type>
        <step>32</step>
      </extensions>
    </rtept>
    <rtept lat="24.325373" lon="120.607763">
      <name>中山路一段</name>
      <desc>Continue straight onto 中山路一段</desc>
      <extensions>
        <distance>10128.4</distance>
        <duration>2025.7</duration>
        <type>6</type>
        <step>32</step>
      </extensions>
    </rtept>
    <rtept lat="24.325193" lon="120.607713">
      <name>中山路一段</name>
      <desc>Continue straight onto 中山路一段</desc>
      <extensions>
        <distance>10128.4</distance>
        <duration>2025.7</duration>
        <type>6</type>
        <step>32</step>
      </extensions>
    </rtept>
    <rtept lat="24.324637" lon="120.607548">
      <name>中山路一段</name>
      <desc>Continue straight onto 中山路一段</desc>
      <extensions>
        <distance>10128.4</distance>
        <duration>2025.7</duration>
        <type>6</type>
        <step>32</step>
      </extensions>
    </rtept>
    <rtept lat="24.321714" lon="120.606653">
      <name>中山路一段</name>
      <desc>Continue straight onto 中山路一段</desc>
      <extensions>
        <distance>10128.4</distance>
        <duration>2025.7</duration>
        <type>6</type>
        <step>32</step>
      </extensions>
    </rtept>
    <rtept lat="24.31878" lon="120.605776">
      <name>中山路一段</name>
      <desc>Continue straight onto 中山路一段</desc>
      <extensions>
        <distance>10128.4</distance>
        <duration>2025.7</duration>
        <type>6</type>
        <step>32</step>
      </extensions>
    </rtept>
    <rtept lat="24.314415" lon="120.604437">
      <name>中山路一段</name>
      <desc>Continue straight onto 中山路一段</desc>
      <extensions>
        <distance>10128.4</distance>
        <duration>2025.7</duration>
        <type>6</type>
        <step>32</step>
      </extensions>
    </rtept>
    <rtept lat="24.312912" lon="120.603949">
      <name>中山路一段</name>
      <desc>Continue straight onto 中山路一段</desc>
      <extensions>
        <distance>10128.4</distance>
        <duration>2025.7</duration>
        <type>6</type>
        <step>32</step>
      </extensions>
    </rtept>
    <rtept lat="24.312179" lon="120.60371">
      <name>中山路一段</name>
      <desc>Continue straight onto 中山路一段</desc>
      <extensions>
        <distance>10128.4</distance>
        <duration>2025.7</duration>
        <type>6</type>
        <step>32</step>
      </extensions>
    </rtept>
    <rtept lat="24.311523" lon="120.603354">
      <name>中山路一段</name>
      <desc>Continue straight onto 中山路一段</desc>
      <extensions>
        <distance>10128.4</distance>
        <duration>2025.7</duration>
        <type>6</type>
        <step>32</step>
      </extensions>
    </rtept>
    <rtept lat="24.31113" lon="120.603051">
      <name>中山路一段</name>
      <desc>Continue straight onto 中山路一段</desc>
      <extensions>
        <distance>10128.4</distance>
        <duration>2025.7</duration>
        <type>6</type>
        <step>32</step>
      </extensions>
    </rtept>
    <rtept lat="24.310736" lon="120.602587">
      <name>中山路一段</name>
      <desc>Continue straight onto 中山路一段</desc>
      <extensions>
        <distance>10128.4</distance>
        <duration>2025.7</duration>
        <type>6</type>
        <step>32</step>
      </extensions>
    </rtept>
    <rtept lat="24.310455" lon="120.602073">
      <name>中山路一段</name>
      <desc>Continue straight onto 中山路一段</desc>
      <extensions>
        <distance>10128.4</distance>
        <duration>2025.7</duration>
        <type>6</type>
        <step>32</step>
      </extensions>
    </rtept>
    <rtept lat="24.30986" lon="120.600656">
      <name>中山路一段</name>
      <desc>Continue straight onto 中山路一段</desc>
      <extensions>
        <distance>10128.4</distance>
        <duration>2025.7</duration>
        <type>6</type>
        <step>32</step>
      </extensions>
    </rtept>
    <rtept lat="24.309607" lon="120.599862">
      <name>中山路一段</name>
      <desc>Continue straight onto 中山路一段</desc>
      <extensions>
        <distance>10128.4</distance>
        <duration>2025.7</duration>
        <type>6</type>
        <step>32</step>
      </extensions>
    </rtept>
    <rtept lat="24.309398" lon="120.599409">
      <name>中山路一段</name>
      <desc>Continue straight onto 中山路一段</desc>
      <extensions>
        <distance>10128.4</distance>
        <duration>2025.7</duration>
        <type>6</type>
        <step>32</step>
      </extensions>
    </rtept>
    <rtept lat="24.309195" lon="120.599049">
      <name>中山路一段</name>
      <desc>Continue straight onto 中山路一段</desc>
      <extensions>
        <distance>10128.4</distance>
        <duration>2025.7</duration>
        <type>6</type>
        <step>32</step>
      </extensions>
    </rtept>
    <rtept lat="24.308953" lon="120.598768">
      <name>中山路一段</name>
      <desc>Continue straight onto 中山路一段</desc>
      <extensions>
        <distance>10128.4</distance>
        <duration>2025.7</duration>
        <type>6</type>
        <step>32</step>
      </extensions>
    </rtept>
    <rtept lat="24.307861" lon="120.597676">
      <name>中山路一段</name>
      <desc>Continue straight onto 中山路一段</desc>
      <extensions>
        <distance>10128.4</distance>
        <duration>2025.7</duration>
        <type>6</type>
        <step>32</step>
      </extensions>
    </rtept>
    <rtept lat="24.30744" lon="120.597353">
      <name>中山路一段</name>
      <desc>Continue straight onto 中山路一段</desc>
      <extensions>
        <distance>10128.4</distance>
        <duration>2025.7</duration>
        <type>6</type>
        <step>32</step>
      </extensions>
    </rtept>
    <rtept lat="24.307003" lon="120.597097">
      <name>中山路一段</name>
      <desc>Continue straight onto 中山路一段</desc>
      <extensions>
        <distance>10128.4</distance>
        <duration>2025.7</duration>
        <type>6</type>
        <step>32</step>
      </extensions>
    </rtept>
    <rtept lat="24.306462" lon="120.59687">
      <name>中山路一段</name>
      <desc>Continue straight onto 中山路一段</desc>
      <extensions>
        <distance>10128.4</distance>
        <duration>2025.7</duration>
        <type>6</type>
        <step>32</step>
      </extensions>
    </rtept>
    <rtept lat="24.305277" lon="120.596611">
      <name>中山路一段</name>
      <desc>Continue straight onto 中山路一段</desc>
      <extensions>
        <distance>10128.4</distance>
        <duration>2025.7</duration>
        <type>6</type>
        <step>32</step>
      </extensions>
    </rtept>
    <rtept lat="24.304467" lon="120.59647">
      <name>中山路一段</name>
      <desc>Continue straight onto 中山路一段</desc>
      <extensions>
        <distance>10128.4</distance>
        <duration>2025.7</duration>
        <type>6</type>
        <step>32</step>
      </extensions>
    </rtept>
    <rtept lat="24.304002" lon="120.596378">
      <name>中山路一段</name>
      <desc>Continue straight onto 中山路一段</desc>
      <extensions>
        <distance>10128.4</distance>
        <duration>2025.7</duration>
        <type>6</type>
        <step>32</step>
      </extensions>
    </rtept>
    <rtept lat="24.303888" lon="120.596304">
      <name>中山路一段</name>
      <desc>Continue straight onto 中山路一段</desc>
      <extensions>
        <distance>10128.4</distance>
        <duration>2025.7</duration>
        <type>6</type>
        <step>32</step>
      </extensions>
    </rtept>
    <rtept lat="24.303768" lon="120.596268">
      <name>中山路一段</name>
      <desc>Continue straight onto 中山路一段</desc>
      <extensions>
        <distance>10128.4</distance>
        <duration>2025.7</duration>
        <type>6</type>
        <step>32</step>
      </extensions>
    </rtept>
    <rtept lat="24.303685" lon="120.596254">
      <name>中山路一段</name>
      <desc>Continue straight onto 中山路一段</desc>
      <extensions>
        <distance>10128.4</distance>
        <duration>2025.7</duration>
        <type>6</type>
        <step>32</step>
      </extensions>
    </rtept>
    <rtept lat="24.302844" lon="120.596052">
      <name>中山路一段</name>
      <desc>Continue straight onto 中山路一段</desc>
      <extensions>
        <distance>10128.4</distance>
        <duration>2025.7</duration>
        <type>6</type>
        <step>32</step>
      </extensions>
    </rtept>
    <rtept lat="24.301577" lon="120.595586">
      <name>中山路一段</name>
      <desc>Continue straight onto 中山路一段</desc>
      <extensions>
        <distance>10128.4</distance>
        <duration>2025.7</duration>
        <type>6</type>
        <step>32</step>
      </extensions>
    </rtept>
    <rtept lat="24.30068" lon="120.595196">
      <name>中山路一段</name>
      <desc>Continue straight onto 中山路一段</desc>
      <extensions>
        <distance>10128.4</distance>
        <duration>2025.7</duration>
        <type>6</type>
        <step>32</step>
      </extensions>
    </rtept>
    <rtept lat="24.300298" lon="120.594958">
      <name>中山路一段</name>
      <desc>Continue straight onto 中山路一段</desc>
      <extensions>
        <distance>10128.4</distance>
        <duration>2025.7</duration>
        <type>6</type>
        <step>32</step>
      </extensions>
    </rtept>
    <rtept lat="24.299544" lon="120.59442">
      <name>中山路一段</name>
      <desc>Continue straight onto 中山路一段</desc>
      <extensions>
        <distance>10128.4</distance>
        <duration>2025.7</duration>
        <type>6</type>
        <step>32</step>
      </extensions>
    </rtept>
    <rtept lat="24.299096" lon="120.593931">
      <name>中山路一段</name>
      <desc>Continue straight onto 中山路一段</desc>
      <extensions>
        <distance>10128.4</distance>
        <duration>2025.7</duration>
        <type>6</type>
        <step>32</step>
      </extensions>
    </rtept>
    <rtept lat="24.298735" lon="120.593582">
      <name>中山路一段</name>
      <desc>Continue straight onto 中山路一段</desc>
      <extensions>
        <distance>10128.4</distance>
        <duration>2025.7</duration>
        <type>6</type>
        <step>32</step>
      </extensions>
    </rtept>
    <rtept lat="24.297544" lon="120.592355">
      <name>中山路一段</name>
      <desc>Continue straight onto 中山路一段</desc>
      <extensions>
        <distance>10128.4</distance>
        <duration>2025.7</duration>
        <type>6</type>
        <step>32</step>
      </extensions>
    </rtept>
    <rtept lat="24.296289" lon="120.591095">
      <name>中山路一段</name>
      <desc>Continue straight onto 中山路一段</desc>
      <extensions>
        <distance>10128.4</distance>
        <duration>2025.7</duration>
        <type>6</type>
        <step>32</step>
      </extensions>
    </rtept>
    <rtept lat="24.295376" lon="120.590187">
      <name>中山路一段</name>
      <desc>Continue straight onto 中山路一段</desc>
      <extensions>
        <distance>10128.4</distance>
        <duration>2025.7</duration>
        <type>6</type>
        <step>32</step>
      </extensions>
    </rtept>
    <rtept lat="24.294625" lon="120.58949">
      <name>中山路一段</name>
      <desc>Continue straight onto 中山路一段</desc>
      <extensions>
        <distance>10128.4</distance>
        <duration>2025.7</duration>
        <type>6</type>
        <step>32</step>
      </extensions>
    </rtept>
    <rtept lat="24.293811" lon="120.588916">
      <name>中山路一段</name>
      <desc>Continue straight onto 中山路一段</desc>
      <extensions>
        <distance>10128.4</distance>
        <duration>2025.7</duration>
        <type>6</type>
        <step>32</step>
      </extensions>
    </rtept>
    <rtept lat="24.293118" lon="120.588479">
      <name>中山路一段</name>
      <desc>Continue straight onto 中山路一段</desc>
      <extensions>
        <distance>10128.4</distance>
        <duration>2025.7</duration>
        <type>6</type>
        <step>32</step>
      </extensions>
    </rtept>
    <rtept lat="24.292618" lon="120.588214">
      <name>中山路一段</name>
      <desc>Continue straight onto 中山路一段</desc>
      <extensions>
        <distance>10128.4</distance>
        <duration>2025.7</duration>
        <type>6</type>
        <step>32</step>
      </extensions>
    </rtept>
    <rtept lat="24.288488" lon="120.58587">
      <name>中山路一段</name>
      <desc>Continue straight onto 中山路一段</desc>
      <extensions>
        <distance>10128.4</distance>
        <duration>2025.7</duration>
        <type>6</type>
        <step>32</step>
      </extensions>
    </rtept>
    <rtept lat="24.288142" lon="120.585678">
      <name>中山路一段</name>
      <desc>Continue straight onto 中山路一段</desc>
      <extensions>
        <distance>10128.4</distance>
        <duration>2025.7</duration>
        <type>6</type>
        <step>32</step>
      </extensions>
    </rtept>
    <rtept lat="24.288042" lon="120.585617">
      <name>中山路一段</name>
      <desc>Continue straight onto 中山路一段</desc>
      <extensions>
        <distance>10128.4</distance>
        <duration>2025.7</duration>
        <type>6</type>
        <step>32</step>
      </extensions>
    </rtept>
    <rtept lat="24.287787" lon="120.585468">
      <name>中山路一段</name>
      <desc>Continue straight onto 中山路一段</desc>
      <extensions>
        <distance>10128.4</distance>
        <duration>2025.7</duration>
        <type>6</type>
        <step>32</step>
      </extensions>
    </rtept>
    <rtept lat="24.287296" lon="120.585186">
      <name>中山路一段</name>
      <desc>Continue straight onto 中山路一段</desc>
      <extensions>
        <distance>10128.4</distance>
        <duration>2025.7</duration>
        <type>6</type>
        <step>32</step>
      </extensions>
    </rtept>
    <rtept lat="24.286964" lon="120.584997">
      <name>中山路一段</name>
      <desc>Continue straight onto 中山路一段</desc>
      <extensions>
        <distance>10128.4</distance>
        <duration>2025.7</duration>
        <type>6</type>
        <step>32</step>
      </extensions>
    </rtept>
    <rtept lat="24.286667" lon="120.584827">
      <name>中山路一段</name>
      <desc>Continue straight onto 中山路一段</desc>
      <extensions>
        <distance>10128.4</distance>
        <duration>2025.7</duration>
        <type>6</type>
        <step>32</step>
      </extensions>
    </rtept>
    <rtept lat="24.286423" lon="120.584685">
      <name>中山路一段</name>
      <desc>Continue straight onto 中山路一段</desc>
      <extensions>
        <distance>10128.4</distance>
        <duration>2025.7</duration>
        <type>6</type>
        <step>32</step>
      </extensions>
    </rtept>
    <rtept lat="24.28447" lon="120.583561">
      <name>中山路一段</name>
      <desc>Continue straight onto 中山路一段</desc>
      <extensions>
        <distance>10128.4</distance>
        <duration>2025.7</duration>
        <type>6</type>
        <step>32</step>
      </extensions>
    </rtept>
    <rtept lat="24.283443" lon="120.582947">
      <name>中山路一段</name>
      <desc>Continue straight onto 中山路一段</desc>
      <extensions>
        <distance>10128.4</distance>
        <duration>2025.7</duration>
        <type>6</type>
        <step>32</step>
      </extensions>
    </rtept>
    <rtept lat="24.283089" lon="120.582646">
      <name>中山路一段</name>
      <desc>Continue straight onto 中山路一段</desc>
      <extensions>
        <distance>10128.4</distance>
        <duration>2025.7</duration>
        <type>6</type>
        <step>32</step>
      </extensions>
    </rtept>
    <rtept lat="24.282823" lon="120.582389">
      <name>中山路一段</name>
      <desc>Continue straight onto 中山路一段</desc>
      <extensions>
        <distance>10128.4</distance>
        <duration>2025.7</duration>
        <type>6</type>
        <step>32</step>
      </extensions>
    </rtept>
    <rtept lat="24.28263" lon="120.582207">
      <name>中山路一段</name>
      <desc>Continue straight onto 中山路一段</desc>
      <extensions>
        <distance>10128.4</distance>
        <duration>2025.7</duration>
        <type>6</type>
        <step>32</step>
      </extensions>
    </rtept>
    <rtept lat="24.282488" lon="120.581996">
      <name>中山路一段</name>
      <desc>Continue straight onto 中山路一段</desc>
      <extensions>
        <distance>10128.4</distance>
        <duration>2025.7</duration>
        <type>6</type>
        <step>32</step>
      </extensions>
    </rtept>
    <rtept lat="24.282116" lon="120.581463">
      <name>中山路一段</name>
      <desc>Continue straight onto 中山路一段</desc>
      <extensions>
        <distance>10128.4</distance>
        <duration>2025.7</duration>
        <type>6</type>
        <step>32</step>
      </extensions>
    </rtept>
    <rtept lat="24.282007" lon="120.581281">
      <name>中山路一段</name>
      <desc>Continue straight onto 中山路一段</desc>
      <extensions>
        <distance>10128.4</distance>
        <duration>2025.7</duration>
        <type>6</type>
        <step>32</step>
      </extensions>
    </rtept>
    <rtept lat="24.280535" lon="120.579003">
      <name>中山路一段</name>
      <desc>Continue straight onto 中山路一段</desc>
      <extensions>
        <distance>10128.4</distance>
        <duration>2025.7</duration>
        <type>6</type>
        <step>32</step>
      </extensions>
    </rtept>
    <rtept lat="24.279721" lon="120.577702">
      <name>中山路一段</name>
      <desc>Continue straight onto 中山路一段</desc>
      <extensions>
        <distance>10128.4</distance>
        <duration>2025.7</duration>
        <type>6</type>
        <step>32</step>
      </extensions>
    </rtept>
    <rtept lat="24.27944" lon="120.577277">
      <name>中山路一段</name>
      <desc>Continue straight onto 中山路一段</desc>
      <extensions>
        <distance>10128.4</distance>
        <duration>2025.7</duration>
        <type>6</type>
        <step>32</step>
      </extensions>
    </rtept>
    <rtept lat="24.278315" lon="120.575448">
      <name>中山路一段</name>
      <desc>Continue straight onto 中山路一段</desc>
      <extensions>
        <distance>10128.4</distance>
        <duration>2025.7</duration>
        <type>6</type>
        <step>32</step>
      </extensions>
    </rtept>
    <rtept lat="24.278133" lon="120.575187">
      <name>中山路一段</name>
      <desc>Continue straight onto 中山路一段</desc>
      <extensions>
        <distance>10128.4</distance>
        <duration>2025.7</duration>
        <type>6</type>
        <step>32</step>
      </extensions>
    </rtept>
    <rtept lat="24.277856" lon="120.574807">
      <name>中山路一段</name>
      <desc>Continue straight onto 中山路一段</desc>
      <extensions>
        <distance>10128.4</distance>
        <duration>2025.7</duration>
        <type>6</type>
        <step>32</step>
      </extensions>
    </rtept>
    <rtept lat="24.277652" lon="120.574482">
      <name>中山路一段</name>
      <desc>Continue straight onto 中山路一段</desc>
      <extensions>
        <distance>10128.4</distance>
        <duration>2025.7</duration>
        <type>6</type>
        <step>32</step>
      </extensions>
    </rtept>
    <rtept lat="24.277045" lon="120.573519">
      <name>中山路一段</name>
      <desc>Continue straight onto 中山路一段</desc>
      <extensions>
        <distance>10128.4</distance>
        <duration>2025.7</duration>
        <type>6</type>
        <step>32</step>
      </extensions>
    </rtept>
    <rtept lat="24.276714" lon="120.573003">
      <name>中山路一段</name>
      <desc>Continue straight onto 中山路一段</desc>
      <extensions>
        <distance>10128.4</distance>
        <duration>2025.7</duration>
        <type>6</type>
        <step>32</step>
      </extensions>
    </rtept>
    <rtept lat="24.276598" lon="120.572814">
      <name>中山路一段</name>
      <desc>Continue straight onto 中山路一段</desc>
      <extensions>
        <distance>10128.4</distance>
        <duration>2025.7</duration>
        <type>6</type>
        <step>32</step>
      </extensions>
    </rtept>
    <rtept lat="24.275572" lon="120.571418">
      <name>中山路一段</name>
      <desc>Continue straight onto 中山路一段</desc>
      <extensions>
        <distance>10128.4</distance>
        <duration>2025.7</duration>
        <type>6</type>
        <step>32</step>
      </extensions>
    </rtept>
    <rtept lat="24.275508" lon="120.571328">
      <name>中山路一段</name>
      <desc>Continue straight onto 中山路一段</desc>
      <extensions>
        <distance>10128.4</distance>
        <duration>2025.7</duration>
        <type>6</type>
        <step>32</step>
      </extensions>
    </rtept>
    <rtept lat="24.274654" lon="120.570331">
      <name>中山路一段</name>
      <desc>Continue straight onto 中山路一段</desc>
      <extensions>
        <distance>10128.4</distance>
        <duration>2025.7</duration>
        <type>6</type>
        <step>32</step>
      </extensions>
    </rtept>
    <rtept lat="24.273638" lon="120.569382">
      <name>中山路一段</name>
      <desc>Continue straight onto 中山路一段</desc>
      <extensions>
        <distance>10128.4</distance>
        <duration>2025.7</duration>
        <type>6</type>
        <step>32</step>
      </extensions>
    </rtept>
    <rtept lat="24.273242" lon="120.569016">
      <name>中山路一段</name>
      <desc>Continue straight onto 中山路一段</desc>
      <extensions>
        <distance>10128.4</distance>
        <duration>2025.7</duration>
        <type>6</type>
        <step>32</step>
      </extensions>
    </rtept>
    <rtept lat="24.272801" lon="120.568667">
      <name>中山路一段</name>
      <desc>Continue straight onto 中山路一段</desc>
      <extensions>
        <distance>10128.4</distance>
        <duration>2025.7</duration>
        <type>6</type>
        <step>32</step>
      </extensions>
    </rtept>
    <rtept lat="24.272196" lon="120.568318">
      <name>中山路一段</name>
      <desc>Continue straight onto 中山路一段</desc>
      <extensions>
        <distance>10128.4</distance>
        <duration>2025.7</duration>
        <type>6</type>
        <step>32</step>
      </extensions>
    </rtept>
    <rtept lat="24.271687" lon="120.56807">
      <name>中山路一段</name>
      <desc>Continue straight onto 中山路一段</desc>
      <extensions>
        <distance>10128.4</distance>
        <duration>2025.7</duration>
        <type>6</type>
        <step>32</step>
      </extensions>
    </rtept>
    <rtept lat="24.270571" lon="120.567533">
      <name>中山路一段</name>
      <desc>Continue straight onto 中山路一段</desc>
      <extensions>
        <distance>10128.4</distance>
        <duration>2025.7</duration>
        <type>6</type>
        <step>32</step>
      </extensions>
    </rtept>
    <rtept lat="24.270306" lon="120.567424">
      <name>中山路一段</name>
      <desc>Continue straight onto 中山路一段</desc>
      <extensions>
        <distance>10128.4</distance>
        <duration>2025.7</duration>
        <type>6</type>
        <step>32</step>
      </extensions>
    </rtept>
    <rtept lat="24.270017" lon="120.567319">
      <name>中山路一段</name>
      <desc>Continue straight onto 中山路一段</desc>
      <extensions>
        <distance>10128.4</distance>
        <duration>2025.7</duration>
        <type>6</type>
        <step>32</step>
      </extensions>
    </rtept>
    <rtept lat="24.269357" lon="120.567057">
      <name>中山路一段</name>
      <desc>Continue straight onto 中山路一段</desc>
      <extensions>
        <distance>10128.4</distance>
        <duration>2025.7</duration>
        <type>6</type>
        <step>32</step>
      </extensions>
    </rtept>
    <rtept lat="24.268722" lon="120.566756">
      <name>中山路一段</name>
      <desc>Continue straight onto 中山路一段</desc>
      <extensions>
        <distance>10128.4</distance>
        <duration>2025.7</duration>
        <type>6</type>
        <step>32</step>
      </extensions>
    </rtept>
    <rtept lat="24.268413" lon="120.566594">
      <name>鰲峰路, 中53</name>
      <desc>Turn right onto 鰲峰路, 中53</desc>
      <extensions>
        <distance>1222.7</distance>
        <duration>244.5</duration>
        <type>1</type>
        <step>33</step>
      </extensions>
    </rtept>
    <rtept lat="24.26858" lon="120.566078">
      <name>鰲峰路, 中53</name>
      <desc>Turn right onto 鰲峰路, 中53</desc>
      <extensions>
        <distance>1222.7</distance>
        <duration>244.5</duration>
        <type>1</type>
        <step>33</step>
      </extensions>
    </rtept>
    <rtept lat="24.268598" lon="120.565959">
      <name>鰲峰路, 中53</name>
      <desc>Turn right onto 鰲峰路, 中53</desc>
      <extensions>
        <distance>1222.7</distance>
        <duration>244.5</duration>
        <type>1</type>
        <step>33</step>
      </extensions>
    </rtept>
    <rtept lat="24.268274" lon="120.564549">
      <name>鰲峰路, 中53</name>
      <desc>Turn right onto 鰲峰路, 中53</desc>
      <extensions>
        <distance>1222.7</distance>
        <duration>244.5</duration>
        <type>1</type>
        <step>33</step>
      </extensions>
    </rtept>
    <rtept lat="24.268205" lon="120.564308">
      <name>鰲峰路, 中53</name>
      <desc>Turn right onto 鰲峰路, 中53</desc>
      <extensions>
        <distance>1222.7</distance>
        <duration>244.5</duration>
        <type>1</type>
        <step>33</step>
      </extensions>
    </rtept>
    <rtept lat="24.267954" lon="120.563395">
      <name>鰲峰路, 中53</name>
      <desc>Turn right onto 鰲峰路, 中53</desc>
      <extensions>
        <distance>1222.7</distance>
        <duration>244.5</duration>
        <type>1</type>
        <step>33</step>
      </extensions>
    </rtept>
    <rtept lat="24.26786" lon="120.563111">
      <name>鰲峰路, 中53</name>
      <desc>Turn right onto 鰲峰路, 中53</desc>
      <extensions>
        <distance>1222.7</distance>
        <duration>244.5</duration>
        <type>1</type>
        <step>33</step>
      </extensions>
    </rtept>
    <rtept lat="24.267668" lon="120.562407">
      <name>鰲峰路, 中53</name>
      <desc>Turn right onto 鰲峰路, 中53</desc>
      <extensions>
        <distance>1222.7</distance>
        <duration>244.5</duration>
        <type>1</type>
        <step>33</step>
      </extensions>
    </rtept>
    <rtept lat="24.267384" lon="120.561397">
      <name>鰲峰路, 中53</name>
      <desc>Turn right onto 鰲峰路, 中53</desc>
      <extensions>
        <distance>1222.7</distance>
        <duration>244.5</duration>
        <type>1</type>
        <step>33</step>
      </extensions>
    </rtept>
    <rtept lat="24.267324" lon="120.56116">
      <name>鰲峰路, 中53</name>
      <desc>Turn right onto 鰲峰路, 中53</desc>
      <extensions>
        <distance>1222.7</distance>
        <duration>244.5</duration>
        <type>1</type>
        <step>33</step>
      </extensions>
    </rtept>
    <rtept lat="24.26729" lon="120.561031">
      <name>鰲峰路, 中53</name>
      <desc>Turn right onto 鰲峰路, 中53</desc>
      <extensions>
        <distance>1222.7</distance>
        <duration>244.5</duration>
        <type>1</type>
        <step>33</step>
      </extensions>
    </rtept>
    <rtept lat="24.267104" lon="120.560304">
      <name>鰲峰路, 中53</name>
      <desc>Turn right onto 鰲峰路, 中53</desc>
      <extensions>
        <distance>1222.7</distance>
        <duration>244.5</duration>
        <type>1</type>
        <step>33</step>
      </extensions>
    </rtept>
    <rtept lat="24.267019" lon="120.559969">
      <name>鰲峰路, 中53</name>
      <desc>Turn right onto 鰲峰路, 中53</desc>
      <extensions>
        <distance>1222.7</distance>
        <duration>244.5</duration>
        <type>1</type>
        <step>33</step>
      </extensions>
    </rtept>
    <rtept lat="24.267006" lon="120.559912">
      <name>鰲峰路, 中53</name>
      <desc>Turn right onto 鰲峰路, 中53</desc>
      <extensions>
        <distance>1222.7</distance>
        <duration>244.5</duration>
        <type>1</type>
        <step>33</step>
      </extensions>
    </rtept>
    <rtept lat="24.266979" lon="120.559799">
      <name>鰲峰路, 中53</name>
      <desc>Turn right onto 鰲峰路, 中53</desc>
      <extensions>
        <distance>1222.7</distance>
        <duration>244.5</duration>
        <type>1</type>
        <step>33</step>
      </extensions>
    </rtept>
    <rtept lat="24.266836" lon="120.559165">
      <name>鰲峰路, 中53</name>
      <desc>Turn right onto 鰲峰路, 中53</desc>
      <extensions>
        <distance>1222.7</distance>
        <duration>244.5</duration>
        <type>1</type>
        <step>33</step>
      </extensions>
    </rtept>
    <rtept lat="24.266753" lon="120.558796">
      <name>鰲峰路, 中53</name>
      <desc>Turn right onto 鰲峰路, 中53</desc>
      <extensions>
        <distance>1222.7</distance>
        <duration>244.5</duration>
        <type>1</type>
        <step>33</step>
      </extensions>
    </rtept>
    <rtept lat="24.266632" lon="120.558255">
      <name>鰲峰路, 中53</name>
      <desc>Turn right onto 鰲峰路, 中53</desc>
      <extensions>
        <distance>1222.7</distance>
        <duration>244.5</duration>
        <type>1</type>
        <step>33</step>
      </extensions>
    </rtept>
    <rtept lat="24.266537" lon="120.55784">
      <name>鰲峰路, 中53</name>
      <desc>Turn right onto 鰲峰路, 中53</desc>
      <extensions>
        <distance>1222.7</distance>
        <duration>244.5</duration>
        <type>1</type>
        <step>33</step>
      </extensions>
    </rtept>
    <rtept lat="24.266484" lon="120.557608">
      <name>鰲峰路, 中53</name>
      <desc>Turn right onto 鰲峰路, 中53</desc>
      <extensions>
        <distance>1222.7</distance>
        <duration>244.5</duration>
        <type>1</type>
        <step>33</step>
      </extensions>
    </rtept>
    <rtept lat="24.266302" lon="120.556795">
      <name>鰲峰路, 中53</name>
      <desc>Turn right onto 鰲峰路, 中53</desc>
      <extensions>
        <distance>1222.7</distance>
        <duration>244.5</duration>
        <type>1</type>
        <step>33</step>
      </extensions>
    </rtept>
    <rtept lat="24.265985" lon="120.555423">
      <name>鰲峰路, 中53</name>
      <desc>Turn right onto 鰲峰路, 中53</desc>
      <extensions>
        <distance>1222.7</distance>
        <duration>244.5</duration>
        <type>1</type>
        <step>33</step>
      </extensions>
    </rtept>
    <rtept lat="24.265879" lon="120.554966">
      <name>鰲峰路, 中53</name>
      <desc>Continue straight onto 鰲峰路, 中53</desc>
      <extensions>
        <distance>1057.5</distance>
        <duration>211.5</duration>
        <type>6</type>
        <step>34</step>
      </extensions>
    </rtept>
    <rtept lat="24.265784" lon="120.554592">
      <name>鰲峰路, 中53</name>
      <desc>Continue straight onto 鰲峰路, 中53</desc>
      <extensions>
        <distance>1057.5</distance>
        <duration>211.5</duration>
        <type>6</type>
        <step>34</step>
      </extensions>
    </rtept>
    <rtept lat="24.26572" lon="120.55422">
      <name>鰲峰路, 中53</name>
      <desc>Continue straight onto 鰲峰路, 中53</desc>
      <extensions>
        <distance>1057.5</distance>
        <duration>211.5</duration>
        <type>6</type>
        <step>34</step>
      </extensions>
    </rtept>
    <rtept lat="24.265566" lon="120.553496">
      <name>鰲峰路, 中53</name>
      <desc>Continue straight onto 鰲峰路, 中53</desc>
      <extensions>
        <distance>1057.5</distance>
        <duration>211.5</duration>
        <type>6</type>
        <step>34</step>
      </extensions>
    </rtept>
    <rtept lat="24.265361" lon="120.552747">
      <name>鰲峰路, 中53</name>
      <desc>Continue straight onto 鰲峰路, 中53</desc>
      <extensions>
        <distance>1057.5</distance>
        <duration>211.5</duration>
        <type>6</type>
        <step>34</step>
      </extensions>
    </rtept>
    <rtept lat="24.265241" lon="120.552261">
      <name>鰲峰路, 中53</name>
      <desc>Continue straight onto 鰲峰路, 中53</desc>
      <extensions>
        <distance>1057.5</distance>
        <duration>211.5</duration>
        <type>6</type>
        <step>34</step>
      </extensions>
    </rtept>
    <rtept lat="24.265172" lon="120.551906">
      <name>鰲峰路, 中53</name>
      <desc>Continue straight onto 鰲峰路, 中53</desc>
      <extensions>
        <distance>1057.5</distance>
        <duration>211.5</duration>
        <type>6</type>
        <step>34</step>
      </extensions>
    </rtept>
    <rtept lat="24.264906" lon="120.550858">
      <name>鰲峰路, 中53</name>
      <desc>Continue straight onto 鰲峰路, 中53</desc>
      <extensions>
        <distance>1057.5</distance>
        <duration>211.5</duration>
        <type>6</type>
        <step>34</step>
      </extensions>
    </rtept>
    <rtept lat="24.264837" lon="120.550587">
      <name>鰲峰路, 中53</name>
      <desc>Continue straight onto 鰲峰路, 中53</desc>
      <extensions>
        <distance>1057.5</distance>
        <duration>211.5</duration>
        <type>6</type>
        <step>34</step>
      </extensions>
    </rtept>
    <rtept lat="24.264764" lon="120.550289">
      <name>鰲峰路, 中53</name>
      <desc>Continue straight onto 鰲峰路, 中53</desc>
      <extensions>
        <distance>1057.5</distance>
        <duration>211.5</duration>
        <type>6</type>
        <step>34</step>
      </extensions>
    </rtept>
    <rtept lat="24.264577" lon="120.549567">
      <name>鰲峰路, 中53</name>
      <desc>Continue straight onto 鰲峰路, 中53</desc>
      <extensions>
        <distance>1057.5</distance>
        <duration>211.5</duration>
        <type>6</type>
        <step>34</step>
      </extensions>
    </rtept>
    <rtept lat="24.264547" lon="120.549439">
      <name>鰲峰路, 中53</name>
      <desc>Continue straight onto 鰲峰路, 中53</desc>
      <extensions>
        <distance>1057.5</distance>
        <duration>211.5</duration>
        <type>6</type>
        <step>34</step>
      </extensions>
    </rtept>
    <rtept lat="24.264496" lon="120.549258">
      <name>鰲峰路, 中53</name>
      <desc>Continue straight onto 鰲峰路, 中53</desc>
      <extensions>
        <distance>1057.5</distance>
        <duration>211.5</duration>
        <type>6</type>
        <step>34</step>
      </extensions>
    </rtept>
    <rtept lat="24.264256" lon="120.548346">
      <name>鰲峰路, 中53</name>
      <desc>Continue straight onto 鰲峰路, 中53</desc>
      <extensions>
        <distance>1057.5</distance>
        <duration>211.5</duration>
        <type>6</type>
        <step>34</step>
      </extensions>
    </rtept>
    <rtept lat="24.263966" lon="120.547226">
      <name>鰲峰路, 中53</name>
      <desc>Continue straight onto 鰲峰路, 中53</desc>
      <extensions>
        <distance>1057.5</distance>
        <duration>211.5</duration>
        <type>6</type>
        <step>34</step>
      </extensions>
    </rtept>
    <rtept lat="24.263946" lon="120.54715">
      <name>鰲峰路, 中53</name>
      <desc>Continue straight onto 鰲峰路, 中53</desc>
      <extensions>
        <distance>1057.5</distance>
        <duration>211.5</duration>
        <type>6</type>
        <step>34</step>
      </extensions>
    </rtept>
    <rtept lat="24.263863" lon="120.546828">
      <name>鰲峰路, 中53</name>
      <desc>Continue straight onto 鰲峰路, 中53</desc>
      <extensions>
        <distance>1057.5</distance>
        <duration>211.5</duration>
        <type>6</type>
        <step>34</step>
      </extensions>
    </rtept>
    <rtept lat="24.263656" lon="120.545971">
      <name>鰲峰路, 中53</name>
      <desc>Continue straight onto 鰲峰路, 中53</desc>
      <extensions>
        <distance>1057.5</distance>
        <duration>211.5</duration>
        <type>6</type>
        <step>34</step>
      </extensions>
    </rtept>
    <rtept lat="24.263556" lon="120.545594">
      <name>鰲峰路, 中53</name>
      <desc>Continue straight onto 鰲峰路, 中53</desc>
      <extensions>
        <distance>1057.5</distance>
        <duration>211.5</duration>
        <type>6</type>
        <step>34</step>
      </extensions>
    </rtept>
    <rtept lat="24.263418" lon="120.545067">
      <name>鰲峰路, 中53</name>
      <desc>Continue straight onto 鰲峰路, 中53</desc>
      <extensions>
        <distance>1057.5</distance>
        <duration>211.5</duration>
        <type>6</type>
        <step>34</step>
      </extensions>
    </rtept>
    <rtept lat="24.263372" lon="120.544906">
      <name>鰲峰路, 中53</name>
      <desc>Keep right onto 鰲峰路, 中53</desc>
      <extensions>
        <distance>324.2</distance>
        <duration>64.8</duration>
        <type>13</type>
        <step>35</step>
      </extensions>
    </rtept>
    <rtept lat="24.263219" lon="120.544311">
      <name>鰲峰路, 中53</name>
      <desc>Keep right onto 鰲峰路, 中53</desc>
      <extensions>
        <distance>324.2</distance>
        <duration>64.8</duration>
        <type>13</type>
        <step>35</step>
      </extensions>
    </rtept>
    <rtept lat="24.263125" lon="120.543929">
      <name>鰲峰路, 中53</name>
      <desc>Keep right onto 鰲峰路, 中53</desc>
      <extensions>
        <distance>324.2</distance>
        <duration>64.8</duration>
        <type>13</type>
        <step>35</step>
      </extensions>
    </rtept>
    <rtept lat="24.262812" lon="120.542701">
      <name>鰲峰路, 中53</name>
      <desc>Keep right onto 鰲峰路, 中53</desc>
      <extensions>
        <distance>324.2</distance>
        <duration>64.8</duration>
        <type>13</type>
        <step>35</step>
      </extensions>
    </rtept>
    <rtept lat="24.262587" lon="120.541826">
      <name>鰲峰路, 中53</name>
      <desc>Turn slight right onto 鰲峰路, 中53</desc>
      <extensions>
        <distance>30.0</distance>
        <duration>6.0</duration>
        <type>5</type>
        <step>36</step>
      </extensions>
    </rtept>
    <rtept lat="24.262679" lon="120.541548">
      <name>港埠路二段</name>
      <desc>Turn left onto 港埠路二段</desc>
      <extensions>
        <distance>63.4</distance>
        <duration>12.7</duration>
        <type>0</type>
        <step>37</step>
      </extensions>
    </rtept>
    <rtept lat="24.262148" lon="120.54132">
      <name>港新一路</name>
      <desc>Turn right onto 港新一路</desc>
      <extensions>
        <distance>377.1</distance>
        <duration>75.4</duration>
        <type>1</type>
        <step>38</step>
      </extensions>
    </rtept>
    <rtept lat="24.262208" lon="120.541156">
      <name>港新一路</name>
      <desc>Turn right onto 港新一路</desc>
      <extensions>
        <distance>377.1</distance>
        <duration>75.4</duration>
        <type>1</type>
        <step>38</step>
      </extensions>
    </rtept>
    <rtept lat="24.262689" lon="120.539846">
      <name>港新一路</name>
      <desc>Turn right onto 港新一路</desc>
      <extensions>
        <distance>377.1</distance>
        <duration>75.4</duration>
        <type>1</type>
        <step>38</step>
      </extensions>
    </rtept>
    <rtept lat="24.262712" lon="120.539782">
      <name>港新一路</name>
      <desc>Turn right onto 港新一路</desc>
      <extensions>
        <distance>377.1</distance>
        <duration>75.4</duration>
        <type>1</type>
        <step>38</step>
      </extensions>
    </rtept>
    <rtept lat="24.262736" lon="120.539718">
      <name>港新一路</name>
      <desc>Turn right onto 港新一路</desc>
      <extensions>
        <distance>377.1</distance>
        <duration>75.4</duration>
        <type>1</type>
        <step>38</step>
      </extensions>
    </rtept>
    <rtept lat="24.263144" lon="120.538604">
      <name>港新一路</name>
      <desc>Turn right onto 港新一路</desc>
      <extensions>
        <distance>377.1</distance>
        <duration>75.4</duration>
        <type>1</type>
        <step>38</step>
      </extensions>
    </rtept>
    <rtept lat="24.263319" lon="120.538127">
      <name>港新一路</name>
      <desc>Turn right onto 港新一路</desc>
      <extensions>
        <distance>377.1</distance>
        <duration>75.4</duration>
        <type>1</type>
        <step>38</step>
      </extensions>
    </rtept>
    <rtept lat="24.263371" lon="120.537988">
      <name>港新一路</name>
      <desc>Turn right onto 港新一路</desc>
      <extensions>
        <distance>377.1</distance>
        <duration>75.4</duration>
        <type>1</type>
        <step>38</step>
      </extensions>
    </rtept>
    <rtept lat="24.263414" lon="120.537869">
      <name>四維路一段</name>
      <desc>Turn left onto 四維路一段</desc>
      <extensions>
        <distance>109.8</distance>
        <duration>22.0</duration>
        <type>0</type>
        <step>39</step>
      </extensions>
    </rtept>
    <rtept lat="24.263338" lon="120.537837">
      <name>四維路一段</name>
      <desc>Turn left onto 四維路一段</desc>
      <extensions>
        <distance>109.8</distance>
        <duration>22.0</duration>
        <type>0</type>
        <step>39</step>
      </extensions>
    </rtept>
    <rtept lat="24.263257" lon="120.537803">
      <name>四維路一段</name>
      <desc>Turn left onto 四維路一段</desc>
      <extensions>
        <distance>109.8</distance>
        <duration>22.0</duration>
        <type>0</type>
        <step>39</step>
      </extensions>
    </rtept>
    <rtept lat="24.263218" lon="120.537786">
      <name>四維路一段</name>
      <desc>Turn left onto 四維路一段</desc>
      <extensions>
        <distance>109.8</distance>
        <duration>22.0</duration>
        <type>0</type>
        <step>39</step>
      </extensions>
    </rtept>
    <rtept lat="24.262691" lon="120.537564">
      <name>四維路一段</name>
      <desc>Turn left onto 四維路一段</desc>
      <extensions>
        <distance>109.8</distance>
        <duration>22.0</duration>
        <type>0</type>
        <step>39</step>
      </extensions>
    </rtept>
    <rtept lat="24.262492" lon="120.53748">
      <name>大仁路二段</name>
      <desc>Turn right onto 大仁路二段</desc>
      <extensions>
        <distance>876.6</distance>
        <duration>175.3</duration>
        <type>1</type>
        <step>40</step>
      </extensions>
    </rtept>
    <rtept lat="24.262569" lon="120.53727">
      <name>大仁路二段</name>
      <desc>Turn right onto 大仁路二段</desc>
      <extensions>
        <distance>876.6</distance>
        <duration>175.3</duration>
        <type>1</type>
        <step>40</step>
      </extensions>
    </rtept>
    <rtept lat="24.2633" lon="120.535278">
      <name>大仁路二段</name>
      <desc>Turn right onto 大仁路二段</desc>
      <extensions>
        <distance>876.6</distance>
        <duration>175.3</duration>
        <type>1</type>
        <step>40</step>
      </extensions>
    </rtept>
    <rtept lat="24.263318" lon="120.535229">
      <name>大仁路二段</name>
      <desc>Turn right onto 大仁路二段</desc>
      <extensions>
        <distance>876.6</distance>
        <duration>175.3</duration>
        <type>1</type>
        <step>40</step>
      </extensions>
    </rtept>
    <rtept lat="24.263354" lon="120.535132">
      <name>大仁路二段</name>
      <desc>Turn right onto 大仁路二段</desc>
      <extensions>
        <distance>876.6</distance>
        <duration>175.3</duration>
        <type>1</type>
        <step>40</step>
      </extensions>
    </rtept>
    <rtept lat="24.263557" lon="120.534578">
      <name>大仁路二段</name>
      <desc>Turn right onto 大仁路二段</desc>
      <extensions>
        <distance>876.6</distance>
        <duration>175.3</duration>
        <type>1</type>
        <step>40</step>
      </extensions>
    </rtept>
    <rtept lat="24.264001" lon="120.533366">
      <name>大仁路二段</name>
      <desc>Turn right onto 大仁路二段</desc>
      <extensions>
        <distance>876.6</distance>
        <duration>175.3</duration>
        <type>1</type>
        <step>40</step>
      </extensions>
    </rtept>
    <rtept lat="24.264079" lon="120.533154">
      <name>大仁路二段</name>
      <desc>Turn right onto 大仁路二段</desc>
      <extensions>
        <distance>876.6</distance>
        <duration>175.3</duration>
        <type>1</type>
        <step>40</step>
      </extensions>
    </rtept>
    <rtept lat="24.264126" lon="120.533026">
      <name>大仁路二段</name>
      <desc>Turn right onto 大仁路二段</desc>
      <extensions>
        <distance>876.6</distance>
        <duration>175.3</duration>
        <type>1</type>
        <step>40</step>
      </extensions>
    </rtept>
    <rtept lat="24.2642" lon="120.532825">
      <name>大仁路二段</name>
      <desc>Turn right onto 大仁路二段</desc>
      <extensions>
        <distance>876.6</distance>
        <duration>175.3</duration>
        <type>1</type>
        <step>40</step>
      </extensions>
    </rtept>
    <rtept lat="24.264688" lon="120.531492">
      <name>大仁路二段</name>
      <desc>Turn right onto 大仁路二段</desc>
      <extensions>
        <distance>876.6</distance>
        <duration>175.3</duration>
        <type>1</type>
        <step>40</step>
      </extensions>
    </rtept>
    <rtept lat="24.264719" lon="120.531406">
      <name>大仁路二段</name>
      <desc>Turn right onto 大仁路二段</desc>
      <extensions>
        <distance>876.6</distance>
        <duration>175.3</duration>
        <type>1</type>
        <step>40</step>
      </extensions>
    </rtept>
    <rtept lat="24.264751" lon="120.531318">
      <name>大仁路二段</name>
      <desc>Turn right onto 大仁路二段</desc>
      <extensions>
        <distance>876.6</distance>
        <duration>175.3</duration>
        <type>1</type>
        <step>40</step>
      </extensions>
    </rtept>
    <rtept lat="24.265243" lon="120.529977">
      <name>大仁路二段</name>
      <desc>Turn right onto 大仁路二段</desc>
      <extensions>
        <distance>876.6</distance>
        <duration>175.3</duration>
        <type>1</type>
        <step>40</step>
      </extensions>
    </rtept>
    <rtept lat="24.265328" lon="120.529745">
      <name>大仁路二段</name>
      <desc>Turn right onto 大仁路二段</desc>
      <extensions>
        <distance>876.6</distance>
        <duration>175.3</duration>
        <type>1</type>
        <step>40</step>
      </extensions>
    </rtept>
    <rtept lat="24.265433" lon="120.529457">
      <name>臨港路四段, 17</name>
      <desc>Turn left onto 臨港路四段, 17</desc>
      <extensions>
        <distance>1076.2</distance>
        <duration>215.2</duration>
        <type>0</type>
        <step>41</step>
      </extensions>
    </rtept>
    <rtept lat="24.265315" lon="120.529407">
      <name>臨港路四段, 17</name>
      <desc>Turn left onto 臨港路四段, 17</desc>
      <extensions>
        <distance>1076.2</distance>
        <duration>215.2</duration>
        <type>0</type>
        <step>41</step>
      </extensions>
    </rtept>
    <rtept lat="24.265224" lon="120.529368">
      <name>臨港路四段, 17</name>
      <desc>Turn left onto 臨港路四段, 17</desc>
      <extensions>
        <distance>1076.2</distance>
        <duration>215.2</duration>
        <type>0</type>
        <step>41</step>
      </extensions>
    </rtept>
    <rtept lat="24.262115" lon="120.528043">
      <name>臨港路四段, 17</name>
      <desc>Turn left onto 臨港路四段, 17</desc>
      <extensions>
        <distance>1076.2</distance>
        <duration>215.2</duration>
        <type>0</type>
        <step>41</step>
      </extensions>
    </rtept>
    <rtept lat="24.261995" lon="120.527992">
      <name>臨港路四段, 17</name>
      <desc>Turn left onto 臨港路四段, 17</desc>
      <extensions>
        <distance>1076.2</distance>
        <duration>215.2</duration>
        <type>0</type>
        <step>41</step>
      </extensions>
    </rtept>
    <rtept lat="24.26186" lon="120.527934">
      <name>臨港路四段, 17</name>
      <desc>Turn left onto 臨港路四段, 17</desc>
      <extensions>
        <distance>1076.2</distance>
        <duration>215.2</duration>
        <type>0</type>
        <step>41</step>
      </extensions>
    </rtept>
    <rtept lat="24.261039" lon="120.527585">
      <name>臨港路四段, 17</name>
      <desc>Turn left onto 臨港路四段, 17</desc>
      <extensions>
        <distance>1076.2</distance>
        <duration>215.2</duration>
        <type>0</type>
        <step>41</step>
      </extensions>
    </rtept>
    <rtept lat="24.259383" lon="120.526879">
      <name>臨港路四段, 17</name>
      <desc>Turn left onto 臨港路四段, 17</desc>
      <extensions>
        <distance>1076.2</distance>
        <duration>215.2</duration>
        <type>0</type>
        <step>41</step>
      </extensions>
    </rtept>
    <rtept lat="24.258094" lon="120.526329">
      <name>臨港路四段, 17</name>
      <desc>Turn left onto 臨港路四段, 17</desc>
      <extensions>
        <distance>1076.2</distance>
        <duration>215.2</duration>
        <type>0</type>
        <step>41</step>
      </extensions>
    </rtept>
    <rtept lat="24.256417" lon="120.525597">
      <name/>
      <desc>Turn sharp right</desc>
      <extensions>
        <distance>263.5</distance>
        <duration>59.3</duration>
        <type>3</type>
        <step>42</step>
      </extensions>
    </rtept>
    <rtept lat="24.256499" lon="120.525556">
      <name/>
      <desc>Turn sharp right</desc>
      <extensions>
        <distance>263.5</distance>
        <duration>59.3</duration>
        <type>3</type>
        <step>42</step>
      </extensions>
    </rtept>
    <rtept lat="24.256601" lon="120.525262">
      <name/>
      <desc>Turn sharp right</desc>
      <extensions>
        <distance>263.5</distance>
        <duration>59.3</duration>
        <type>3</type>
        <step>42</step>
      </extensions>
    </rtept>
    <rtept lat="24.256995" lon="120.524183">
      <name/>
      <desc>Turn sharp right</desc>
      <extensions>
        <distance>263.5</distance>
        <duration>59.3</duration>
        <type>3</type>
        <step>42</step>
      </extensions>
    </rtept>
    <rtept lat="24.257149" lon="120.52376">
      <name/>
      <desc>Turn sharp right</desc>
      <extensions>
        <distance>263.5</distance>
        <duration>59.3</duration>
        <type>3</type>
        <step>42</step>
      </extensions>
    </rtept>
    <rtept lat="24.257323" lon="120.523225">
      <name>中二路一段</name>
      <desc>Turn right onto 中二路一段</desc>
      <extensions>
        <distance>45.6</distance>
        <duration>9.1</duration>
        <type>1</type>
        <step>43</step>
      </extensions>
    </rtept>
    <rtept lat="24.257706" lon="120.523388">
      <name/>
      <desc>Arrive at 中二路一段, on the right</desc>
      <extensions>
        <distance>0.0</distance>
        <duration>0.0</duration>
        <type>10</type>
        <step>44</step>
      </extensions>
    </rtept>
    <rtept lat="24.257706" lon="120.523388">
      <name>中二路一段</name>
      <desc>Head north on 中二路一段</desc>
      <extensions>
        <distance>600.1</distance>
        <duration>120.0</duration>
        <type>11</type>
        <step>45</step>
      </extensions>
    </rtept>
    <rtept lat="24.259802" lon="120.524277">
      <name>中二路一段</name>
      <desc>Head north on 中二路一段</desc>
      <extensions>
        <distance>600.1</distance>
        <duration>120.0</duration>
        <type>11</type>
        <step>45</step>
      </extensions>
    </rtept>
    <rtept lat="24.260004" lon="120.524363">
      <name>中二路一段</name>
      <desc>Head north on 中二路一段</desc>
      <extensions>
        <distance>600.1</distance>
        <duration>120.0</duration>
        <type>11</type>
        <step>45</step>
      </extensions>
    </rtept>
    <rtept lat="24.262737" lon="120.525528">
      <name>中橫四路</name>
      <desc>Turn right onto 中橫四路</desc>
      <extensions>
        <distance>294.2</distance>
        <duration>66.2</duration>
        <type>1</type>
        <step>46</step>
      </extensions>
    </rtept>
    <rtept lat="24.262505" lon="120.526171">
      <name>中橫四路</name>
      <desc>Turn right onto 中橫四路</desc>
      <extensions>
        <distance>294.2</distance>
        <duration>66.2</duration>
        <type>1</type>
        <step>46</step>
      </extensions>
    </rtept>
    <rtept lat="24.262318" lon="120.526695">
      <name>中橫四路</name>
      <desc>Turn right onto 中橫四路</desc>
      <extensions>
        <distance>294.2</distance>
        <duration>66.2</duration>
        <type>1</type>
        <step>46</step>
      </extensions>
    </rtept>
    <rtept lat="24.261984" lon="120.527636">
      <name>中橫四路</name>
      <desc>Turn right onto 中橫四路</desc>
      <extensions>
        <distance>294.2</distance>
        <duration>66.2</duration>
        <type>1</type>
        <step>46</step>
      </extensions>
    </rtept>
    <rtept lat="24.26186" lon="120.527934">
      <name>中橫四路</name>
      <desc>Turn right onto 中橫四路</desc>
      <extensions>
        <distance>294.2</distance>
        <duration>66.2</duration>
        <type>1</type>
        <step>46</step>
      </extensions>
    </rtept>
    <rtept lat="24.261825" lon="120.52803">
      <name>中橫四路</name>
      <desc>Turn right onto 中橫四路</desc>
      <extensions>
        <distance>294.2</distance>
        <duration>66.2</duration>
        <type>1</type>
        <step>46</step>
      </extensions>
    </rtept>
    <rtept lat="24.261755" lon="120.528223">
      <name>臨港路四段, 17</name>
      <desc>Turn left onto 臨港路四段, 17</desc>
      <extensions>
        <distance>4614.1</distance>
        <duration>922.8</duration>
        <type>0</type>
        <step>47</step>
      </extensions>
    </rtept>
    <rtept lat="24.261897" lon="120.528283">
      <name>臨港路四段, 17</name>
      <desc>Turn left onto 臨港路四段, 17</desc>
      <extensions>
        <distance>4614.1</distance>
        <duration>922.8</duration>
        <type>0</type>
        <step>47</step>
      </extensions>
    </rtept>
    <rtept lat="24.26201" lon="120.528331">
      <name>臨港路四段, 17</name>
      <desc>Turn left onto 臨港路四段, 17</desc>
      <extensions>
        <distance>4614.1</distance>
        <duration>922.8</duration>
        <type>0</type>
        <step>47</step>
      </extensions>
    </rtept>
    <rtept lat="24.262299" lon="120.528454">
      <name>臨港路四段, 17</name>
      <desc>Turn left onto 臨港路四段, 17</desc>
      <extensions>
        <distance>4614.1</distance>
        <duration>922.8</duration>
        <type>0</type>
        <step>47</step>
      </extensions>
    </rtept>
    <rtept lat="24.265118" lon="120.529656">
      <name>臨港路四段, 17</name>
      <desc>Turn left onto 臨港路四段, 17</desc>
      <extensions>
        <distance>4614.1</distance>
        <duration>922.8</duration>
        <type>0</type>
        <step>47</step>
      </extensions>
    </rtept>
    <rtept lat="24.265209" lon="120.529695">
      <name>臨港路四段, 17</name>
      <desc>Turn left onto 臨港路四段, 17</desc>
      <extensions>
        <distance>4614.1</distance>
        <duration>922.8</duration>
        <type>0</type>
        <step>47</step>
      </extensions>
    </rtept>
    <rtept lat="24.265328" lon="120.529745">
      <name>臨港路四段, 17</name>
      <desc>Turn left onto 臨港路四段, 17</desc>
      <extensions>
        <distance>4614.1</distance>
        <duration>922.8</duration>
        <type>0</type>
        <step>47</step>
      </extensions>
    </rtept>
    <rtept lat="24.265418" lon="120.529784">
      <name>臨港路四段, 17</name>
      <desc>Turn left onto 臨港路四段, 17</desc>
      <extensions>
        <distance>4614.1</distance>
        <duration>922.8</duration>
        <type>0</type>
        <step>47</step>
      </extensions>
    </rtept>
    <rtept lat="24.267021" lon="120.530467">
      <name>臨港路四段, 17</name>
      <desc>Turn left onto 臨港路四段, 17</desc>
      <extensions>
        <distance>4614.1</distance>
        <duration>922.8</duration>
        <type>0</type>
        <step>47</step>
      </extensions>
    </rtept>
    <rtept lat="24.2675" lon="120.530671">
      <name>臨港路四段, 17</name>
      <desc>Turn left onto 臨港路四段, 17</desc>
      <extensions>
        <distance>4614.1</distance>
        <duration>922.8</duration>
        <type>0</type>
        <step>47</step>
      </extensions>
    </rtept>
    <rtept lat="24.268735" lon="120.531197">
      <name>臨港路四段, 17</name>
      <desc>Turn left onto 臨港路四段, 17</desc>
      <extensions>
        <distance>4614.1</distance>
        <duration>922.8</duration>
        <type>0</type>
        <step>47</step>
      </extensions>
    </rtept>
    <rtept lat="24.268809" lon="120.531229">
      <name>臨港路四段, 17</name>
      <desc>Turn left onto 臨港路四段, 17</desc>
      <extensions>
        <distance>4614.1</distance>
        <duration>922.8</duration>
        <type>0</type>
        <step>47</step>
      </extensions>
    </rtept>
    <rtept lat="24.268927" lon="120.531279">
      <name>臨港路四段, 17</name>
      <desc>Turn left onto 臨港路四段, 17</desc>
      <extensions>
        <distance>4614.1</distance>
        <duration>922.8</duration>
        <type>0</type>
        <step>47</step>
      </extensions>
    </rtept>
    <rtept lat="24.268993" lon="120.531307">
      <name>臨港路四段, 17</name>
      <desc>Turn left onto 臨港路四段, 17</desc>
      <extensions>
        <distance>4614.1</distance>
        <duration>922.8</duration>
        <type>0</type>
        <step>47</step>
      </extensions>
    </rtept>
    <rtept lat="24.269305" lon="120.53144">
      <name>臨港路四段, 17</name>
      <desc>Turn left onto 臨港路四段, 17</desc>
      <extensions>
        <distance>4614.1</distance>
        <duration>922.8</duration>
        <type>0</type>
        <step>47</step>
      </extensions>
    </rtept>
    <rtept lat="24.270351" lon="120.531886">
      <name>臨港路四段, 17</name>
      <desc>Turn left onto 臨港路四段, 17</desc>
      <extensions>
        <distance>4614.1</distance>
        <duration>922.8</duration>
        <type>0</type>
        <step>47</step>
      </extensions>
    </rtept>
    <rtept lat="24.270733" lon="120.532049">
      <name>臨港路四段, 17</name>
      <desc>Turn left onto 臨港路四段, 17</desc>
      <extensions>
        <distance>4614.1</distance>
        <duration>922.8</duration>
        <type>0</type>
        <step>47</step>
      </extensions>
    </rtept>
    <rtept lat="24.270862" lon="120.532104">
      <name>臨港路四段, 17</name>
      <desc>Turn left onto 臨港路四段, 17</desc>
      <extensions>
        <distance>4614.1</distance>
        <duration>922.8</duration>
        <type>0</type>
        <step>47</step>
      </extensions>
    </rtept>
    <rtept lat="24.271101" lon="120.532206">
      <name>臨港路四段, 17</name>
      <desc>Turn left onto 臨港路四段, 17</desc>
      <extensions>
        <distance>4614.1</distance>
        <duration>922.8</duration>
        <type>0</type>
        <step>47</step>
      </extensions>
    </rtept>
    <rtept lat="24.27142" lon="120.532342">
      <name>臨港路四段, 17</name>
      <desc>Turn left onto 臨港路四段, 17</desc>
      <extensions>
        <distance>4614.1</distance>
        <duration>922.8</duration>
        <type>0</type>
        <step>47</step>
      </extensions>
    </rtept>
    <rtept lat="24.271794" lon="120.532501">
      <name>臨港路四段, 17</name>
      <desc>Turn left onto 臨港路四段, 17</desc>
      <extensions>
        <distance>4614.1</distance>
        <duration>922.8</duration>
        <type>0</type>
        <step>47</step>
      </extensions>
    </rtept>
    <rtept lat="24.272093" lon="120.532629">
      <name>臨港路四段, 17</name>
      <desc>Turn left onto 臨港路四段, 17</desc>
      <extensions>
        <distance>4614.1</distance>
        <duration>922.8</duration>
        <type>0</type>
        <step>47</step>
      </extensions>
    </rtept>
    <rtept lat="24.272209" lon="120.532678">
      <name>臨港路四段, 17</name>
      <desc>Turn left onto 臨港路四段, 17</desc>
      <extensions>
        <distance>4614.1</distance>
        <duration>922.8</duration>
        <type>0</type>
        <step>47</step>
      </extensions>
    </rtept>
    <rtept lat="24.27228" lon="120.532708">
      <name>臨港路四段, 17</name>
      <desc>Turn left onto 臨港路四段, 17</desc>
      <extensions>
        <distance>4614.1</distance>
        <duration>922.8</duration>
        <type>0</type>
        <step>47</step>
      </extensions>
    </rtept>
    <rtept lat="24.272352" lon="120.532739">
      <name>臨港路四段, 17</name>
      <desc>Turn left onto 臨港路四段, 17</desc>
      <extensions>
        <distance>4614.1</distance>
        <duration>922.8</duration>
        <type>0</type>
        <step>47</step>
      </extensions>
    </rtept>
    <rtept lat="24.272431" lon="120.532773">
      <name>臨港路四段, 17</name>
      <desc>Turn left onto 臨港路四段, 17</desc>
      <extensions>
        <distance>4614.1</distance>
        <duration>922.8</duration>
        <type>0</type>
        <step>47</step>
      </extensions>
    </rtept>
    <rtept lat="24.273869" lon="120.533382">
      <name>臨港路四段, 17</name>
      <desc>Turn left onto 臨港路四段, 17</desc>
      <extensions>
        <distance>4614.1</distance>
        <duration>922.8</duration>
        <type>0</type>
        <step>47</step>
      </extensions>
    </rtept>
    <rtept lat="24.27539" lon="120.534032">
      <name>臨港路四段, 17</name>
      <desc>Turn left onto 臨港路四段, 17</desc>
      <extensions>
        <distance>4614.1</distance>
        <duration>922.8</duration>
        <type>0</type>
        <step>47</step>
      </extensions>
    </rtept>
    <rtept lat="24.276111" lon="120.534341">
      <name>臨港路四段, 17</name>
      <desc>Turn left onto 臨港路四段, 17</desc>
      <extensions>
        <distance>4614.1</distance>
        <duration>922.8</duration>
        <type>0</type>
        <step>47</step>
      </extensions>
    </rtept>
    <rtept lat="24.278666" lon="120.535452">
      <name>臨港路四段, 17</name>
      <desc>Turn left onto 臨港路四段, 17</desc>
      <extensions>
        <distance>4614.1</distance>
        <duration>922.8</duration>
        <type>0</type>
        <step>47</step>
      </extensions>
    </rtept>
    <rtept lat="24.278905" lon="120.535555">
      <name>臨港路四段, 17</name>
      <desc>Turn left onto 臨港路四段, 17</desc>
      <extensions>
        <distance>4614.1</distance>
        <duration>922.8</duration>
        <type>0</type>
        <step>47</step>
      </extensions>
    </rtept>
    <rtept lat="24.279053" lon="120.535618">
      <name>臨港路四段, 17</name>
      <desc>Turn left onto 臨港路四段, 17</desc>
      <extensions>
        <distance>4614.1</distance>
        <duration>922.8</duration>
        <type>0</type>
        <step>47</step>
      </extensions>
    </rtept>
    <rtept lat="24.280829" lon="120.536375">
      <name>臨港路四段, 17</name>
      <desc>Turn left onto 臨港路四段, 17</desc>
      <extensions>
        <distance>4614.1</distance>
        <duration>922.8</duration>
        <type>0</type>
        <step>47</step>
      </extensions>
    </rtept>
    <rtept lat="24.281243" lon="120.536561">
      <name>臨港路四段, 17</name>
      <desc>Turn left onto 臨港路四段, 17</desc>
      <extensions>
        <distance>4614.1</distance>
        <duration>922.8</duration>
        <type>0</type>
        <step>47</step>
      </extensions>
    </rtept>
    <rtept lat="24.281387" lon="120.536621">
      <name>臨港路四段, 17</name>
      <desc>Turn left onto 臨港路四段, 17</desc>
      <extensions>
        <distance>4614.1</distance>
        <duration>922.8</duration>
        <type>0</type>
        <step>47</step>
      </extensions>
    </rtept>
    <rtept lat="24.281808" lon="120.536769">
      <name>臨港路四段, 17</name>
      <desc>Turn left onto 臨港路四段, 17</desc>
      <extensions>
        <distance>4614.1</distance>
        <duration>922.8</duration>
        <type>0</type>
        <step>47</step>
      </extensions>
    </rtept>
    <rtept lat="24.28307" lon="120.537342">
      <name>臨港路四段, 17</name>
      <desc>Turn left onto 臨港路四段, 17</desc>
      <extensions>
        <distance>4614.1</distance>
        <duration>922.8</duration>
        <type>0</type>
        <step>47</step>
      </extensions>
    </rtept>
    <rtept lat="24.285265" lon="120.538276">
      <name>臨港路四段, 17</name>
      <desc>Turn left onto 臨港路四段, 17</desc>
      <extensions>
        <distance>4614.1</distance>
        <duration>922.8</duration>
        <type>0</type>
        <step>47</step>
      </extensions>
    </rtept>
    <rtept lat="24.285895" lon="120.538534">
      <name>臨港路四段, 17</name>
      <desc>Turn left onto 臨港路四段, 17</desc>
      <extensions>
        <distance>4614.1</distance>
        <duration>922.8</duration>
        <type>0</type>
        <step>47</step>
      </extensions>
    </rtept>
    <rtept lat="24.286948" lon="120.538989">
      <name>臨港路四段, 17</name>
      <desc>Turn left onto 臨港路四段, 17</desc>
      <extensions>
        <distance>4614.1</distance>
        <duration>922.8</duration>
        <type>0</type>
        <step>47</step>
      </extensions>
    </rtept>
    <rtept lat="24.287597" lon="120.539315">
      <name>臨港路四段, 17</name>
      <desc>Turn left onto 臨港路四段, 17</desc>
      <extensions>
        <distance>4614.1</distance>
        <duration>922.8</duration>
        <type>0</type>
        <step>47</step>
      </extensions>
    </rtept>
    <rtept lat="24.287976" lon="120.539535">
      <name>臨港路四段, 17</name>
      <desc>Turn left onto 臨港路四段, 17</desc>
      <extensions>
        <distance>4614.1</distance>
        <duration>922.8</duration>
        <type>0</type>
        <step>47</step>
      </extensions>
    </rtept>
    <rtept lat="24.288384" lon="120.539828">
      <name>臨港路四段, 17</name>
      <desc>Turn left onto 臨港路四段, 17</desc>
      <extensions>
        <distance>4614.1</distance>
        <duration>922.8</duration>
        <type>0</type>
        <step>47</step>
      </extensions>
    </rtept>
    <rtept lat="24.288901" lon="120.5402">
      <name>臨港路四段, 17</name>
      <desc>Turn left onto 臨港路四段, 17</desc>
      <extensions>
        <distance>4614.1</distance>
        <duration>922.8</duration>
        <type>0</type>
        <step>47</step>
      </extensions>
    </rtept>
    <rtept lat="24.289475" lon="120.54071">
      <name>臨港路四段, 17</name>
      <desc>Turn left onto 臨港路四段, 17</desc>
      <extensions>
        <distance>4614.1</distance>
        <duration>922.8</duration>
        <type>0</type>
        <step>47</step>
      </extensions>
    </rtept>
    <rtept lat="24.289579" lon="120.540792">
      <name>臨港路四段, 17</name>
      <desc>Turn left onto 臨港路四段, 17</desc>
      <extensions>
        <distance>4614.1</distance>
        <duration>922.8</duration>
        <type>0</type>
        <step>47</step>
      </extensions>
    </rtept>
    <rtept lat="24.290179" lon="120.541371">
      <name>臨港路四段, 17</name>
      <desc>Turn left onto 臨港路四段, 17</desc>
      <extensions>
        <distance>4614.1</distance>
        <duration>922.8</duration>
        <type>0</type>
        <step>47</step>
      </extensions>
    </rtept>
    <rtept lat="24.290337" lon="120.541555">
      <name>臨港路四段, 17</name>
      <desc>Turn left onto 臨港路四段, 17</desc>
      <extensions>
        <distance>4614.1</distance>
        <duration>922.8</duration>
        <type>0</type>
        <step>47</step>
      </extensions>
    </rtept>
    <rtept lat="24.290592" lon="120.541886">
      <name>臨港路四段, 17</name>
      <desc>Turn left onto 臨港路四段, 17</desc>
      <extensions>
        <distance>4614.1</distance>
        <duration>922.8</duration>
        <type>0</type>
        <step>47</step>
      </extensions>
    </rtept>
    <rtept lat="24.290848" lon="120.542307">
      <name>臨港路四段, 17</name>
      <desc>Turn left onto 臨港路四段, 17</desc>
      <extensions>
        <distance>4614.1</distance>
        <duration>922.8</duration>
        <type>0</type>
        <step>47</step>
      </extensions>
    </rtept>
    <rtept lat="24.291019" lon="120.542674">
      <name>臨港路四段, 17</name>
      <desc>Turn left onto 臨港路四段, 17</desc>
      <extensions>
        <distance>4614.1</distance>
        <duration>922.8</duration>
        <type>0</type>
        <step>47</step>
      </extensions>
    </rtept>
    <rtept lat="24.291163" lon="120.543057">
      <name>臨港路四段, 17</name>
      <desc>Turn left onto 臨港路四段, 17</desc>
      <extensions>
        <distance>4614.1</distance>
        <duration>922.8</duration>
        <type>0</type>
        <step>47</step>
      </extensions>
    </rtept>
    <rtept lat="24.291345" lon="120.543705">
      <name>臨港路四段, 17</name>
      <desc>Turn left onto 臨港路四段, 17</desc>
      <extensions>
        <distance>4614.1</distance>
        <duration>922.8</duration>
        <type>0</type>
        <step>47</step>
      </extensions>
    </rtept>
    <rtept lat="24.291658" lon="120.544923">
      <name>臨港路四段, 17</name>
      <desc>Turn left onto 臨港路四段, 17</desc>
      <extensions>
        <distance>4614.1</distance>
        <duration>922.8</duration>
        <type>0</type>
        <step>47</step>
      </extensions>
    </rtept>
    <rtept lat="24.291885" lon="120.545741">
      <name>臨港路四段, 17</name>
      <desc>Turn left onto 臨港路四段, 17</desc>
      <extensions>
        <distance>4614.1</distance>
        <duration>922.8</duration>
        <type>0</type>
        <step>47</step>
      </extensions>
    </rtept>
    <rtept lat="24.292463" lon="120.547855">
      <name>臨港路四段, 17</name>
      <desc>Turn left onto 臨港路四段, 17</desc>
      <extensions>
        <distance>4614.1</distance>
        <duration>922.8</duration>
        <type>0</type>
        <step>47</step>
      </extensions>
    </rtept>
    <rtept lat="24.292755" lon="120.548913">
      <name>臨港路四段, 17</name>
      <desc>Turn left onto 臨港路四段, 17</desc>
      <extensions>
        <distance>4614.1</distance>
        <duration>922.8</duration>
        <type>0</type>
        <step>47</step>
      </extensions>
    </rtept>
    <rtept lat="24.293231" lon="120.550649">
      <name>臨港路四段, 17</name>
      <desc>Turn left onto 臨港路四段, 17</desc>
      <extensions>
        <distance>4614.1</distance>
        <duration>922.8</duration>
        <type>0</type>
        <step>47</step>
      </extensions>
    </rtept>
    <rtept lat="24.29357" lon="120.551943">
      <name>臨港路四段, 17</name>
      <desc>Turn left onto 臨港路四段, 17</desc>
      <extensions>
        <distance>4614.1</distance>
        <duration>922.8</duration>
        <type>0</type>
        <step>47</step>
      </extensions>
    </rtept>
    <rtept lat="24.29365" lon="120.552206">
      <name>港埠路五段</name>
      <desc>Turn left onto 港埠路五段</desc>
      <extensions>
        <distance>357.0</distance>
        <duration>71.4</duration>
        <type>0</type>
        <step>48</step>
      </extensions>
    </rtept>
    <rtept lat="24.293925" lon="120.552284">
      <name>港埠路五段</name>
      <desc>Turn left onto 港埠路五段</desc>
      <extensions>
        <distance>357.0</distance>
        <duration>71.4</duration>
        <type>0</type>
        <step>48</step>
      </extensions>
    </rtept>
    <rtept lat="24.294459" lon="120.552437">
      <name>港埠路五段</name>
      <desc>Turn left onto 港埠路五段</desc>
      <extensions>
        <distance>357.0</distance>
        <duration>71.4</duration>
        <type>0</type>
        <step>48</step>
      </extensions>
    </rtept>
    <rtept lat="24.295257" lon="120.552667">
      <name>港埠路五段</name>
      <desc>Turn left onto 港埠路五段</desc>
      <extensions>
        <distance>357.0</distance>
        <duration>71.4</duration>
        <type>0</type>
        <step>48</step>
      </extensions>
    </rtept>
    <rtept lat="24.295982" lon="120.552876">
      <name>港埠路五段</name>
      <desc>Turn left onto 港埠路五段</desc>
      <extensions>
        <distance>357.0</distance>
        <duration>71.4</duration>
        <type>0</type>
        <step>48</step>
      </extensions>
    </rtept>
    <rtept lat="24.296114" lon="120.552914">
      <name>港埠路五段</name>
      <desc>Turn left onto 港埠路五段</desc>
      <extensions>
        <distance>357.0</distance>
        <duration>71.4</duration>
        <type>0</type>
        <step>48</step>
      </extensions>
    </rtept>
    <rtept lat="24.296237" lon="120.552941">
      <name>港埠路五段</name>
      <desc>Turn left onto 港埠路五段</desc>
      <extensions>
        <distance>357.0</distance>
        <duration>71.4</duration>
        <type>0</type>
        <step>48</step>
      </extensions>
    </rtept>
    <rtept lat="24.296365" lon="120.552979">
      <name>港埠路五段</name>
      <desc>Turn left onto 港埠路五段</desc>
      <extensions>
        <distance>357.0</distance>
        <duration>71.4</duration>
        <type>0</type>
        <step>48</step>
      </extensions>
    </rtept>
    <rtept lat="24.296392" lon="120.552985">
      <name>港埠路五段</name>
      <desc>Turn left onto 港埠路五段</desc>
      <extensions>
        <distance>357.0</distance>
        <duration>71.4</duration>
        <type>0</type>
        <step>48</step>
      </extensions>
    </rtept>
    <rtept lat="24.296758" lon="120.553086">
      <name>港埠路五段</name>
      <desc>Keep right onto 港埠路五段</desc>
      <extensions>
        <distance>1565.3</distance>
        <duration>313.1</duration>
        <type>13</type>
        <step>49</step>
      </extensions>
    </rtept>
    <rtept lat="24.296973" lon="120.553193">
      <name>港埠路五段</name>
      <desc>Keep right onto 港埠路五段</desc>
      <extensions>
        <distance>1565.3</distance>
        <duration>313.1</duration>
        <type>13</type>
        <step>49</step>
      </extensions>
    </rtept>
    <rtept lat="24.29914" lon="120.553815">
      <name>港埠路五段</name>
      <desc>Keep right onto 港埠路五段</desc>
      <extensions>
        <distance>1565.3</distance>
        <duration>313.1</duration>
        <type>13</type>
        <step>49</step>
      </extensions>
    </rtept>
    <rtept lat="24.300642" lon="120.554309">
      <name>港埠路五段</name>
      <desc>Keep right onto 港埠路五段</desc>
      <extensions>
        <distance>1565.3</distance>
        <duration>313.1</duration>
        <type>13</type>
        <step>49</step>
      </extensions>
    </rtept>
    <rtept lat="24.301169" lon="120.554429">
      <name>港埠路五段</name>
      <desc>Keep right onto 港埠路五段</desc>
      <extensions>
        <distance>1565.3</distance>
        <duration>313.1</duration>
        <type>13</type>
        <step>49</step>
      </extensions>
    </rtept>
    <rtept lat="24.301792" lon="120.554701">
      <name>港埠路五段</name>
      <desc>Keep right onto 港埠路五段</desc>
      <extensions>
        <distance>1565.3</distance>
        <duration>313.1</duration>
        <type>13</type>
        <step>49</step>
      </extensions>
    </rtept>
    <rtept lat="24.302066" lon="120.554797">
      <name>港埠路五段</name>
      <desc>Keep right onto 港埠路五段</desc>
      <extensions>
        <distance>1565.3</distance>
        <duration>313.1</duration>
        <type>13</type>
        <step>49</step>
      </extensions>
    </rtept>
    <rtept lat="24.305706" lon="120.556669">
      <name>港埠路五段</name>
      <desc>Keep right onto 港埠路五段</desc>
      <extensions>
        <distance>1565.3</distance>
        <duration>313.1</duration>
        <type>13</type>
        <step>49</step>
      </extensions>
    </rtept>
    <rtept lat="24.307914" lon="120.557764">
      <name>港埠路五段</name>
      <desc>Keep right onto 港埠路五段</desc>
      <extensions>
        <distance>1565.3</distance>
        <duration>313.1</duration>
        <type>13</type>
        <step>49</step>
      </extensions>
    </rtept>
    <rtept lat="24.309804" lon="120.558751">
      <name>高美路, 中50</name>
      <desc>Turn left onto 高美路, 中50</desc>
      <extensions>
        <distance>889.2</distance>
        <duration>177.8</duration>
        <type>0</type>
        <step>50</step>
      </extensions>
    </rtept>
    <rtept lat="24.309933" lon="120.558566">
      <name>高美路, 中50</name>
      <desc>Turn left onto 高美路, 中50</desc>
      <extensions>
        <distance>889.2</distance>
        <duration>177.8</duration>
        <type>0</type>
        <step>50</step>
      </extensions>
    </rtept>
    <rtept lat="24.310459" lon="120.557918">
      <name>高美路, 中50</name>
      <desc>Turn left onto 高美路, 中50</desc>
      <extensions>
        <distance>889.2</distance>
        <duration>177.8</duration>
        <type>0</type>
        <step>50</step>
      </extensions>
    </rtept>
    <rtept lat="24.310597" lon="120.557589">
      <name>高美路, 中50</name>
      <desc>Turn left onto 高美路, 中50</desc>
      <extensions>
        <distance>889.2</distance>
        <duration>177.8</duration>
        <type>0</type>
        <step>50</step>
      </extensions>
    </rtept>
    <rtept lat="24.31086" lon="120.557282">
      <name>高美路, 中50</name>
      <desc>Turn left onto 高美路, 中50</desc>
      <extensions>
        <distance>889.2</distance>
        <duration>177.8</duration>
        <type>0</type>
        <step>50</step>
      </extensions>
    </rtept>
    <rtept lat="24.31093" lon="120.557073">
      <name>高美路, 中50</name>
      <desc>Turn left onto 高美路, 中50</desc>
      <extensions>
        <distance>889.2</distance>
        <duration>177.8</duration>
        <type>0</type>
        <step>50</step>
      </extensions>
    </rtept>
    <rtept lat="24.310919" lon="120.556865">
      <name>高美路, 中50</name>
      <desc>Turn left onto 高美路, 中50</desc>
      <extensions>
        <distance>889.2</distance>
        <duration>177.8</duration>
        <type>0</type>
        <step>50</step>
      </extensions>
    </rtept>
    <rtept lat="24.310887" lon="120.556464">
      <name>高美路, 中50</name>
      <desc>Turn left onto 高美路, 中50</desc>
      <extensions>
        <distance>889.2</distance>
        <duration>177.8</duration>
        <type>0</type>
        <step>50</step>
      </extensions>
    </rtept>
    <rtept lat="24.310882" lon="120.556308">
      <name>高美路, 中50</name>
      <desc>Turn left onto 高美路, 中50</desc>
      <extensions>
        <distance>889.2</distance>
        <duration>177.8</duration>
        <type>0</type>
        <step>50</step>
      </extensions>
    </rtept>
    <rtept lat="24.310971" lon="120.555774">
      <name>高美路, 中50</name>
      <desc>Turn left onto 高美路, 中50</desc>
      <extensions>
        <distance>889.2</distance>
        <duration>177.8</duration>
        <type>0</type>
        <step>50</step>
      </extensions>
    </rtept>
    <rtept lat="24.311118" lon="120.555217">
      <name>高美路, 中50</name>
      <desc>Turn left onto 高美路, 中50</desc>
      <extensions>
        <distance>889.2</distance>
        <duration>177.8</duration>
        <type>0</type>
        <step>50</step>
      </extensions>
    </rtept>
    <rtept lat="24.311152" lon="120.55507">
      <name>高美路, 中50</name>
      <desc>Turn left onto 高美路, 中50</desc>
      <extensions>
        <distance>889.2</distance>
        <duration>177.8</duration>
        <type>0</type>
        <step>50</step>
      </extensions>
    </rtept>
    <rtept lat="24.311173" lon="120.554696">
      <name>高美路, 中50</name>
      <desc>Turn left onto 高美路, 中50</desc>
      <extensions>
        <distance>889.2</distance>
        <duration>177.8</duration>
        <type>0</type>
        <step>50</step>
      </extensions>
    </rtept>
    <rtept lat="24.311153" lon="120.55456">
      <name>高美路, 中50</name>
      <desc>Turn left onto 高美路, 中50</desc>
      <extensions>
        <distance>889.2</distance>
        <duration>177.8</duration>
        <type>0</type>
        <step>50</step>
      </extensions>
    </rtept>
    <rtept lat="24.311043" lon="120.554324">
      <name>高美路, 中50</name>
      <desc>Turn left onto 高美路, 中50</desc>
      <extensions>
        <distance>889.2</distance>
        <duration>177.8</duration>
        <type>0</type>
        <step>50</step>
      </extensions>
    </rtept>
    <rtept lat="24.310955" lon="120.554164">
      <name>高美路, 中50</name>
      <desc>Turn left onto 高美路, 中50</desc>
      <extensions>
        <distance>889.2</distance>
        <duration>177.8</duration>
        <type>0</type>
        <step>50</step>
      </extensions>
    </rtept>
    <rtept lat="24.310921" lon="120.55401">
      <name>高美路, 中50</name>
      <desc>Turn left onto 高美路, 中50</desc>
      <extensions>
        <distance>889.2</distance>
        <duration>177.8</duration>
        <type>0</type>
        <step>50</step>
      </extensions>
    </rtept>
    <rtept lat="24.310899" lon="120.553787">
      <name>高美路, 中50</name>
      <desc>Turn left onto 高美路, 中50</desc>
      <extensions>
        <distance>889.2</distance>
        <duration>177.8</duration>
        <type>0</type>
        <step>50</step>
      </extensions>
    </rtept>
    <rtept lat="24.310924" lon="120.553631">
      <name>高美路, 中50</name>
      <desc>Turn left onto 高美路, 中50</desc>
      <extensions>
        <distance>889.2</distance>
        <duration>177.8</duration>
        <type>0</type>
        <step>50</step>
      </extensions>
    </rtept>
    <rtept lat="24.310992" lon="120.553194">
      <name>高美路, 中50</name>
      <desc>Turn left onto 高美路, 中50</desc>
      <extensions>
        <distance>889.2</distance>
        <duration>177.8</duration>
        <type>0</type>
        <step>50</step>
      </extensions>
    </rtept>
    <rtept lat="24.311123" lon="120.552788">
      <name>高美路, 中50</name>
      <desc>Turn left onto 高美路, 中50</desc>
      <extensions>
        <distance>889.2</distance>
        <duration>177.8</duration>
        <type>0</type>
        <step>50</step>
      </extensions>
    </rtept>
    <rtept lat="24.311184" lon="120.552416">
      <name>高美路, 中50</name>
      <desc>Turn left onto 高美路, 中50</desc>
      <extensions>
        <distance>889.2</distance>
        <duration>177.8</duration>
        <type>0</type>
        <step>50</step>
      </extensions>
    </rtept>
    <rtept lat="24.311192" lon="120.552353">
      <name>高美路, 中50</name>
      <desc>Turn left onto 高美路, 中50</desc>
      <extensions>
        <distance>889.2</distance>
        <duration>177.8</duration>
        <type>0</type>
        <step>50</step>
      </extensions>
    </rtept>
    <rtept lat="24.311254" lon="120.552225">
      <name>高美路, 中50</name>
      <desc>Turn left onto 高美路, 中50</desc>
      <extensions>
        <distance>889.2</distance>
        <duration>177.8</duration>
        <type>0</type>
        <step>50</step>
      </extensions>
    </rtept>
    <rtept lat="24.311409" lon="120.551972">
      <name>高美路, 中50</name>
      <desc>Turn left onto 高美路, 中50</desc>
      <extensions>
        <distance>889.2</distance>
        <duration>177.8</duration>
        <type>0</type>
        <step>50</step>
      </extensions>
    </rtept>
    <rtept lat="24.311909" lon="120.551261">
      <name>高美路, 中50</name>
      <desc>Turn left onto 高美路, 中50</desc>
      <extensions>
        <distance>889.2</distance>
        <duration>177.8</duration>
        <type>0</type>
        <step>50</step>
      </extensions>
    </rtept>
    <rtept lat="24.312092" lon="120.550849">
      <name>美堤街</name>
      <desc>Turn left onto 美堤街</desc>
      <extensions>
        <distance>20.0</distance>
        <duration>4.0</duration>
        <type>0</type>
        <step>51</step>
      </extensions>
    </rtept>
    <rtept lat="24.312047" lon="120.550826">
      <name>美堤街</name>
      <desc>Turn left onto 美堤街</desc>
      <extensions>
        <distance>20.0</distance>
        <duration>4.0</duration>
        <type>0</type>
        <step>51</step>
      </extensions>
    </rtept>
    <rtept lat="24.311928" lon="120.550766">
      <name/>
      <desc>Turn right</desc>
      <extensions>
        <distance>33.1</distance>
        <duration>6.6</duration>
        <type>1</type>
        <step>52</step>
      </extensions>
    </rtept>
    <rtept lat="24.312005" lon="120.550538">
      <name/>
      <desc>Turn right</desc>
      <extensions>
        <distance>33.1</distance>
        <duration>6.6</duration>
        <type>1</type>
        <step>52</step>
      </extensions>
    </rtept>
    <rtept lat="24.311933" lon="120.550511">
      <name/>
      <desc>Turn right</desc>
      <extensions>
        <distance>70.9</distance>
        <duration>14.2</duration>
        <type>1</type>
        <step>53</step>
      </extensions>
    </rtept>
    <rtept lat="24.311996" lon="120.550268">
      <name/>
      <desc>Turn right</desc>
      <extensions>
        <distance>70.9</distance>
        <duration>14.2</duration>
        <type>1</type>
        <step>53</step>
      </extensions>
    </rtept>
    <rtept lat="24.312031" lon="120.550139">
      <name/>
      <desc>Turn right</desc>
      <extensions>
        <distance>70.9</distance>
        <duration>14.2</duration>
        <type>1</type>
        <step>53</step>
      </extensions>
    </rtept>
    <rtept lat="24.312058" lon="120.550043">
      <name/>
      <desc>Turn right</desc>
      <extensions>
        <distance>70.9</distance>
        <duration>14.2</duration>
        <type>1</type>
        <step>53</step>
      </extensions>
    </rtept>
    <rtept lat="24.312044" lon="120.54999">
      <name/>
      <desc>Turn right</desc>
      <extensions>
        <distance>70.9</distance>
        <duration>14.2</duration>
        <type>1</type>
        <step>53</step>
      </extensions>
    </rtept>
    <rtept lat="24.312018" lon="120.549966">
      <name/>
      <desc>Turn right</desc>
      <extensions>
        <distance>70.9</distance>
        <duration>14.2</duration>
        <type>1</type>
        <step>53</step>
      </extensions>
    </rtept>
    <rtept lat="24.31191" lon="120.549956">
      <name/>
      <desc>Turn right</desc>
      <extensions>
        <distance>57.6</distance>
        <duration>34.6</duration>
        <type>1</type>
        <step>54</step>
      </extensions>
    </rtept>
    <rtept lat="24.311918" lon="120.549888">
      <name/>
      <desc>Turn right</desc>
      <extensions>
        <distance>57.6</distance>
        <duration>34.6</duration>
        <type>1</type>
        <step>54</step>
      </extensions>
    </rtept>
    <rtept lat="24.311961" lon="120.549596">
      <name/>
      <desc>Turn right</desc>
      <extensions>
        <distance>57.6</distance>
        <duration>34.6</duration>
        <type>1</type>
        <step>54</step>
      </extensions>
    </rtept>
    <rtept lat="24.312032" lon="120.549407">
      <name/>
      <desc>Keep left</desc>
      <extensions>
        <distance>68.2</distance>
        <duration>40.9</duration>
        <type>12</type>
        <step>55</step>
      </extensions>
    </rtept>
    <rtept lat="24.312085" lon="120.549201">
      <name/>
      <desc>Keep left</desc>
      <extensions>
        <distance>68.2</distance>
        <duration>40.9</duration>
        <type>12</type>
        <step>55</step>
      </extensions>
    </rtept>
    <rtept lat="24.312087" lon="120.549084">
      <name/>
      <desc>Keep left</desc>
      <extensions>
        <distance>68.2</distance>
        <duration>40.9</duration>
        <type>12</type>
        <step>55</step>
      </extensions>
    </rtept>
    <rtept lat="24.312101" lon="120.54903">
      <name/>
      <desc>Keep left</desc>
      <extensions>
        <distance>68.2</distance>
        <duration>40.9</duration>
        <type>12</type>
        <step>55</step>
      </extensions>
    </rtept>
    <rtept lat="24.312147" lon="120.548955">
      <name/>
      <desc>Keep left</desc>
      <extensions>
        <distance>68.2</distance>
        <duration>40.9</duration>
        <type>12</type>
        <step>55</step>
      </extensions>
    </rtept>
    <rtept lat="24.312271" lon="120.548814">
      <name/>
      <desc>Arrive at your destination, straight ahead</desc>
      <extensions>
        <distance>0.0</distance>
        <duration>0.0</duration>
        <type>10</type>
        <step>56</step>
      </extensions>
    </rtept>
    <extensions>
      <distance>52197.5</distance>
      <duration>10559.800000000001</duration>
      <ascent>0.0</ascent>
      <descent>0.0</descent>
      <avgspeed>17.8</avgspeed>
      <bounds maxlat="24.556467" maxlon="120.704371" minlat="24.256417" minlon="120.523225"/>
    </extensions>
  </rte>
  <extensions>
    <attribution>openrouteservice.org | OpenStreetMap contributors</attribution>
    <engine>9.9.0</engine>
    <build_date>2026-04-20T10:23:42Z</build_date>
    <graph_date>2026-05-04T02:11:08Z</graph_date>
    <osm_date>2026-04-26T23:59:57Z</osm_date>
    <profile>cycling-regular</profile>
    <language>en</language>
    <distance-units>m</distance-units>
    <instructions>true</instructions>
    <elevation>false</elevation>
  </extensions>
</gpx>
