<?xml version="1.0" ?>
<gpx xmlns="https://raw.githubusercontent.com/GIScience/openrouteservice-schema/main/gpx/v2/ors-gpx.xsd" version="1.1" creator="openrouteservice">
  <metadata>
    <name>openrouteservice directions</name>
    <desc>This is a directions instructions file as GPX, generated from openrouteservice</desc>
    <author>
      <name>openrouteservice</name>
      <email id="support" domain="openrouteservice.heigit.org"/>
      <link href="https://openrouteservice.org/">
        <text>https://openrouteservice.org/</text>
        <type>text/html</type>
      </link>
    </author>
    <copyright author="openrouteservice.org | OpenStreetMap contributors">
      <year>2026</year>
      <license>LGPL 3.0</license>
    </copyright>
    <time>2026-05-19T17:50:39.345Z</time>
    <bounds maxlat="24.694224" maxlon="120.880557" minlat="24.056317" minlon="120.43098"/>
    <extensions>
      <system-message/>
    </extensions>
  </metadata>
  <rte>
    <rtept lat="24.686485" lon="120.880557">
      <name/>
      <desc>Head west</desc>
      <extensions>
        <distance>38.2</distance>
        <duration>22.9</duration>
        <type>11</type>
        <step>0</step>
      </extensions>
    </rtept>
    <rtept lat="24.686499" lon="120.88027">
      <name/>
      <desc>Head west</desc>
      <extensions>
        <distance>38.2</distance>
        <duration>22.9</duration>
        <type>11</type>
        <step>0</step>
      </extensions>
    </rtept>
    <rtept lat="24.686581" lon="120.880276">
      <name/>
      <desc>Turn left</desc>
      <extensions>
        <distance>8.1</distance>
        <duration>4.8</duration>
        <type>0</type>
        <step>1</step>
      </extensions>
    </rtept>
    <rtept lat="24.686588" lon="120.880197">
      <name/>
      <desc>Turn right</desc>
      <extensions>
        <distance>41.3</distance>
        <duration>10.6</duration>
        <type>1</type>
        <step>2</step>
      </extensions>
    </rtept>
    <rtept lat="24.686743" lon="120.880214">
      <name/>
      <desc>Turn right</desc>
      <extensions>
        <distance>41.3</distance>
        <duration>10.6</duration>
        <type>1</type>
        <step>2</step>
      </extensions>
    </rtept>
    <rtept lat="24.686957" lon="120.880238">
      <name/>
      <desc>Turn left</desc>
      <extensions>
        <distance>27.9</distance>
        <duration>7.2</duration>
        <type>0</type>
        <step>3</step>
      </extensions>
    </rtept>
    <rtept lat="24.686968" lon="120.879962">
      <name>中山路</name>
      <desc>Turn left onto 中山路</desc>
      <extensions>
        <distance>33.6</distance>
        <duration>6.7</duration>
        <type>0</type>
        <step>4</step>
      </extensions>
    </rtept>
    <rtept lat="24.68676" lon="120.87995">
      <name>中山路</name>
      <desc>Turn left onto 中山路</desc>
      <extensions>
        <distance>33.6</distance>
        <duration>6.7</duration>
        <type>0</type>
        <step>4</step>
      </extensions>
    </rtept>
    <rtept lat="24.686666" lon="120.879945">
      <name>博愛街</name>
      <desc>Turn right onto 博愛街</desc>
      <extensions>
        <distance>2346.3</distance>
        <duration>469.2</duration>
        <type>1</type>
        <step>5</step>
      </extensions>
    </rtept>
    <rtept lat="24.686708" lon="120.879204">
      <name>博愛街</name>
      <desc>Turn right onto 博愛街</desc>
      <extensions>
        <distance>2346.3</distance>
        <duration>469.2</duration>
        <type>1</type>
        <step>5</step>
      </extensions>
    </rtept>
    <rtept lat="24.686755" lon="120.878448">
      <name>博愛街</name>
      <desc>Turn right onto 博愛街</desc>
      <extensions>
        <distance>2346.3</distance>
        <duration>469.2</duration>
        <type>1</type>
        <step>5</step>
      </extensions>
    </rtept>
    <rtept lat="24.686786" lon="120.877706">
      <name>博愛街</name>
      <desc>Turn right onto 博愛街</desc>
      <extensions>
        <distance>2346.3</distance>
        <duration>469.2</duration>
        <type>1</type>
        <step>5</step>
      </extensions>
    </rtept>
    <rtept lat="24.686828" lon="120.876972">
      <name>博愛街</name>
      <desc>Turn right onto 博愛街</desc>
      <extensions>
        <distance>2346.3</distance>
        <duration>469.2</duration>
        <type>1</type>
        <step>5</step>
      </extensions>
    </rtept>
    <rtept lat="24.686895" lon="120.8756">
      <name>博愛街</name>
      <desc>Turn right onto 博愛街</desc>
      <extensions>
        <distance>2346.3</distance>
        <duration>469.2</duration>
        <type>1</type>
        <step>5</step>
      </extensions>
    </rtept>
    <rtept lat="24.6869" lon="120.875494">
      <name>博愛街</name>
      <desc>Turn right onto 博愛街</desc>
      <extensions>
        <distance>2346.3</distance>
        <duration>469.2</duration>
        <type>1</type>
        <step>5</step>
      </extensions>
    </rtept>
    <rtept lat="24.686931" lon="120.874846">
      <name>博愛街</name>
      <desc>Turn right onto 博愛街</desc>
      <extensions>
        <distance>2346.3</distance>
        <duration>469.2</duration>
        <type>1</type>
        <step>5</step>
      </extensions>
    </rtept>
    <rtept lat="24.686957" lon="120.874295">
      <name>博愛街</name>
      <desc>Turn right onto 博愛街</desc>
      <extensions>
        <distance>2346.3</distance>
        <duration>469.2</duration>
        <type>1</type>
        <step>5</step>
      </extensions>
    </rtept>
    <rtept lat="24.686967" lon="120.874084">
      <name>博愛街</name>
      <desc>Turn right onto 博愛街</desc>
      <extensions>
        <distance>2346.3</distance>
        <duration>469.2</duration>
        <type>1</type>
        <step>5</step>
      </extensions>
    </rtept>
    <rtept lat="24.687016" lon="120.872811">
      <name>博愛街</name>
      <desc>Turn right onto 博愛街</desc>
      <extensions>
        <distance>2346.3</distance>
        <duration>469.2</duration>
        <type>1</type>
        <step>5</step>
      </extensions>
    </rtept>
    <rtept lat="24.687335" lon="120.871614">
      <name>博愛街</name>
      <desc>Turn right onto 博愛街</desc>
      <extensions>
        <distance>2346.3</distance>
        <duration>469.2</duration>
        <type>1</type>
        <step>5</step>
      </extensions>
    </rtept>
    <rtept lat="24.687659" lon="120.870501">
      <name>博愛街</name>
      <desc>Turn right onto 博愛街</desc>
      <extensions>
        <distance>2346.3</distance>
        <duration>469.2</duration>
        <type>1</type>
        <step>5</step>
      </extensions>
    </rtept>
    <rtept lat="24.687785" lon="120.870082">
      <name>博愛街</name>
      <desc>Turn right onto 博愛街</desc>
      <extensions>
        <distance>2346.3</distance>
        <duration>469.2</duration>
        <type>1</type>
        <step>5</step>
      </extensions>
    </rtept>
    <rtept lat="24.687831" lon="120.869927">
      <name>博愛街</name>
      <desc>Turn right onto 博愛街</desc>
      <extensions>
        <distance>2346.3</distance>
        <duration>469.2</duration>
        <type>1</type>
        <step>5</step>
      </extensions>
    </rtept>
    <rtept lat="24.687867" lon="120.869819">
      <name>博愛街</name>
      <desc>Turn right onto 博愛街</desc>
      <extensions>
        <distance>2346.3</distance>
        <duration>469.2</duration>
        <type>1</type>
        <step>5</step>
      </extensions>
    </rtept>
    <rtept lat="24.687914" lon="120.869659">
      <name>博愛街</name>
      <desc>Turn right onto 博愛街</desc>
      <extensions>
        <distance>2346.3</distance>
        <duration>469.2</duration>
        <type>1</type>
        <step>5</step>
      </extensions>
    </rtept>
    <rtept lat="24.688324" lon="120.868275">
      <name>博愛街</name>
      <desc>Turn right onto 博愛街</desc>
      <extensions>
        <distance>2346.3</distance>
        <duration>469.2</duration>
        <type>1</type>
        <step>5</step>
      </extensions>
    </rtept>
    <rtept lat="24.688493" lon="120.867768">
      <name>博愛街</name>
      <desc>Turn right onto 博愛街</desc>
      <extensions>
        <distance>2346.3</distance>
        <duration>469.2</duration>
        <type>1</type>
        <step>5</step>
      </extensions>
    </rtept>
    <rtept lat="24.68877" lon="120.866781">
      <name>博愛街</name>
      <desc>Turn right onto 博愛街</desc>
      <extensions>
        <distance>2346.3</distance>
        <duration>469.2</duration>
        <type>1</type>
        <step>5</step>
      </extensions>
    </rtept>
    <rtept lat="24.688869" lon="120.86643">
      <name>博愛街</name>
      <desc>Turn right onto 博愛街</desc>
      <extensions>
        <distance>2346.3</distance>
        <duration>469.2</duration>
        <type>1</type>
        <step>5</step>
      </extensions>
    </rtept>
    <rtept lat="24.688886" lon="120.866367">
      <name>博愛街</name>
      <desc>Turn right onto 博愛街</desc>
      <extensions>
        <distance>2346.3</distance>
        <duration>469.2</duration>
        <type>1</type>
        <step>5</step>
      </extensions>
    </rtept>
    <rtept lat="24.688903" lon="120.866307">
      <name>博愛街</name>
      <desc>Turn right onto 博愛街</desc>
      <extensions>
        <distance>2346.3</distance>
        <duration>469.2</duration>
        <type>1</type>
        <step>5</step>
      </extensions>
    </rtept>
    <rtept lat="24.688924" lon="120.866233">
      <name>博愛街</name>
      <desc>Turn right onto 博愛街</desc>
      <extensions>
        <distance>2346.3</distance>
        <duration>469.2</duration>
        <type>1</type>
        <step>5</step>
      </extensions>
    </rtept>
    <rtept lat="24.689087" lon="120.865654">
      <name>博愛街</name>
      <desc>Turn right onto 博愛街</desc>
      <extensions>
        <distance>2346.3</distance>
        <duration>469.2</duration>
        <type>1</type>
        <step>5</step>
      </extensions>
    </rtept>
    <rtept lat="24.689489" lon="120.864142">
      <name>博愛街</name>
      <desc>Turn right onto 博愛街</desc>
      <extensions>
        <distance>2346.3</distance>
        <duration>469.2</duration>
        <type>1</type>
        <step>5</step>
      </extensions>
    </rtept>
    <rtept lat="24.689885" lon="120.862812">
      <name>博愛街</name>
      <desc>Turn right onto 博愛街</desc>
      <extensions>
        <distance>2346.3</distance>
        <duration>469.2</duration>
        <type>1</type>
        <step>5</step>
      </extensions>
    </rtept>
    <rtept lat="24.690028" lon="120.862583">
      <name>博愛街</name>
      <desc>Turn right onto 博愛街</desc>
      <extensions>
        <distance>2346.3</distance>
        <duration>469.2</duration>
        <type>1</type>
        <step>5</step>
      </extensions>
    </rtept>
    <rtept lat="24.690203" lon="120.862494">
      <name>博愛街</name>
      <desc>Turn right onto 博愛街</desc>
      <extensions>
        <distance>2346.3</distance>
        <duration>469.2</duration>
        <type>1</type>
        <step>5</step>
      </extensions>
    </rtept>
    <rtept lat="24.69176" lon="120.862131">
      <name>博愛街</name>
      <desc>Turn right onto 博愛街</desc>
      <extensions>
        <distance>2346.3</distance>
        <duration>469.2</duration>
        <type>1</type>
        <step>5</step>
      </extensions>
    </rtept>
    <rtept lat="24.692" lon="120.862058">
      <name>博愛街</name>
      <desc>Turn right onto 博愛街</desc>
      <extensions>
        <distance>2346.3</distance>
        <duration>469.2</duration>
        <type>1</type>
        <step>5</step>
      </extensions>
    </rtept>
    <rtept lat="24.692201" lon="120.861963">
      <name>博愛街</name>
      <desc>Turn right onto 博愛街</desc>
      <extensions>
        <distance>2346.3</distance>
        <duration>469.2</duration>
        <type>1</type>
        <step>5</step>
      </extensions>
    </rtept>
    <rtept lat="24.692427" lon="120.861811">
      <name>博愛街</name>
      <desc>Turn right onto 博愛街</desc>
      <extensions>
        <distance>2346.3</distance>
        <duration>469.2</duration>
        <type>1</type>
        <step>5</step>
      </extensions>
    </rtept>
    <rtept lat="24.692596" lon="120.861639">
      <name>博愛街</name>
      <desc>Turn right onto 博愛街</desc>
      <extensions>
        <distance>2346.3</distance>
        <duration>469.2</duration>
        <type>1</type>
        <step>5</step>
      </extensions>
    </rtept>
    <rtept lat="24.693125" lon="120.86114">
      <name>博愛街</name>
      <desc>Turn right onto 博愛街</desc>
      <extensions>
        <distance>2346.3</distance>
        <duration>469.2</duration>
        <type>1</type>
        <step>5</step>
      </extensions>
    </rtept>
    <rtept lat="24.693481" lon="120.860827">
      <name>博愛街</name>
      <desc>Turn right onto 博愛街</desc>
      <extensions>
        <distance>2346.3</distance>
        <duration>469.2</duration>
        <type>1</type>
        <step>5</step>
      </extensions>
    </rtept>
    <rtept lat="24.693817" lon="120.860498">
      <name>博愛街</name>
      <desc>Turn right onto 博愛街</desc>
      <extensions>
        <distance>2346.3</distance>
        <duration>469.2</duration>
        <type>1</type>
        <step>5</step>
      </extensions>
    </rtept>
    <rtept lat="24.694009" lon="120.860361">
      <name>博愛街</name>
      <desc>Turn right onto 博愛街</desc>
      <extensions>
        <distance>2346.3</distance>
        <duration>469.2</duration>
        <type>1</type>
        <step>5</step>
      </extensions>
    </rtept>
    <rtept lat="24.694224" lon="120.86022">
      <name>西部濱海公路, 61</name>
      <desc>Turn left onto 西部濱海公路, 61</desc>
      <extensions>
        <distance>16130.4</distance>
        <duration>3226.0</duration>
        <type>0</type>
        <step>6</step>
      </extensions>
    </rtept>
    <rtept lat="24.693413" lon="120.858847">
      <name>西部濱海公路, 61</name>
      <desc>Turn left onto 西部濱海公路, 61</desc>
      <extensions>
        <distance>16130.4</distance>
        <duration>3226.0</duration>
        <type>0</type>
        <step>6</step>
      </extensions>
    </rtept>
    <rtept lat="24.693042" lon="120.858308">
      <name>西部濱海公路, 61</name>
      <desc>Turn left onto 西部濱海公路, 61</desc>
      <extensions>
        <distance>16130.4</distance>
        <duration>3226.0</duration>
        <type>0</type>
        <step>6</step>
      </extensions>
    </rtept>
    <rtept lat="24.693019" lon="120.858275">
      <name>西部濱海公路, 61</name>
      <desc>Turn left onto 西部濱海公路, 61</desc>
      <extensions>
        <distance>16130.4</distance>
        <duration>3226.0</duration>
        <type>0</type>
        <step>6</step>
      </extensions>
    </rtept>
    <rtept lat="24.692451" lon="120.857541">
      <name>西部濱海公路, 61</name>
      <desc>Turn left onto 西部濱海公路, 61</desc>
      <extensions>
        <distance>16130.4</distance>
        <duration>3226.0</duration>
        <type>0</type>
        <step>6</step>
      </extensions>
    </rtept>
    <rtept lat="24.691806" lon="120.856896">
      <name>西部濱海公路, 61</name>
      <desc>Turn left onto 西部濱海公路, 61</desc>
      <extensions>
        <distance>16130.4</distance>
        <duration>3226.0</duration>
        <type>0</type>
        <step>6</step>
      </extensions>
    </rtept>
    <rtept lat="24.691201" lon="120.85638">
      <name>西部濱海公路, 61</name>
      <desc>Turn left onto 西部濱海公路, 61</desc>
      <extensions>
        <distance>16130.4</distance>
        <duration>3226.0</duration>
        <type>0</type>
        <step>6</step>
      </extensions>
    </rtept>
    <rtept lat="24.690682" lon="120.855914">
      <name>西部濱海公路, 61</name>
      <desc>Turn left onto 西部濱海公路, 61</desc>
      <extensions>
        <distance>16130.4</distance>
        <duration>3226.0</duration>
        <type>0</type>
        <step>6</step>
      </extensions>
    </rtept>
    <rtept lat="24.689779" lon="120.855206">
      <name>西部濱海公路, 61</name>
      <desc>Turn left onto 西部濱海公路, 61</desc>
      <extensions>
        <distance>16130.4</distance>
        <duration>3226.0</duration>
        <type>0</type>
        <step>6</step>
      </extensions>
    </rtept>
    <rtept lat="24.688358" lon="120.854068">
      <name>西部濱海公路, 61</name>
      <desc>Turn left onto 西部濱海公路, 61</desc>
      <extensions>
        <distance>16130.4</distance>
        <duration>3226.0</duration>
        <type>0</type>
        <step>6</step>
      </extensions>
    </rtept>
    <rtept lat="24.686846" lon="120.852844">
      <name>西部濱海公路, 61</name>
      <desc>Turn left onto 西部濱海公路, 61</desc>
      <extensions>
        <distance>16130.4</distance>
        <duration>3226.0</duration>
        <type>0</type>
        <step>6</step>
      </extensions>
    </rtept>
    <rtept lat="24.686602" lon="120.852662">
      <name>西部濱海公路, 61</name>
      <desc>Turn left onto 西部濱海公路, 61</desc>
      <extensions>
        <distance>16130.4</distance>
        <duration>3226.0</duration>
        <type>0</type>
        <step>6</step>
      </extensions>
    </rtept>
    <rtept lat="24.685427" lon="120.851553">
      <name>西部濱海公路, 61</name>
      <desc>Turn left onto 西部濱海公路, 61</desc>
      <extensions>
        <distance>16130.4</distance>
        <duration>3226.0</duration>
        <type>0</type>
        <step>6</step>
      </extensions>
    </rtept>
    <rtept lat="24.683726" lon="120.849833">
      <name>西部濱海公路, 61</name>
      <desc>Turn left onto 西部濱海公路, 61</desc>
      <extensions>
        <distance>16130.4</distance>
        <duration>3226.0</duration>
        <type>0</type>
        <step>6</step>
      </extensions>
    </rtept>
    <rtept lat="24.683547" lon="120.849651">
      <name>西部濱海公路, 61</name>
      <desc>Turn left onto 西部濱海公路, 61</desc>
      <extensions>
        <distance>16130.4</distance>
        <duration>3226.0</duration>
        <type>0</type>
        <step>6</step>
      </extensions>
    </rtept>
    <rtept lat="24.682014" lon="120.848022">
      <name>西部濱海公路, 61</name>
      <desc>Turn left onto 西部濱海公路, 61</desc>
      <extensions>
        <distance>16130.4</distance>
        <duration>3226.0</duration>
        <type>0</type>
        <step>6</step>
      </extensions>
    </rtept>
    <rtept lat="24.680461" lon="120.846391">
      <name>西部濱海公路, 61</name>
      <desc>Turn left onto 西部濱海公路, 61</desc>
      <extensions>
        <distance>16130.4</distance>
        <duration>3226.0</duration>
        <type>0</type>
        <step>6</step>
      </extensions>
    </rtept>
    <rtept lat="24.679412" lon="120.845272">
      <name>西部濱海公路, 61</name>
      <desc>Turn left onto 西部濱海公路, 61</desc>
      <extensions>
        <distance>16130.4</distance>
        <duration>3226.0</duration>
        <type>0</type>
        <step>6</step>
      </extensions>
    </rtept>
    <rtept lat="24.679067" lon="120.844913">
      <name>西部濱海公路, 61</name>
      <desc>Turn left onto 西部濱海公路, 61</desc>
      <extensions>
        <distance>16130.4</distance>
        <duration>3226.0</duration>
        <type>0</type>
        <step>6</step>
      </extensions>
    </rtept>
    <rtept lat="24.677744" lon="120.843556">
      <name>西部濱海公路, 61</name>
      <desc>Turn left onto 西部濱海公路, 61</desc>
      <extensions>
        <distance>16130.4</distance>
        <duration>3226.0</duration>
        <type>0</type>
        <step>6</step>
      </extensions>
    </rtept>
    <rtept lat="24.677658" lon="120.843472">
      <name>西部濱海公路, 61</name>
      <desc>Turn left onto 西部濱海公路, 61</desc>
      <extensions>
        <distance>16130.4</distance>
        <duration>3226.0</duration>
        <type>0</type>
        <step>6</step>
      </extensions>
    </rtept>
    <rtept lat="24.67761" lon="120.84342">
      <name>西部濱海公路, 61</name>
      <desc>Turn left onto 西部濱海公路, 61</desc>
      <extensions>
        <distance>16130.4</distance>
        <duration>3226.0</duration>
        <type>0</type>
        <step>6</step>
      </extensions>
    </rtept>
    <rtept lat="24.676762" lon="120.842494">
      <name>西部濱海公路, 61</name>
      <desc>Turn left onto 西部濱海公路, 61</desc>
      <extensions>
        <distance>16130.4</distance>
        <duration>3226.0</duration>
        <type>0</type>
        <step>6</step>
      </extensions>
    </rtept>
    <rtept lat="24.67614" lon="120.841859">
      <name>西部濱海公路, 61</name>
      <desc>Turn left onto 西部濱海公路, 61</desc>
      <extensions>
        <distance>16130.4</distance>
        <duration>3226.0</duration>
        <type>0</type>
        <step>6</step>
      </extensions>
    </rtept>
    <rtept lat="24.675868" lon="120.841587">
      <name>西部濱海公路, 61</name>
      <desc>Turn left onto 西部濱海公路, 61</desc>
      <extensions>
        <distance>16130.4</distance>
        <duration>3226.0</duration>
        <type>0</type>
        <step>6</step>
      </extensions>
    </rtept>
    <rtept lat="24.67521" lon="120.840868">
      <name>西部濱海公路, 61</name>
      <desc>Turn left onto 西部濱海公路, 61</desc>
      <extensions>
        <distance>16130.4</distance>
        <duration>3226.0</duration>
        <type>0</type>
        <step>6</step>
      </extensions>
    </rtept>
    <rtept lat="24.674671" lon="120.84031">
      <name>西部濱海公路, 61</name>
      <desc>Turn left onto 西部濱海公路, 61</desc>
      <extensions>
        <distance>16130.4</distance>
        <duration>3226.0</duration>
        <type>0</type>
        <step>6</step>
      </extensions>
    </rtept>
    <rtept lat="24.673761" lon="120.839329">
      <name>西部濱海公路, 61</name>
      <desc>Turn left onto 西部濱海公路, 61</desc>
      <extensions>
        <distance>16130.4</distance>
        <duration>3226.0</duration>
        <type>0</type>
        <step>6</step>
      </extensions>
    </rtept>
    <rtept lat="24.673224" lon="120.838772">
      <name>西部濱海公路, 61</name>
      <desc>Turn left onto 西部濱海公路, 61</desc>
      <extensions>
        <distance>16130.4</distance>
        <duration>3226.0</duration>
        <type>0</type>
        <step>6</step>
      </extensions>
    </rtept>
    <rtept lat="24.67164" lon="120.837115">
      <name>西部濱海公路, 61</name>
      <desc>Turn left onto 西部濱海公路, 61</desc>
      <extensions>
        <distance>16130.4</distance>
        <duration>3226.0</duration>
        <type>0</type>
        <step>6</step>
      </extensions>
    </rtept>
    <rtept lat="24.671136" lon="120.83655">
      <name>西部濱海公路, 61</name>
      <desc>Turn left onto 西部濱海公路, 61</desc>
      <extensions>
        <distance>16130.4</distance>
        <duration>3226.0</duration>
        <type>0</type>
        <step>6</step>
      </extensions>
    </rtept>
    <rtept lat="24.670659" lon="120.836062">
      <name>西部濱海公路, 61</name>
      <desc>Turn left onto 西部濱海公路, 61</desc>
      <extensions>
        <distance>16130.4</distance>
        <duration>3226.0</duration>
        <type>0</type>
        <step>6</step>
      </extensions>
    </rtept>
    <rtept lat="24.669706" lon="120.835089">
      <name>西部濱海公路, 61</name>
      <desc>Turn left onto 西部濱海公路, 61</desc>
      <extensions>
        <distance>16130.4</distance>
        <duration>3226.0</duration>
        <type>0</type>
        <step>6</step>
      </extensions>
    </rtept>
    <rtept lat="24.667742" lon="120.832959">
      <name>西部濱海公路, 61</name>
      <desc>Turn left onto 西部濱海公路, 61</desc>
      <extensions>
        <distance>16130.4</distance>
        <duration>3226.0</duration>
        <type>0</type>
        <step>6</step>
      </extensions>
    </rtept>
    <rtept lat="24.667009" lon="120.831939">
      <name>西部濱海公路, 61</name>
      <desc>Turn left onto 西部濱海公路, 61</desc>
      <extensions>
        <distance>16130.4</distance>
        <duration>3226.0</duration>
        <type>0</type>
        <step>6</step>
      </extensions>
    </rtept>
    <rtept lat="24.666561" lon="120.831067">
      <name>西部濱海公路, 61</name>
      <desc>Turn left onto 西部濱海公路, 61</desc>
      <extensions>
        <distance>16130.4</distance>
        <duration>3226.0</duration>
        <type>0</type>
        <step>6</step>
      </extensions>
    </rtept>
    <rtept lat="24.666459" lon="120.830799">
      <name>西部濱海公路, 61</name>
      <desc>Turn left onto 西部濱海公路, 61</desc>
      <extensions>
        <distance>16130.4</distance>
        <duration>3226.0</duration>
        <type>0</type>
        <step>6</step>
      </extensions>
    </rtept>
    <rtept lat="24.666047" lon="120.82958">
      <name>西部濱海公路, 61</name>
      <desc>Turn left onto 西部濱海公路, 61</desc>
      <extensions>
        <distance>16130.4</distance>
        <duration>3226.0</duration>
        <type>0</type>
        <step>6</step>
      </extensions>
    </rtept>
    <rtept lat="24.664204" lon="120.823596">
      <name>西部濱海公路, 61</name>
      <desc>Turn left onto 西部濱海公路, 61</desc>
      <extensions>
        <distance>16130.4</distance>
        <duration>3226.0</duration>
        <type>0</type>
        <step>6</step>
      </extensions>
    </rtept>
    <rtept lat="24.66349" lon="120.821196">
      <name>西部濱海公路, 61</name>
      <desc>Turn left onto 西部濱海公路, 61</desc>
      <extensions>
        <distance>16130.4</distance>
        <duration>3226.0</duration>
        <type>0</type>
        <step>6</step>
      </extensions>
    </rtept>
    <rtept lat="24.663311" lon="120.820597">
      <name>西部濱海公路, 61</name>
      <desc>Turn left onto 西部濱海公路, 61</desc>
      <extensions>
        <distance>16130.4</distance>
        <duration>3226.0</duration>
        <type>0</type>
        <step>6</step>
      </extensions>
    </rtept>
    <rtept lat="24.6632" lon="120.820226">
      <name>西部濱海公路, 61</name>
      <desc>Turn left onto 西部濱海公路, 61</desc>
      <extensions>
        <distance>16130.4</distance>
        <duration>3226.0</duration>
        <type>0</type>
        <step>6</step>
      </extensions>
    </rtept>
    <rtept lat="24.663099" lon="120.819889">
      <name>西部濱海公路, 61</name>
      <desc>Turn left onto 西部濱海公路, 61</desc>
      <extensions>
        <distance>16130.4</distance>
        <duration>3226.0</duration>
        <type>0</type>
        <step>6</step>
      </extensions>
    </rtept>
    <rtept lat="24.662868" lon="120.819265">
      <name>西部濱海公路, 61</name>
      <desc>Turn left onto 西部濱海公路, 61</desc>
      <extensions>
        <distance>16130.4</distance>
        <duration>3226.0</duration>
        <type>0</type>
        <step>6</step>
      </extensions>
    </rtept>
    <rtept lat="24.662606" lon="120.81856">
      <name>西部濱海公路, 61</name>
      <desc>Turn left onto 西部濱海公路, 61</desc>
      <extensions>
        <distance>16130.4</distance>
        <duration>3226.0</duration>
        <type>0</type>
        <step>6</step>
      </extensions>
    </rtept>
    <rtept lat="24.662245" lon="120.817829">
      <name>西部濱海公路, 61</name>
      <desc>Turn left onto 西部濱海公路, 61</desc>
      <extensions>
        <distance>16130.4</distance>
        <duration>3226.0</duration>
        <type>0</type>
        <step>6</step>
      </extensions>
    </rtept>
    <rtept lat="24.66186" lon="120.817214">
      <name>西部濱海公路, 61</name>
      <desc>Turn left onto 西部濱海公路, 61</desc>
      <extensions>
        <distance>16130.4</distance>
        <duration>3226.0</duration>
        <type>0</type>
        <step>6</step>
      </extensions>
    </rtept>
    <rtept lat="24.661672" lon="120.816956">
      <name>西部濱海公路, 61</name>
      <desc>Turn left onto 西部濱海公路, 61</desc>
      <extensions>
        <distance>16130.4</distance>
        <duration>3226.0</duration>
        <type>0</type>
        <step>6</step>
      </extensions>
    </rtept>
    <rtept lat="24.660876" lon="120.815863">
      <name>西部濱海公路, 61</name>
      <desc>Turn left onto 西部濱海公路, 61</desc>
      <extensions>
        <distance>16130.4</distance>
        <duration>3226.0</duration>
        <type>0</type>
        <step>6</step>
      </extensions>
    </rtept>
    <rtept lat="24.659165" lon="120.813686">
      <name>西部濱海公路, 61</name>
      <desc>Turn left onto 西部濱海公路, 61</desc>
      <extensions>
        <distance>16130.4</distance>
        <duration>3226.0</duration>
        <type>0</type>
        <step>6</step>
      </extensions>
    </rtept>
    <rtept lat="24.658223" lon="120.812471">
      <name>西部濱海公路, 61</name>
      <desc>Turn left onto 西部濱海公路, 61</desc>
      <extensions>
        <distance>16130.4</distance>
        <duration>3226.0</duration>
        <type>0</type>
        <step>6</step>
      </extensions>
    </rtept>
    <rtept lat="24.656865" lon="120.810656">
      <name>西部濱海公路, 61</name>
      <desc>Turn left onto 西部濱海公路, 61</desc>
      <extensions>
        <distance>16130.4</distance>
        <duration>3226.0</duration>
        <type>0</type>
        <step>6</step>
      </extensions>
    </rtept>
    <rtept lat="24.656018" lon="120.809565">
      <name>西部濱海公路, 61</name>
      <desc>Turn left onto 西部濱海公路, 61</desc>
      <extensions>
        <distance>16130.4</distance>
        <duration>3226.0</duration>
        <type>0</type>
        <step>6</step>
      </extensions>
    </rtept>
    <rtept lat="24.6554" lon="120.808836">
      <name>西部濱海公路, 61</name>
      <desc>Turn left onto 西部濱海公路, 61</desc>
      <extensions>
        <distance>16130.4</distance>
        <duration>3226.0</duration>
        <type>0</type>
        <step>6</step>
      </extensions>
    </rtept>
    <rtept lat="24.654834" lon="120.808286">
      <name>西部濱海公路, 61</name>
      <desc>Turn left onto 西部濱海公路, 61</desc>
      <extensions>
        <distance>16130.4</distance>
        <duration>3226.0</duration>
        <type>0</type>
        <step>6</step>
      </extensions>
    </rtept>
    <rtept lat="24.65419" lon="120.807782">
      <name>西部濱海公路, 61</name>
      <desc>Turn left onto 西部濱海公路, 61</desc>
      <extensions>
        <distance>16130.4</distance>
        <duration>3226.0</duration>
        <type>0</type>
        <step>6</step>
      </extensions>
    </rtept>
    <rtept lat="24.653017" lon="120.807069">
      <name>西部濱海公路, 61</name>
      <desc>Turn left onto 西部濱海公路, 61</desc>
      <extensions>
        <distance>16130.4</distance>
        <duration>3226.0</duration>
        <type>0</type>
        <step>6</step>
      </extensions>
    </rtept>
    <rtept lat="24.651818" lon="120.806324">
      <name>西部濱海公路, 61</name>
      <desc>Turn left onto 西部濱海公路, 61</desc>
      <extensions>
        <distance>16130.4</distance>
        <duration>3226.0</duration>
        <type>0</type>
        <step>6</step>
      </extensions>
    </rtept>
    <rtept lat="24.651256" lon="120.80586">
      <name>西部濱海公路, 61</name>
      <desc>Turn left onto 西部濱海公路, 61</desc>
      <extensions>
        <distance>16130.4</distance>
        <duration>3226.0</duration>
        <type>0</type>
        <step>6</step>
      </extensions>
    </rtept>
    <rtept lat="24.650539" lon="120.805037">
      <name>西部濱海公路, 61</name>
      <desc>Turn left onto 西部濱海公路, 61</desc>
      <extensions>
        <distance>16130.4</distance>
        <duration>3226.0</duration>
        <type>0</type>
        <step>6</step>
      </extensions>
    </rtept>
    <rtept lat="24.650144" lon="120.8045">
      <name>西部濱海公路, 61</name>
      <desc>Turn left onto 西部濱海公路, 61</desc>
      <extensions>
        <distance>16130.4</distance>
        <duration>3226.0</duration>
        <type>0</type>
        <step>6</step>
      </extensions>
    </rtept>
    <rtept lat="24.649797" lon="120.803906">
      <name>西部濱海公路, 61</name>
      <desc>Turn left onto 西部濱海公路, 61</desc>
      <extensions>
        <distance>16130.4</distance>
        <duration>3226.0</duration>
        <type>0</type>
        <step>6</step>
      </extensions>
    </rtept>
    <rtept lat="24.649671" lon="120.80372">
      <name>西部濱海公路, 61</name>
      <desc>Turn left onto 西部濱海公路, 61</desc>
      <extensions>
        <distance>16130.4</distance>
        <duration>3226.0</duration>
        <type>0</type>
        <step>6</step>
      </extensions>
    </rtept>
    <rtept lat="24.649532" lon="120.803433">
      <name>西部濱海公路, 61</name>
      <desc>Turn left onto 西部濱海公路, 61</desc>
      <extensions>
        <distance>16130.4</distance>
        <duration>3226.0</duration>
        <type>0</type>
        <step>6</step>
      </extensions>
    </rtept>
    <rtept lat="24.64932" lon="120.802947">
      <name>西部濱海公路, 61</name>
      <desc>Turn left onto 西部濱海公路, 61</desc>
      <extensions>
        <distance>16130.4</distance>
        <duration>3226.0</duration>
        <type>0</type>
        <step>6</step>
      </extensions>
    </rtept>
    <rtept lat="24.649067" lon="120.802228">
      <name>西部濱海公路, 61</name>
      <desc>Turn left onto 西部濱海公路, 61</desc>
      <extensions>
        <distance>16130.4</distance>
        <duration>3226.0</duration>
        <type>0</type>
        <step>6</step>
      </extensions>
    </rtept>
    <rtept lat="24.648662" lon="120.801255">
      <name>西部濱海公路, 61</name>
      <desc>Turn left onto 西部濱海公路, 61</desc>
      <extensions>
        <distance>16130.4</distance>
        <duration>3226.0</duration>
        <type>0</type>
        <step>6</step>
      </extensions>
    </rtept>
    <rtept lat="24.648255" lon="120.800426">
      <name>西部濱海公路, 61</name>
      <desc>Turn left onto 西部濱海公路, 61</desc>
      <extensions>
        <distance>16130.4</distance>
        <duration>3226.0</duration>
        <type>0</type>
        <step>6</step>
      </extensions>
    </rtept>
    <rtept lat="24.648059" lon="120.800051">
      <name>西部濱海公路, 61</name>
      <desc>Turn left onto 西部濱海公路, 61</desc>
      <extensions>
        <distance>16130.4</distance>
        <duration>3226.0</duration>
        <type>0</type>
        <step>6</step>
      </extensions>
    </rtept>
    <rtept lat="24.64743" lon="120.799161">
      <name>西部濱海公路, 61</name>
      <desc>Turn left onto 西部濱海公路, 61</desc>
      <extensions>
        <distance>16130.4</distance>
        <duration>3226.0</duration>
        <type>0</type>
        <step>6</step>
      </extensions>
    </rtept>
    <rtept lat="24.646585" lon="120.798038">
      <name>西部濱海公路, 61</name>
      <desc>Turn left onto 西部濱海公路, 61</desc>
      <extensions>
        <distance>16130.4</distance>
        <duration>3226.0</duration>
        <type>0</type>
        <step>6</step>
      </extensions>
    </rtept>
    <rtept lat="24.64594" lon="120.797202">
      <name>西部濱海公路, 61</name>
      <desc>Turn left onto 西部濱海公路, 61</desc>
      <extensions>
        <distance>16130.4</distance>
        <duration>3226.0</duration>
        <type>0</type>
        <step>6</step>
      </extensions>
    </rtept>
    <rtept lat="24.645667" lon="120.796769">
      <name>西部濱海公路, 61</name>
      <desc>Turn left onto 西部濱海公路, 61</desc>
      <extensions>
        <distance>16130.4</distance>
        <duration>3226.0</duration>
        <type>0</type>
        <step>6</step>
      </extensions>
    </rtept>
    <rtept lat="24.645115" lon="120.795586">
      <name>西部濱海公路, 61</name>
      <desc>Turn left onto 西部濱海公路, 61</desc>
      <extensions>
        <distance>16130.4</distance>
        <duration>3226.0</duration>
        <type>0</type>
        <step>6</step>
      </extensions>
    </rtept>
    <rtept lat="24.645027" lon="120.795404">
      <name>西部濱海公路, 61</name>
      <desc>Turn left onto 西部濱海公路, 61</desc>
      <extensions>
        <distance>16130.4</distance>
        <duration>3226.0</duration>
        <type>0</type>
        <step>6</step>
      </extensions>
    </rtept>
    <rtept lat="24.644872" lon="120.795007">
      <name>西部濱海公路, 61</name>
      <desc>Turn left onto 西部濱海公路, 61</desc>
      <extensions>
        <distance>16130.4</distance>
        <duration>3226.0</duration>
        <type>0</type>
        <step>6</step>
      </extensions>
    </rtept>
    <rtept lat="24.643507" lon="120.79107">
      <name>西部濱海公路, 61</name>
      <desc>Turn left onto 西部濱海公路, 61</desc>
      <extensions>
        <distance>16130.4</distance>
        <duration>3226.0</duration>
        <type>0</type>
        <step>6</step>
      </extensions>
    </rtept>
    <rtept lat="24.643379" lon="120.790709">
      <name>西部濱海公路, 61</name>
      <desc>Turn left onto 西部濱海公路, 61</desc>
      <extensions>
        <distance>16130.4</distance>
        <duration>3226.0</duration>
        <type>0</type>
        <step>6</step>
      </extensions>
    </rtept>
    <rtept lat="24.643248" lon="120.790339">
      <name>西部濱海公路, 61</name>
      <desc>Turn left onto 西部濱海公路, 61</desc>
      <extensions>
        <distance>16130.4</distance>
        <duration>3226.0</duration>
        <type>0</type>
        <step>6</step>
      </extensions>
    </rtept>
    <rtept lat="24.642909" lon="120.789488">
      <name>西部濱海公路, 61</name>
      <desc>Turn left onto 西部濱海公路, 61</desc>
      <extensions>
        <distance>16130.4</distance>
        <duration>3226.0</duration>
        <type>0</type>
        <step>6</step>
      </extensions>
    </rtept>
    <rtept lat="24.642513" lon="120.788747">
      <name>西部濱海公路, 61</name>
      <desc>Turn left onto 西部濱海公路, 61</desc>
      <extensions>
        <distance>16130.4</distance>
        <duration>3226.0</duration>
        <type>0</type>
        <step>6</step>
      </extensions>
    </rtept>
    <rtept lat="24.642085" lon="120.788048">
      <name>西部濱海公路, 61</name>
      <desc>Turn left onto 西部濱海公路, 61</desc>
      <extensions>
        <distance>16130.4</distance>
        <duration>3226.0</duration>
        <type>0</type>
        <step>6</step>
      </extensions>
    </rtept>
    <rtept lat="24.641638" lon="120.787456">
      <name>西部濱海公路, 61</name>
      <desc>Turn left onto 西部濱海公路, 61</desc>
      <extensions>
        <distance>16130.4</distance>
        <duration>3226.0</duration>
        <type>0</type>
        <step>6</step>
      </extensions>
    </rtept>
    <rtept lat="24.641308" lon="120.787051">
      <name>西部濱海公路, 61</name>
      <desc>Turn left onto 西部濱海公路, 61</desc>
      <extensions>
        <distance>16130.4</distance>
        <duration>3226.0</duration>
        <type>0</type>
        <step>6</step>
      </extensions>
    </rtept>
    <rtept lat="24.63978" lon="120.785427">
      <name>西部濱海公路, 61</name>
      <desc>Turn left onto 西部濱海公路, 61</desc>
      <extensions>
        <distance>16130.4</distance>
        <duration>3226.0</duration>
        <type>0</type>
        <step>6</step>
      </extensions>
    </rtept>
    <rtept lat="24.637897" lon="120.783428">
      <name>西部濱海公路, 61</name>
      <desc>Turn left onto 西部濱海公路, 61</desc>
      <extensions>
        <distance>16130.4</distance>
        <duration>3226.0</duration>
        <type>0</type>
        <step>6</step>
      </extensions>
    </rtept>
    <rtept lat="24.636853" lon="120.782337">
      <name>西部濱海公路, 61</name>
      <desc>Turn left onto 西部濱海公路, 61</desc>
      <extensions>
        <distance>16130.4</distance>
        <duration>3226.0</duration>
        <type>0</type>
        <step>6</step>
      </extensions>
    </rtept>
    <rtept lat="24.635876" lon="120.781281">
      <name>西部濱海公路, 61</name>
      <desc>Turn left onto 西部濱海公路, 61</desc>
      <extensions>
        <distance>16130.4</distance>
        <duration>3226.0</duration>
        <type>0</type>
        <step>6</step>
      </extensions>
    </rtept>
    <rtept lat="24.633511" lon="120.778779">
      <name>西部濱海公路, 61</name>
      <desc>Turn left onto 西部濱海公路, 61</desc>
      <extensions>
        <distance>16130.4</distance>
        <duration>3226.0</duration>
        <type>0</type>
        <step>6</step>
      </extensions>
    </rtept>
    <rtept lat="24.632303" lon="120.777537">
      <name>西部濱海公路, 61</name>
      <desc>Turn left onto 西部濱海公路, 61</desc>
      <extensions>
        <distance>16130.4</distance>
        <duration>3226.0</duration>
        <type>0</type>
        <step>6</step>
      </extensions>
    </rtept>
    <rtept lat="24.631585" lon="120.776936">
      <name>西部濱海公路, 61</name>
      <desc>Turn left onto 西部濱海公路, 61</desc>
      <extensions>
        <distance>16130.4</distance>
        <duration>3226.0</duration>
        <type>0</type>
        <step>6</step>
      </extensions>
    </rtept>
    <rtept lat="24.630909" lon="120.776445">
      <name>西部濱海公路, 61</name>
      <desc>Turn left onto 西部濱海公路, 61</desc>
      <extensions>
        <distance>16130.4</distance>
        <duration>3226.0</duration>
        <type>0</type>
        <step>6</step>
      </extensions>
    </rtept>
    <rtept lat="24.630103" lon="120.77599">
      <name>西部濱海公路, 61</name>
      <desc>Turn left onto 西部濱海公路, 61</desc>
      <extensions>
        <distance>16130.4</distance>
        <duration>3226.0</duration>
        <type>0</type>
        <step>6</step>
      </extensions>
    </rtept>
    <rtept lat="24.629166" lon="120.775587">
      <name>西部濱海公路, 61</name>
      <desc>Turn left onto 西部濱海公路, 61</desc>
      <extensions>
        <distance>16130.4</distance>
        <duration>3226.0</duration>
        <type>0</type>
        <step>6</step>
      </extensions>
    </rtept>
    <rtept lat="24.627983" lon="120.77519">
      <name>西部濱海公路, 61</name>
      <desc>Turn left onto 西部濱海公路, 61</desc>
      <extensions>
        <distance>16130.4</distance>
        <duration>3226.0</duration>
        <type>0</type>
        <step>6</step>
      </extensions>
    </rtept>
    <rtept lat="24.627423" lon="120.774978">
      <name>西部濱海公路, 61</name>
      <desc>Turn left onto 西部濱海公路, 61</desc>
      <extensions>
        <distance>16130.4</distance>
        <duration>3226.0</duration>
        <type>0</type>
        <step>6</step>
      </extensions>
    </rtept>
    <rtept lat="24.627073" lon="120.774845">
      <name>西部濱海公路, 61</name>
      <desc>Turn left onto 西部濱海公路, 61</desc>
      <extensions>
        <distance>16130.4</distance>
        <duration>3226.0</duration>
        <type>0</type>
        <step>6</step>
      </extensions>
    </rtept>
    <rtept lat="24.62617" lon="120.7744">
      <name>西部濱海公路, 61</name>
      <desc>Turn left onto 西部濱海公路, 61</desc>
      <extensions>
        <distance>16130.4</distance>
        <duration>3226.0</duration>
        <type>0</type>
        <step>6</step>
      </extensions>
    </rtept>
    <rtept lat="24.625748" lon="120.774131">
      <name>西部濱海公路, 61</name>
      <desc>Turn left onto 西部濱海公路, 61</desc>
      <extensions>
        <distance>16130.4</distance>
        <duration>3226.0</duration>
        <type>0</type>
        <step>6</step>
      </extensions>
    </rtept>
    <rtept lat="24.625437" lon="120.773886">
      <name>西部濱海公路, 61</name>
      <desc>Turn left onto 西部濱海公路, 61</desc>
      <extensions>
        <distance>16130.4</distance>
        <duration>3226.0</duration>
        <type>0</type>
        <step>6</step>
      </extensions>
    </rtept>
    <rtept lat="24.625277" lon="120.773755">
      <name>西部濱海公路, 61</name>
      <desc>Turn left onto 西部濱海公路, 61</desc>
      <extensions>
        <distance>16130.4</distance>
        <duration>3226.0</duration>
        <type>0</type>
        <step>6</step>
      </extensions>
    </rtept>
    <rtept lat="24.625078" lon="120.773577">
      <name>西部濱海公路, 61</name>
      <desc>Turn left onto 西部濱海公路, 61</desc>
      <extensions>
        <distance>16130.4</distance>
        <duration>3226.0</duration>
        <type>0</type>
        <step>6</step>
      </extensions>
    </rtept>
    <rtept lat="24.624647" lon="120.773134">
      <name>西部濱海公路, 61</name>
      <desc>Turn left onto 西部濱海公路, 61</desc>
      <extensions>
        <distance>16130.4</distance>
        <duration>3226.0</duration>
        <type>0</type>
        <step>6</step>
      </extensions>
    </rtept>
    <rtept lat="24.624273" lon="120.772664">
      <name>西部濱海公路, 61</name>
      <desc>Turn left onto 西部濱海公路, 61</desc>
      <extensions>
        <distance>16130.4</distance>
        <duration>3226.0</duration>
        <type>0</type>
        <step>6</step>
      </extensions>
    </rtept>
    <rtept lat="24.623979" lon="120.772241">
      <name>西部濱海公路, 61</name>
      <desc>Turn left onto 西部濱海公路, 61</desc>
      <extensions>
        <distance>16130.4</distance>
        <duration>3226.0</duration>
        <type>0</type>
        <step>6</step>
      </extensions>
    </rtept>
    <rtept lat="24.62381" lon="120.771984">
      <name>西部濱海公路, 61</name>
      <desc>Turn left onto 西部濱海公路, 61</desc>
      <extensions>
        <distance>16130.4</distance>
        <duration>3226.0</duration>
        <type>0</type>
        <step>6</step>
      </extensions>
    </rtept>
    <rtept lat="24.622675" lon="120.770074">
      <name>西部濱海公路, 61</name>
      <desc>Turn left onto 西部濱海公路, 61</desc>
      <extensions>
        <distance>16130.4</distance>
        <duration>3226.0</duration>
        <type>0</type>
        <step>6</step>
      </extensions>
    </rtept>
    <rtept lat="24.622262" lon="120.769432">
      <name>西部濱海公路, 61</name>
      <desc>Turn left onto 西部濱海公路, 61</desc>
      <extensions>
        <distance>16130.4</distance>
        <duration>3226.0</duration>
        <type>0</type>
        <step>6</step>
      </extensions>
    </rtept>
    <rtept lat="24.621359" lon="120.768338">
      <name>西部濱海公路, 61</name>
      <desc>Turn left onto 西部濱海公路, 61</desc>
      <extensions>
        <distance>16130.4</distance>
        <duration>3226.0</duration>
        <type>0</type>
        <step>6</step>
      </extensions>
    </rtept>
    <rtept lat="24.620911" lon="120.767871">
      <name>西部濱海公路, 61</name>
      <desc>Turn left onto 西部濱海公路, 61</desc>
      <extensions>
        <distance>16130.4</distance>
        <duration>3226.0</duration>
        <type>0</type>
        <step>6</step>
      </extensions>
    </rtept>
    <rtept lat="24.620398" lon="120.767409">
      <name>西部濱海公路, 61</name>
      <desc>Turn left onto 西部濱海公路, 61</desc>
      <extensions>
        <distance>16130.4</distance>
        <duration>3226.0</duration>
        <type>0</type>
        <step>6</step>
      </extensions>
    </rtept>
    <rtept lat="24.620268" lon="120.767288">
      <name>西部濱海公路, 61</name>
      <desc>Turn left onto 西部濱海公路, 61</desc>
      <extensions>
        <distance>16130.4</distance>
        <duration>3226.0</duration>
        <type>0</type>
        <step>6</step>
      </extensions>
    </rtept>
    <rtept lat="24.619754" lon="120.766886">
      <name>西部濱海公路, 61</name>
      <desc>Turn left onto 西部濱海公路, 61</desc>
      <extensions>
        <distance>16130.4</distance>
        <duration>3226.0</duration>
        <type>0</type>
        <step>6</step>
      </extensions>
    </rtept>
    <rtept lat="24.618209" lon="120.765744">
      <name>西部濱海公路, 61</name>
      <desc>Turn left onto 西部濱海公路, 61</desc>
      <extensions>
        <distance>16130.4</distance>
        <duration>3226.0</duration>
        <type>0</type>
        <step>6</step>
      </extensions>
    </rtept>
    <rtept lat="24.612369" lon="120.761493">
      <name>西部濱海公路, 61</name>
      <desc>Turn left onto 西部濱海公路, 61</desc>
      <extensions>
        <distance>16130.4</distance>
        <duration>3226.0</duration>
        <type>0</type>
        <step>6</step>
      </extensions>
    </rtept>
    <rtept lat="24.612136" lon="120.761272">
      <name>西部濱海公路, 61</name>
      <desc>Turn left onto 西部濱海公路, 61</desc>
      <extensions>
        <distance>16130.4</distance>
        <duration>3226.0</duration>
        <type>0</type>
        <step>6</step>
      </extensions>
    </rtept>
    <rtept lat="24.611735" lon="120.760841">
      <name>西部濱海公路, 61</name>
      <desc>Turn left onto 西部濱海公路, 61</desc>
      <extensions>
        <distance>16130.4</distance>
        <duration>3226.0</duration>
        <type>0</type>
        <step>6</step>
      </extensions>
    </rtept>
    <rtept lat="24.611406" lon="120.760377">
      <name>西部濱海公路, 61</name>
      <desc>Turn left onto 西部濱海公路, 61</desc>
      <extensions>
        <distance>16130.4</distance>
        <duration>3226.0</duration>
        <type>0</type>
        <step>6</step>
      </extensions>
    </rtept>
    <rtept lat="24.611193" lon="120.759989">
      <name>西部濱海公路, 61</name>
      <desc>Turn left onto 西部濱海公路, 61</desc>
      <extensions>
        <distance>16130.4</distance>
        <duration>3226.0</duration>
        <type>0</type>
        <step>6</step>
      </extensions>
    </rtept>
    <rtept lat="24.610962" lon="120.759409">
      <name>西部濱海公路, 61</name>
      <desc>Turn left onto 西部濱海公路, 61</desc>
      <extensions>
        <distance>16130.4</distance>
        <duration>3226.0</duration>
        <type>0</type>
        <step>6</step>
      </extensions>
    </rtept>
    <rtept lat="24.610872" lon="120.759031">
      <name>西部濱海公路, 61</name>
      <desc>Turn left onto 西部濱海公路, 61</desc>
      <extensions>
        <distance>16130.4</distance>
        <duration>3226.0</duration>
        <type>0</type>
        <step>6</step>
      </extensions>
    </rtept>
    <rtept lat="24.610779" lon="120.758468">
      <name>西部濱海公路, 61</name>
      <desc>Turn left onto 西部濱海公路, 61</desc>
      <extensions>
        <distance>16130.4</distance>
        <duration>3226.0</duration>
        <type>0</type>
        <step>6</step>
      </extensions>
    </rtept>
    <rtept lat="24.610745" lon="120.757768">
      <name>西部濱海公路, 61</name>
      <desc>Turn left onto 西部濱海公路, 61</desc>
      <extensions>
        <distance>16130.4</distance>
        <duration>3226.0</duration>
        <type>0</type>
        <step>6</step>
      </extensions>
    </rtept>
    <rtept lat="24.610761" lon="120.757237">
      <name>西部濱海公路, 61</name>
      <desc>Turn left onto 西部濱海公路, 61</desc>
      <extensions>
        <distance>16130.4</distance>
        <duration>3226.0</duration>
        <type>0</type>
        <step>6</step>
      </extensions>
    </rtept>
    <rtept lat="24.610874" lon="120.75652">
      <name>西部濱海公路, 61</name>
      <desc>Turn left onto 西部濱海公路, 61</desc>
      <extensions>
        <distance>16130.4</distance>
        <duration>3226.0</duration>
        <type>0</type>
        <step>6</step>
      </extensions>
    </rtept>
    <rtept lat="24.610947" lon="120.756142">
      <name>西部濱海公路, 61</name>
      <desc>Turn left onto 西部濱海公路, 61</desc>
      <extensions>
        <distance>16130.4</distance>
        <duration>3226.0</duration>
        <type>0</type>
        <step>6</step>
      </extensions>
    </rtept>
    <rtept lat="24.610983" lon="120.755655">
      <name>西部濱海公路, 61</name>
      <desc>Turn left onto 西部濱海公路, 61</desc>
      <extensions>
        <distance>16130.4</distance>
        <duration>3226.0</duration>
        <type>0</type>
        <step>6</step>
      </extensions>
    </rtept>
    <rtept lat="24.610989" lon="120.755237">
      <name>西部濱海公路, 61</name>
      <desc>Turn left onto 西部濱海公路, 61</desc>
      <extensions>
        <distance>16130.4</distance>
        <duration>3226.0</duration>
        <type>0</type>
        <step>6</step>
      </extensions>
    </rtept>
    <rtept lat="24.610965" lon="120.754902">
      <name>西部濱海公路, 61</name>
      <desc>Turn left onto 西部濱海公路, 61</desc>
      <extensions>
        <distance>16130.4</distance>
        <duration>3226.0</duration>
        <type>0</type>
        <step>6</step>
      </extensions>
    </rtept>
    <rtept lat="24.610899" lon="120.754515">
      <name>西部濱海公路, 61</name>
      <desc>Turn left onto 西部濱海公路, 61</desc>
      <extensions>
        <distance>16130.4</distance>
        <duration>3226.0</duration>
        <type>0</type>
        <step>6</step>
      </extensions>
    </rtept>
    <rtept lat="24.610792" lon="120.754022">
      <name>西部濱海公路, 61</name>
      <desc>Turn left onto 西部濱海公路, 61</desc>
      <extensions>
        <distance>16130.4</distance>
        <duration>3226.0</duration>
        <type>0</type>
        <step>6</step>
      </extensions>
    </rtept>
    <rtept lat="24.610614" lon="120.753488">
      <name>西部濱海公路, 61</name>
      <desc>Turn left onto 西部濱海公路, 61</desc>
      <extensions>
        <distance>16130.4</distance>
        <duration>3226.0</duration>
        <type>0</type>
        <step>6</step>
      </extensions>
    </rtept>
    <rtept lat="24.610286" lon="120.752875">
      <name>西部濱海公路, 61</name>
      <desc>Turn left onto 西部濱海公路, 61</desc>
      <extensions>
        <distance>16130.4</distance>
        <duration>3226.0</duration>
        <type>0</type>
        <step>6</step>
      </extensions>
    </rtept>
    <rtept lat="24.607182" lon="120.748934">
      <name>西部濱海公路, 61</name>
      <desc>Turn left onto 西部濱海公路, 61</desc>
      <extensions>
        <distance>16130.4</distance>
        <duration>3226.0</duration>
        <type>0</type>
        <step>6</step>
      </extensions>
    </rtept>
    <rtept lat="24.606866" lon="120.74853">
      <name>西部濱海公路, 61</name>
      <desc>Turn left onto 西部濱海公路, 61</desc>
      <extensions>
        <distance>16130.4</distance>
        <duration>3226.0</duration>
        <type>0</type>
        <step>6</step>
      </extensions>
    </rtept>
    <rtept lat="24.604723" lon="120.745856">
      <name>西部濱海公路, 61</name>
      <desc>Turn left onto 西部濱海公路, 61</desc>
      <extensions>
        <distance>16130.4</distance>
        <duration>3226.0</duration>
        <type>0</type>
        <step>6</step>
      </extensions>
    </rtept>
    <rtept lat="24.604092" lon="120.745023">
      <name>西部濱海公路, 61</name>
      <desc>Turn left onto 西部濱海公路, 61</desc>
      <extensions>
        <distance>16130.4</distance>
        <duration>3226.0</duration>
        <type>0</type>
        <step>6</step>
      </extensions>
    </rtept>
    <rtept lat="24.603305" lon="120.744021">
      <name>西部濱海公路, 61</name>
      <desc>Turn left onto 西部濱海公路, 61</desc>
      <extensions>
        <distance>16130.4</distance>
        <duration>3226.0</duration>
        <type>0</type>
        <step>6</step>
      </extensions>
    </rtept>
    <rtept lat="24.602886" lon="120.743592">
      <name>西部濱海公路, 61</name>
      <desc>Turn left onto 西部濱海公路, 61</desc>
      <extensions>
        <distance>16130.4</distance>
        <duration>3226.0</duration>
        <type>0</type>
        <step>6</step>
      </extensions>
    </rtept>
    <rtept lat="24.602476" lon="120.743252">
      <name>西部濱海公路, 61</name>
      <desc>Turn left onto 西部濱海公路, 61</desc>
      <extensions>
        <distance>16130.4</distance>
        <duration>3226.0</duration>
        <type>0</type>
        <step>6</step>
      </extensions>
    </rtept>
    <rtept lat="24.602187" lon="120.743094">
      <name>苗33</name>
      <desc>Turn right onto 苗33</desc>
      <extensions>
        <distance>477.7</distance>
        <duration>95.5</duration>
        <type>1</type>
        <step>7</step>
      </extensions>
    </rtept>
    <rtept lat="24.602514" lon="120.742638">
      <name>苗33</name>
      <desc>Turn right onto 苗33</desc>
      <extensions>
        <distance>477.7</distance>
        <duration>95.5</duration>
        <type>1</type>
        <step>7</step>
      </extensions>
    </rtept>
    <rtept lat="24.602673" lon="120.742458">
      <name>苗33</name>
      <desc>Turn right onto 苗33</desc>
      <extensions>
        <distance>477.7</distance>
        <duration>95.5</duration>
        <type>1</type>
        <step>7</step>
      </extensions>
    </rtept>
    <rtept lat="24.602804" lon="120.742316">
      <name>苗33</name>
      <desc>Turn right onto 苗33</desc>
      <extensions>
        <distance>477.7</distance>
        <duration>95.5</duration>
        <type>1</type>
        <step>7</step>
      </extensions>
    </rtept>
    <rtept lat="24.603224" lon="120.741873">
      <name>苗33</name>
      <desc>Turn right onto 苗33</desc>
      <extensions>
        <distance>477.7</distance>
        <duration>95.5</duration>
        <type>1</type>
        <step>7</step>
      </extensions>
    </rtept>
    <rtept lat="24.603548" lon="120.74154">
      <name>苗33</name>
      <desc>Turn right onto 苗33</desc>
      <extensions>
        <distance>477.7</distance>
        <duration>95.5</duration>
        <type>1</type>
        <step>7</step>
      </extensions>
    </rtept>
    <rtept lat="24.60402" lon="120.741066">
      <name>苗33</name>
      <desc>Turn right onto 苗33</desc>
      <extensions>
        <distance>477.7</distance>
        <duration>95.5</duration>
        <type>1</type>
        <step>7</step>
      </extensions>
    </rtept>
    <rtept lat="24.604237" lon="120.740856">
      <name>苗33</name>
      <desc>Turn right onto 苗33</desc>
      <extensions>
        <distance>477.7</distance>
        <duration>95.5</duration>
        <type>1</type>
        <step>7</step>
      </extensions>
    </rtept>
    <rtept lat="24.604646" lon="120.740499">
      <name>苗33</name>
      <desc>Turn right onto 苗33</desc>
      <extensions>
        <distance>477.7</distance>
        <duration>95.5</duration>
        <type>1</type>
        <step>7</step>
      </extensions>
    </rtept>
    <rtept lat="24.604823" lon="120.740257">
      <name>苗33</name>
      <desc>Turn right onto 苗33</desc>
      <extensions>
        <distance>477.7</distance>
        <duration>95.5</duration>
        <type>1</type>
        <step>7</step>
      </extensions>
    </rtept>
    <rtept lat="24.604848" lon="120.740226">
      <name>苗33</name>
      <desc>Turn right onto 苗33</desc>
      <extensions>
        <distance>477.7</distance>
        <duration>95.5</duration>
        <type>1</type>
        <step>7</step>
      </extensions>
    </rtept>
    <rtept lat="24.605041" lon="120.739847">
      <name>苗33</name>
      <desc>Turn right onto 苗33</desc>
      <extensions>
        <distance>477.7</distance>
        <duration>95.5</duration>
        <type>1</type>
        <step>7</step>
      </extensions>
    </rtept>
    <rtept lat="24.605103" lon="120.739796">
      <name>苗33</name>
      <desc>Turn right onto 苗33</desc>
      <extensions>
        <distance>477.7</distance>
        <duration>95.5</duration>
        <type>1</type>
        <step>7</step>
      </extensions>
    </rtept>
    <rtept lat="24.605191" lon="120.739789">
      <name>苗33</name>
      <desc>Turn left onto 苗33</desc>
      <extensions>
        <distance>1247.2</distance>
        <duration>249.4</duration>
        <type>0</type>
        <step>8</step>
      </extensions>
    </rtept>
    <rtept lat="24.605255" lon="120.73966">
      <name>苗33</name>
      <desc>Turn left onto 苗33</desc>
      <extensions>
        <distance>1247.2</distance>
        <duration>249.4</duration>
        <type>0</type>
        <step>8</step>
      </extensions>
    </rtept>
    <rtept lat="24.605277" lon="120.73951">
      <name>苗33</name>
      <desc>Turn left onto 苗33</desc>
      <extensions>
        <distance>1247.2</distance>
        <duration>249.4</duration>
        <type>0</type>
        <step>8</step>
      </extensions>
    </rtept>
    <rtept lat="24.605277" lon="120.739424">
      <name>苗33</name>
      <desc>Turn left onto 苗33</desc>
      <extensions>
        <distance>1247.2</distance>
        <duration>249.4</duration>
        <type>0</type>
        <step>8</step>
      </extensions>
    </rtept>
    <rtept lat="24.605255" lon="120.739317">
      <name>苗33</name>
      <desc>Turn left onto 苗33</desc>
      <extensions>
        <distance>1247.2</distance>
        <duration>249.4</duration>
        <type>0</type>
        <step>8</step>
      </extensions>
    </rtept>
    <rtept lat="24.605148" lon="120.739188">
      <name>苗33</name>
      <desc>Turn left onto 苗33</desc>
      <extensions>
        <distance>1247.2</distance>
        <duration>249.4</duration>
        <type>0</type>
        <step>8</step>
      </extensions>
    </rtept>
    <rtept lat="24.604826" lon="120.738909">
      <name>苗33</name>
      <desc>Turn left onto 苗33</desc>
      <extensions>
        <distance>1247.2</distance>
        <duration>249.4</duration>
        <type>0</type>
        <step>8</step>
      </extensions>
    </rtept>
    <rtept lat="24.604697" lon="120.738866">
      <name>苗33</name>
      <desc>Turn left onto 苗33</desc>
      <extensions>
        <distance>1247.2</distance>
        <duration>249.4</duration>
        <type>0</type>
        <step>8</step>
      </extensions>
    </rtept>
    <rtept lat="24.604461" lon="120.738823">
      <name>苗33</name>
      <desc>Turn left onto 苗33</desc>
      <extensions>
        <distance>1247.2</distance>
        <duration>249.4</duration>
        <type>0</type>
        <step>8</step>
      </extensions>
    </rtept>
    <rtept lat="24.60417" lon="120.738619">
      <name>苗33</name>
      <desc>Turn left onto 苗33</desc>
      <extensions>
        <distance>1247.2</distance>
        <duration>249.4</duration>
        <type>0</type>
        <step>8</step>
      </extensions>
    </rtept>
    <rtept lat="24.603777" lon="120.738356">
      <name>苗33</name>
      <desc>Turn left onto 苗33</desc>
      <extensions>
        <distance>1247.2</distance>
        <duration>249.4</duration>
        <type>0</type>
        <step>8</step>
      </extensions>
    </rtept>
    <rtept lat="24.603422" lon="120.738067">
      <name>苗33</name>
      <desc>Turn left onto 苗33</desc>
      <extensions>
        <distance>1247.2</distance>
        <duration>249.4</duration>
        <type>0</type>
        <step>8</step>
      </extensions>
    </rtept>
    <rtept lat="24.603365" lon="120.737966">
      <name>苗33</name>
      <desc>Turn left onto 苗33</desc>
      <extensions>
        <distance>1247.2</distance>
        <duration>249.4</duration>
        <type>0</type>
        <step>8</step>
      </extensions>
    </rtept>
    <rtept lat="24.603331" lon="120.737354">
      <name>苗33</name>
      <desc>Turn left onto 苗33</desc>
      <extensions>
        <distance>1247.2</distance>
        <duration>249.4</duration>
        <type>0</type>
        <step>8</step>
      </extensions>
    </rtept>
    <rtept lat="24.603296" lon="120.737264">
      <name>苗33</name>
      <desc>Turn left onto 苗33</desc>
      <extensions>
        <distance>1247.2</distance>
        <duration>249.4</duration>
        <type>0</type>
        <step>8</step>
      </extensions>
    </rtept>
    <rtept lat="24.603217" lon="120.737143">
      <name>苗33</name>
      <desc>Turn left onto 苗33</desc>
      <extensions>
        <distance>1247.2</distance>
        <duration>249.4</duration>
        <type>0</type>
        <step>8</step>
      </extensions>
    </rtept>
    <rtept lat="24.602917" lon="120.736839">
      <name>苗33</name>
      <desc>Turn left onto 苗33</desc>
      <extensions>
        <distance>1247.2</distance>
        <duration>249.4</duration>
        <type>0</type>
        <step>8</step>
      </extensions>
    </rtept>
    <rtept lat="24.602614" lon="120.736584">
      <name>苗33</name>
      <desc>Turn left onto 苗33</desc>
      <extensions>
        <distance>1247.2</distance>
        <duration>249.4</duration>
        <type>0</type>
        <step>8</step>
      </extensions>
    </rtept>
    <rtept lat="24.601672" lon="120.735919">
      <name>苗33</name>
      <desc>Turn left onto 苗33</desc>
      <extensions>
        <distance>1247.2</distance>
        <duration>249.4</duration>
        <type>0</type>
        <step>8</step>
      </extensions>
    </rtept>
    <rtept lat="24.601238" lon="120.735685">
      <name>苗33</name>
      <desc>Turn left onto 苗33</desc>
      <extensions>
        <distance>1247.2</distance>
        <duration>249.4</duration>
        <type>0</type>
        <step>8</step>
      </extensions>
    </rtept>
    <rtept lat="24.600645" lon="120.735166">
      <name>苗33</name>
      <desc>Turn left onto 苗33</desc>
      <extensions>
        <distance>1247.2</distance>
        <duration>249.4</duration>
        <type>0</type>
        <step>8</step>
      </extensions>
    </rtept>
    <rtept lat="24.600376" lon="120.734952">
      <name>苗33</name>
      <desc>Turn left onto 苗33</desc>
      <extensions>
        <distance>1247.2</distance>
        <duration>249.4</duration>
        <type>0</type>
        <step>8</step>
      </extensions>
    </rtept>
    <rtept lat="24.599613" lon="120.734463">
      <name>苗33</name>
      <desc>Turn left onto 苗33</desc>
      <extensions>
        <distance>1247.2</distance>
        <duration>249.4</duration>
        <type>0</type>
        <step>8</step>
      </extensions>
    </rtept>
    <rtept lat="24.599479" lon="120.734398">
      <name>苗33</name>
      <desc>Turn left onto 苗33</desc>
      <extensions>
        <distance>1247.2</distance>
        <duration>249.4</duration>
        <type>0</type>
        <step>8</step>
      </extensions>
    </rtept>
    <rtept lat="24.59929" lon="120.734253">
      <name>苗33</name>
      <desc>Turn left onto 苗33</desc>
      <extensions>
        <distance>1247.2</distance>
        <duration>249.4</duration>
        <type>0</type>
        <step>8</step>
      </extensions>
    </rtept>
    <rtept lat="24.599196" lon="120.734124">
      <name>苗33</name>
      <desc>Turn left onto 苗33</desc>
      <extensions>
        <distance>1247.2</distance>
        <duration>249.4</duration>
        <type>0</type>
        <step>8</step>
      </extensions>
    </rtept>
    <rtept lat="24.599075" lon="120.73391">
      <name>苗33</name>
      <desc>Turn left onto 苗33</desc>
      <extensions>
        <distance>1247.2</distance>
        <duration>249.4</duration>
        <type>0</type>
        <step>8</step>
      </extensions>
    </rtept>
    <rtept lat="24.598959" lon="120.733657">
      <name>苗33</name>
      <desc>Turn left onto 苗33</desc>
      <extensions>
        <distance>1247.2</distance>
        <duration>249.4</duration>
        <type>0</type>
        <step>8</step>
      </extensions>
    </rtept>
    <rtept lat="24.598914" lon="120.733517">
      <name>苗33</name>
      <desc>Turn left onto 苗33</desc>
      <extensions>
        <distance>1247.2</distance>
        <duration>249.4</duration>
        <type>0</type>
        <step>8</step>
      </extensions>
    </rtept>
    <rtept lat="24.598881" lon="120.733263">
      <name>苗33</name>
      <desc>Turn left onto 苗33</desc>
      <extensions>
        <distance>1247.2</distance>
        <duration>249.4</duration>
        <type>0</type>
        <step>8</step>
      </extensions>
    </rtept>
    <rtept lat="24.598847" lon="120.733166">
      <name>苗33</name>
      <desc>Turn left onto 苗33</desc>
      <extensions>
        <distance>1247.2</distance>
        <duration>249.4</duration>
        <type>0</type>
        <step>8</step>
      </extensions>
    </rtept>
    <rtept lat="24.598595" lon="120.732747">
      <name>苗33</name>
      <desc>Turn left onto 苗33</desc>
      <extensions>
        <distance>1247.2</distance>
        <duration>249.4</duration>
        <type>0</type>
        <step>8</step>
      </extensions>
    </rtept>
    <rtept lat="24.598564" lon="120.732656">
      <name>苗33</name>
      <desc>Turn left onto 苗33</desc>
      <extensions>
        <distance>1247.2</distance>
        <duration>249.4</duration>
        <type>0</type>
        <step>8</step>
      </extensions>
    </rtept>
    <rtept lat="24.598551" lon="120.732564">
      <name>苗33</name>
      <desc>Turn left onto 苗33</desc>
      <extensions>
        <distance>1247.2</distance>
        <duration>249.4</duration>
        <type>0</type>
        <step>8</step>
      </extensions>
    </rtept>
    <rtept lat="24.598554" lon="120.732426">
      <name>苗33</name>
      <desc>Turn left onto 苗33</desc>
      <extensions>
        <distance>1247.2</distance>
        <duration>249.4</duration>
        <type>0</type>
        <step>8</step>
      </extensions>
    </rtept>
    <rtept lat="24.598576" lon="120.732311">
      <name>苗33</name>
      <desc>Turn left onto 苗33</desc>
      <extensions>
        <distance>1247.2</distance>
        <duration>249.4</duration>
        <type>0</type>
        <step>8</step>
      </extensions>
    </rtept>
    <rtept lat="24.598673" lon="120.732139">
      <name>苗33</name>
      <desc>Turn left onto 苗33</desc>
      <extensions>
        <distance>1247.2</distance>
        <duration>249.4</duration>
        <type>0</type>
        <step>8</step>
      </extensions>
    </rtept>
    <rtept lat="24.598728" lon="120.731997">
      <name>苗33</name>
      <desc>Turn left onto 苗33</desc>
      <extensions>
        <distance>1247.2</distance>
        <duration>249.4</duration>
        <type>0</type>
        <step>8</step>
      </extensions>
    </rtept>
    <rtept lat="24.598725" lon="120.731929">
      <name>苗33</name>
      <desc>Turn left onto 苗33</desc>
      <extensions>
        <distance>1247.2</distance>
        <duration>249.4</duration>
        <type>0</type>
        <step>8</step>
      </extensions>
    </rtept>
    <rtept lat="24.598695" lon="120.731841">
      <name>苗33</name>
      <desc>Turn left onto 苗33</desc>
      <extensions>
        <distance>1247.2</distance>
        <duration>249.4</duration>
        <type>0</type>
        <step>8</step>
      </extensions>
    </rtept>
    <rtept lat="24.598587" lon="120.731705">
      <name>苗33</name>
      <desc>Turn left onto 苗33</desc>
      <extensions>
        <distance>1247.2</distance>
        <duration>249.4</duration>
        <type>0</type>
        <step>8</step>
      </extensions>
    </rtept>
    <rtept lat="24.598459" lon="120.731505">
      <name>苗33</name>
      <desc>Turn left onto 苗33</desc>
      <extensions>
        <distance>1247.2</distance>
        <duration>249.4</duration>
        <type>0</type>
        <step>8</step>
      </extensions>
    </rtept>
    <rtept lat="24.598414" lon="120.731377">
      <name/>
      <desc>Turn sharp right</desc>
      <extensions>
        <distance>274.5</distance>
        <duration>70.6</duration>
        <type>3</type>
        <step>9</step>
      </extensions>
    </rtept>
    <rtept lat="24.598551" lon="120.731408">
      <name/>
      <desc>Turn sharp right</desc>
      <extensions>
        <distance>274.5</distance>
        <duration>70.6</duration>
        <type>3</type>
        <step>9</step>
      </extensions>
    </rtept>
    <rtept lat="24.598674" lon="120.731488">
      <name/>
      <desc>Turn sharp right</desc>
      <extensions>
        <distance>274.5</distance>
        <duration>70.6</duration>
        <type>3</type>
        <step>9</step>
      </extensions>
    </rtept>
    <rtept lat="24.598985" lon="120.731646">
      <name/>
      <desc>Turn sharp right</desc>
      <extensions>
        <distance>274.5</distance>
        <duration>70.6</duration>
        <type>3</type>
        <step>9</step>
      </extensions>
    </rtept>
    <rtept lat="24.599151" lon="120.731771">
      <name/>
      <desc>Turn sharp right</desc>
      <extensions>
        <distance>274.5</distance>
        <duration>70.6</duration>
        <type>3</type>
        <step>9</step>
      </extensions>
    </rtept>
    <rtept lat="24.599246" lon="120.731815">
      <name/>
      <desc>Turn sharp right</desc>
      <extensions>
        <distance>274.5</distance>
        <duration>70.6</duration>
        <type>3</type>
        <step>9</step>
      </extensions>
    </rtept>
    <rtept lat="24.599357" lon="120.73181">
      <name/>
      <desc>Turn sharp right</desc>
      <extensions>
        <distance>274.5</distance>
        <duration>70.6</duration>
        <type>3</type>
        <step>9</step>
      </extensions>
    </rtept>
    <rtept lat="24.599656" lon="120.731778">
      <name/>
      <desc>Turn sharp right</desc>
      <extensions>
        <distance>274.5</distance>
        <duration>70.6</duration>
        <type>3</type>
        <step>9</step>
      </extensions>
    </rtept>
    <rtept lat="24.599894" lon="120.731748">
      <name/>
      <desc>Turn sharp right</desc>
      <extensions>
        <distance>274.5</distance>
        <duration>70.6</duration>
        <type>3</type>
        <step>9</step>
      </extensions>
    </rtept>
    <rtept lat="24.600083" lon="120.731717">
      <name/>
      <desc>Turn sharp right</desc>
      <extensions>
        <distance>274.5</distance>
        <duration>70.6</duration>
        <type>3</type>
        <step>9</step>
      </extensions>
    </rtept>
    <rtept lat="24.600352" lon="120.731661">
      <name/>
      <desc>Turn sharp right</desc>
      <extensions>
        <distance>274.5</distance>
        <duration>70.6</duration>
        <type>3</type>
        <step>9</step>
      </extensions>
    </rtept>
    <rtept lat="24.600446" lon="120.731637">
      <name/>
      <desc>Turn sharp right</desc>
      <extensions>
        <distance>274.5</distance>
        <duration>70.6</duration>
        <type>3</type>
        <step>9</step>
      </extensions>
    </rtept>
    <rtept lat="24.600764" lon="120.731557">
      <name/>
      <desc>Keep right</desc>
      <extensions>
        <distance>105.3</distance>
        <duration>63.2</duration>
        <type>13</type>
        <step>10</step>
      </extensions>
    </rtept>
    <rtept lat="24.601176" lon="120.731418">
      <name/>
      <desc>Keep right</desc>
      <extensions>
        <distance>105.3</distance>
        <duration>63.2</duration>
        <type>13</type>
        <step>10</step>
      </extensions>
    </rtept>
    <rtept lat="24.601376" lon="120.731275">
      <name/>
      <desc>Keep right</desc>
      <extensions>
        <distance>105.3</distance>
        <duration>63.2</duration>
        <type>13</type>
        <step>10</step>
      </extensions>
    </rtept>
    <rtept lat="24.60152" lon="120.731138">
      <name/>
      <desc>Keep right</desc>
      <extensions>
        <distance>105.3</distance>
        <duration>63.2</duration>
        <type>13</type>
        <step>10</step>
      </extensions>
    </rtept>
    <rtept lat="24.601596" lon="120.73109">
      <name/>
      <desc>Keep right</desc>
      <extensions>
        <distance>44.8</distance>
        <duration>26.9</duration>
        <type>13</type>
        <step>11</step>
      </extensions>
    </rtept>
    <rtept lat="24.601775" lon="120.731137">
      <name/>
      <desc>Keep right</desc>
      <extensions>
        <distance>44.8</distance>
        <duration>26.9</duration>
        <type>13</type>
        <step>11</step>
      </extensions>
    </rtept>
    <rtept lat="24.601961" lon="120.73113">
      <name/>
      <desc>Keep right</desc>
      <extensions>
        <distance>44.8</distance>
        <duration>26.9</duration>
        <type>13</type>
        <step>11</step>
      </extensions>
    </rtept>
    <rtept lat="24.601985" lon="120.731137">
      <name/>
      <desc>Arrive at your destination, on the left</desc>
      <extensions>
        <distance>0.0</distance>
        <duration>0.0</duration>
        <type>10</type>
        <step>12</step>
      </extensions>
    </rtept>
    <rtept lat="24.601985" lon="120.731137">
      <name/>
      <desc>Head south</desc>
      <extensions>
        <distance>44.8</distance>
        <duration>26.9</duration>
        <type>11</type>
        <step>13</step>
      </extensions>
    </rtept>
    <rtept lat="24.601961" lon="120.73113">
      <name/>
      <desc>Head south</desc>
      <extensions>
        <distance>44.8</distance>
        <duration>26.9</duration>
        <type>11</type>
        <step>13</step>
      </extensions>
    </rtept>
    <rtept lat="24.601775" lon="120.731137">
      <name/>
      <desc>Head south</desc>
      <extensions>
        <distance>44.8</distance>
        <duration>26.9</duration>
        <type>11</type>
        <step>13</step>
      </extensions>
    </rtept>
    <rtept lat="24.601596" lon="120.73109">
      <name/>
      <desc>Turn slight left</desc>
      <extensions>
        <distance>105.3</distance>
        <duration>63.2</duration>
        <type>4</type>
        <step>14</step>
      </extensions>
    </rtept>
    <rtept lat="24.60152" lon="120.731138">
      <name/>
      <desc>Turn slight left</desc>
      <extensions>
        <distance>105.3</distance>
        <duration>63.2</duration>
        <type>4</type>
        <step>14</step>
      </extensions>
    </rtept>
    <rtept lat="24.601376" lon="120.731275">
      <name/>
      <desc>Turn slight left</desc>
      <extensions>
        <distance>105.3</distance>
        <duration>63.2</duration>
        <type>4</type>
        <step>14</step>
      </extensions>
    </rtept>
    <rtept lat="24.601176" lon="120.731418">
      <name/>
      <desc>Turn slight left</desc>
      <extensions>
        <distance>105.3</distance>
        <duration>63.2</duration>
        <type>4</type>
        <step>14</step>
      </extensions>
    </rtept>
    <rtept lat="24.600764" lon="120.731557">
      <name/>
      <desc>Continue straight</desc>
      <extensions>
        <distance>274.5</distance>
        <duration>70.6</duration>
        <type>6</type>
        <step>15</step>
      </extensions>
    </rtept>
    <rtept lat="24.600446" lon="120.731637">
      <name/>
      <desc>Continue straight</desc>
      <extensions>
        <distance>274.5</distance>
        <duration>70.6</duration>
        <type>6</type>
        <step>15</step>
      </extensions>
    </rtept>
    <rtept lat="24.600352" lon="120.731661">
      <name/>
      <desc>Continue straight</desc>
      <extensions>
        <distance>274.5</distance>
        <duration>70.6</duration>
        <type>6</type>
        <step>15</step>
      </extensions>
    </rtept>
    <rtept lat="24.600083" lon="120.731717">
      <name/>
      <desc>Continue straight</desc>
      <extensions>
        <distance>274.5</distance>
        <duration>70.6</duration>
        <type>6</type>
        <step>15</step>
      </extensions>
    </rtept>
    <rtept lat="24.599894" lon="120.731748">
      <name/>
      <desc>Continue straight</desc>
      <extensions>
        <distance>274.5</distance>
        <duration>70.6</duration>
        <type>6</type>
        <step>15</step>
      </extensions>
    </rtept>
    <rtept lat="24.599656" lon="120.731778">
      <name/>
      <desc>Continue straight</desc>
      <extensions>
        <distance>274.5</distance>
        <duration>70.6</duration>
        <type>6</type>
        <step>15</step>
      </extensions>
    </rtept>
    <rtept lat="24.599357" lon="120.73181">
      <name/>
      <desc>Continue straight</desc>
      <extensions>
        <distance>274.5</distance>
        <duration>70.6</duration>
        <type>6</type>
        <step>15</step>
      </extensions>
    </rtept>
    <rtept lat="24.599246" lon="120.731815">
      <name/>
      <desc>Continue straight</desc>
      <extensions>
        <distance>274.5</distance>
        <duration>70.6</duration>
        <type>6</type>
        <step>15</step>
      </extensions>
    </rtept>
    <rtept lat="24.599151" lon="120.731771">
      <name/>
      <desc>Continue straight</desc>
      <extensions>
        <distance>274.5</distance>
        <duration>70.6</duration>
        <type>6</type>
        <step>15</step>
      </extensions>
    </rtept>
    <rtept lat="24.598985" lon="120.731646">
      <name/>
      <desc>Continue straight</desc>
      <extensions>
        <distance>274.5</distance>
        <duration>70.6</duration>
        <type>6</type>
        <step>15</step>
      </extensions>
    </rtept>
    <rtept lat="24.598674" lon="120.731488">
      <name/>
      <desc>Continue straight</desc>
      <extensions>
        <distance>274.5</distance>
        <duration>70.6</duration>
        <type>6</type>
        <step>15</step>
      </extensions>
    </rtept>
    <rtept lat="24.598551" lon="120.731408">
      <name/>
      <desc>Continue straight</desc>
      <extensions>
        <distance>274.5</distance>
        <duration>70.6</duration>
        <type>6</type>
        <step>15</step>
      </extensions>
    </rtept>
    <rtept lat="24.598414" lon="120.731377">
      <name>苗33</name>
      <desc>Continue straight onto 苗33</desc>
      <extensions>
        <distance>1390.5</distance>
        <duration>278.1</duration>
        <type>6</type>
        <step>16</step>
      </extensions>
    </rtept>
    <rtept lat="24.59799" lon="120.731242">
      <name>苗33</name>
      <desc>Continue straight onto 苗33</desc>
      <extensions>
        <distance>1390.5</distance>
        <duration>278.1</duration>
        <type>6</type>
        <step>16</step>
      </extensions>
    </rtept>
    <rtept lat="24.597801" lon="120.731178">
      <name>苗33</name>
      <desc>Continue straight onto 苗33</desc>
      <extensions>
        <distance>1390.5</distance>
        <duration>278.1</duration>
        <type>6</type>
        <step>16</step>
      </extensions>
    </rtept>
    <rtept lat="24.597668" lon="120.731112">
      <name>苗33</name>
      <desc>Continue straight onto 苗33</desc>
      <extensions>
        <distance>1390.5</distance>
        <duration>278.1</duration>
        <type>6</type>
        <step>16</step>
      </extensions>
    </rtept>
    <rtept lat="24.597559" lon="120.731025">
      <name>苗33</name>
      <desc>Continue straight onto 苗33</desc>
      <extensions>
        <distance>1390.5</distance>
        <duration>278.1</duration>
        <type>6</type>
        <step>16</step>
      </extensions>
    </rtept>
    <rtept lat="24.597453" lon="120.730857">
      <name>苗33</name>
      <desc>Continue straight onto 苗33</desc>
      <extensions>
        <distance>1390.5</distance>
        <duration>278.1</duration>
        <type>6</type>
        <step>16</step>
      </extensions>
    </rtept>
    <rtept lat="24.597387" lon="120.730691">
      <name>苗33</name>
      <desc>Continue straight onto 苗33</desc>
      <extensions>
        <distance>1390.5</distance>
        <duration>278.1</duration>
        <type>6</type>
        <step>16</step>
      </extensions>
    </rtept>
    <rtept lat="24.597349" lon="120.730493">
      <name>苗33</name>
      <desc>Continue straight onto 苗33</desc>
      <extensions>
        <distance>1390.5</distance>
        <duration>278.1</duration>
        <type>6</type>
        <step>16</step>
      </extensions>
    </rtept>
    <rtept lat="24.597297" lon="120.730393">
      <name>苗33</name>
      <desc>Continue straight onto 苗33</desc>
      <extensions>
        <distance>1390.5</distance>
        <duration>278.1</duration>
        <type>6</type>
        <step>16</step>
      </extensions>
    </rtept>
    <rtept lat="24.597249" lon="120.730326">
      <name>苗33</name>
      <desc>Continue straight onto 苗33</desc>
      <extensions>
        <distance>1390.5</distance>
        <duration>278.1</duration>
        <type>6</type>
        <step>16</step>
      </extensions>
    </rtept>
    <rtept lat="24.59719" lon="120.730291">
      <name>苗33</name>
      <desc>Continue straight onto 苗33</desc>
      <extensions>
        <distance>1390.5</distance>
        <duration>278.1</duration>
        <type>6</type>
        <step>16</step>
      </extensions>
    </rtept>
    <rtept lat="24.596986" lon="120.730219">
      <name>苗33</name>
      <desc>Continue straight onto 苗33</desc>
      <extensions>
        <distance>1390.5</distance>
        <duration>278.1</duration>
        <type>6</type>
        <step>16</step>
      </extensions>
    </rtept>
    <rtept lat="24.596768" lon="120.730163">
      <name>苗33</name>
      <desc>Continue straight onto 苗33</desc>
      <extensions>
        <distance>1390.5</distance>
        <duration>278.1</duration>
        <type>6</type>
        <step>16</step>
      </extensions>
    </rtept>
    <rtept lat="24.596531" lon="120.730054">
      <name>苗33</name>
      <desc>Continue straight onto 苗33</desc>
      <extensions>
        <distance>1390.5</distance>
        <duration>278.1</duration>
        <type>6</type>
        <step>16</step>
      </extensions>
    </rtept>
    <rtept lat="24.59642" lon="120.729974">
      <name>苗33</name>
      <desc>Continue straight onto 苗33</desc>
      <extensions>
        <distance>1390.5</distance>
        <duration>278.1</duration>
        <type>6</type>
        <step>16</step>
      </extensions>
    </rtept>
    <rtept lat="24.59628" lon="120.729908">
      <name>苗33</name>
      <desc>Continue straight onto 苗33</desc>
      <extensions>
        <distance>1390.5</distance>
        <duration>278.1</duration>
        <type>6</type>
        <step>16</step>
      </extensions>
    </rtept>
    <rtept lat="24.59617" lon="120.729876">
      <name>苗33</name>
      <desc>Continue straight onto 苗33</desc>
      <extensions>
        <distance>1390.5</distance>
        <duration>278.1</duration>
        <type>6</type>
        <step>16</step>
      </extensions>
    </rtept>
    <rtept lat="24.596089" lon="120.729916">
      <name>苗33</name>
      <desc>Continue straight onto 苗33</desc>
      <extensions>
        <distance>1390.5</distance>
        <duration>278.1</duration>
        <type>6</type>
        <step>16</step>
      </extensions>
    </rtept>
    <rtept lat="24.595873" lon="120.730107">
      <name>苗33</name>
      <desc>Continue straight onto 苗33</desc>
      <extensions>
        <distance>1390.5</distance>
        <duration>278.1</duration>
        <type>6</type>
        <step>16</step>
      </extensions>
    </rtept>
    <rtept lat="24.595802" lon="120.730171">
      <name>苗33</name>
      <desc>Continue straight onto 苗33</desc>
      <extensions>
        <distance>1390.5</distance>
        <duration>278.1</duration>
        <type>6</type>
        <step>16</step>
      </extensions>
    </rtept>
    <rtept lat="24.595716" lon="120.7302">
      <name>苗33</name>
      <desc>Continue straight onto 苗33</desc>
      <extensions>
        <distance>1390.5</distance>
        <duration>278.1</duration>
        <type>6</type>
        <step>16</step>
      </extensions>
    </rtept>
    <rtept lat="24.595449" lon="120.730218">
      <name>苗33</name>
      <desc>Continue straight onto 苗33</desc>
      <extensions>
        <distance>1390.5</distance>
        <duration>278.1</duration>
        <type>6</type>
        <step>16</step>
      </extensions>
    </rtept>
    <rtept lat="24.59528" lon="120.730313">
      <name>苗33</name>
      <desc>Continue straight onto 苗33</desc>
      <extensions>
        <distance>1390.5</distance>
        <duration>278.1</duration>
        <type>6</type>
        <step>16</step>
      </extensions>
    </rtept>
    <rtept lat="24.595217" lon="120.730334">
      <name>苗33</name>
      <desc>Continue straight onto 苗33</desc>
      <extensions>
        <distance>1390.5</distance>
        <duration>278.1</duration>
        <type>6</type>
        <step>16</step>
      </extensions>
    </rtept>
    <rtept lat="24.59508" lon="120.730348">
      <name>苗33</name>
      <desc>Continue straight onto 苗33</desc>
      <extensions>
        <distance>1390.5</distance>
        <duration>278.1</duration>
        <type>6</type>
        <step>16</step>
      </extensions>
    </rtept>
    <rtept lat="24.594897" lon="120.730353">
      <name>苗33</name>
      <desc>Continue straight onto 苗33</desc>
      <extensions>
        <distance>1390.5</distance>
        <duration>278.1</duration>
        <type>6</type>
        <step>16</step>
      </extensions>
    </rtept>
    <rtept lat="24.594707" lon="120.730277">
      <name>苗33</name>
      <desc>Continue straight onto 苗33</desc>
      <extensions>
        <distance>1390.5</distance>
        <duration>278.1</duration>
        <type>6</type>
        <step>16</step>
      </extensions>
    </rtept>
    <rtept lat="24.594433" lon="120.730161">
      <name>苗33</name>
      <desc>Continue straight onto 苗33</desc>
      <extensions>
        <distance>1390.5</distance>
        <duration>278.1</duration>
        <type>6</type>
        <step>16</step>
      </extensions>
    </rtept>
    <rtept lat="24.594232" lon="120.730006">
      <name>苗33</name>
      <desc>Continue straight onto 苗33</desc>
      <extensions>
        <distance>1390.5</distance>
        <duration>278.1</duration>
        <type>6</type>
        <step>16</step>
      </extensions>
    </rtept>
    <rtept lat="24.593769" lon="120.729599">
      <name>苗33</name>
      <desc>Continue straight onto 苗33</desc>
      <extensions>
        <distance>1390.5</distance>
        <duration>278.1</duration>
        <type>6</type>
        <step>16</step>
      </extensions>
    </rtept>
    <rtept lat="24.593496" lon="120.729382">
      <name>苗33</name>
      <desc>Continue straight onto 苗33</desc>
      <extensions>
        <distance>1390.5</distance>
        <duration>278.1</duration>
        <type>6</type>
        <step>16</step>
      </extensions>
    </rtept>
    <rtept lat="24.593153" lon="120.729146">
      <name>苗33</name>
      <desc>Continue straight onto 苗33</desc>
      <extensions>
        <distance>1390.5</distance>
        <duration>278.1</duration>
        <type>6</type>
        <step>16</step>
      </extensions>
    </rtept>
    <rtept lat="24.592617" lon="120.728738">
      <name>苗33</name>
      <desc>Continue straight onto 苗33</desc>
      <extensions>
        <distance>1390.5</distance>
        <duration>278.1</duration>
        <type>6</type>
        <step>16</step>
      </extensions>
    </rtept>
    <rtept lat="24.592402" lon="120.728674">
      <name>苗33</name>
      <desc>Continue straight onto 苗33</desc>
      <extensions>
        <distance>1390.5</distance>
        <duration>278.1</duration>
        <type>6</type>
        <step>16</step>
      </extensions>
    </rtept>
    <rtept lat="24.592102" lon="120.728653">
      <name>苗33</name>
      <desc>Continue straight onto 苗33</desc>
      <extensions>
        <distance>1390.5</distance>
        <duration>278.1</duration>
        <type>6</type>
        <step>16</step>
      </extensions>
    </rtept>
    <rtept lat="24.591844" lon="120.728703">
      <name>苗33</name>
      <desc>Continue straight onto 苗33</desc>
      <extensions>
        <distance>1390.5</distance>
        <duration>278.1</duration>
        <type>6</type>
        <step>16</step>
      </extensions>
    </rtept>
    <rtept lat="24.591308" lon="120.728867">
      <name>苗33</name>
      <desc>Continue straight onto 苗33</desc>
      <extensions>
        <distance>1390.5</distance>
        <duration>278.1</duration>
        <type>6</type>
        <step>16</step>
      </extensions>
    </rtept>
    <rtept lat="24.591127" lon="120.728902">
      <name>苗33</name>
      <desc>Continue straight onto 苗33</desc>
      <extensions>
        <distance>1390.5</distance>
        <duration>278.1</duration>
        <type>6</type>
        <step>16</step>
      </extensions>
    </rtept>
    <rtept lat="24.590306" lon="120.729168">
      <name>苗33</name>
      <desc>Continue straight onto 苗33</desc>
      <extensions>
        <distance>1390.5</distance>
        <duration>278.1</duration>
        <type>6</type>
        <step>16</step>
      </extensions>
    </rtept>
    <rtept lat="24.590009" lon="120.729327">
      <name>苗33</name>
      <desc>Continue straight onto 苗33</desc>
      <extensions>
        <distance>1390.5</distance>
        <duration>278.1</duration>
        <type>6</type>
        <step>16</step>
      </extensions>
    </rtept>
    <rtept lat="24.589733" lon="120.729566">
      <name>苗33</name>
      <desc>Continue straight onto 苗33</desc>
      <extensions>
        <distance>1390.5</distance>
        <duration>278.1</duration>
        <type>6</type>
        <step>16</step>
      </extensions>
    </rtept>
    <rtept lat="24.589024" lon="120.730395">
      <name>苗33</name>
      <desc>Continue straight onto 苗33</desc>
      <extensions>
        <distance>1390.5</distance>
        <duration>278.1</duration>
        <type>6</type>
        <step>16</step>
      </extensions>
    </rtept>
    <rtept lat="24.588944" lon="120.730417">
      <name>苗33</name>
      <desc>Continue straight onto 苗33</desc>
      <extensions>
        <distance>1390.5</distance>
        <duration>278.1</duration>
        <type>6</type>
        <step>16</step>
      </extensions>
    </rtept>
    <rtept lat="24.588854" lon="120.730422">
      <name>苗33</name>
      <desc>Continue straight onto 苗33</desc>
      <extensions>
        <distance>1390.5</distance>
        <duration>278.1</duration>
        <type>6</type>
        <step>16</step>
      </extensions>
    </rtept>
    <rtept lat="24.588644" lon="120.73038">
      <name>苗33</name>
      <desc>Continue straight onto 苗33</desc>
      <extensions>
        <distance>1390.5</distance>
        <duration>278.1</duration>
        <type>6</type>
        <step>16</step>
      </extensions>
    </rtept>
    <rtept lat="24.588317" lon="120.730219">
      <name>苗33</name>
      <desc>Continue straight onto 苗33</desc>
      <extensions>
        <distance>1390.5</distance>
        <duration>278.1</duration>
        <type>6</type>
        <step>16</step>
      </extensions>
    </rtept>
    <rtept lat="24.588099" lon="120.73013">
      <name>苗33</name>
      <desc>Continue straight onto 苗33</desc>
      <extensions>
        <distance>1390.5</distance>
        <duration>278.1</duration>
        <type>6</type>
        <step>16</step>
      </extensions>
    </rtept>
    <rtept lat="24.587956" lon="120.730106">
      <name>苗33</name>
      <desc>Continue straight onto 苗33</desc>
      <extensions>
        <distance>1390.5</distance>
        <duration>278.1</duration>
        <type>6</type>
        <step>16</step>
      </extensions>
    </rtept>
    <rtept lat="24.587594" lon="120.730029">
      <name>苗32</name>
      <desc>Turn sharp left onto 苗32</desc>
      <extensions>
        <distance>45.9</distance>
        <duration>9.2</duration>
        <type>2</type>
        <step>17</step>
      </extensions>
    </rtept>
    <rtept lat="24.587655" lon="120.730478">
      <name/>
      <desc>Turn right</desc>
      <extensions>
        <distance>31.0</distance>
        <duration>7.0</duration>
        <type>1</type>
        <step>18</step>
      </extensions>
    </rtept>
    <rtept lat="24.587558" lon="120.730491">
      <name/>
      <desc>Turn right</desc>
      <extensions>
        <distance>31.0</distance>
        <duration>7.0</duration>
        <type>1</type>
        <step>18</step>
      </extensions>
    </rtept>
    <rtept lat="24.587393" lon="120.730572">
      <name>西部濱海公路, 61</name>
      <desc>Turn right onto 西部濱海公路, 61</desc>
      <extensions>
        <distance>2991.1</distance>
        <duration>598.2</duration>
        <type>1</type>
        <step>19</step>
      </extensions>
    </rtept>
    <rtept lat="24.58652" lon="120.729707">
      <name>西部濱海公路, 61</name>
      <desc>Turn right onto 西部濱海公路, 61</desc>
      <extensions>
        <distance>2991.1</distance>
        <duration>598.2</duration>
        <type>1</type>
        <step>19</step>
      </extensions>
    </rtept>
    <rtept lat="24.58597" lon="120.728955">
      <name>西部濱海公路, 61</name>
      <desc>Turn right onto 西部濱海公路, 61</desc>
      <extensions>
        <distance>2991.1</distance>
        <duration>598.2</duration>
        <type>1</type>
        <step>19</step>
      </extensions>
    </rtept>
    <rtept lat="24.585732" lon="120.728567">
      <name>西部濱海公路, 61</name>
      <desc>Turn right onto 西部濱海公路, 61</desc>
      <extensions>
        <distance>2991.1</distance>
        <duration>598.2</duration>
        <type>1</type>
        <step>19</step>
      </extensions>
    </rtept>
    <rtept lat="24.585699" lon="120.728512">
      <name>西部濱海公路, 61</name>
      <desc>Turn right onto 西部濱海公路, 61</desc>
      <extensions>
        <distance>2991.1</distance>
        <duration>598.2</duration>
        <type>1</type>
        <step>19</step>
      </extensions>
    </rtept>
    <rtept lat="24.585213" lon="120.727514">
      <name>西部濱海公路, 61</name>
      <desc>Turn right onto 西部濱海公路, 61</desc>
      <extensions>
        <distance>2991.1</distance>
        <duration>598.2</duration>
        <type>1</type>
        <step>19</step>
      </extensions>
    </rtept>
    <rtept lat="24.584593" lon="120.726171">
      <name>西部濱海公路, 61</name>
      <desc>Turn right onto 西部濱海公路, 61</desc>
      <extensions>
        <distance>2991.1</distance>
        <duration>598.2</duration>
        <type>1</type>
        <step>19</step>
      </extensions>
    </rtept>
    <rtept lat="24.583917" lon="120.724835">
      <name>西部濱海公路, 61</name>
      <desc>Turn right onto 西部濱海公路, 61</desc>
      <extensions>
        <distance>2991.1</distance>
        <duration>598.2</duration>
        <type>1</type>
        <step>19</step>
      </extensions>
    </rtept>
    <rtept lat="24.583414" lon="120.723979">
      <name>西部濱海公路, 61</name>
      <desc>Turn right onto 西部濱海公路, 61</desc>
      <extensions>
        <distance>2991.1</distance>
        <duration>598.2</duration>
        <type>1</type>
        <step>19</step>
      </extensions>
    </rtept>
    <rtept lat="24.582971" lon="120.723386">
      <name>西部濱海公路, 61</name>
      <desc>Turn right onto 西部濱海公路, 61</desc>
      <extensions>
        <distance>2991.1</distance>
        <duration>598.2</duration>
        <type>1</type>
        <step>19</step>
      </extensions>
    </rtept>
    <rtept lat="24.581823" lon="120.721916">
      <name>西部濱海公路, 61</name>
      <desc>Turn right onto 西部濱海公路, 61</desc>
      <extensions>
        <distance>2991.1</distance>
        <duration>598.2</duration>
        <type>1</type>
        <step>19</step>
      </extensions>
    </rtept>
    <rtept lat="24.581314" lon="120.721409">
      <name>西部濱海公路, 61</name>
      <desc>Turn right onto 西部濱海公路, 61</desc>
      <extensions>
        <distance>2991.1</distance>
        <duration>598.2</duration>
        <type>1</type>
        <step>19</step>
      </extensions>
    </rtept>
    <rtept lat="24.580717" lon="120.720973">
      <name>西部濱海公路, 61</name>
      <desc>Turn right onto 西部濱海公路, 61</desc>
      <extensions>
        <distance>2991.1</distance>
        <duration>598.2</duration>
        <type>1</type>
        <step>19</step>
      </extensions>
    </rtept>
    <rtept lat="24.580199" lon="120.720641">
      <name>西部濱海公路, 61</name>
      <desc>Turn right onto 西部濱海公路, 61</desc>
      <extensions>
        <distance>2991.1</distance>
        <duration>598.2</duration>
        <type>1</type>
        <step>19</step>
      </extensions>
    </rtept>
    <rtept lat="24.579211" lon="120.720238">
      <name>西部濱海公路, 61</name>
      <desc>Turn right onto 西部濱海公路, 61</desc>
      <extensions>
        <distance>2991.1</distance>
        <duration>598.2</duration>
        <type>1</type>
        <step>19</step>
      </extensions>
    </rtept>
    <rtept lat="24.578841" lon="120.72014">
      <name>西部濱海公路, 61</name>
      <desc>Turn right onto 西部濱海公路, 61</desc>
      <extensions>
        <distance>2991.1</distance>
        <duration>598.2</duration>
        <type>1</type>
        <step>19</step>
      </extensions>
    </rtept>
    <rtept lat="24.578276" lon="120.720065">
      <name>西部濱海公路, 61</name>
      <desc>Turn right onto 西部濱海公路, 61</desc>
      <extensions>
        <distance>2991.1</distance>
        <duration>598.2</duration>
        <type>1</type>
        <step>19</step>
      </extensions>
    </rtept>
    <rtept lat="24.577557" lon="120.720046">
      <name>西部濱海公路, 61</name>
      <desc>Turn right onto 西部濱海公路, 61</desc>
      <extensions>
        <distance>2991.1</distance>
        <duration>598.2</duration>
        <type>1</type>
        <step>19</step>
      </extensions>
    </rtept>
    <rtept lat="24.576411" lon="120.720094">
      <name>西部濱海公路, 61</name>
      <desc>Turn right onto 西部濱海公路, 61</desc>
      <extensions>
        <distance>2991.1</distance>
        <duration>598.2</duration>
        <type>1</type>
        <step>19</step>
      </extensions>
    </rtept>
    <rtept lat="24.576128" lon="120.720079">
      <name>西部濱海公路, 61</name>
      <desc>Turn right onto 西部濱海公路, 61</desc>
      <extensions>
        <distance>2991.1</distance>
        <duration>598.2</duration>
        <type>1</type>
        <step>19</step>
      </extensions>
    </rtept>
    <rtept lat="24.575498" lon="120.720006">
      <name>西部濱海公路, 61</name>
      <desc>Turn right onto 西部濱海公路, 61</desc>
      <extensions>
        <distance>2991.1</distance>
        <duration>598.2</duration>
        <type>1</type>
        <step>19</step>
      </extensions>
    </rtept>
    <rtept lat="24.575207" lon="120.719949">
      <name>西部濱海公路, 61</name>
      <desc>Turn right onto 西部濱海公路, 61</desc>
      <extensions>
        <distance>2991.1</distance>
        <duration>598.2</duration>
        <type>1</type>
        <step>19</step>
      </extensions>
    </rtept>
    <rtept lat="24.574979" lon="120.719877">
      <name>西部濱海公路, 61</name>
      <desc>Turn right onto 西部濱海公路, 61</desc>
      <extensions>
        <distance>2991.1</distance>
        <duration>598.2</duration>
        <type>1</type>
        <step>19</step>
      </extensions>
    </rtept>
    <rtept lat="24.574676" lon="120.719782">
      <name>西部濱海公路, 61</name>
      <desc>Turn right onto 西部濱海公路, 61</desc>
      <extensions>
        <distance>2991.1</distance>
        <duration>598.2</duration>
        <type>1</type>
        <step>19</step>
      </extensions>
    </rtept>
    <rtept lat="24.574406" lon="120.719677">
      <name>西部濱海公路, 61</name>
      <desc>Turn right onto 西部濱海公路, 61</desc>
      <extensions>
        <distance>2991.1</distance>
        <duration>598.2</duration>
        <type>1</type>
        <step>19</step>
      </extensions>
    </rtept>
    <rtept lat="24.574239" lon="120.719583">
      <name>西部濱海公路, 61</name>
      <desc>Turn right onto 西部濱海公路, 61</desc>
      <extensions>
        <distance>2991.1</distance>
        <duration>598.2</duration>
        <type>1</type>
        <step>19</step>
      </extensions>
    </rtept>
    <rtept lat="24.573986" lon="120.719452">
      <name>西部濱海公路, 61</name>
      <desc>Turn right onto 西部濱海公路, 61</desc>
      <extensions>
        <distance>2991.1</distance>
        <duration>598.2</duration>
        <type>1</type>
        <step>19</step>
      </extensions>
    </rtept>
    <rtept lat="24.573841" lon="120.719364">
      <name>西部濱海公路, 61</name>
      <desc>Turn right onto 西部濱海公路, 61</desc>
      <extensions>
        <distance>2991.1</distance>
        <duration>598.2</duration>
        <type>1</type>
        <step>19</step>
      </extensions>
    </rtept>
    <rtept lat="24.573283" lon="120.718928">
      <name>西部濱海公路, 61</name>
      <desc>Turn right onto 西部濱海公路, 61</desc>
      <extensions>
        <distance>2991.1</distance>
        <duration>598.2</duration>
        <type>1</type>
        <step>19</step>
      </extensions>
    </rtept>
    <rtept lat="24.572958" lon="120.718612">
      <name>西部濱海公路, 61</name>
      <desc>Turn right onto 西部濱海公路, 61</desc>
      <extensions>
        <distance>2991.1</distance>
        <duration>598.2</duration>
        <type>1</type>
        <step>19</step>
      </extensions>
    </rtept>
    <rtept lat="24.572771" lon="120.718416">
      <name>西部濱海公路, 61</name>
      <desc>Turn right onto 西部濱海公路, 61</desc>
      <extensions>
        <distance>2991.1</distance>
        <duration>598.2</duration>
        <type>1</type>
        <step>19</step>
      </extensions>
    </rtept>
    <rtept lat="24.572509" lon="120.718102">
      <name>西部濱海公路, 61</name>
      <desc>Turn right onto 西部濱海公路, 61</desc>
      <extensions>
        <distance>2991.1</distance>
        <duration>598.2</duration>
        <type>1</type>
        <step>19</step>
      </extensions>
    </rtept>
    <rtept lat="24.571942" lon="120.717337">
      <name>西部濱海公路, 61</name>
      <desc>Turn right onto 西部濱海公路, 61</desc>
      <extensions>
        <distance>2991.1</distance>
        <duration>598.2</duration>
        <type>1</type>
        <step>19</step>
      </extensions>
    </rtept>
    <rtept lat="24.571567" lon="120.716715">
      <name>西部濱海公路, 61</name>
      <desc>Turn right onto 西部濱海公路, 61</desc>
      <extensions>
        <distance>2991.1</distance>
        <duration>598.2</duration>
        <type>1</type>
        <step>19</step>
      </extensions>
    </rtept>
    <rtept lat="24.571042" lon="120.715592">
      <name>西部濱海公路, 61</name>
      <desc>Turn right onto 西部濱海公路, 61</desc>
      <extensions>
        <distance>2991.1</distance>
        <duration>598.2</duration>
        <type>1</type>
        <step>19</step>
      </extensions>
    </rtept>
    <rtept lat="24.570674" lon="120.71493">
      <name>西部濱海公路, 61</name>
      <desc>Turn right onto 西部濱海公路, 61</desc>
      <extensions>
        <distance>2991.1</distance>
        <duration>598.2</duration>
        <type>1</type>
        <step>19</step>
      </extensions>
    </rtept>
    <rtept lat="24.570291" lon="120.714417">
      <name>西部濱海公路, 61</name>
      <desc>Turn right onto 西部濱海公路, 61</desc>
      <extensions>
        <distance>2991.1</distance>
        <duration>598.2</duration>
        <type>1</type>
        <step>19</step>
      </extensions>
    </rtept>
    <rtept lat="24.570093" lon="120.713863">
      <name>西部濱海公路, 61</name>
      <desc>Turn right onto 西部濱海公路, 61</desc>
      <extensions>
        <distance>2991.1</distance>
        <duration>598.2</duration>
        <type>1</type>
        <step>19</step>
      </extensions>
    </rtept>
    <rtept lat="24.570064" lon="120.713779">
      <name>西部濱海公路, 61</name>
      <desc>Turn right onto 西部濱海公路, 61</desc>
      <extensions>
        <distance>2991.1</distance>
        <duration>598.2</duration>
        <type>1</type>
        <step>19</step>
      </extensions>
    </rtept>
    <rtept lat="24.57001" lon="120.713628">
      <name>西部濱海公路, 61</name>
      <desc>Turn right onto 西部濱海公路, 61</desc>
      <extensions>
        <distance>2991.1</distance>
        <duration>598.2</duration>
        <type>1</type>
        <step>19</step>
      </extensions>
    </rtept>
    <rtept lat="24.569752" lon="120.712795">
      <name>西部濱海公路, 61</name>
      <desc>Turn right onto 西部濱海公路, 61</desc>
      <extensions>
        <distance>2991.1</distance>
        <duration>598.2</duration>
        <type>1</type>
        <step>19</step>
      </extensions>
    </rtept>
    <rtept lat="24.56963" lon="120.71249">
      <name>西部濱海公路, 61</name>
      <desc>Turn right onto 西部濱海公路, 61</desc>
      <extensions>
        <distance>2991.1</distance>
        <duration>598.2</duration>
        <type>1</type>
        <step>19</step>
      </extensions>
    </rtept>
    <rtept lat="24.569528" lon="120.71228">
      <name>西部濱海公路, 61</name>
      <desc>Turn right onto 西部濱海公路, 61</desc>
      <extensions>
        <distance>2991.1</distance>
        <duration>598.2</duration>
        <type>1</type>
        <step>19</step>
      </extensions>
    </rtept>
    <rtept lat="24.56934" lon="120.712076">
      <name>西部濱海公路, 61</name>
      <desc>Turn right onto 西部濱海公路, 61</desc>
      <extensions>
        <distance>2991.1</distance>
        <duration>598.2</duration>
        <type>1</type>
        <step>19</step>
      </extensions>
    </rtept>
    <rtept lat="24.569241" lon="120.711967">
      <name>西部濱海公路, 61</name>
      <desc>Turn right onto 西部濱海公路, 61</desc>
      <extensions>
        <distance>2991.1</distance>
        <duration>598.2</duration>
        <type>1</type>
        <step>19</step>
      </extensions>
    </rtept>
    <rtept lat="24.568981" lon="120.711732">
      <name/>
      <desc>Turn right</desc>
      <extensions>
        <distance>119.5</distance>
        <duration>26.9</duration>
        <type>1</type>
        <step>20</step>
      </extensions>
    </rtept>
    <rtept lat="24.569204" lon="120.711516">
      <name/>
      <desc>Turn right</desc>
      <extensions>
        <distance>119.5</distance>
        <duration>26.9</duration>
        <type>1</type>
        <step>20</step>
      </extensions>
    </rtept>
    <rtept lat="24.569404" lon="120.711374">
      <name/>
      <desc>Turn right</desc>
      <extensions>
        <distance>119.5</distance>
        <duration>26.9</duration>
        <type>1</type>
        <step>20</step>
      </extensions>
    </rtept>
    <rtept lat="24.56967" lon="120.711138">
      <name/>
      <desc>Turn right</desc>
      <extensions>
        <distance>119.5</distance>
        <duration>26.9</duration>
        <type>1</type>
        <step>20</step>
      </extensions>
    </rtept>
    <rtept lat="24.569821" lon="120.710999">
      <name/>
      <desc>Turn right</desc>
      <extensions>
        <distance>44.4</distance>
        <duration>10.0</duration>
        <type>1</type>
        <step>21</step>
      </extensions>
    </rtept>
    <rtept lat="24.570188" lon="120.711171">
      <name/>
      <desc>Turn left</desc>
      <extensions>
        <distance>221.3</distance>
        <duration>49.8</duration>
        <type>0</type>
        <step>22</step>
      </extensions>
    </rtept>
    <rtept lat="24.570751" lon="120.710272">
      <name/>
      <desc>Turn left</desc>
      <extensions>
        <distance>221.3</distance>
        <duration>49.8</duration>
        <type>0</type>
        <step>22</step>
      </extensions>
    </rtept>
    <rtept lat="24.571009" lon="120.709883">
      <name/>
      <desc>Turn left</desc>
      <extensions>
        <distance>221.3</distance>
        <duration>49.8</duration>
        <type>0</type>
        <step>22</step>
      </extensions>
    </rtept>
    <rtept lat="24.571329" lon="120.709378">
      <name/>
      <desc>Turn left</desc>
      <extensions>
        <distance>34.2</distance>
        <duration>8.8</duration>
        <type>0</type>
        <step>23</step>
      </extensions>
    </rtept>
    <rtept lat="24.571215" lon="120.709264">
      <name/>
      <desc>Turn left</desc>
      <extensions>
        <distance>34.2</distance>
        <duration>8.8</duration>
        <type>0</type>
        <step>23</step>
      </extensions>
    </rtept>
    <rtept lat="24.571298" lon="120.709122">
      <name/>
      <desc>Arrive at your destination, on the left</desc>
      <extensions>
        <distance>0.0</distance>
        <duration>0.0</duration>
        <type>10</type>
        <step>24</step>
      </extensions>
    </rtept>
    <rtept lat="24.571298" lon="120.709122">
      <name/>
      <desc>Head southeast</desc>
      <extensions>
        <distance>34.2</distance>
        <duration>8.8</duration>
        <type>11</type>
        <step>25</step>
      </extensions>
    </rtept>
    <rtept lat="24.571215" lon="120.709264">
      <name/>
      <desc>Head southeast</desc>
      <extensions>
        <distance>34.2</distance>
        <duration>8.8</duration>
        <type>11</type>
        <step>25</step>
      </extensions>
    </rtept>
    <rtept lat="24.571329" lon="120.709378">
      <name/>
      <desc>Turn right</desc>
      <extensions>
        <distance>221.3</distance>
        <duration>49.8</duration>
        <type>1</type>
        <step>26</step>
      </extensions>
    </rtept>
    <rtept lat="24.571009" lon="120.709883">
      <name/>
      <desc>Turn right</desc>
      <extensions>
        <distance>221.3</distance>
        <duration>49.8</duration>
        <type>1</type>
        <step>26</step>
      </extensions>
    </rtept>
    <rtept lat="24.570751" lon="120.710272">
      <name/>
      <desc>Turn right</desc>
      <extensions>
        <distance>221.3</distance>
        <duration>49.8</duration>
        <type>1</type>
        <step>26</step>
      </extensions>
    </rtept>
    <rtept lat="24.570188" lon="120.711171">
      <name/>
      <desc>Turn right</desc>
      <extensions>
        <distance>44.4</distance>
        <duration>10.0</duration>
        <type>1</type>
        <step>27</step>
      </extensions>
    </rtept>
    <rtept lat="24.569821" lon="120.710999">
      <name/>
      <desc>Turn left</desc>
      <extensions>
        <distance>119.5</distance>
        <duration>26.9</duration>
        <type>0</type>
        <step>28</step>
      </extensions>
    </rtept>
    <rtept lat="24.56967" lon="120.711138">
      <name/>
      <desc>Turn left</desc>
      <extensions>
        <distance>119.5</distance>
        <duration>26.9</duration>
        <type>0</type>
        <step>28</step>
      </extensions>
    </rtept>
    <rtept lat="24.569404" lon="120.711374">
      <name/>
      <desc>Turn left</desc>
      <extensions>
        <distance>119.5</distance>
        <duration>26.9</duration>
        <type>0</type>
        <step>28</step>
      </extensions>
    </rtept>
    <rtept lat="24.569204" lon="120.711516">
      <name/>
      <desc>Turn left</desc>
      <extensions>
        <distance>119.5</distance>
        <duration>26.9</duration>
        <type>0</type>
        <step>28</step>
      </extensions>
    </rtept>
    <rtept lat="24.568981" lon="120.711732">
      <name>中山路, 1</name>
      <desc>Turn right onto 中山路, 1</desc>
      <extensions>
        <distance>1610.7</distance>
        <duration>322.1</duration>
        <type>1</type>
        <step>29</step>
      </extensions>
    </rtept>
    <rtept lat="24.568862" lon="120.711672">
      <name>中山路, 1</name>
      <desc>Turn right onto 中山路, 1</desc>
      <extensions>
        <distance>1610.7</distance>
        <duration>322.1</duration>
        <type>1</type>
        <step>29</step>
      </extensions>
    </rtept>
    <rtept lat="24.568558" lon="120.711573">
      <name>中山路, 1</name>
      <desc>Turn right onto 中山路, 1</desc>
      <extensions>
        <distance>1610.7</distance>
        <duration>322.1</duration>
        <type>1</type>
        <step>29</step>
      </extensions>
    </rtept>
    <rtept lat="24.568306" lon="120.711536">
      <name>中山路, 1</name>
      <desc>Turn right onto 中山路, 1</desc>
      <extensions>
        <distance>1610.7</distance>
        <duration>322.1</duration>
        <type>1</type>
        <step>29</step>
      </extensions>
    </rtept>
    <rtept lat="24.567655" lon="120.711524">
      <name>中山路, 1</name>
      <desc>Turn right onto 中山路, 1</desc>
      <extensions>
        <distance>1610.7</distance>
        <duration>322.1</duration>
        <type>1</type>
        <step>29</step>
      </extensions>
    </rtept>
    <rtept lat="24.567111" lon="120.711342">
      <name>中山路, 1</name>
      <desc>Turn right onto 中山路, 1</desc>
      <extensions>
        <distance>1610.7</distance>
        <duration>322.1</duration>
        <type>1</type>
        <step>29</step>
      </extensions>
    </rtept>
    <rtept lat="24.566181" lon="120.710948">
      <name>中山路, 1</name>
      <desc>Turn right onto 中山路, 1</desc>
      <extensions>
        <distance>1610.7</distance>
        <duration>322.1</duration>
        <type>1</type>
        <step>29</step>
      </extensions>
    </rtept>
    <rtept lat="24.565321" lon="120.710584">
      <name>中山路, 1</name>
      <desc>Turn right onto 中山路, 1</desc>
      <extensions>
        <distance>1610.7</distance>
        <duration>322.1</duration>
        <type>1</type>
        <step>29</step>
      </extensions>
    </rtept>
    <rtept lat="24.564904" lon="120.710425">
      <name>中山路, 1</name>
      <desc>Turn right onto 中山路, 1</desc>
      <extensions>
        <distance>1610.7</distance>
        <duration>322.1</duration>
        <type>1</type>
        <step>29</step>
      </extensions>
    </rtept>
    <rtept lat="24.564654" lon="120.710328">
      <name>中山路, 1</name>
      <desc>Turn right onto 中山路, 1</desc>
      <extensions>
        <distance>1610.7</distance>
        <duration>322.1</duration>
        <type>1</type>
        <step>29</step>
      </extensions>
    </rtept>
    <rtept lat="24.564352" lon="120.710162">
      <name>中山路, 1</name>
      <desc>Turn right onto 中山路, 1</desc>
      <extensions>
        <distance>1610.7</distance>
        <duration>322.1</duration>
        <type>1</type>
        <step>29</step>
      </extensions>
    </rtept>
    <rtept lat="24.563988" lon="120.70985">
      <name>中山路, 1</name>
      <desc>Turn right onto 中山路, 1</desc>
      <extensions>
        <distance>1610.7</distance>
        <duration>322.1</duration>
        <type>1</type>
        <step>29</step>
      </extensions>
    </rtept>
    <rtept lat="24.563031" lon="120.708968">
      <name>中山路, 1</name>
      <desc>Turn right onto 中山路, 1</desc>
      <extensions>
        <distance>1610.7</distance>
        <duration>322.1</duration>
        <type>1</type>
        <step>29</step>
      </extensions>
    </rtept>
    <rtept lat="24.562712" lon="120.708679">
      <name>中山路, 1</name>
      <desc>Turn right onto 中山路, 1</desc>
      <extensions>
        <distance>1610.7</distance>
        <duration>322.1</duration>
        <type>1</type>
        <step>29</step>
      </extensions>
    </rtept>
    <rtept lat="24.562289" lon="120.708423">
      <name>中山路, 1</name>
      <desc>Turn right onto 中山路, 1</desc>
      <extensions>
        <distance>1610.7</distance>
        <duration>322.1</duration>
        <type>1</type>
        <step>29</step>
      </extensions>
    </rtept>
    <rtept lat="24.560345" lon="120.707211">
      <name>中山路, 1</name>
      <desc>Turn right onto 中山路, 1</desc>
      <extensions>
        <distance>1610.7</distance>
        <duration>322.1</duration>
        <type>1</type>
        <step>29</step>
      </extensions>
    </rtept>
    <rtept lat="24.558795" lon="120.706122">
      <name>中山路, 1</name>
      <desc>Turn right onto 中山路, 1</desc>
      <extensions>
        <distance>1610.7</distance>
        <duration>322.1</duration>
        <type>1</type>
        <step>29</step>
      </extensions>
    </rtept>
    <rtept lat="24.557592" lon="120.705296">
      <name>中山路, 1</name>
      <desc>Turn right onto 中山路, 1</desc>
      <extensions>
        <distance>1610.7</distance>
        <duration>322.1</duration>
        <type>1</type>
        <step>29</step>
      </extensions>
    </rtept>
    <rtept lat="24.557349" lon="120.705111">
      <name>中山路, 1</name>
      <desc>Turn right onto 中山路, 1</desc>
      <extensions>
        <distance>1610.7</distance>
        <duration>322.1</duration>
        <type>1</type>
        <step>29</step>
      </extensions>
    </rtept>
    <rtept lat="24.556347" lon="120.704371">
      <name/>
      <desc>Turn right</desc>
      <extensions>
        <distance>106.6</distance>
        <duration>27.4</duration>
        <type>1</type>
        <step>30</step>
      </extensions>
    </rtept>
    <rtept lat="24.556463" lon="120.704236">
      <name/>
      <desc>Turn right</desc>
      <extensions>
        <distance>106.6</distance>
        <duration>27.4</duration>
        <type>1</type>
        <step>30</step>
      </extensions>
    </rtept>
    <rtept lat="24.556467" lon="120.704136">
      <name/>
      <desc>Turn right</desc>
      <extensions>
        <distance>106.6</distance>
        <duration>27.4</duration>
        <type>1</type>
        <step>30</step>
      </extensions>
    </rtept>
    <rtept lat="24.556103" lon="120.703797">
      <name/>
      <desc>Turn right</desc>
      <extensions>
        <distance>106.6</distance>
        <duration>27.4</duration>
        <type>1</type>
        <step>30</step>
      </extensions>
    </rtept>
    <rtept lat="24.556091" lon="120.703767">
      <name/>
      <desc>Turn right</desc>
      <extensions>
        <distance>106.6</distance>
        <duration>27.4</duration>
        <type>1</type>
        <step>30</step>
      </extensions>
    </rtept>
    <rtept lat="24.556156" lon="120.703569">
      <name/>
      <desc>Turn left</desc>
      <extensions>
        <distance>19.4</distance>
        <duration>3.9</duration>
        <type>0</type>
        <step>31</step>
      </extensions>
    </rtept>
    <rtept lat="24.556004" lon="120.703474">
      <name/>
      <desc>Arrive at your destination, on the left</desc>
      <extensions>
        <distance>0.0</distance>
        <duration>0.0</duration>
        <type>10</type>
        <step>32</step>
      </extensions>
    </rtept>
    <rtept lat="24.556004" lon="120.703474">
      <name/>
      <desc>Head northeast</desc>
      <extensions>
        <distance>19.4</distance>
        <duration>3.9</duration>
        <type>11</type>
        <step>33</step>
      </extensions>
    </rtept>
    <rtept lat="24.556156" lon="120.703569">
      <name/>
      <desc>Turn right</desc>
      <extensions>
        <distance>106.6</distance>
        <duration>27.4</duration>
        <type>1</type>
        <step>34</step>
      </extensions>
    </rtept>
    <rtept lat="24.556091" lon="120.703767">
      <name/>
      <desc>Turn right</desc>
      <extensions>
        <distance>106.6</distance>
        <duration>27.4</duration>
        <type>1</type>
        <step>34</step>
      </extensions>
    </rtept>
    <rtept lat="24.556103" lon="120.703797">
      <name/>
      <desc>Turn right</desc>
      <extensions>
        <distance>106.6</distance>
        <duration>27.4</duration>
        <type>1</type>
        <step>34</step>
      </extensions>
    </rtept>
    <rtept lat="24.556467" lon="120.704136">
      <name/>
      <desc>Turn right</desc>
      <extensions>
        <distance>106.6</distance>
        <duration>27.4</duration>
        <type>1</type>
        <step>34</step>
      </extensions>
    </rtept>
    <rtept lat="24.556463" lon="120.704236">
      <name/>
      <desc>Turn right</desc>
      <extensions>
        <distance>106.6</distance>
        <duration>27.4</duration>
        <type>1</type>
        <step>34</step>
      </extensions>
    </rtept>
    <rtept lat="24.556347" lon="120.704371">
      <name>中山路, 1</name>
      <desc>Turn right onto 中山路, 1</desc>
      <extensions>
        <distance>5823.0</distance>
        <duration>1164.6</duration>
        <type>1</type>
        <step>35</step>
      </extensions>
    </rtept>
    <rtept lat="24.554613" lon="120.70291">
      <name>中山路, 1</name>
      <desc>Turn right onto 中山路, 1</desc>
      <extensions>
        <distance>5823.0</distance>
        <duration>1164.6</duration>
        <type>1</type>
        <step>35</step>
      </extensions>
    </rtept>
    <rtept lat="24.553138" lon="120.701918">
      <name>中山路, 1</name>
      <desc>Turn right onto 中山路, 1</desc>
      <extensions>
        <distance>5823.0</distance>
        <duration>1164.6</duration>
        <type>1</type>
        <step>35</step>
      </extensions>
    </rtept>
    <rtept lat="24.552567" lon="120.701492">
      <name>中山路, 1</name>
      <desc>Turn right onto 中山路, 1</desc>
      <extensions>
        <distance>5823.0</distance>
        <duration>1164.6</duration>
        <type>1</type>
        <step>35</step>
      </extensions>
    </rtept>
    <rtept lat="24.55202" lon="120.701012">
      <name>中山路, 1</name>
      <desc>Turn right onto 中山路, 1</desc>
      <extensions>
        <distance>5823.0</distance>
        <duration>1164.6</duration>
        <type>1</type>
        <step>35</step>
      </extensions>
    </rtept>
    <rtept lat="24.551483" lon="120.700485">
      <name>中山路, 1</name>
      <desc>Turn right onto 中山路, 1</desc>
      <extensions>
        <distance>5823.0</distance>
        <duration>1164.6</duration>
        <type>1</type>
        <step>35</step>
      </extensions>
    </rtept>
    <rtept lat="24.550901" lon="120.699917">
      <name>中山路, 1</name>
      <desc>Turn right onto 中山路, 1</desc>
      <extensions>
        <distance>5823.0</distance>
        <duration>1164.6</duration>
        <type>1</type>
        <step>35</step>
      </extensions>
    </rtept>
    <rtept lat="24.550543" lon="120.699626">
      <name>中山路, 1</name>
      <desc>Turn right onto 中山路, 1</desc>
      <extensions>
        <distance>5823.0</distance>
        <duration>1164.6</duration>
        <type>1</type>
        <step>35</step>
      </extensions>
    </rtept>
    <rtept lat="24.550298" lon="120.699471">
      <name>中山路, 1</name>
      <desc>Turn right onto 中山路, 1</desc>
      <extensions>
        <distance>5823.0</distance>
        <duration>1164.6</duration>
        <type>1</type>
        <step>35</step>
      </extensions>
    </rtept>
    <rtept lat="24.550203" lon="120.699409">
      <name>中山路, 1</name>
      <desc>Turn right onto 中山路, 1</desc>
      <extensions>
        <distance>5823.0</distance>
        <duration>1164.6</duration>
        <type>1</type>
        <step>35</step>
      </extensions>
    </rtept>
    <rtept lat="24.5496" lon="120.699091">
      <name>中山路, 1</name>
      <desc>Turn right onto 中山路, 1</desc>
      <extensions>
        <distance>5823.0</distance>
        <duration>1164.6</duration>
        <type>1</type>
        <step>35</step>
      </extensions>
    </rtept>
    <rtept lat="24.54921" lon="120.698957">
      <name>中山路, 1</name>
      <desc>Turn right onto 中山路, 1</desc>
      <extensions>
        <distance>5823.0</distance>
        <duration>1164.6</duration>
        <type>1</type>
        <step>35</step>
      </extensions>
    </rtept>
    <rtept lat="24.548937" lon="120.698872">
      <name>中山路, 1</name>
      <desc>Turn right onto 中山路, 1</desc>
      <extensions>
        <distance>5823.0</distance>
        <duration>1164.6</duration>
        <type>1</type>
        <step>35</step>
      </extensions>
    </rtept>
    <rtept lat="24.5481" lon="120.698593">
      <name>中山路, 1</name>
      <desc>Turn right onto 中山路, 1</desc>
      <extensions>
        <distance>5823.0</distance>
        <duration>1164.6</duration>
        <type>1</type>
        <step>35</step>
      </extensions>
    </rtept>
    <rtept lat="24.546843" lon="120.698203">
      <name>中山路, 1</name>
      <desc>Turn right onto 中山路, 1</desc>
      <extensions>
        <distance>5823.0</distance>
        <duration>1164.6</duration>
        <type>1</type>
        <step>35</step>
      </extensions>
    </rtept>
    <rtept lat="24.545828" lon="120.697885">
      <name>中山路, 1</name>
      <desc>Turn right onto 中山路, 1</desc>
      <extensions>
        <distance>5823.0</distance>
        <duration>1164.6</duration>
        <type>1</type>
        <step>35</step>
      </extensions>
    </rtept>
    <rtept lat="24.545293" lon="120.697715">
      <name>中山路, 1</name>
      <desc>Turn right onto 中山路, 1</desc>
      <extensions>
        <distance>5823.0</distance>
        <duration>1164.6</duration>
        <type>1</type>
        <step>35</step>
      </extensions>
    </rtept>
    <rtept lat="24.544884" lon="120.697606">
      <name>中山路, 1</name>
      <desc>Turn right onto 中山路, 1</desc>
      <extensions>
        <distance>5823.0</distance>
        <duration>1164.6</duration>
        <type>1</type>
        <step>35</step>
      </extensions>
    </rtept>
    <rtept lat="24.544217" lon="120.697427">
      <name>中山路, 1</name>
      <desc>Turn right onto 中山路, 1</desc>
      <extensions>
        <distance>5823.0</distance>
        <duration>1164.6</duration>
        <type>1</type>
        <step>35</step>
      </extensions>
    </rtept>
    <rtept lat="24.544069" lon="120.697366">
      <name>中山路, 1</name>
      <desc>Turn right onto 中山路, 1</desc>
      <extensions>
        <distance>5823.0</distance>
        <duration>1164.6</duration>
        <type>1</type>
        <step>35</step>
      </extensions>
    </rtept>
    <rtept lat="24.543602" lon="120.697171">
      <name>中山路, 1</name>
      <desc>Turn right onto 中山路, 1</desc>
      <extensions>
        <distance>5823.0</distance>
        <duration>1164.6</duration>
        <type>1</type>
        <step>35</step>
      </extensions>
    </rtept>
    <rtept lat="24.543332" lon="120.697086">
      <name>中山路, 1</name>
      <desc>Turn right onto 中山路, 1</desc>
      <extensions>
        <distance>5823.0</distance>
        <duration>1164.6</duration>
        <type>1</type>
        <step>35</step>
      </extensions>
    </rtept>
    <rtept lat="24.543018" lon="120.69699">
      <name>中山路, 1</name>
      <desc>Turn right onto 中山路, 1</desc>
      <extensions>
        <distance>5823.0</distance>
        <duration>1164.6</duration>
        <type>1</type>
        <step>35</step>
      </extensions>
    </rtept>
    <rtept lat="24.542721" lon="120.69689">
      <name>中山路, 1</name>
      <desc>Turn right onto 中山路, 1</desc>
      <extensions>
        <distance>5823.0</distance>
        <duration>1164.6</duration>
        <type>1</type>
        <step>35</step>
      </extensions>
    </rtept>
    <rtept lat="24.54214" lon="120.696702">
      <name>中山路, 1</name>
      <desc>Turn right onto 中山路, 1</desc>
      <extensions>
        <distance>5823.0</distance>
        <duration>1164.6</duration>
        <type>1</type>
        <step>35</step>
      </extensions>
    </rtept>
    <rtept lat="24.539671" lon="120.695924">
      <name>中山路, 1</name>
      <desc>Turn right onto 中山路, 1</desc>
      <extensions>
        <distance>5823.0</distance>
        <duration>1164.6</duration>
        <type>1</type>
        <step>35</step>
      </extensions>
    </rtept>
    <rtept lat="24.539346" lon="120.695782">
      <name>中山路, 1</name>
      <desc>Turn right onto 中山路, 1</desc>
      <extensions>
        <distance>5823.0</distance>
        <duration>1164.6</duration>
        <type>1</type>
        <step>35</step>
      </extensions>
    </rtept>
    <rtept lat="24.539289" lon="120.695759">
      <name>中山路, 1</name>
      <desc>Turn right onto 中山路, 1</desc>
      <extensions>
        <distance>5823.0</distance>
        <duration>1164.6</duration>
        <type>1</type>
        <step>35</step>
      </extensions>
    </rtept>
    <rtept lat="24.538928" lon="120.695612">
      <name>中山路, 1</name>
      <desc>Turn right onto 中山路, 1</desc>
      <extensions>
        <distance>5823.0</distance>
        <duration>1164.6</duration>
        <type>1</type>
        <step>35</step>
      </extensions>
    </rtept>
    <rtept lat="24.538" lon="120.69523">
      <name>中山路, 1</name>
      <desc>Turn right onto 中山路, 1</desc>
      <extensions>
        <distance>5823.0</distance>
        <duration>1164.6</duration>
        <type>1</type>
        <step>35</step>
      </extensions>
    </rtept>
    <rtept lat="24.536948" lon="120.694872">
      <name>中山路, 1</name>
      <desc>Turn right onto 中山路, 1</desc>
      <extensions>
        <distance>5823.0</distance>
        <duration>1164.6</duration>
        <type>1</type>
        <step>35</step>
      </extensions>
    </rtept>
    <rtept lat="24.536699" lon="120.694765">
      <name>中山路, 1</name>
      <desc>Turn right onto 中山路, 1</desc>
      <extensions>
        <distance>5823.0</distance>
        <duration>1164.6</duration>
        <type>1</type>
        <step>35</step>
      </extensions>
    </rtept>
    <rtept lat="24.536465" lon="120.694682">
      <name>中山路, 1</name>
      <desc>Turn right onto 中山路, 1</desc>
      <extensions>
        <distance>5823.0</distance>
        <duration>1164.6</duration>
        <type>1</type>
        <step>35</step>
      </extensions>
    </rtept>
    <rtept lat="24.536196" lon="120.694618">
      <name>中山路, 1</name>
      <desc>Turn right onto 中山路, 1</desc>
      <extensions>
        <distance>5823.0</distance>
        <duration>1164.6</duration>
        <type>1</type>
        <step>35</step>
      </extensions>
    </rtept>
    <rtept lat="24.535073" lon="120.694354">
      <name>中山路, 1</name>
      <desc>Turn right onto 中山路, 1</desc>
      <extensions>
        <distance>5823.0</distance>
        <duration>1164.6</duration>
        <type>1</type>
        <step>35</step>
      </extensions>
    </rtept>
    <rtept lat="24.533388" lon="120.693957">
      <name>中山路, 1</name>
      <desc>Turn right onto 中山路, 1</desc>
      <extensions>
        <distance>5823.0</distance>
        <duration>1164.6</duration>
        <type>1</type>
        <step>35</step>
      </extensions>
    </rtept>
    <rtept lat="24.531668" lon="120.693654">
      <name>中山路, 1</name>
      <desc>Turn right onto 中山路, 1</desc>
      <extensions>
        <distance>5823.0</distance>
        <duration>1164.6</duration>
        <type>1</type>
        <step>35</step>
      </extensions>
    </rtept>
    <rtept lat="24.530223" lon="120.693378">
      <name>中山路, 1</name>
      <desc>Turn right onto 中山路, 1</desc>
      <extensions>
        <distance>5823.0</distance>
        <duration>1164.6</duration>
        <type>1</type>
        <step>35</step>
      </extensions>
    </rtept>
    <rtept lat="24.529664" lon="120.693291">
      <name>中山路, 1</name>
      <desc>Turn right onto 中山路, 1</desc>
      <extensions>
        <distance>5823.0</distance>
        <duration>1164.6</duration>
        <type>1</type>
        <step>35</step>
      </extensions>
    </rtept>
    <rtept lat="24.528752" lon="120.693148">
      <name>中山路, 1</name>
      <desc>Turn right onto 中山路, 1</desc>
      <extensions>
        <distance>5823.0</distance>
        <duration>1164.6</duration>
        <type>1</type>
        <step>35</step>
      </extensions>
    </rtept>
    <rtept lat="24.527564" lon="120.692854">
      <name>中山路, 1</name>
      <desc>Turn right onto 中山路, 1</desc>
      <extensions>
        <distance>5823.0</distance>
        <duration>1164.6</duration>
        <type>1</type>
        <step>35</step>
      </extensions>
    </rtept>
    <rtept lat="24.527331" lon="120.692816">
      <name>中山路, 1</name>
      <desc>Turn right onto 中山路, 1</desc>
      <extensions>
        <distance>5823.0</distance>
        <duration>1164.6</duration>
        <type>1</type>
        <step>35</step>
      </extensions>
    </rtept>
    <rtept lat="24.526592" lon="120.692695">
      <name>中山路, 1</name>
      <desc>Turn right onto 中山路, 1</desc>
      <extensions>
        <distance>5823.0</distance>
        <duration>1164.6</duration>
        <type>1</type>
        <step>35</step>
      </extensions>
    </rtept>
    <rtept lat="24.525668" lon="120.692592">
      <name>中山路, 1</name>
      <desc>Turn right onto 中山路, 1</desc>
      <extensions>
        <distance>5823.0</distance>
        <duration>1164.6</duration>
        <type>1</type>
        <step>35</step>
      </extensions>
    </rtept>
    <rtept lat="24.523727" lon="120.692374">
      <name>中山路, 1</name>
      <desc>Turn right onto 中山路, 1</desc>
      <extensions>
        <distance>5823.0</distance>
        <duration>1164.6</duration>
        <type>1</type>
        <step>35</step>
      </extensions>
    </rtept>
    <rtept lat="24.523107" lon="120.692304">
      <name>中山路, 1</name>
      <desc>Turn right onto 中山路, 1</desc>
      <extensions>
        <distance>5823.0</distance>
        <duration>1164.6</duration>
        <type>1</type>
        <step>35</step>
      </extensions>
    </rtept>
    <rtept lat="24.520691" lon="120.692045">
      <name>中山路, 1</name>
      <desc>Turn right onto 中山路, 1</desc>
      <extensions>
        <distance>5823.0</distance>
        <duration>1164.6</duration>
        <type>1</type>
        <step>35</step>
      </extensions>
    </rtept>
    <rtept lat="24.517006" lon="120.691648">
      <name>中山路, 1</name>
      <desc>Turn right onto 中山路, 1</desc>
      <extensions>
        <distance>5823.0</distance>
        <duration>1164.6</duration>
        <type>1</type>
        <step>35</step>
      </extensions>
    </rtept>
    <rtept lat="24.516583" lon="120.691595">
      <name>中山路, 1</name>
      <desc>Turn right onto 中山路, 1</desc>
      <extensions>
        <distance>5823.0</distance>
        <duration>1164.6</duration>
        <type>1</type>
        <step>35</step>
      </extensions>
    </rtept>
    <rtept lat="24.515541" lon="120.69133">
      <name>中山路, 1</name>
      <desc>Turn right onto 中山路, 1</desc>
      <extensions>
        <distance>5823.0</distance>
        <duration>1164.6</duration>
        <type>1</type>
        <step>35</step>
      </extensions>
    </rtept>
    <rtept lat="24.513987" lon="120.690928">
      <name>中山路, 1</name>
      <desc>Turn right onto 中山路, 1</desc>
      <extensions>
        <distance>5823.0</distance>
        <duration>1164.6</duration>
        <type>1</type>
        <step>35</step>
      </extensions>
    </rtept>
    <rtept lat="24.512967" lon="120.690649">
      <name>中山路, 1</name>
      <desc>Turn right onto 中山路, 1</desc>
      <extensions>
        <distance>5823.0</distance>
        <duration>1164.6</duration>
        <type>1</type>
        <step>35</step>
      </extensions>
    </rtept>
    <rtept lat="24.510107" lon="120.689913">
      <name>中山路, 1</name>
      <desc>Turn right onto 中山路, 1</desc>
      <extensions>
        <distance>5823.0</distance>
        <duration>1164.6</duration>
        <type>1</type>
        <step>35</step>
      </extensions>
    </rtept>
    <rtept lat="24.509854" lon="120.689842">
      <name>中山路, 1</name>
      <desc>Turn right onto 中山路, 1</desc>
      <extensions>
        <distance>5823.0</distance>
        <duration>1164.6</duration>
        <type>1</type>
        <step>35</step>
      </extensions>
    </rtept>
    <rtept lat="24.509543" lon="120.689755">
      <name>中山路, 1</name>
      <desc>Turn right onto 中山路, 1</desc>
      <extensions>
        <distance>5823.0</distance>
        <duration>1164.6</duration>
        <type>1</type>
        <step>35</step>
      </extensions>
    </rtept>
    <rtept lat="24.508678" lon="120.689532">
      <name>中山路, 1</name>
      <desc>Turn right onto 中山路, 1</desc>
      <extensions>
        <distance>5823.0</distance>
        <duration>1164.6</duration>
        <type>1</type>
        <step>35</step>
      </extensions>
    </rtept>
    <rtept lat="24.506643" lon="120.689011">
      <name>中山路</name>
      <desc>Keep right onto 中山路</desc>
      <extensions>
        <distance>301.6</distance>
        <duration>60.3</duration>
        <type>13</type>
        <step>36</step>
      </extensions>
    </rtept>
    <rtept lat="24.50646" lon="120.688871">
      <name>中山路</name>
      <desc>Keep right onto 中山路</desc>
      <extensions>
        <distance>301.6</distance>
        <duration>60.3</duration>
        <type>13</type>
        <step>36</step>
      </extensions>
    </rtept>
    <rtept lat="24.505349" lon="120.688302">
      <name>中山路</name>
      <desc>Keep right onto 中山路</desc>
      <extensions>
        <distance>301.6</distance>
        <duration>60.3</duration>
        <type>13</type>
        <step>36</step>
      </extensions>
    </rtept>
    <rtept lat="24.504748" lon="120.688035">
      <name>中山路</name>
      <desc>Keep right onto 中山路</desc>
      <extensions>
        <distance>301.6</distance>
        <duration>60.3</duration>
        <type>13</type>
        <step>36</step>
      </extensions>
    </rtept>
    <rtept lat="24.504173" lon="120.687795">
      <name>中山路, 苗37</name>
      <desc>Continue straight onto 中山路, 苗37</desc>
      <extensions>
        <distance>1730.4</distance>
        <duration>346.1</duration>
        <type>6</type>
        <step>37</step>
      </extensions>
    </rtept>
    <rtept lat="24.503789" lon="120.687621">
      <name>中山路, 苗37</name>
      <desc>Continue straight onto 中山路, 苗37</desc>
      <extensions>
        <distance>1730.4</distance>
        <duration>346.1</duration>
        <type>6</type>
        <step>37</step>
      </extensions>
    </rtept>
    <rtept lat="24.503505" lon="120.687456">
      <name>中山路, 苗37</name>
      <desc>Continue straight onto 中山路, 苗37</desc>
      <extensions>
        <distance>1730.4</distance>
        <duration>346.1</duration>
        <type>6</type>
        <step>37</step>
      </extensions>
    </rtept>
    <rtept lat="24.501755" lon="120.686745">
      <name>中山路, 苗37</name>
      <desc>Continue straight onto 中山路, 苗37</desc>
      <extensions>
        <distance>1730.4</distance>
        <duration>346.1</duration>
        <type>6</type>
        <step>37</step>
      </extensions>
    </rtept>
    <rtept lat="24.50124" lon="120.686495">
      <name>中山路, 苗37</name>
      <desc>Continue straight onto 中山路, 苗37</desc>
      <extensions>
        <distance>1730.4</distance>
        <duration>346.1</duration>
        <type>6</type>
        <step>37</step>
      </extensions>
    </rtept>
    <rtept lat="24.499307" lon="120.685342">
      <name>中山路, 苗37</name>
      <desc>Continue straight onto 中山路, 苗37</desc>
      <extensions>
        <distance>1730.4</distance>
        <duration>346.1</duration>
        <type>6</type>
        <step>37</step>
      </extensions>
    </rtept>
    <rtept lat="24.496927" lon="120.683502">
      <name>中山路, 苗37</name>
      <desc>Continue straight onto 中山路, 苗37</desc>
      <extensions>
        <distance>1730.4</distance>
        <duration>346.1</duration>
        <type>6</type>
        <step>37</step>
      </extensions>
    </rtept>
    <rtept lat="24.49648" lon="120.683145">
      <name>中山路, 苗37</name>
      <desc>Continue straight onto 中山路, 苗37</desc>
      <extensions>
        <distance>1730.4</distance>
        <duration>346.1</duration>
        <type>6</type>
        <step>37</step>
      </extensions>
    </rtept>
    <rtept lat="24.495189" lon="120.682113">
      <name>中山路, 苗37</name>
      <desc>Continue straight onto 中山路, 苗37</desc>
      <extensions>
        <distance>1730.4</distance>
        <duration>346.1</duration>
        <type>6</type>
        <step>37</step>
      </extensions>
    </rtept>
    <rtept lat="24.49442" lon="120.681482">
      <name>中山路, 苗37</name>
      <desc>Continue straight onto 中山路, 苗37</desc>
      <extensions>
        <distance>1730.4</distance>
        <duration>346.1</duration>
        <type>6</type>
        <step>37</step>
      </extensions>
    </rtept>
    <rtept lat="24.494188" lon="120.681252">
      <name>中山路, 苗37</name>
      <desc>Continue straight onto 中山路, 苗37</desc>
      <extensions>
        <distance>1730.4</distance>
        <duration>346.1</duration>
        <type>6</type>
        <step>37</step>
      </extensions>
    </rtept>
    <rtept lat="24.493227" lon="120.680206">
      <name>中山路, 苗37</name>
      <desc>Continue straight onto 中山路, 苗37</desc>
      <extensions>
        <distance>1730.4</distance>
        <duration>346.1</duration>
        <type>6</type>
        <step>37</step>
      </extensions>
    </rtept>
    <rtept lat="24.493053" lon="120.680077">
      <name>中山路, 苗37</name>
      <desc>Continue straight onto 中山路, 苗37</desc>
      <extensions>
        <distance>1730.4</distance>
        <duration>346.1</duration>
        <type>6</type>
        <step>37</step>
      </extensions>
    </rtept>
    <rtept lat="24.492858" lon="120.67998">
      <name>中山路, 苗37</name>
      <desc>Continue straight onto 中山路, 苗37</desc>
      <extensions>
        <distance>1730.4</distance>
        <duration>346.1</duration>
        <type>6</type>
        <step>37</step>
      </extensions>
    </rtept>
    <rtept lat="24.492084" lon="120.679661">
      <name>中山路, 苗37</name>
      <desc>Continue straight onto 中山路, 苗37</desc>
      <extensions>
        <distance>1730.4</distance>
        <duration>346.1</duration>
        <type>6</type>
        <step>37</step>
      </extensions>
    </rtept>
    <rtept lat="24.491856" lon="120.67951">
      <name>中山路, 苗37</name>
      <desc>Continue straight onto 中山路, 苗37</desc>
      <extensions>
        <distance>1730.4</distance>
        <duration>346.1</duration>
        <type>6</type>
        <step>37</step>
      </extensions>
    </rtept>
    <rtept lat="24.491412" lon="120.679155">
      <name>中山路, 苗37</name>
      <desc>Continue straight onto 中山路, 苗37</desc>
      <extensions>
        <distance>1730.4</distance>
        <duration>346.1</duration>
        <type>6</type>
        <step>37</step>
      </extensions>
    </rtept>
    <rtept lat="24.491163" lon="120.678943">
      <name>中山路, 苗37</name>
      <desc>Continue straight onto 中山路, 苗37</desc>
      <extensions>
        <distance>1730.4</distance>
        <duration>346.1</duration>
        <type>6</type>
        <step>37</step>
      </extensions>
    </rtept>
    <rtept lat="24.491048" lon="120.678871">
      <name>中山路, 121</name>
      <desc>Turn slight left onto 中山路, 121</desc>
      <extensions>
        <distance>305.4</distance>
        <duration>61.1</duration>
        <type>4</type>
        <step>38</step>
      </extensions>
    </rtept>
    <rtept lat="24.489749" lon="120.678421">
      <name>中山路, 121</name>
      <desc>Turn slight left onto 中山路, 121</desc>
      <extensions>
        <distance>305.4</distance>
        <duration>61.1</duration>
        <type>4</type>
        <step>38</step>
      </extensions>
    </rtept>
    <rtept lat="24.489298" lon="120.67826">
      <name>中山路, 121</name>
      <desc>Turn slight left onto 中山路, 121</desc>
      <extensions>
        <distance>305.4</distance>
        <duration>61.1</duration>
        <type>4</type>
        <step>38</step>
      </extensions>
    </rtept>
    <rtept lat="24.489127" lon="120.67822">
      <name>中山路, 121</name>
      <desc>Turn slight left onto 中山路, 121</desc>
      <extensions>
        <distance>305.4</distance>
        <duration>61.1</duration>
        <type>4</type>
        <step>38</step>
      </extensions>
    </rtept>
    <rtept lat="24.488905" lon="120.678163">
      <name>中山路, 121</name>
      <desc>Turn slight left onto 中山路, 121</desc>
      <extensions>
        <distance>305.4</distance>
        <duration>61.1</duration>
        <type>4</type>
        <step>38</step>
      </extensions>
    </rtept>
    <rtept lat="24.4884" lon="120.67821">
      <name>中山路, 苗37</name>
      <desc>Continue straight onto 中山路, 苗37</desc>
      <extensions>
        <distance>1130.5</distance>
        <duration>226.1</duration>
        <type>6</type>
        <step>39</step>
      </extensions>
    </rtept>
    <rtept lat="24.487434" lon="120.678355">
      <name>中山路, 苗37</name>
      <desc>Continue straight onto 中山路, 苗37</desc>
      <extensions>
        <distance>1130.5</distance>
        <duration>226.1</duration>
        <type>6</type>
        <step>39</step>
      </extensions>
    </rtept>
    <rtept lat="24.487175" lon="120.678393">
      <name>中山路, 苗37</name>
      <desc>Continue straight onto 中山路, 苗37</desc>
      <extensions>
        <distance>1130.5</distance>
        <duration>226.1</duration>
        <type>6</type>
        <step>39</step>
      </extensions>
    </rtept>
    <rtept lat="24.48696" lon="120.678396">
      <name>中山路, 苗37</name>
      <desc>Continue straight onto 中山路, 苗37</desc>
      <extensions>
        <distance>1130.5</distance>
        <duration>226.1</duration>
        <type>6</type>
        <step>39</step>
      </extensions>
    </rtept>
    <rtept lat="24.486796" lon="120.678369">
      <name>中山路, 苗37</name>
      <desc>Continue straight onto 中山路, 苗37</desc>
      <extensions>
        <distance>1130.5</distance>
        <duration>226.1</duration>
        <type>6</type>
        <step>39</step>
      </extensions>
    </rtept>
    <rtept lat="24.486427" lon="120.678157">
      <name>中山路, 苗37</name>
      <desc>Continue straight onto 中山路, 苗37</desc>
      <extensions>
        <distance>1130.5</distance>
        <duration>226.1</duration>
        <type>6</type>
        <step>39</step>
      </extensions>
    </rtept>
    <rtept lat="24.485969" lon="120.677604">
      <name>中山路, 苗37</name>
      <desc>Continue straight onto 中山路, 苗37</desc>
      <extensions>
        <distance>1130.5</distance>
        <duration>226.1</duration>
        <type>6</type>
        <step>39</step>
      </extensions>
    </rtept>
    <rtept lat="24.485312" lon="120.676624">
      <name>中山路, 苗37</name>
      <desc>Continue straight onto 中山路, 苗37</desc>
      <extensions>
        <distance>1130.5</distance>
        <duration>226.1</duration>
        <type>6</type>
        <step>39</step>
      </extensions>
    </rtept>
    <rtept lat="24.485" lon="120.676258">
      <name>中山路, 苗37</name>
      <desc>Continue straight onto 中山路, 苗37</desc>
      <extensions>
        <distance>1130.5</distance>
        <duration>226.1</duration>
        <type>6</type>
        <step>39</step>
      </extensions>
    </rtept>
    <rtept lat="24.484733" lon="120.676036">
      <name>中山路, 苗37</name>
      <desc>Continue straight onto 中山路, 苗37</desc>
      <extensions>
        <distance>1130.5</distance>
        <duration>226.1</duration>
        <type>6</type>
        <step>39</step>
      </extensions>
    </rtept>
    <rtept lat="24.484458" lon="120.675849">
      <name>中山路, 苗37</name>
      <desc>Continue straight onto 中山路, 苗37</desc>
      <extensions>
        <distance>1130.5</distance>
        <duration>226.1</duration>
        <type>6</type>
        <step>39</step>
      </extensions>
    </rtept>
    <rtept lat="24.484141" lon="120.675716">
      <name>中山路, 苗37</name>
      <desc>Continue straight onto 中山路, 苗37</desc>
      <extensions>
        <distance>1130.5</distance>
        <duration>226.1</duration>
        <type>6</type>
        <step>39</step>
      </extensions>
    </rtept>
    <rtept lat="24.483833" lon="120.675643">
      <name>中山路, 苗37</name>
      <desc>Continue straight onto 中山路, 苗37</desc>
      <extensions>
        <distance>1130.5</distance>
        <duration>226.1</duration>
        <type>6</type>
        <step>39</step>
      </extensions>
    </rtept>
    <rtept lat="24.48361" lon="120.675623">
      <name>中山路, 苗37</name>
      <desc>Continue straight onto 中山路, 苗37</desc>
      <extensions>
        <distance>1130.5</distance>
        <duration>226.1</duration>
        <type>6</type>
        <step>39</step>
      </extensions>
    </rtept>
    <rtept lat="24.48182" lon="120.675631">
      <name>中山路, 苗37</name>
      <desc>Continue straight onto 中山路, 苗37</desc>
      <extensions>
        <distance>1130.5</distance>
        <duration>226.1</duration>
        <type>6</type>
        <step>39</step>
      </extensions>
    </rtept>
    <rtept lat="24.480712" lon="120.675656">
      <name>中山路, 苗37</name>
      <desc>Continue straight onto 中山路, 苗37</desc>
      <extensions>
        <distance>1130.5</distance>
        <duration>226.1</duration>
        <type>6</type>
        <step>39</step>
      </extensions>
    </rtept>
    <rtept lat="24.480216" lon="120.675655">
      <name>中山路, 苗37</name>
      <desc>Continue straight onto 中山路, 苗37</desc>
      <extensions>
        <distance>1130.5</distance>
        <duration>226.1</duration>
        <type>6</type>
        <step>39</step>
      </extensions>
    </rtept>
    <rtept lat="24.479628" lon="120.675497">
      <name>中山路, 苗37</name>
      <desc>Continue straight onto 中山路, 苗37</desc>
      <extensions>
        <distance>1130.5</distance>
        <duration>226.1</duration>
        <type>6</type>
        <step>39</step>
      </extensions>
    </rtept>
    <rtept lat="24.479299" lon="120.675358">
      <name>中山路, 1</name>
      <desc>Turn slight right onto 中山路, 1</desc>
      <extensions>
        <distance>14896.0</distance>
        <duration>2979.2</duration>
        <type>5</type>
        <step>40</step>
      </extensions>
    </rtept>
    <rtept lat="24.479096" lon="120.675159">
      <name>中山路, 1</name>
      <desc>Turn slight right onto 中山路, 1</desc>
      <extensions>
        <distance>14896.0</distance>
        <duration>2979.2</duration>
        <type>5</type>
        <step>40</step>
      </extensions>
    </rtept>
    <rtept lat="24.47873" lon="120.674837">
      <name>中山路, 1</name>
      <desc>Turn slight right onto 中山路, 1</desc>
      <extensions>
        <distance>14896.0</distance>
        <duration>2979.2</duration>
        <type>5</type>
        <step>40</step>
      </extensions>
    </rtept>
    <rtept lat="24.478339" lon="120.674483">
      <name>中山路, 1</name>
      <desc>Turn slight right onto 中山路, 1</desc>
      <extensions>
        <distance>14896.0</distance>
        <duration>2979.2</duration>
        <type>5</type>
        <step>40</step>
      </extensions>
    </rtept>
    <rtept lat="24.478034" lon="120.674276">
      <name>中山路, 1</name>
      <desc>Turn slight right onto 中山路, 1</desc>
      <extensions>
        <distance>14896.0</distance>
        <duration>2979.2</duration>
        <type>5</type>
        <step>40</step>
      </extensions>
    </rtept>
    <rtept lat="24.477087" lon="120.673775">
      <name>中山路, 1</name>
      <desc>Turn slight right onto 中山路, 1</desc>
      <extensions>
        <distance>14896.0</distance>
        <duration>2979.2</duration>
        <type>5</type>
        <step>40</step>
      </extensions>
    </rtept>
    <rtept lat="24.47626" lon="120.673335">
      <name>中山路, 1</name>
      <desc>Turn slight right onto 中山路, 1</desc>
      <extensions>
        <distance>14896.0</distance>
        <duration>2979.2</duration>
        <type>5</type>
        <step>40</step>
      </extensions>
    </rtept>
    <rtept lat="24.47548" lon="120.672861">
      <name>中山路, 1</name>
      <desc>Turn slight right onto 中山路, 1</desc>
      <extensions>
        <distance>14896.0</distance>
        <duration>2979.2</duration>
        <type>5</type>
        <step>40</step>
      </extensions>
    </rtept>
    <rtept lat="24.475177" lon="120.67264">
      <name>中山路, 1</name>
      <desc>Turn slight right onto 中山路, 1</desc>
      <extensions>
        <distance>14896.0</distance>
        <duration>2979.2</duration>
        <type>5</type>
        <step>40</step>
      </extensions>
    </rtept>
    <rtept lat="24.474909" lon="120.672455">
      <name>中山路, 1</name>
      <desc>Turn slight right onto 中山路, 1</desc>
      <extensions>
        <distance>14896.0</distance>
        <duration>2979.2</duration>
        <type>5</type>
        <step>40</step>
      </extensions>
    </rtept>
    <rtept lat="24.474383" lon="120.672041">
      <name>中山路, 1</name>
      <desc>Turn slight right onto 中山路, 1</desc>
      <extensions>
        <distance>14896.0</distance>
        <duration>2979.2</duration>
        <type>5</type>
        <step>40</step>
      </extensions>
    </rtept>
    <rtept lat="24.474053" lon="120.671708">
      <name>中山路, 1</name>
      <desc>Turn slight right onto 中山路, 1</desc>
      <extensions>
        <distance>14896.0</distance>
        <duration>2979.2</duration>
        <type>5</type>
        <step>40</step>
      </extensions>
    </rtept>
    <rtept lat="24.473362" lon="120.670766">
      <name>中山路, 1</name>
      <desc>Turn slight right onto 中山路, 1</desc>
      <extensions>
        <distance>14896.0</distance>
        <duration>2979.2</duration>
        <type>5</type>
        <step>40</step>
      </extensions>
    </rtept>
    <rtept lat="24.472722" lon="120.669834">
      <name>中山路, 1</name>
      <desc>Turn slight right onto 中山路, 1</desc>
      <extensions>
        <distance>14896.0</distance>
        <duration>2979.2</duration>
        <type>5</type>
        <step>40</step>
      </extensions>
    </rtept>
    <rtept lat="24.471926" lon="120.668694">
      <name>中山路, 1</name>
      <desc>Turn slight right onto 中山路, 1</desc>
      <extensions>
        <distance>14896.0</distance>
        <duration>2979.2</duration>
        <type>5</type>
        <step>40</step>
      </extensions>
    </rtept>
    <rtept lat="24.471733" lon="120.668428">
      <name>中山路, 1</name>
      <desc>Turn slight right onto 中山路, 1</desc>
      <extensions>
        <distance>14896.0</distance>
        <duration>2979.2</duration>
        <type>5</type>
        <step>40</step>
      </extensions>
    </rtept>
    <rtept lat="24.471272" lon="120.667779">
      <name>中山路, 1</name>
      <desc>Turn slight right onto 中山路, 1</desc>
      <extensions>
        <distance>14896.0</distance>
        <duration>2979.2</duration>
        <type>5</type>
        <step>40</step>
      </extensions>
    </rtept>
    <rtept lat="24.470745" lon="120.667102">
      <name>中山路, 1</name>
      <desc>Turn slight right onto 中山路, 1</desc>
      <extensions>
        <distance>14896.0</distance>
        <duration>2979.2</duration>
        <type>5</type>
        <step>40</step>
      </extensions>
    </rtept>
    <rtept lat="24.470393" lon="120.666745">
      <name>中山路, 1</name>
      <desc>Turn slight right onto 中山路, 1</desc>
      <extensions>
        <distance>14896.0</distance>
        <duration>2979.2</duration>
        <type>5</type>
        <step>40</step>
      </extensions>
    </rtept>
    <rtept lat="24.470035" lon="120.666426">
      <name>中山路, 1</name>
      <desc>Turn slight right onto 中山路, 1</desc>
      <extensions>
        <distance>14896.0</distance>
        <duration>2979.2</duration>
        <type>5</type>
        <step>40</step>
      </extensions>
    </rtept>
    <rtept lat="24.469657" lon="120.666163">
      <name>中山路, 1</name>
      <desc>Turn slight right onto 中山路, 1</desc>
      <extensions>
        <distance>14896.0</distance>
        <duration>2979.2</duration>
        <type>5</type>
        <step>40</step>
      </extensions>
    </rtept>
    <rtept lat="24.468702" lon="120.66574">
      <name>中山路, 1</name>
      <desc>Turn slight right onto 中山路, 1</desc>
      <extensions>
        <distance>14896.0</distance>
        <duration>2979.2</duration>
        <type>5</type>
        <step>40</step>
      </extensions>
    </rtept>
    <rtept lat="24.468145" lon="120.665475">
      <name>中山路, 1</name>
      <desc>Turn slight right onto 中山路, 1</desc>
      <extensions>
        <distance>14896.0</distance>
        <duration>2979.2</duration>
        <type>5</type>
        <step>40</step>
      </extensions>
    </rtept>
    <rtept lat="24.467859" lon="120.665314">
      <name>中山路, 1</name>
      <desc>Turn slight right onto 中山路, 1</desc>
      <extensions>
        <distance>14896.0</distance>
        <duration>2979.2</duration>
        <type>5</type>
        <step>40</step>
      </extensions>
    </rtept>
    <rtept lat="24.466919" lon="120.664713">
      <name>中山路, 1</name>
      <desc>Turn slight right onto 中山路, 1</desc>
      <extensions>
        <distance>14896.0</distance>
        <duration>2979.2</duration>
        <type>5</type>
        <step>40</step>
      </extensions>
    </rtept>
    <rtept lat="24.466426" lon="120.664445">
      <name>中山路, 1</name>
      <desc>Turn slight right onto 中山路, 1</desc>
      <extensions>
        <distance>14896.0</distance>
        <duration>2979.2</duration>
        <type>5</type>
        <step>40</step>
      </extensions>
    </rtept>
    <rtept lat="24.466061" lon="120.664264">
      <name>中山路, 1</name>
      <desc>Turn slight right onto 中山路, 1</desc>
      <extensions>
        <distance>14896.0</distance>
        <duration>2979.2</duration>
        <type>5</type>
        <step>40</step>
      </extensions>
    </rtept>
    <rtept lat="24.465671" lon="120.664079">
      <name>中山路, 1</name>
      <desc>Turn slight right onto 中山路, 1</desc>
      <extensions>
        <distance>14896.0</distance>
        <duration>2979.2</duration>
        <type>5</type>
        <step>40</step>
      </extensions>
    </rtept>
    <rtept lat="24.465168" lon="120.663904">
      <name>中山路, 1</name>
      <desc>Turn slight right onto 中山路, 1</desc>
      <extensions>
        <distance>14896.0</distance>
        <duration>2979.2</duration>
        <type>5</type>
        <step>40</step>
      </extensions>
    </rtept>
    <rtept lat="24.46466" lon="120.663733">
      <name>中山路, 1</name>
      <desc>Turn slight right onto 中山路, 1</desc>
      <extensions>
        <distance>14896.0</distance>
        <duration>2979.2</duration>
        <type>5</type>
        <step>40</step>
      </extensions>
    </rtept>
    <rtept lat="24.464047" lon="120.663619">
      <name>中山路, 1</name>
      <desc>Turn slight right onto 中山路, 1</desc>
      <extensions>
        <distance>14896.0</distance>
        <duration>2979.2</duration>
        <type>5</type>
        <step>40</step>
      </extensions>
    </rtept>
    <rtept lat="24.463766" lon="120.663556">
      <name>中山路, 1</name>
      <desc>Turn slight right onto 中山路, 1</desc>
      <extensions>
        <distance>14896.0</distance>
        <duration>2979.2</duration>
        <type>5</type>
        <step>40</step>
      </extensions>
    </rtept>
    <rtept lat="24.462119" lon="120.66325">
      <name>中山路, 1</name>
      <desc>Turn slight right onto 中山路, 1</desc>
      <extensions>
        <distance>14896.0</distance>
        <duration>2979.2</duration>
        <type>5</type>
        <step>40</step>
      </extensions>
    </rtept>
    <rtept lat="24.461375" lon="120.663121">
      <name>中山路, 1</name>
      <desc>Turn slight right onto 中山路, 1</desc>
      <extensions>
        <distance>14896.0</distance>
        <duration>2979.2</duration>
        <type>5</type>
        <step>40</step>
      </extensions>
    </rtept>
    <rtept lat="24.46063" lon="120.662993">
      <name>中山路, 1</name>
      <desc>Turn slight right onto 中山路, 1</desc>
      <extensions>
        <distance>14896.0</distance>
        <duration>2979.2</duration>
        <type>5</type>
        <step>40</step>
      </extensions>
    </rtept>
    <rtept lat="24.459262" lon="120.662732">
      <name>中山路, 1</name>
      <desc>Turn slight right onto 中山路, 1</desc>
      <extensions>
        <distance>14896.0</distance>
        <duration>2979.2</duration>
        <type>5</type>
        <step>40</step>
      </extensions>
    </rtept>
    <rtept lat="24.45903" lon="120.662653">
      <name>中山路, 1</name>
      <desc>Turn slight right onto 中山路, 1</desc>
      <extensions>
        <distance>14896.0</distance>
        <duration>2979.2</duration>
        <type>5</type>
        <step>40</step>
      </extensions>
    </rtept>
    <rtept lat="24.4588" lon="120.662537">
      <name>中山路, 1</name>
      <desc>Turn slight right onto 中山路, 1</desc>
      <extensions>
        <distance>14896.0</distance>
        <duration>2979.2</duration>
        <type>5</type>
        <step>40</step>
      </extensions>
    </rtept>
    <rtept lat="24.458471" lon="120.662314">
      <name>中山路, 1</name>
      <desc>Turn slight right onto 中山路, 1</desc>
      <extensions>
        <distance>14896.0</distance>
        <duration>2979.2</duration>
        <type>5</type>
        <step>40</step>
      </extensions>
    </rtept>
    <rtept lat="24.458025" lon="120.661952">
      <name>中山路, 1</name>
      <desc>Turn slight right onto 中山路, 1</desc>
      <extensions>
        <distance>14896.0</distance>
        <duration>2979.2</duration>
        <type>5</type>
        <step>40</step>
      </extensions>
    </rtept>
    <rtept lat="24.457642" lon="120.661672">
      <name>中山路, 1</name>
      <desc>Turn slight right onto 中山路, 1</desc>
      <extensions>
        <distance>14896.0</distance>
        <duration>2979.2</duration>
        <type>5</type>
        <step>40</step>
      </extensions>
    </rtept>
    <rtept lat="24.457571" lon="120.66161">
      <name>中山路, 1</name>
      <desc>Turn slight right onto 中山路, 1</desc>
      <extensions>
        <distance>14896.0</distance>
        <duration>2979.2</duration>
        <type>5</type>
        <step>40</step>
      </extensions>
    </rtept>
    <rtept lat="24.457391" lon="120.661456">
      <name>中山路, 1</name>
      <desc>Turn slight right onto 中山路, 1</desc>
      <extensions>
        <distance>14896.0</distance>
        <duration>2979.2</duration>
        <type>5</type>
        <step>40</step>
      </extensions>
    </rtept>
    <rtept lat="24.457212" lon="120.66127">
      <name>中山路, 1</name>
      <desc>Turn slight right onto 中山路, 1</desc>
      <extensions>
        <distance>14896.0</distance>
        <duration>2979.2</duration>
        <type>5</type>
        <step>40</step>
      </extensions>
    </rtept>
    <rtept lat="24.456818" lon="120.660795">
      <name>中山路, 1</name>
      <desc>Turn slight right onto 中山路, 1</desc>
      <extensions>
        <distance>14896.0</distance>
        <duration>2979.2</duration>
        <type>5</type>
        <step>40</step>
      </extensions>
    </rtept>
    <rtept lat="24.456523" lon="120.660463">
      <name>中山路, 1</name>
      <desc>Turn slight right onto 中山路, 1</desc>
      <extensions>
        <distance>14896.0</distance>
        <duration>2979.2</duration>
        <type>5</type>
        <step>40</step>
      </extensions>
    </rtept>
    <rtept lat="24.45633" lon="120.660304">
      <name>中山路, 1</name>
      <desc>Turn slight right onto 中山路, 1</desc>
      <extensions>
        <distance>14896.0</distance>
        <duration>2979.2</duration>
        <type>5</type>
        <step>40</step>
      </extensions>
    </rtept>
    <rtept lat="24.454923" lon="120.659339">
      <name>中山路, 1</name>
      <desc>Turn slight right onto 中山路, 1</desc>
      <extensions>
        <distance>14896.0</distance>
        <duration>2979.2</duration>
        <type>5</type>
        <step>40</step>
      </extensions>
    </rtept>
    <rtept lat="24.454384" lon="120.658992">
      <name>中山路, 1</name>
      <desc>Turn slight right onto 中山路, 1</desc>
      <extensions>
        <distance>14896.0</distance>
        <duration>2979.2</duration>
        <type>5</type>
        <step>40</step>
      </extensions>
    </rtept>
    <rtept lat="24.453952" lon="120.658588">
      <name>中山路, 1</name>
      <desc>Turn slight right onto 中山路, 1</desc>
      <extensions>
        <distance>14896.0</distance>
        <duration>2979.2</duration>
        <type>5</type>
        <step>40</step>
      </extensions>
    </rtept>
    <rtept lat="24.452599" lon="120.657926">
      <name>中山路, 1</name>
      <desc>Turn slight right onto 中山路, 1</desc>
      <extensions>
        <distance>14896.0</distance>
        <duration>2979.2</duration>
        <type>5</type>
        <step>40</step>
      </extensions>
    </rtept>
    <rtept lat="24.452085" lon="120.657701">
      <name>中山路, 1</name>
      <desc>Turn slight right onto 中山路, 1</desc>
      <extensions>
        <distance>14896.0</distance>
        <duration>2979.2</duration>
        <type>5</type>
        <step>40</step>
      </extensions>
    </rtept>
    <rtept lat="24.45146" lon="120.657374">
      <name>中山路, 1</name>
      <desc>Turn slight right onto 中山路, 1</desc>
      <extensions>
        <distance>14896.0</distance>
        <duration>2979.2</duration>
        <type>5</type>
        <step>40</step>
      </extensions>
    </rtept>
    <rtept lat="24.45118" lon="120.657218">
      <name>中山路, 1</name>
      <desc>Turn slight right onto 中山路, 1</desc>
      <extensions>
        <distance>14896.0</distance>
        <duration>2979.2</duration>
        <type>5</type>
        <step>40</step>
      </extensions>
    </rtept>
    <rtept lat="24.451016" lon="120.657087">
      <name>中山路, 1</name>
      <desc>Turn slight right onto 中山路, 1</desc>
      <extensions>
        <distance>14896.0</distance>
        <duration>2979.2</duration>
        <type>5</type>
        <step>40</step>
      </extensions>
    </rtept>
    <rtept lat="24.450845" lon="120.656921">
      <name>中山路, 1</name>
      <desc>Turn slight right onto 中山路, 1</desc>
      <extensions>
        <distance>14896.0</distance>
        <duration>2979.2</duration>
        <type>5</type>
        <step>40</step>
      </extensions>
    </rtept>
    <rtept lat="24.450776" lon="120.656697">
      <name>中山路, 1</name>
      <desc>Turn slight right onto 中山路, 1</desc>
      <extensions>
        <distance>14896.0</distance>
        <duration>2979.2</duration>
        <type>5</type>
        <step>40</step>
      </extensions>
    </rtept>
    <rtept lat="24.450378" lon="120.655427">
      <name>中山路, 1</name>
      <desc>Turn slight right onto 中山路, 1</desc>
      <extensions>
        <distance>14896.0</distance>
        <duration>2979.2</duration>
        <type>5</type>
        <step>40</step>
      </extensions>
    </rtept>
    <rtept lat="24.450286" lon="120.655138">
      <name>中山路, 1</name>
      <desc>Turn slight right onto 中山路, 1</desc>
      <extensions>
        <distance>14896.0</distance>
        <duration>2979.2</duration>
        <type>5</type>
        <step>40</step>
      </extensions>
    </rtept>
    <rtept lat="24.449798" lon="120.65345">
      <name>中山路, 1</name>
      <desc>Turn slight right onto 中山路, 1</desc>
      <extensions>
        <distance>14896.0</distance>
        <duration>2979.2</duration>
        <type>5</type>
        <step>40</step>
      </extensions>
    </rtept>
    <rtept lat="24.449716" lon="120.653105">
      <name>中山路, 1</name>
      <desc>Turn slight right onto 中山路, 1</desc>
      <extensions>
        <distance>14896.0</distance>
        <duration>2979.2</duration>
        <type>5</type>
        <step>40</step>
      </extensions>
    </rtept>
    <rtept lat="24.449322" lon="120.651784">
      <name>中山路, 1</name>
      <desc>Turn slight right onto 中山路, 1</desc>
      <extensions>
        <distance>14896.0</distance>
        <duration>2979.2</duration>
        <type>5</type>
        <step>40</step>
      </extensions>
    </rtept>
    <rtept lat="24.449148" lon="120.651311">
      <name>中山路, 1</name>
      <desc>Turn slight right onto 中山路, 1</desc>
      <extensions>
        <distance>14896.0</distance>
        <duration>2979.2</duration>
        <type>5</type>
        <step>40</step>
      </extensions>
    </rtept>
    <rtept lat="24.448956" lon="120.650924">
      <name>中山路, 1</name>
      <desc>Turn slight right onto 中山路, 1</desc>
      <extensions>
        <distance>14896.0</distance>
        <duration>2979.2</duration>
        <type>5</type>
        <step>40</step>
      </extensions>
    </rtept>
    <rtept lat="24.448744" lon="120.650628">
      <name>中山路, 1</name>
      <desc>Turn slight right onto 中山路, 1</desc>
      <extensions>
        <distance>14896.0</distance>
        <duration>2979.2</duration>
        <type>5</type>
        <step>40</step>
      </extensions>
    </rtept>
    <rtept lat="24.448477" lon="120.650375">
      <name>中山路, 1</name>
      <desc>Turn slight right onto 中山路, 1</desc>
      <extensions>
        <distance>14896.0</distance>
        <duration>2979.2</duration>
        <type>5</type>
        <step>40</step>
      </extensions>
    </rtept>
    <rtept lat="24.447928" lon="120.650075">
      <name>中山路, 1</name>
      <desc>Turn slight right onto 中山路, 1</desc>
      <extensions>
        <distance>14896.0</distance>
        <duration>2979.2</duration>
        <type>5</type>
        <step>40</step>
      </extensions>
    </rtept>
    <rtept lat="24.447827" lon="120.65003">
      <name>中山路, 1</name>
      <desc>Turn slight right onto 中山路, 1</desc>
      <extensions>
        <distance>14896.0</distance>
        <duration>2979.2</duration>
        <type>5</type>
        <step>40</step>
      </extensions>
    </rtept>
    <rtept lat="24.447689" lon="120.649963">
      <name>中山路, 1</name>
      <desc>Turn slight right onto 中山路, 1</desc>
      <extensions>
        <distance>14896.0</distance>
        <duration>2979.2</duration>
        <type>5</type>
        <step>40</step>
      </extensions>
    </rtept>
    <rtept lat="24.447022" lon="120.649649">
      <name>中山路, 1</name>
      <desc>Turn slight right onto 中山路, 1</desc>
      <extensions>
        <distance>14896.0</distance>
        <duration>2979.2</duration>
        <type>5</type>
        <step>40</step>
      </extensions>
    </rtept>
    <rtept lat="24.444613" lon="120.648627">
      <name>中山路, 1</name>
      <desc>Turn slight right onto 中山路, 1</desc>
      <extensions>
        <distance>14896.0</distance>
        <duration>2979.2</duration>
        <type>5</type>
        <step>40</step>
      </extensions>
    </rtept>
    <rtept lat="24.443298" lon="120.648042">
      <name>中山路, 1</name>
      <desc>Turn slight right onto 中山路, 1</desc>
      <extensions>
        <distance>14896.0</distance>
        <duration>2979.2</duration>
        <type>5</type>
        <step>40</step>
      </extensions>
    </rtept>
    <rtept lat="24.442189" lon="120.647541">
      <name>中山路, 1</name>
      <desc>Turn slight right onto 中山路, 1</desc>
      <extensions>
        <distance>14896.0</distance>
        <duration>2979.2</duration>
        <type>5</type>
        <step>40</step>
      </extensions>
    </rtept>
    <rtept lat="24.440284" lon="120.646729">
      <name>中山路, 1</name>
      <desc>Turn slight right onto 中山路, 1</desc>
      <extensions>
        <distance>14896.0</distance>
        <duration>2979.2</duration>
        <type>5</type>
        <step>40</step>
      </extensions>
    </rtept>
    <rtept lat="24.439114" lon="120.646221">
      <name>中山路, 1</name>
      <desc>Turn slight right onto 中山路, 1</desc>
      <extensions>
        <distance>14896.0</distance>
        <duration>2979.2</duration>
        <type>5</type>
        <step>40</step>
      </extensions>
    </rtept>
    <rtept lat="24.436202" lon="120.644954">
      <name>中山路, 1</name>
      <desc>Turn slight right onto 中山路, 1</desc>
      <extensions>
        <distance>14896.0</distance>
        <duration>2979.2</duration>
        <type>5</type>
        <step>40</step>
      </extensions>
    </rtept>
    <rtept lat="24.435787" lon="120.644764">
      <name>中山路, 1</name>
      <desc>Turn slight right onto 中山路, 1</desc>
      <extensions>
        <distance>14896.0</distance>
        <duration>2979.2</duration>
        <type>5</type>
        <step>40</step>
      </extensions>
    </rtept>
    <rtept lat="24.435546" lon="120.644681">
      <name>中山路, 1</name>
      <desc>Turn slight right onto 中山路, 1</desc>
      <extensions>
        <distance>14896.0</distance>
        <duration>2979.2</duration>
        <type>5</type>
        <step>40</step>
      </extensions>
    </rtept>
    <rtept lat="24.435348" lon="120.644665">
      <name>中山路, 1</name>
      <desc>Turn slight right onto 中山路, 1</desc>
      <extensions>
        <distance>14896.0</distance>
        <duration>2979.2</duration>
        <type>5</type>
        <step>40</step>
      </extensions>
    </rtept>
    <rtept lat="24.435132" lon="120.644679">
      <name>中山路, 1</name>
      <desc>Turn slight right onto 中山路, 1</desc>
      <extensions>
        <distance>14896.0</distance>
        <duration>2979.2</duration>
        <type>5</type>
        <step>40</step>
      </extensions>
    </rtept>
    <rtept lat="24.434216" lon="120.645094">
      <name>中山路, 1</name>
      <desc>Turn slight right onto 中山路, 1</desc>
      <extensions>
        <distance>14896.0</distance>
        <duration>2979.2</duration>
        <type>5</type>
        <step>40</step>
      </extensions>
    </rtept>
    <rtept lat="24.43326" lon="120.645497">
      <name>中山路, 1</name>
      <desc>Turn slight right onto 中山路, 1</desc>
      <extensions>
        <distance>14896.0</distance>
        <duration>2979.2</duration>
        <type>5</type>
        <step>40</step>
      </extensions>
    </rtept>
    <rtept lat="24.433029" lon="120.64558">
      <name>中山路, 1</name>
      <desc>Turn slight right onto 中山路, 1</desc>
      <extensions>
        <distance>14896.0</distance>
        <duration>2979.2</duration>
        <type>5</type>
        <step>40</step>
      </extensions>
    </rtept>
    <rtept lat="24.432324" lon="120.64588">
      <name>中山路, 1</name>
      <desc>Turn slight right onto 中山路, 1</desc>
      <extensions>
        <distance>14896.0</distance>
        <duration>2979.2</duration>
        <type>5</type>
        <step>40</step>
      </extensions>
    </rtept>
    <rtept lat="24.432188" lon="120.645924">
      <name>中山路, 1</name>
      <desc>Turn slight right onto 中山路, 1</desc>
      <extensions>
        <distance>14896.0</distance>
        <duration>2979.2</duration>
        <type>5</type>
        <step>40</step>
      </extensions>
    </rtept>
    <rtept lat="24.432011" lon="120.645935">
      <name>中山路, 1</name>
      <desc>Turn slight right onto 中山路, 1</desc>
      <extensions>
        <distance>14896.0</distance>
        <duration>2979.2</duration>
        <type>5</type>
        <step>40</step>
      </extensions>
    </rtept>
    <rtept lat="24.431906" lon="120.6459">
      <name>中山路, 1</name>
      <desc>Turn slight right onto 中山路, 1</desc>
      <extensions>
        <distance>14896.0</distance>
        <duration>2979.2</duration>
        <type>5</type>
        <step>40</step>
      </extensions>
    </rtept>
    <rtept lat="24.431754" lon="120.645851">
      <name>中山路, 1</name>
      <desc>Turn slight right onto 中山路, 1</desc>
      <extensions>
        <distance>14896.0</distance>
        <duration>2979.2</duration>
        <type>5</type>
        <step>40</step>
      </extensions>
    </rtept>
    <rtept lat="24.431498" lon="120.645732">
      <name>中山路, 1</name>
      <desc>Turn slight right onto 中山路, 1</desc>
      <extensions>
        <distance>14896.0</distance>
        <duration>2979.2</duration>
        <type>5</type>
        <step>40</step>
      </extensions>
    </rtept>
    <rtept lat="24.430758" lon="120.645301">
      <name>中山路, 1</name>
      <desc>Turn slight right onto 中山路, 1</desc>
      <extensions>
        <distance>14896.0</distance>
        <duration>2979.2</duration>
        <type>5</type>
        <step>40</step>
      </extensions>
    </rtept>
    <rtept lat="24.42992" lon="120.644822">
      <name>中山路, 1</name>
      <desc>Turn slight right onto 中山路, 1</desc>
      <extensions>
        <distance>14896.0</distance>
        <duration>2979.2</duration>
        <type>5</type>
        <step>40</step>
      </extensions>
    </rtept>
    <rtept lat="24.429268" lon="120.64445">
      <name>中山路, 1</name>
      <desc>Turn slight right onto 中山路, 1</desc>
      <extensions>
        <distance>14896.0</distance>
        <duration>2979.2</duration>
        <type>5</type>
        <step>40</step>
      </extensions>
    </rtept>
    <rtept lat="24.42915" lon="120.644379">
      <name>中山路, 1</name>
      <desc>Turn slight right onto 中山路, 1</desc>
      <extensions>
        <distance>14896.0</distance>
        <duration>2979.2</duration>
        <type>5</type>
        <step>40</step>
      </extensions>
    </rtept>
    <rtept lat="24.428874" lon="120.644246">
      <name>中山路, 1</name>
      <desc>Turn slight right onto 中山路, 1</desc>
      <extensions>
        <distance>14896.0</distance>
        <duration>2979.2</duration>
        <type>5</type>
        <step>40</step>
      </extensions>
    </rtept>
    <rtept lat="24.428331" lon="120.644028">
      <name>中山路, 1</name>
      <desc>Turn slight right onto 中山路, 1</desc>
      <extensions>
        <distance>14896.0</distance>
        <duration>2979.2</duration>
        <type>5</type>
        <step>40</step>
      </extensions>
    </rtept>
    <rtept lat="24.427283" lon="120.643818">
      <name>中山路, 1</name>
      <desc>Turn slight right onto 中山路, 1</desc>
      <extensions>
        <distance>14896.0</distance>
        <duration>2979.2</duration>
        <type>5</type>
        <step>40</step>
      </extensions>
    </rtept>
    <rtept lat="24.426454" lon="120.643645">
      <name>中山路, 1</name>
      <desc>Turn slight right onto 中山路, 1</desc>
      <extensions>
        <distance>14896.0</distance>
        <duration>2979.2</duration>
        <type>5</type>
        <step>40</step>
      </extensions>
    </rtept>
    <rtept lat="24.425113" lon="120.643438">
      <name>中山路, 1</name>
      <desc>Turn slight right onto 中山路, 1</desc>
      <extensions>
        <distance>14896.0</distance>
        <duration>2979.2</duration>
        <type>5</type>
        <step>40</step>
      </extensions>
    </rtept>
    <rtept lat="24.424465" lon="120.643354">
      <name>中山路, 1</name>
      <desc>Turn slight right onto 中山路, 1</desc>
      <extensions>
        <distance>14896.0</distance>
        <duration>2979.2</duration>
        <type>5</type>
        <step>40</step>
      </extensions>
    </rtept>
    <rtept lat="24.424339" lon="120.643338">
      <name>中山路, 1</name>
      <desc>Turn slight right onto 中山路, 1</desc>
      <extensions>
        <distance>14896.0</distance>
        <duration>2979.2</duration>
        <type>5</type>
        <step>40</step>
      </extensions>
    </rtept>
    <rtept lat="24.422926" lon="120.643201">
      <name>中山路, 1</name>
      <desc>Turn slight right onto 中山路, 1</desc>
      <extensions>
        <distance>14896.0</distance>
        <duration>2979.2</duration>
        <type>5</type>
        <step>40</step>
      </extensions>
    </rtept>
    <rtept lat="24.422649" lon="120.643173">
      <name>中山路, 1</name>
      <desc>Turn slight right onto 中山路, 1</desc>
      <extensions>
        <distance>14896.0</distance>
        <duration>2979.2</duration>
        <type>5</type>
        <step>40</step>
      </extensions>
    </rtept>
    <rtept lat="24.422246" lon="120.64314">
      <name>中山路, 1</name>
      <desc>Turn slight right onto 中山路, 1</desc>
      <extensions>
        <distance>14896.0</distance>
        <duration>2979.2</duration>
        <type>5</type>
        <step>40</step>
      </extensions>
    </rtept>
    <rtept lat="24.42198" lon="120.643112">
      <name>中山路, 1</name>
      <desc>Turn slight right onto 中山路, 1</desc>
      <extensions>
        <distance>14896.0</distance>
        <duration>2979.2</duration>
        <type>5</type>
        <step>40</step>
      </extensions>
    </rtept>
    <rtept lat="24.421248" lon="120.643027">
      <name>中山路, 1</name>
      <desc>Turn slight right onto 中山路, 1</desc>
      <extensions>
        <distance>14896.0</distance>
        <duration>2979.2</duration>
        <type>5</type>
        <step>40</step>
      </extensions>
    </rtept>
    <rtept lat="24.420456" lon="120.642938">
      <name>中山路, 1</name>
      <desc>Turn slight right onto 中山路, 1</desc>
      <extensions>
        <distance>14896.0</distance>
        <duration>2979.2</duration>
        <type>5</type>
        <step>40</step>
      </extensions>
    </rtept>
    <rtept lat="24.419035" lon="120.642799">
      <name>中山路, 1</name>
      <desc>Turn slight right onto 中山路, 1</desc>
      <extensions>
        <distance>14896.0</distance>
        <duration>2979.2</duration>
        <type>5</type>
        <step>40</step>
      </extensions>
    </rtept>
    <rtept lat="24.418807" lon="120.642776">
      <name>中山路, 1</name>
      <desc>Turn slight right onto 中山路, 1</desc>
      <extensions>
        <distance>14896.0</distance>
        <duration>2979.2</duration>
        <type>5</type>
        <step>40</step>
      </extensions>
    </rtept>
    <rtept lat="24.418135" lon="120.64271">
      <name>中山路, 1</name>
      <desc>Turn slight right onto 中山路, 1</desc>
      <extensions>
        <distance>14896.0</distance>
        <duration>2979.2</duration>
        <type>5</type>
        <step>40</step>
      </extensions>
    </rtept>
    <rtept lat="24.417461" lon="120.642702">
      <name>中山路, 1</name>
      <desc>Turn slight right onto 中山路, 1</desc>
      <extensions>
        <distance>14896.0</distance>
        <duration>2979.2</duration>
        <type>5</type>
        <step>40</step>
      </extensions>
    </rtept>
    <rtept lat="24.416183" lon="120.642799">
      <name>中山路, 1</name>
      <desc>Turn slight right onto 中山路, 1</desc>
      <extensions>
        <distance>14896.0</distance>
        <duration>2979.2</duration>
        <type>5</type>
        <step>40</step>
      </extensions>
    </rtept>
    <rtept lat="24.415592" lon="120.642854">
      <name>中山路, 1</name>
      <desc>Turn slight right onto 中山路, 1</desc>
      <extensions>
        <distance>14896.0</distance>
        <duration>2979.2</duration>
        <type>5</type>
        <step>40</step>
      </extensions>
    </rtept>
    <rtept lat="24.415243" lon="120.642887">
      <name>中山路, 1</name>
      <desc>Turn slight right onto 中山路, 1</desc>
      <extensions>
        <distance>14896.0</distance>
        <duration>2979.2</duration>
        <type>5</type>
        <step>40</step>
      </extensions>
    </rtept>
    <rtept lat="24.414599" lon="120.642945">
      <name>中山路, 1</name>
      <desc>Turn slight right onto 中山路, 1</desc>
      <extensions>
        <distance>14896.0</distance>
        <duration>2979.2</duration>
        <type>5</type>
        <step>40</step>
      </extensions>
    </rtept>
    <rtept lat="24.414207" lon="120.642981">
      <name>中山路, 1</name>
      <desc>Turn slight right onto 中山路, 1</desc>
      <extensions>
        <distance>14896.0</distance>
        <duration>2979.2</duration>
        <type>5</type>
        <step>40</step>
      </extensions>
    </rtept>
    <rtept lat="24.412615" lon="120.643126">
      <name>中山路, 1</name>
      <desc>Turn slight right onto 中山路, 1</desc>
      <extensions>
        <distance>14896.0</distance>
        <duration>2979.2</duration>
        <type>5</type>
        <step>40</step>
      </extensions>
    </rtept>
    <rtept lat="24.411844" lon="120.643205">
      <name>中山路, 1</name>
      <desc>Turn slight right onto 中山路, 1</desc>
      <extensions>
        <distance>14896.0</distance>
        <duration>2979.2</duration>
        <type>5</type>
        <step>40</step>
      </extensions>
    </rtept>
    <rtept lat="24.411586" lon="120.643231">
      <name>中山路, 1</name>
      <desc>Turn slight right onto 中山路, 1</desc>
      <extensions>
        <distance>14896.0</distance>
        <duration>2979.2</duration>
        <type>5</type>
        <step>40</step>
      </extensions>
    </rtept>
    <rtept lat="24.410593" lon="120.643332">
      <name>中山路, 1</name>
      <desc>Turn slight right onto 中山路, 1</desc>
      <extensions>
        <distance>14896.0</distance>
        <duration>2979.2</duration>
        <type>5</type>
        <step>40</step>
      </extensions>
    </rtept>
    <rtept lat="24.409711" lon="120.643379">
      <name>中山路, 1</name>
      <desc>Turn slight right onto 中山路, 1</desc>
      <extensions>
        <distance>14896.0</distance>
        <duration>2979.2</duration>
        <type>5</type>
        <step>40</step>
      </extensions>
    </rtept>
    <rtept lat="24.409525" lon="120.643375">
      <name>中山路, 1</name>
      <desc>Turn slight right onto 中山路, 1</desc>
      <extensions>
        <distance>14896.0</distance>
        <duration>2979.2</duration>
        <type>5</type>
        <step>40</step>
      </extensions>
    </rtept>
    <rtept lat="24.409291" lon="120.643383">
      <name>中山路, 1</name>
      <desc>Turn slight right onto 中山路, 1</desc>
      <extensions>
        <distance>14896.0</distance>
        <duration>2979.2</duration>
        <type>5</type>
        <step>40</step>
      </extensions>
    </rtept>
    <rtept lat="24.408743" lon="120.643315">
      <name>中山路, 1</name>
      <desc>Turn slight right onto 中山路, 1</desc>
      <extensions>
        <distance>14896.0</distance>
        <duration>2979.2</duration>
        <type>5</type>
        <step>40</step>
      </extensions>
    </rtept>
    <rtept lat="24.408453" lon="120.643238">
      <name>中山路, 1</name>
      <desc>Turn slight right onto 中山路, 1</desc>
      <extensions>
        <distance>14896.0</distance>
        <duration>2979.2</duration>
        <type>5</type>
        <step>40</step>
      </extensions>
    </rtept>
    <rtept lat="24.407886" lon="120.643036">
      <name>中山路, 1</name>
      <desc>Turn slight right onto 中山路, 1</desc>
      <extensions>
        <distance>14896.0</distance>
        <duration>2979.2</duration>
        <type>5</type>
        <step>40</step>
      </extensions>
    </rtept>
    <rtept lat="24.407232" lon="120.642748">
      <name>中山路, 1</name>
      <desc>Turn slight right onto 中山路, 1</desc>
      <extensions>
        <distance>14896.0</distance>
        <duration>2979.2</duration>
        <type>5</type>
        <step>40</step>
      </extensions>
    </rtept>
    <rtept lat="24.406281" lon="120.642353">
      <name>中山路, 1</name>
      <desc>Turn slight right onto 中山路, 1</desc>
      <extensions>
        <distance>14896.0</distance>
        <duration>2979.2</duration>
        <type>5</type>
        <step>40</step>
      </extensions>
    </rtept>
    <rtept lat="24.404482" lon="120.641575">
      <name>中山路, 1</name>
      <desc>Turn slight right onto 中山路, 1</desc>
      <extensions>
        <distance>14896.0</distance>
        <duration>2979.2</duration>
        <type>5</type>
        <step>40</step>
      </extensions>
    </rtept>
    <rtept lat="24.403944" lon="120.641339">
      <name>中山路, 1</name>
      <desc>Turn slight right onto 中山路, 1</desc>
      <extensions>
        <distance>14896.0</distance>
        <duration>2979.2</duration>
        <type>5</type>
        <step>40</step>
      </extensions>
    </rtept>
    <rtept lat="24.403623" lon="120.641259">
      <name>中山路, 1</name>
      <desc>Turn slight right onto 中山路, 1</desc>
      <extensions>
        <distance>14896.0</distance>
        <duration>2979.2</duration>
        <type>5</type>
        <step>40</step>
      </extensions>
    </rtept>
    <rtept lat="24.403181" lon="120.641201">
      <name>中山路, 1</name>
      <desc>Turn slight right onto 中山路, 1</desc>
      <extensions>
        <distance>14896.0</distance>
        <duration>2979.2</duration>
        <type>5</type>
        <step>40</step>
      </extensions>
    </rtept>
    <rtept lat="24.402669" lon="120.641256">
      <name>中山路, 1</name>
      <desc>Turn slight right onto 中山路, 1</desc>
      <extensions>
        <distance>14896.0</distance>
        <duration>2979.2</duration>
        <type>5</type>
        <step>40</step>
      </extensions>
    </rtept>
    <rtept lat="24.402254" lon="120.641377">
      <name>中山路, 1</name>
      <desc>Turn slight right onto 中山路, 1</desc>
      <extensions>
        <distance>14896.0</distance>
        <duration>2979.2</duration>
        <type>5</type>
        <step>40</step>
      </extensions>
    </rtept>
    <rtept lat="24.402082" lon="120.641463">
      <name>中山路, 1</name>
      <desc>Turn slight right onto 中山路, 1</desc>
      <extensions>
        <distance>14896.0</distance>
        <duration>2979.2</duration>
        <type>5</type>
        <step>40</step>
      </extensions>
    </rtept>
    <rtept lat="24.401634" lon="120.641761">
      <name>中山路, 1</name>
      <desc>Turn slight right onto 中山路, 1</desc>
      <extensions>
        <distance>14896.0</distance>
        <duration>2979.2</duration>
        <type>5</type>
        <step>40</step>
      </extensions>
    </rtept>
    <rtept lat="24.401348" lon="120.642021">
      <name>中山路, 1</name>
      <desc>Turn slight right onto 中山路, 1</desc>
      <extensions>
        <distance>14896.0</distance>
        <duration>2979.2</duration>
        <type>5</type>
        <step>40</step>
      </extensions>
    </rtept>
    <rtept lat="24.400882" lon="120.642485">
      <name>中山路, 1</name>
      <desc>Turn slight right onto 中山路, 1</desc>
      <extensions>
        <distance>14896.0</distance>
        <duration>2979.2</duration>
        <type>5</type>
        <step>40</step>
      </extensions>
    </rtept>
    <rtept lat="24.400285" lon="120.64318">
      <name>中山路, 1</name>
      <desc>Turn slight right onto 中山路, 1</desc>
      <extensions>
        <distance>14896.0</distance>
        <duration>2979.2</duration>
        <type>5</type>
        <step>40</step>
      </extensions>
    </rtept>
    <rtept lat="24.398522" lon="120.64525">
      <name>中山路, 1</name>
      <desc>Turn slight right onto 中山路, 1</desc>
      <extensions>
        <distance>14896.0</distance>
        <duration>2979.2</duration>
        <type>5</type>
        <step>40</step>
      </extensions>
    </rtept>
    <rtept lat="24.398175" lon="120.645613">
      <name>中山路, 1</name>
      <desc>Turn slight right onto 中山路, 1</desc>
      <extensions>
        <distance>14896.0</distance>
        <duration>2979.2</duration>
        <type>5</type>
        <step>40</step>
      </extensions>
    </rtept>
    <rtept lat="24.397171" lon="120.646838">
      <name>中山路, 1</name>
      <desc>Turn slight right onto 中山路, 1</desc>
      <extensions>
        <distance>14896.0</distance>
        <duration>2979.2</duration>
        <type>5</type>
        <step>40</step>
      </extensions>
    </rtept>
    <rtept lat="24.39614" lon="120.647758">
      <name>中山路, 1</name>
      <desc>Turn slight right onto 中山路, 1</desc>
      <extensions>
        <distance>14896.0</distance>
        <duration>2979.2</duration>
        <type>5</type>
        <step>40</step>
      </extensions>
    </rtept>
    <rtept lat="24.39583" lon="120.647986">
      <name>中山路, 1</name>
      <desc>Turn slight right onto 中山路, 1</desc>
      <extensions>
        <distance>14896.0</distance>
        <duration>2979.2</duration>
        <type>5</type>
        <step>40</step>
      </extensions>
    </rtept>
    <rtept lat="24.39529" lon="120.648359">
      <name>中山路, 1</name>
      <desc>Turn slight right onto 中山路, 1</desc>
      <extensions>
        <distance>14896.0</distance>
        <duration>2979.2</duration>
        <type>5</type>
        <step>40</step>
      </extensions>
    </rtept>
    <rtept lat="24.394279" lon="120.648871">
      <name>中山路, 1</name>
      <desc>Turn slight right onto 中山路, 1</desc>
      <extensions>
        <distance>14896.0</distance>
        <duration>2979.2</duration>
        <type>5</type>
        <step>40</step>
      </extensions>
    </rtept>
    <rtept lat="24.393884" lon="120.649">
      <name>中山路, 1</name>
      <desc>Turn slight right onto 中山路, 1</desc>
      <extensions>
        <distance>14896.0</distance>
        <duration>2979.2</duration>
        <type>5</type>
        <step>40</step>
      </extensions>
    </rtept>
    <rtept lat="24.39169" lon="120.649834">
      <name>中山路, 1</name>
      <desc>Turn slight right onto 中山路, 1</desc>
      <extensions>
        <distance>14896.0</distance>
        <duration>2979.2</duration>
        <type>5</type>
        <step>40</step>
      </extensions>
    </rtept>
    <rtept lat="24.391656" lon="120.649843">
      <name>中山路, 1</name>
      <desc>Turn slight right onto 中山路, 1</desc>
      <extensions>
        <distance>14896.0</distance>
        <duration>2979.2</duration>
        <type>5</type>
        <step>40</step>
      </extensions>
    </rtept>
    <rtept lat="24.39012" lon="120.650448">
      <name>中山路, 1</name>
      <desc>Turn slight right onto 中山路, 1</desc>
      <extensions>
        <distance>14896.0</distance>
        <duration>2979.2</duration>
        <type>5</type>
        <step>40</step>
      </extensions>
    </rtept>
    <rtept lat="24.388731" lon="120.650952">
      <name>中山路, 1</name>
      <desc>Turn slight right onto 中山路, 1</desc>
      <extensions>
        <distance>14896.0</distance>
        <duration>2979.2</duration>
        <type>5</type>
        <step>40</step>
      </extensions>
    </rtept>
    <rtept lat="24.38843" lon="120.651045">
      <name>中山路, 1</name>
      <desc>Turn slight right onto 中山路, 1</desc>
      <extensions>
        <distance>14896.0</distance>
        <duration>2979.2</duration>
        <type>5</type>
        <step>40</step>
      </extensions>
    </rtept>
    <rtept lat="24.388323" lon="120.65108">
      <name>中山路, 1</name>
      <desc>Turn slight right onto 中山路, 1</desc>
      <extensions>
        <distance>14896.0</distance>
        <duration>2979.2</duration>
        <type>5</type>
        <step>40</step>
      </extensions>
    </rtept>
    <rtept lat="24.386934" lon="120.651506">
      <name>中山路, 1</name>
      <desc>Turn slight right onto 中山路, 1</desc>
      <extensions>
        <distance>14896.0</distance>
        <duration>2979.2</duration>
        <type>5</type>
        <step>40</step>
      </extensions>
    </rtept>
    <rtept lat="24.385693" lon="120.651785">
      <name>中山路, 1</name>
      <desc>Turn slight right onto 中山路, 1</desc>
      <extensions>
        <distance>14896.0</distance>
        <duration>2979.2</duration>
        <type>5</type>
        <step>40</step>
      </extensions>
    </rtept>
    <rtept lat="24.384635" lon="120.651854">
      <name>中山路, 1</name>
      <desc>Turn slight right onto 中山路, 1</desc>
      <extensions>
        <distance>14896.0</distance>
        <duration>2979.2</duration>
        <type>5</type>
        <step>40</step>
      </extensions>
    </rtept>
    <rtept lat="24.384437" lon="120.651849">
      <name>中山路, 1</name>
      <desc>Turn slight right onto 中山路, 1</desc>
      <extensions>
        <distance>14896.0</distance>
        <duration>2979.2</duration>
        <type>5</type>
        <step>40</step>
      </extensions>
    </rtept>
    <rtept lat="24.383634" lon="120.651828">
      <name>中山路, 1</name>
      <desc>Turn slight right onto 中山路, 1</desc>
      <extensions>
        <distance>14896.0</distance>
        <duration>2979.2</duration>
        <type>5</type>
        <step>40</step>
      </extensions>
    </rtept>
    <rtept lat="24.382549" lon="120.651628">
      <name>中山路, 1</name>
      <desc>Turn slight right onto 中山路, 1</desc>
      <extensions>
        <distance>14896.0</distance>
        <duration>2979.2</duration>
        <type>5</type>
        <step>40</step>
      </extensions>
    </rtept>
    <rtept lat="24.38198" lon="120.651453">
      <name>中山路, 1</name>
      <desc>Turn slight right onto 中山路, 1</desc>
      <extensions>
        <distance>14896.0</distance>
        <duration>2979.2</duration>
        <type>5</type>
        <step>40</step>
      </extensions>
    </rtept>
    <rtept lat="24.381264" lon="120.651184">
      <name>中山路, 1</name>
      <desc>Turn slight right onto 中山路, 1</desc>
      <extensions>
        <distance>14896.0</distance>
        <duration>2979.2</duration>
        <type>5</type>
        <step>40</step>
      </extensions>
    </rtept>
    <rtept lat="24.380494" lon="120.650812">
      <name>中山路, 1</name>
      <desc>Turn slight right onto 中山路, 1</desc>
      <extensions>
        <distance>14896.0</distance>
        <duration>2979.2</duration>
        <type>5</type>
        <step>40</step>
      </extensions>
    </rtept>
    <rtept lat="24.380226" lon="120.650653">
      <name>中山路, 1</name>
      <desc>Turn slight right onto 中山路, 1</desc>
      <extensions>
        <distance>14896.0</distance>
        <duration>2979.2</duration>
        <type>5</type>
        <step>40</step>
      </extensions>
    </rtept>
    <rtept lat="24.379523" lon="120.650197">
      <name>中山路, 1</name>
      <desc>Turn slight right onto 中山路, 1</desc>
      <extensions>
        <distance>14896.0</distance>
        <duration>2979.2</duration>
        <type>5</type>
        <step>40</step>
      </extensions>
    </rtept>
    <rtept lat="24.378657" lon="120.649634">
      <name>中山路, 1</name>
      <desc>Turn slight right onto 中山路, 1</desc>
      <extensions>
        <distance>14896.0</distance>
        <duration>2979.2</duration>
        <type>5</type>
        <step>40</step>
      </extensions>
    </rtept>
    <rtept lat="24.377983" lon="120.649213">
      <name>中山路, 1</name>
      <desc>Turn slight right onto 中山路, 1</desc>
      <extensions>
        <distance>14896.0</distance>
        <duration>2979.2</duration>
        <type>5</type>
        <step>40</step>
      </extensions>
    </rtept>
    <rtept lat="24.376759" lon="120.648475">
      <name>中山路, 1</name>
      <desc>Turn slight right onto 中山路, 1</desc>
      <extensions>
        <distance>14896.0</distance>
        <duration>2979.2</duration>
        <type>5</type>
        <step>40</step>
      </extensions>
    </rtept>
    <rtept lat="24.376654" lon="120.648422">
      <name>中山路, 1</name>
      <desc>Turn slight right onto 中山路, 1</desc>
      <extensions>
        <distance>14896.0</distance>
        <duration>2979.2</duration>
        <type>5</type>
        <step>40</step>
      </extensions>
    </rtept>
    <rtept lat="24.374423" lon="120.647094">
      <name>中山路, 1</name>
      <desc>Turn slight right onto 中山路, 1</desc>
      <extensions>
        <distance>14896.0</distance>
        <duration>2979.2</duration>
        <type>5</type>
        <step>40</step>
      </extensions>
    </rtept>
    <rtept lat="24.368789" lon="120.643512">
      <name>中山路, 1</name>
      <desc>Turn slight right onto 中山路, 1</desc>
      <extensions>
        <distance>14896.0</distance>
        <duration>2979.2</duration>
        <type>5</type>
        <step>40</step>
      </extensions>
    </rtept>
    <rtept lat="24.36776" lon="120.642875">
      <name>中山路, 1</name>
      <desc>Turn slight right onto 中山路, 1</desc>
      <extensions>
        <distance>14896.0</distance>
        <duration>2979.2</duration>
        <type>5</type>
        <step>40</step>
      </extensions>
    </rtept>
    <rtept lat="24.366545" lon="120.641981">
      <name>中山路, 1</name>
      <desc>Turn slight right onto 中山路, 1</desc>
      <extensions>
        <distance>14896.0</distance>
        <duration>2979.2</duration>
        <type>5</type>
        <step>40</step>
      </extensions>
    </rtept>
    <rtept lat="24.36637" lon="120.641844">
      <name>中山路, 1</name>
      <desc>Turn slight right onto 中山路, 1</desc>
      <extensions>
        <distance>14896.0</distance>
        <duration>2979.2</duration>
        <type>5</type>
        <step>40</step>
      </extensions>
    </rtept>
    <rtept lat="24.365851" lon="120.641421">
      <name>中山路, 1</name>
      <desc>Turn slight right onto 中山路, 1</desc>
      <extensions>
        <distance>14896.0</distance>
        <duration>2979.2</duration>
        <type>5</type>
        <step>40</step>
      </extensions>
    </rtept>
    <rtept lat="24.363868" lon="120.639886">
      <name>中山路, 1</name>
      <desc>Turn slight right onto 中山路, 1</desc>
      <extensions>
        <distance>14896.0</distance>
        <duration>2979.2</duration>
        <type>5</type>
        <step>40</step>
      </extensions>
    </rtept>
    <rtept lat="24.363458" lon="120.63947">
      <name>中山路, 1</name>
      <desc>Turn slight right onto 中山路, 1</desc>
      <extensions>
        <distance>14896.0</distance>
        <duration>2979.2</duration>
        <type>5</type>
        <step>40</step>
      </extensions>
    </rtept>
    <rtept lat="24.363248" lon="120.639197">
      <name>東西八路一段, 中10</name>
      <desc>Turn left onto 東西八路一段, 中10</desc>
      <extensions>
        <distance>1847.6</distance>
        <duration>369.5</duration>
        <type>0</type>
        <step>41</step>
      </extensions>
    </rtept>
    <rtept lat="24.363096" lon="120.639249">
      <name>東西八路一段, 中10</name>
      <desc>Turn left onto 東西八路一段, 中10</desc>
      <extensions>
        <distance>1847.6</distance>
        <duration>369.5</duration>
        <type>0</type>
        <step>41</step>
      </extensions>
    </rtept>
    <rtept lat="24.363059" lon="120.639256">
      <name>東西八路一段, 中10</name>
      <desc>Turn left onto 東西八路一段, 中10</desc>
      <extensions>
        <distance>1847.6</distance>
        <duration>369.5</duration>
        <type>0</type>
        <step>41</step>
      </extensions>
    </rtept>
    <rtept lat="24.362936" lon="120.639219">
      <name>東西八路一段, 中10</name>
      <desc>Turn left onto 東西八路一段, 中10</desc>
      <extensions>
        <distance>1847.6</distance>
        <duration>369.5</duration>
        <type>0</type>
        <step>41</step>
      </extensions>
    </rtept>
    <rtept lat="24.362803" lon="120.639137">
      <name>東西八路一段, 中10</name>
      <desc>Turn left onto 東西八路一段, 中10</desc>
      <extensions>
        <distance>1847.6</distance>
        <duration>369.5</duration>
        <type>0</type>
        <step>41</step>
      </extensions>
    </rtept>
    <rtept lat="24.361324" lon="120.638003">
      <name>東西八路一段, 中10</name>
      <desc>Turn left onto 東西八路一段, 中10</desc>
      <extensions>
        <distance>1847.6</distance>
        <duration>369.5</duration>
        <type>0</type>
        <step>41</step>
      </extensions>
    </rtept>
    <rtept lat="24.361254" lon="120.63795">
      <name>東西八路一段, 中10</name>
      <desc>Turn left onto 東西八路一段, 中10</desc>
      <extensions>
        <distance>1847.6</distance>
        <duration>369.5</duration>
        <type>0</type>
        <step>41</step>
      </extensions>
    </rtept>
    <rtept lat="24.360135" lon="120.637101">
      <name>東西八路一段, 中10</name>
      <desc>Turn left onto 東西八路一段, 中10</desc>
      <extensions>
        <distance>1847.6</distance>
        <duration>369.5</duration>
        <type>0</type>
        <step>41</step>
      </extensions>
    </rtept>
    <rtept lat="24.359739" lon="120.636788">
      <name>東西八路一段, 中10</name>
      <desc>Turn left onto 東西八路一段, 中10</desc>
      <extensions>
        <distance>1847.6</distance>
        <duration>369.5</duration>
        <type>0</type>
        <step>41</step>
      </extensions>
    </rtept>
    <rtept lat="24.357383" lon="120.635003">
      <name>東西八路一段, 中10</name>
      <desc>Turn left onto 東西八路一段, 中10</desc>
      <extensions>
        <distance>1847.6</distance>
        <duration>369.5</duration>
        <type>0</type>
        <step>41</step>
      </extensions>
    </rtept>
    <rtept lat="24.357135" lon="120.634723">
      <name>東西八路一段, 中10</name>
      <desc>Turn left onto 東西八路一段, 中10</desc>
      <extensions>
        <distance>1847.6</distance>
        <duration>369.5</duration>
        <type>0</type>
        <step>41</step>
      </extensions>
    </rtept>
    <rtept lat="24.357112" lon="120.634692">
      <name>東西八路一段, 中10</name>
      <desc>Turn left onto 東西八路一段, 中10</desc>
      <extensions>
        <distance>1847.6</distance>
        <duration>369.5</duration>
        <type>0</type>
        <step>41</step>
      </extensions>
    </rtept>
    <rtept lat="24.356931" lon="120.634448">
      <name>東西八路一段, 中10</name>
      <desc>Turn left onto 東西八路一段, 中10</desc>
      <extensions>
        <distance>1847.6</distance>
        <duration>369.5</duration>
        <type>0</type>
        <step>41</step>
      </extensions>
    </rtept>
    <rtept lat="24.356868" lon="120.634364">
      <name>東西八路一段, 中10</name>
      <desc>Turn left onto 東西八路一段, 中10</desc>
      <extensions>
        <distance>1847.6</distance>
        <duration>369.5</duration>
        <type>0</type>
        <step>41</step>
      </extensions>
    </rtept>
    <rtept lat="24.356317" lon="120.633496">
      <name>東西八路一段, 中10</name>
      <desc>Turn left onto 東西八路一段, 中10</desc>
      <extensions>
        <distance>1847.6</distance>
        <duration>369.5</duration>
        <type>0</type>
        <step>41</step>
      </extensions>
    </rtept>
    <rtept lat="24.356164" lon="120.63327">
      <name>東西八路一段, 中10</name>
      <desc>Turn left onto 東西八路一段, 中10</desc>
      <extensions>
        <distance>1847.6</distance>
        <duration>369.5</duration>
        <type>0</type>
        <step>41</step>
      </extensions>
    </rtept>
    <rtept lat="24.35593" lon="120.632925">
      <name>東西八路一段, 中10</name>
      <desc>Turn left onto 東西八路一段, 中10</desc>
      <extensions>
        <distance>1847.6</distance>
        <duration>369.5</duration>
        <type>0</type>
        <step>41</step>
      </extensions>
    </rtept>
    <rtept lat="24.355588" lon="120.632429">
      <name>東西八路一段, 中10</name>
      <desc>Turn left onto 東西八路一段, 中10</desc>
      <extensions>
        <distance>1847.6</distance>
        <duration>369.5</duration>
        <type>0</type>
        <step>41</step>
      </extensions>
    </rtept>
    <rtept lat="24.355362" lon="120.632085">
      <name>東西八路一段, 中10</name>
      <desc>Turn left onto 東西八路一段, 中10</desc>
      <extensions>
        <distance>1847.6</distance>
        <duration>369.5</duration>
        <type>0</type>
        <step>41</step>
      </extensions>
    </rtept>
    <rtept lat="24.354814" lon="120.631397">
      <name>東西八路一段, 中10</name>
      <desc>Turn left onto 東西八路一段, 中10</desc>
      <extensions>
        <distance>1847.6</distance>
        <duration>369.5</duration>
        <type>0</type>
        <step>41</step>
      </extensions>
    </rtept>
    <rtept lat="24.354187" lon="120.630671">
      <name>東西八路一段, 中10</name>
      <desc>Turn left onto 東西八路一段, 中10</desc>
      <extensions>
        <distance>1847.6</distance>
        <duration>369.5</duration>
        <type>0</type>
        <step>41</step>
      </extensions>
    </rtept>
    <rtept lat="24.353505" lon="120.629903">
      <name>東西八路一段, 中10</name>
      <desc>Turn left onto 東西八路一段, 中10</desc>
      <extensions>
        <distance>1847.6</distance>
        <duration>369.5</duration>
        <type>0</type>
        <step>41</step>
      </extensions>
    </rtept>
    <rtept lat="24.35298" lon="120.629322">
      <name>東西八路一段, 中10</name>
      <desc>Turn left onto 東西八路一段, 中10</desc>
      <extensions>
        <distance>1847.6</distance>
        <duration>369.5</duration>
        <type>0</type>
        <step>41</step>
      </extensions>
    </rtept>
    <rtept lat="24.352969" lon="120.629309">
      <name>東西八路一段, 中10</name>
      <desc>Turn left onto 東西八路一段, 中10</desc>
      <extensions>
        <distance>1847.6</distance>
        <duration>369.5</duration>
        <type>0</type>
        <step>41</step>
      </extensions>
    </rtept>
    <rtept lat="24.352695" lon="120.628996">
      <name>東西八路一段, 中10</name>
      <desc>Turn left onto 東西八路一段, 中10</desc>
      <extensions>
        <distance>1847.6</distance>
        <duration>369.5</duration>
        <type>0</type>
        <step>41</step>
      </extensions>
    </rtept>
    <rtept lat="24.35243" lon="120.628703">
      <name>東西八路一段, 中10</name>
      <desc>Turn left onto 東西八路一段, 中10</desc>
      <extensions>
        <distance>1847.6</distance>
        <duration>369.5</duration>
        <type>0</type>
        <step>41</step>
      </extensions>
    </rtept>
    <rtept lat="24.352204" lon="120.628467">
      <name>東西八路一段, 中10</name>
      <desc>Turn left onto 東西八路一段, 中10</desc>
      <extensions>
        <distance>1847.6</distance>
        <duration>369.5</duration>
        <type>0</type>
        <step>41</step>
      </extensions>
    </rtept>
    <rtept lat="24.351392" lon="120.627794">
      <name>東西八路一段, 中10</name>
      <desc>Turn left onto 東西八路一段, 中10</desc>
      <extensions>
        <distance>1847.6</distance>
        <duration>369.5</duration>
        <type>0</type>
        <step>41</step>
      </extensions>
    </rtept>
    <rtept lat="24.35118" lon="120.627643">
      <name>東西八路一段, 中10</name>
      <desc>Turn left onto 東西八路一段, 中10</desc>
      <extensions>
        <distance>1847.6</distance>
        <duration>369.5</duration>
        <type>0</type>
        <step>41</step>
      </extensions>
    </rtept>
    <rtept lat="24.350882" lon="120.627424">
      <name>順天路</name>
      <desc>Keep right onto 順天路</desc>
      <extensions>
        <distance>755.4</distance>
        <duration>151.1</duration>
        <type>13</type>
        <step>42</step>
      </extensions>
    </rtept>
    <rtept lat="24.350347" lon="120.627048">
      <name>順天路</name>
      <desc>Keep right onto 順天路</desc>
      <extensions>
        <distance>755.4</distance>
        <duration>151.1</duration>
        <type>13</type>
        <step>42</step>
      </extensions>
    </rtept>
    <rtept lat="24.349483" lon="120.62645">
      <name>順天路</name>
      <desc>Keep right onto 順天路</desc>
      <extensions>
        <distance>755.4</distance>
        <duration>151.1</duration>
        <type>13</type>
        <step>42</step>
      </extensions>
    </rtept>
    <rtept lat="24.348994" lon="120.626098">
      <name>順天路</name>
      <desc>Keep right onto 順天路</desc>
      <extensions>
        <distance>755.4</distance>
        <duration>151.1</duration>
        <type>13</type>
        <step>42</step>
      </extensions>
    </rtept>
    <rtept lat="24.348484" lon="120.625758">
      <name>順天路</name>
      <desc>Keep right onto 順天路</desc>
      <extensions>
        <distance>755.4</distance>
        <duration>151.1</duration>
        <type>13</type>
        <step>42</step>
      </extensions>
    </rtept>
    <rtept lat="24.347994" lon="120.625305">
      <name>順天路</name>
      <desc>Keep right onto 順天路</desc>
      <extensions>
        <distance>755.4</distance>
        <duration>151.1</duration>
        <type>13</type>
        <step>42</step>
      </extensions>
    </rtept>
    <rtept lat="24.34763" lon="120.624975">
      <name>順天路</name>
      <desc>Keep right onto 順天路</desc>
      <extensions>
        <distance>755.4</distance>
        <duration>151.1</duration>
        <type>13</type>
        <step>42</step>
      </extensions>
    </rtept>
    <rtept lat="24.347261" lon="120.624662">
      <name>順天路</name>
      <desc>Keep right onto 順天路</desc>
      <extensions>
        <distance>755.4</distance>
        <duration>151.1</duration>
        <type>13</type>
        <step>42</step>
      </extensions>
    </rtept>
    <rtept lat="24.346616" lon="120.624178">
      <name>順天路</name>
      <desc>Keep right onto 順天路</desc>
      <extensions>
        <distance>755.4</distance>
        <duration>151.1</duration>
        <type>13</type>
        <step>42</step>
      </extensions>
    </rtept>
    <rtept lat="24.3465" lon="120.624074">
      <name>順天路</name>
      <desc>Keep right onto 順天路</desc>
      <extensions>
        <distance>755.4</distance>
        <duration>151.1</duration>
        <type>13</type>
        <step>42</step>
      </extensions>
    </rtept>
    <rtept lat="24.345957" lon="120.623598">
      <name>順天路</name>
      <desc>Keep right onto 順天路</desc>
      <extensions>
        <distance>755.4</distance>
        <duration>151.1</duration>
        <type>13</type>
        <step>42</step>
      </extensions>
    </rtept>
    <rtept lat="24.345568" lon="120.623226">
      <name>順天路</name>
      <desc>Keep right onto 順天路</desc>
      <extensions>
        <distance>755.4</distance>
        <duration>151.1</duration>
        <type>13</type>
        <step>42</step>
      </extensions>
    </rtept>
    <rtept lat="24.345428" lon="120.623019">
      <name/>
      <desc>Turn sharp left</desc>
      <extensions>
        <distance>14.0</distance>
        <duration>3.6</duration>
        <type>2</type>
        <step>43</step>
      </extensions>
    </rtept>
    <rtept lat="24.345365" lon="120.623139">
      <name>廟埕</name>
      <desc>Turn left onto 廟埕</desc>
      <extensions>
        <distance>42.6</distance>
        <duration>25.6</duration>
        <type>0</type>
        <step>44</step>
      </extensions>
    </rtept>
    <rtept lat="24.345397" lon="120.623186">
      <name>廟埕</name>
      <desc>Turn left onto 廟埕</desc>
      <extensions>
        <distance>42.6</distance>
        <duration>25.6</duration>
        <type>0</type>
        <step>44</step>
      </extensions>
    </rtept>
    <rtept lat="24.345375" lon="120.623243">
      <name>廟埕</name>
      <desc>Turn left onto 廟埕</desc>
      <extensions>
        <distance>42.6</distance>
        <duration>25.6</duration>
        <type>0</type>
        <step>44</step>
      </extensions>
    </rtept>
    <rtept lat="24.345287" lon="120.623477">
      <name>廟埕</name>
      <desc>Turn left onto 廟埕</desc>
      <extensions>
        <distance>42.6</distance>
        <duration>25.6</duration>
        <type>0</type>
        <step>44</step>
      </extensions>
    </rtept>
    <rtept lat="24.345248" lon="120.623459">
      <name/>
      <desc>Turn left</desc>
      <extensions>
        <distance>1.6</distance>
        <duration>2.8</duration>
        <type>0</type>
        <step>45</step>
      </extensions>
    </rtept>
    <rtept lat="24.345242" lon="120.623473">
      <name/>
      <desc>Arrive at your destination, on the right</desc>
      <extensions>
        <distance>0.0</distance>
        <duration>0.0</duration>
        <type>10</type>
        <step>46</step>
      </extensions>
    </rtept>
    <rtept lat="24.345242" lon="120.623473">
      <name/>
      <desc>Head northwest</desc>
      <extensions>
        <distance>1.6</distance>
        <duration>2.8</duration>
        <type>11</type>
        <step>47</step>
      </extensions>
    </rtept>
    <rtept lat="24.345248" lon="120.623459">
      <name>廟埕</name>
      <desc>Turn right onto 廟埕</desc>
      <extensions>
        <distance>42.6</distance>
        <duration>25.6</duration>
        <type>1</type>
        <step>48</step>
      </extensions>
    </rtept>
    <rtept lat="24.345287" lon="120.623477">
      <name>廟埕</name>
      <desc>Turn right onto 廟埕</desc>
      <extensions>
        <distance>42.6</distance>
        <duration>25.6</duration>
        <type>1</type>
        <step>48</step>
      </extensions>
    </rtept>
    <rtept lat="24.345375" lon="120.623243">
      <name>廟埕</name>
      <desc>Turn right onto 廟埕</desc>
      <extensions>
        <distance>42.6</distance>
        <duration>25.6</duration>
        <type>1</type>
        <step>48</step>
      </extensions>
    </rtept>
    <rtept lat="24.345397" lon="120.623186">
      <name>廟埕</name>
      <desc>Turn right onto 廟埕</desc>
      <extensions>
        <distance>42.6</distance>
        <duration>25.6</duration>
        <type>1</type>
        <step>48</step>
      </extensions>
    </rtept>
    <rtept lat="24.345365" lon="120.623139">
      <name/>
      <desc>Turn right</desc>
      <extensions>
        <distance>14.0</distance>
        <duration>3.6</duration>
        <type>1</type>
        <step>49</step>
      </extensions>
    </rtept>
    <rtept lat="24.345428" lon="120.623019">
      <name>順天路</name>
      <desc>Turn left onto 順天路</desc>
      <extensions>
        <distance>492.4</distance>
        <duration>98.5</duration>
        <type>0</type>
        <step>50</step>
      </extensions>
    </rtept>
    <rtept lat="24.345348" lon="120.622891">
      <name>順天路</name>
      <desc>Turn left onto 順天路</desc>
      <extensions>
        <distance>492.4</distance>
        <duration>98.5</duration>
        <type>0</type>
        <step>50</step>
      </extensions>
    </rtept>
    <rtept lat="24.345322" lon="120.62284">
      <name>順天路</name>
      <desc>Turn left onto 順天路</desc>
      <extensions>
        <distance>492.4</distance>
        <duration>98.5</duration>
        <type>0</type>
        <step>50</step>
      </extensions>
    </rtept>
    <rtept lat="24.345061" lon="120.622409">
      <name>順天路</name>
      <desc>Turn left onto 順天路</desc>
      <extensions>
        <distance>492.4</distance>
        <duration>98.5</duration>
        <type>0</type>
        <step>50</step>
      </extensions>
    </rtept>
    <rtept lat="24.34489" lon="120.62223">
      <name>順天路</name>
      <desc>Turn left onto 順天路</desc>
      <extensions>
        <distance>492.4</distance>
        <duration>98.5</duration>
        <type>0</type>
        <step>50</step>
      </extensions>
    </rtept>
    <rtept lat="24.344786" lon="120.622153">
      <name>順天路</name>
      <desc>Turn left onto 順天路</desc>
      <extensions>
        <distance>492.4</distance>
        <duration>98.5</duration>
        <type>0</type>
        <step>50</step>
      </extensions>
    </rtept>
    <rtept lat="24.344367" lon="120.621979">
      <name>順天路</name>
      <desc>Turn left onto 順天路</desc>
      <extensions>
        <distance>492.4</distance>
        <duration>98.5</duration>
        <type>0</type>
        <step>50</step>
      </extensions>
    </rtept>
    <rtept lat="24.344227" lon="120.621946">
      <name>順天路</name>
      <desc>Turn left onto 順天路</desc>
      <extensions>
        <distance>492.4</distance>
        <duration>98.5</duration>
        <type>0</type>
        <step>50</step>
      </extensions>
    </rtept>
    <rtept lat="24.344088" lon="120.621911">
      <name>順天路</name>
      <desc>Turn left onto 順天路</desc>
      <extensions>
        <distance>492.4</distance>
        <duration>98.5</duration>
        <type>0</type>
        <step>50</step>
      </extensions>
    </rtept>
    <rtept lat="24.343934" lon="120.621834">
      <name>順天路</name>
      <desc>Turn left onto 順天路</desc>
      <extensions>
        <distance>492.4</distance>
        <duration>98.5</duration>
        <type>0</type>
        <step>50</step>
      </extensions>
    </rtept>
    <rtept lat="24.34351" lon="120.621537">
      <name>順天路</name>
      <desc>Turn left onto 順天路</desc>
      <extensions>
        <distance>492.4</distance>
        <duration>98.5</duration>
        <type>0</type>
        <step>50</step>
      </extensions>
    </rtept>
    <rtept lat="24.343225" lon="120.621308">
      <name>順天路</name>
      <desc>Turn left onto 順天路</desc>
      <extensions>
        <distance>492.4</distance>
        <duration>98.5</duration>
        <type>0</type>
        <step>50</step>
      </extensions>
    </rtept>
    <rtept lat="24.342964" lon="120.621086">
      <name>順天路</name>
      <desc>Turn left onto 順天路</desc>
      <extensions>
        <distance>492.4</distance>
        <duration>98.5</duration>
        <type>0</type>
        <step>50</step>
      </extensions>
    </rtept>
    <rtept lat="24.342398" lon="120.620666">
      <name>順天路</name>
      <desc>Turn left onto 順天路</desc>
      <extensions>
        <distance>492.4</distance>
        <duration>98.5</duration>
        <type>0</type>
        <step>50</step>
      </extensions>
    </rtept>
    <rtept lat="24.34188" lon="120.620277">
      <name>中山路一段</name>
      <desc>Continue straight onto 中山路一段</desc>
      <extensions>
        <distance>4188.9</distance>
        <duration>837.8</duration>
        <type>6</type>
        <step>51</step>
      </extensions>
    </rtept>
    <rtept lat="24.34167" lon="120.62011">
      <name>中山路一段</name>
      <desc>Continue straight onto 中山路一段</desc>
      <extensions>
        <distance>4188.9</distance>
        <duration>837.8</duration>
        <type>6</type>
        <step>51</step>
      </extensions>
    </rtept>
    <rtept lat="24.34159" lon="120.620045">
      <name>中山路一段</name>
      <desc>Continue straight onto 中山路一段</desc>
      <extensions>
        <distance>4188.9</distance>
        <duration>837.8</duration>
        <type>6</type>
        <step>51</step>
      </extensions>
    </rtept>
    <rtept lat="24.341188" lon="120.619734">
      <name>中山路一段</name>
      <desc>Continue straight onto 中山路一段</desc>
      <extensions>
        <distance>4188.9</distance>
        <duration>837.8</duration>
        <type>6</type>
        <step>51</step>
      </extensions>
    </rtept>
    <rtept lat="24.34111" lon="120.619682">
      <name>中山路一段</name>
      <desc>Continue straight onto 中山路一段</desc>
      <extensions>
        <distance>4188.9</distance>
        <duration>837.8</duration>
        <type>6</type>
        <step>51</step>
      </extensions>
    </rtept>
    <rtept lat="24.340708" lon="120.619418">
      <name>中山路一段</name>
      <desc>Continue straight onto 中山路一段</desc>
      <extensions>
        <distance>4188.9</distance>
        <duration>837.8</duration>
        <type>6</type>
        <step>51</step>
      </extensions>
    </rtept>
    <rtept lat="24.340613" lon="120.619356">
      <name>中山路一段</name>
      <desc>Continue straight onto 中山路一段</desc>
      <extensions>
        <distance>4188.9</distance>
        <duration>837.8</duration>
        <type>6</type>
        <step>51</step>
      </extensions>
    </rtept>
    <rtept lat="24.339705" lon="120.618737">
      <name>中山路一段</name>
      <desc>Continue straight onto 中山路一段</desc>
      <extensions>
        <distance>4188.9</distance>
        <duration>837.8</duration>
        <type>6</type>
        <step>51</step>
      </extensions>
    </rtept>
    <rtept lat="24.339014" lon="120.618296">
      <name>中山路一段</name>
      <desc>Continue straight onto 中山路一段</desc>
      <extensions>
        <distance>4188.9</distance>
        <duration>837.8</duration>
        <type>6</type>
        <step>51</step>
      </extensions>
    </rtept>
    <rtept lat="24.338854" lon="120.618084">
      <name>中山路一段</name>
      <desc>Continue straight onto 中山路一段</desc>
      <extensions>
        <distance>4188.9</distance>
        <duration>837.8</duration>
        <type>6</type>
        <step>51</step>
      </extensions>
    </rtept>
    <rtept lat="24.338146" lon="120.61764">
      <name>中山路一段</name>
      <desc>Continue straight onto 中山路一段</desc>
      <extensions>
        <distance>4188.9</distance>
        <duration>837.8</duration>
        <type>6</type>
        <step>51</step>
      </extensions>
    </rtept>
    <rtept lat="24.336022" lon="120.616241">
      <name>中山路一段</name>
      <desc>Continue straight onto 中山路一段</desc>
      <extensions>
        <distance>4188.9</distance>
        <duration>837.8</duration>
        <type>6</type>
        <step>51</step>
      </extensions>
    </rtept>
    <rtept lat="24.335543" lon="120.615911">
      <name>中山路一段</name>
      <desc>Continue straight onto 中山路一段</desc>
      <extensions>
        <distance>4188.9</distance>
        <duration>837.8</duration>
        <type>6</type>
        <step>51</step>
      </extensions>
    </rtept>
    <rtept lat="24.333899" lon="120.61482">
      <name>中山路一段</name>
      <desc>Continue straight onto 中山路一段</desc>
      <extensions>
        <distance>4188.9</distance>
        <duration>837.8</duration>
        <type>6</type>
        <step>51</step>
      </extensions>
    </rtept>
    <rtept lat="24.333427" lon="120.614479">
      <name>中山路一段</name>
      <desc>Continue straight onto 中山路一段</desc>
      <extensions>
        <distance>4188.9</distance>
        <duration>837.8</duration>
        <type>6</type>
        <step>51</step>
      </extensions>
    </rtept>
    <rtept lat="24.332612" lon="120.613721">
      <name>中山路一段</name>
      <desc>Continue straight onto 中山路一段</desc>
      <extensions>
        <distance>4188.9</distance>
        <duration>837.8</duration>
        <type>6</type>
        <step>51</step>
      </extensions>
    </rtept>
    <rtept lat="24.330862" lon="120.612052">
      <name>中山路一段</name>
      <desc>Continue straight onto 中山路一段</desc>
      <extensions>
        <distance>4188.9</distance>
        <duration>837.8</duration>
        <type>6</type>
        <step>51</step>
      </extensions>
    </rtept>
    <rtept lat="24.329325" lon="120.610507">
      <name>中山路一段</name>
      <desc>Continue straight onto 中山路一段</desc>
      <extensions>
        <distance>4188.9</distance>
        <duration>837.8</duration>
        <type>6</type>
        <step>51</step>
      </extensions>
    </rtept>
    <rtept lat="24.328363" lon="120.609572">
      <name>中山路一段</name>
      <desc>Continue straight onto 中山路一段</desc>
      <extensions>
        <distance>4188.9</distance>
        <duration>837.8</duration>
        <type>6</type>
        <step>51</step>
      </extensions>
    </rtept>
    <rtept lat="24.328007" lon="120.609225">
      <name>中山路一段</name>
      <desc>Continue straight onto 中山路一段</desc>
      <extensions>
        <distance>4188.9</distance>
        <duration>837.8</duration>
        <type>6</type>
        <step>51</step>
      </extensions>
    </rtept>
    <rtept lat="24.327856" lon="120.609072">
      <name>中山路一段</name>
      <desc>Continue straight onto 中山路一段</desc>
      <extensions>
        <distance>4188.9</distance>
        <duration>837.8</duration>
        <type>6</type>
        <step>51</step>
      </extensions>
    </rtept>
    <rtept lat="24.327852" lon="120.609068">
      <name>中山路一段</name>
      <desc>Continue straight onto 中山路一段</desc>
      <extensions>
        <distance>4188.9</distance>
        <duration>837.8</duration>
        <type>6</type>
        <step>51</step>
      </extensions>
    </rtept>
    <rtept lat="24.327597" lon="120.608832">
      <name>中山路一段</name>
      <desc>Continue straight onto 中山路一段</desc>
      <extensions>
        <distance>4188.9</distance>
        <duration>837.8</duration>
        <type>6</type>
        <step>51</step>
      </extensions>
    </rtept>
    <rtept lat="24.327476" lon="120.608722">
      <name>中山路一段</name>
      <desc>Continue straight onto 中山路一段</desc>
      <extensions>
        <distance>4188.9</distance>
        <duration>837.8</duration>
        <type>6</type>
        <step>51</step>
      </extensions>
    </rtept>
    <rtept lat="24.326929" lon="120.608345">
      <name>中山路一段</name>
      <desc>Continue straight onto 中山路一段</desc>
      <extensions>
        <distance>4188.9</distance>
        <duration>837.8</duration>
        <type>6</type>
        <step>51</step>
      </extensions>
    </rtept>
    <rtept lat="24.326586" lon="120.608165">
      <name>中山路一段</name>
      <desc>Continue straight onto 中山路一段</desc>
      <extensions>
        <distance>4188.9</distance>
        <duration>837.8</duration>
        <type>6</type>
        <step>51</step>
      </extensions>
    </rtept>
    <rtept lat="24.326337" lon="120.608066">
      <name>中山路一段</name>
      <desc>Continue straight onto 中山路一段</desc>
      <extensions>
        <distance>4188.9</distance>
        <duration>837.8</duration>
        <type>6</type>
        <step>51</step>
      </extensions>
    </rtept>
    <rtept lat="24.325373" lon="120.607763">
      <name>中山路一段</name>
      <desc>Continue straight onto 中山路一段</desc>
      <extensions>
        <distance>4188.9</distance>
        <duration>837.8</duration>
        <type>6</type>
        <step>51</step>
      </extensions>
    </rtept>
    <rtept lat="24.325193" lon="120.607713">
      <name>中山路一段</name>
      <desc>Continue straight onto 中山路一段</desc>
      <extensions>
        <distance>4188.9</distance>
        <duration>837.8</duration>
        <type>6</type>
        <step>51</step>
      </extensions>
    </rtept>
    <rtept lat="24.324637" lon="120.607548">
      <name>中山路一段</name>
      <desc>Continue straight onto 中山路一段</desc>
      <extensions>
        <distance>4188.9</distance>
        <duration>837.8</duration>
        <type>6</type>
        <step>51</step>
      </extensions>
    </rtept>
    <rtept lat="24.321714" lon="120.606653">
      <name>中山路一段</name>
      <desc>Continue straight onto 中山路一段</desc>
      <extensions>
        <distance>4188.9</distance>
        <duration>837.8</duration>
        <type>6</type>
        <step>51</step>
      </extensions>
    </rtept>
    <rtept lat="24.31878" lon="120.605776">
      <name>中山路一段</name>
      <desc>Continue straight onto 中山路一段</desc>
      <extensions>
        <distance>4188.9</distance>
        <duration>837.8</duration>
        <type>6</type>
        <step>51</step>
      </extensions>
    </rtept>
    <rtept lat="24.314415" lon="120.604437">
      <name>中山路一段</name>
      <desc>Continue straight onto 中山路一段</desc>
      <extensions>
        <distance>4188.9</distance>
        <duration>837.8</duration>
        <type>6</type>
        <step>51</step>
      </extensions>
    </rtept>
    <rtept lat="24.312912" lon="120.603949">
      <name>中山路一段</name>
      <desc>Continue straight onto 中山路一段</desc>
      <extensions>
        <distance>4188.9</distance>
        <duration>837.8</duration>
        <type>6</type>
        <step>51</step>
      </extensions>
    </rtept>
    <rtept lat="24.312179" lon="120.60371">
      <name>中山路一段</name>
      <desc>Continue straight onto 中山路一段</desc>
      <extensions>
        <distance>4188.9</distance>
        <duration>837.8</duration>
        <type>6</type>
        <step>51</step>
      </extensions>
    </rtept>
    <rtept lat="24.311523" lon="120.603354">
      <name>中山路一段</name>
      <desc>Continue straight onto 中山路一段</desc>
      <extensions>
        <distance>4188.9</distance>
        <duration>837.8</duration>
        <type>6</type>
        <step>51</step>
      </extensions>
    </rtept>
    <rtept lat="24.31113" lon="120.603051">
      <name>中山路一段</name>
      <desc>Continue straight onto 中山路一段</desc>
      <extensions>
        <distance>4188.9</distance>
        <duration>837.8</duration>
        <type>6</type>
        <step>51</step>
      </extensions>
    </rtept>
    <rtept lat="24.310736" lon="120.602587">
      <name>中山路一段</name>
      <desc>Continue straight onto 中山路一段</desc>
      <extensions>
        <distance>4188.9</distance>
        <duration>837.8</duration>
        <type>6</type>
        <step>51</step>
      </extensions>
    </rtept>
    <rtept lat="24.310455" lon="120.602073">
      <name>中山路一段</name>
      <desc>Continue straight onto 中山路一段</desc>
      <extensions>
        <distance>4188.9</distance>
        <duration>837.8</duration>
        <type>6</type>
        <step>51</step>
      </extensions>
    </rtept>
    <rtept lat="24.30986" lon="120.600656">
      <name/>
      <desc>Turn right</desc>
      <extensions>
        <distance>657.7</distance>
        <duration>148.0</duration>
        <type>1</type>
        <step>52</step>
      </extensions>
    </rtept>
    <rtept lat="24.309997" lon="120.600414">
      <name/>
      <desc>Turn right</desc>
      <extensions>
        <distance>657.7</distance>
        <duration>148.0</duration>
        <type>1</type>
        <step>52</step>
      </extensions>
    </rtept>
    <rtept lat="24.310101" lon="120.599826">
      <name/>
      <desc>Turn right</desc>
      <extensions>
        <distance>657.7</distance>
        <duration>148.0</duration>
        <type>1</type>
        <step>52</step>
      </extensions>
    </rtept>
    <rtept lat="24.310174" lon="120.598806">
      <name/>
      <desc>Turn right</desc>
      <extensions>
        <distance>657.7</distance>
        <duration>148.0</duration>
        <type>1</type>
        <step>52</step>
      </extensions>
    </rtept>
    <rtept lat="24.310129" lon="120.598294">
      <name/>
      <desc>Turn right</desc>
      <extensions>
        <distance>657.7</distance>
        <duration>148.0</duration>
        <type>1</type>
        <step>52</step>
      </extensions>
    </rtept>
    <rtept lat="24.310191" lon="120.597601">
      <name/>
      <desc>Turn right</desc>
      <extensions>
        <distance>657.7</distance>
        <duration>148.0</duration>
        <type>1</type>
        <step>52</step>
      </extensions>
    </rtept>
    <rtept lat="24.309993" lon="120.597388">
      <name/>
      <desc>Turn right</desc>
      <extensions>
        <distance>657.7</distance>
        <duration>148.0</duration>
        <type>1</type>
        <step>52</step>
      </extensions>
    </rtept>
    <rtept lat="24.310193" lon="120.596628">
      <name/>
      <desc>Turn right</desc>
      <extensions>
        <distance>657.7</distance>
        <duration>148.0</duration>
        <type>1</type>
        <step>52</step>
      </extensions>
    </rtept>
    <rtept lat="24.310334" lon="120.594821">
      <name/>
      <desc>Turn right</desc>
      <extensions>
        <distance>657.7</distance>
        <duration>148.0</duration>
        <type>1</type>
        <step>52</step>
      </extensions>
    </rtept>
    <rtept lat="24.310327" lon="120.594735">
      <name/>
      <desc>Turn right</desc>
      <extensions>
        <distance>657.7</distance>
        <duration>148.0</duration>
        <type>1</type>
        <step>52</step>
      </extensions>
    </rtept>
    <rtept lat="24.310085" lon="120.594468">
      <name/>
      <desc>Turn left</desc>
      <extensions>
        <distance>40.0</distance>
        <duration>9.0</duration>
        <type>0</type>
        <step>53</step>
      </extensions>
    </rtept>
    <rtept lat="24.309989" lon="120.594523">
      <name/>
      <desc>Turn left</desc>
      <extensions>
        <distance>40.0</distance>
        <duration>9.0</duration>
        <type>0</type>
        <step>53</step>
      </extensions>
    </rtept>
    <rtept lat="24.309839" lon="120.594391">
      <name/>
      <desc>Turn left</desc>
      <extensions>
        <distance>40.0</distance>
        <duration>9.0</duration>
        <type>0</type>
        <step>53</step>
      </extensions>
    </rtept>
    <rtept lat="24.309802" lon="120.59434">
      <name>溪頭路, 中50</name>
      <desc>Turn right onto 溪頭路, 中50</desc>
      <extensions>
        <distance>2076.0</distance>
        <duration>415.2</duration>
        <type>1</type>
        <step>54</step>
      </extensions>
    </rtept>
    <rtept lat="24.31022" lon="120.593432">
      <name>溪頭路, 中50</name>
      <desc>Turn right onto 溪頭路, 中50</desc>
      <extensions>
        <distance>2076.0</distance>
        <duration>415.2</duration>
        <type>1</type>
        <step>54</step>
      </extensions>
    </rtept>
    <rtept lat="24.310485" lon="120.592945">
      <name>溪頭路, 中50</name>
      <desc>Turn right onto 溪頭路, 中50</desc>
      <extensions>
        <distance>2076.0</distance>
        <duration>415.2</duration>
        <type>1</type>
        <step>54</step>
      </extensions>
    </rtept>
    <rtept lat="24.311241" lon="120.591338">
      <name>溪頭路, 中50</name>
      <desc>Turn right onto 溪頭路, 中50</desc>
      <extensions>
        <distance>2076.0</distance>
        <duration>415.2</duration>
        <type>1</type>
        <step>54</step>
      </extensions>
    </rtept>
    <rtept lat="24.311305" lon="120.591227">
      <name>溪頭路, 中50</name>
      <desc>Turn right onto 溪頭路, 中50</desc>
      <extensions>
        <distance>2076.0</distance>
        <duration>415.2</duration>
        <type>1</type>
        <step>54</step>
      </extensions>
    </rtept>
    <rtept lat="24.311337" lon="120.591134">
      <name>溪頭路, 中50</name>
      <desc>Turn right onto 溪頭路, 中50</desc>
      <extensions>
        <distance>2076.0</distance>
        <duration>415.2</duration>
        <type>1</type>
        <step>54</step>
      </extensions>
    </rtept>
    <rtept lat="24.311351" lon="120.590951">
      <name>溪頭路, 中50</name>
      <desc>Turn right onto 溪頭路, 中50</desc>
      <extensions>
        <distance>2076.0</distance>
        <duration>415.2</duration>
        <type>1</type>
        <step>54</step>
      </extensions>
    </rtept>
    <rtept lat="24.31132" lon="120.589721">
      <name>溪頭路, 中50</name>
      <desc>Turn right onto 溪頭路, 中50</desc>
      <extensions>
        <distance>2076.0</distance>
        <duration>415.2</duration>
        <type>1</type>
        <step>54</step>
      </extensions>
    </rtept>
    <rtept lat="24.311337" lon="120.589045">
      <name>溪頭路, 中50</name>
      <desc>Turn right onto 溪頭路, 中50</desc>
      <extensions>
        <distance>2076.0</distance>
        <duration>415.2</duration>
        <type>1</type>
        <step>54</step>
      </extensions>
    </rtept>
    <rtept lat="24.311297" lon="120.588277">
      <name>溪頭路, 中50</name>
      <desc>Turn right onto 溪頭路, 中50</desc>
      <extensions>
        <distance>2076.0</distance>
        <duration>415.2</duration>
        <type>1</type>
        <step>54</step>
      </extensions>
    </rtept>
    <rtept lat="24.311266" lon="120.587961">
      <name>溪頭路, 中50</name>
      <desc>Turn right onto 溪頭路, 中50</desc>
      <extensions>
        <distance>2076.0</distance>
        <duration>415.2</duration>
        <type>1</type>
        <step>54</step>
      </extensions>
    </rtept>
    <rtept lat="24.311287" lon="120.587344">
      <name>溪頭路, 中50</name>
      <desc>Turn right onto 溪頭路, 中50</desc>
      <extensions>
        <distance>2076.0</distance>
        <duration>415.2</duration>
        <type>1</type>
        <step>54</step>
      </extensions>
    </rtept>
    <rtept lat="24.311266" lon="120.586976">
      <name>溪頭路, 中50</name>
      <desc>Turn right onto 溪頭路, 中50</desc>
      <extensions>
        <distance>2076.0</distance>
        <duration>415.2</duration>
        <type>1</type>
        <step>54</step>
      </extensions>
    </rtept>
    <rtept lat="24.311128" lon="120.585852">
      <name>溪頭路, 中50</name>
      <desc>Turn right onto 溪頭路, 中50</desc>
      <extensions>
        <distance>2076.0</distance>
        <duration>415.2</duration>
        <type>1</type>
        <step>54</step>
      </extensions>
    </rtept>
    <rtept lat="24.310874" lon="120.584962">
      <name>溪頭路, 中50</name>
      <desc>Turn right onto 溪頭路, 中50</desc>
      <extensions>
        <distance>2076.0</distance>
        <duration>415.2</duration>
        <type>1</type>
        <step>54</step>
      </extensions>
    </rtept>
    <rtept lat="24.310594" lon="120.584232">
      <name>溪頭路, 中50</name>
      <desc>Turn right onto 溪頭路, 中50</desc>
      <extensions>
        <distance>2076.0</distance>
        <duration>415.2</duration>
        <type>1</type>
        <step>54</step>
      </extensions>
    </rtept>
    <rtept lat="24.31036" lon="120.583124">
      <name>溪頭路, 中50</name>
      <desc>Turn right onto 溪頭路, 中50</desc>
      <extensions>
        <distance>2076.0</distance>
        <duration>415.2</duration>
        <type>1</type>
        <step>54</step>
      </extensions>
    </rtept>
    <rtept lat="24.310235" lon="120.582607">
      <name>溪頭路, 中50</name>
      <desc>Turn right onto 溪頭路, 中50</desc>
      <extensions>
        <distance>2076.0</distance>
        <duration>415.2</duration>
        <type>1</type>
        <step>54</step>
      </extensions>
    </rtept>
    <rtept lat="24.309733" lon="120.581232">
      <name>溪頭路, 中50</name>
      <desc>Turn right onto 溪頭路, 中50</desc>
      <extensions>
        <distance>2076.0</distance>
        <duration>415.2</duration>
        <type>1</type>
        <step>54</step>
      </extensions>
    </rtept>
    <rtept lat="24.309702" lon="120.581053">
      <name>溪頭路, 中50</name>
      <desc>Turn right onto 溪頭路, 中50</desc>
      <extensions>
        <distance>2076.0</distance>
        <duration>415.2</duration>
        <type>1</type>
        <step>54</step>
      </extensions>
    </rtept>
    <rtept lat="24.309633" lon="120.580511">
      <name>溪頭路, 中50</name>
      <desc>Turn right onto 溪頭路, 中50</desc>
      <extensions>
        <distance>2076.0</distance>
        <duration>415.2</duration>
        <type>1</type>
        <step>54</step>
      </extensions>
    </rtept>
    <rtept lat="24.309602" lon="120.579645">
      <name>溪頭路, 中50</name>
      <desc>Turn right onto 溪頭路, 中50</desc>
      <extensions>
        <distance>2076.0</distance>
        <duration>415.2</duration>
        <type>1</type>
        <step>54</step>
      </extensions>
    </rtept>
    <rtept lat="24.309613" lon="120.578435">
      <name>溪頭路, 中50</name>
      <desc>Turn right onto 溪頭路, 中50</desc>
      <extensions>
        <distance>2076.0</distance>
        <duration>415.2</duration>
        <type>1</type>
        <step>54</step>
      </extensions>
    </rtept>
    <rtept lat="24.309659" lon="120.577986">
      <name>溪頭路, 中50</name>
      <desc>Turn right onto 溪頭路, 中50</desc>
      <extensions>
        <distance>2076.0</distance>
        <duration>415.2</duration>
        <type>1</type>
        <step>54</step>
      </extensions>
    </rtept>
    <rtept lat="24.309669" lon="120.577902">
      <name>溪頭路, 中50</name>
      <desc>Turn right onto 溪頭路, 中50</desc>
      <extensions>
        <distance>2076.0</distance>
        <duration>415.2</duration>
        <type>1</type>
        <step>54</step>
      </extensions>
    </rtept>
    <rtept lat="24.309656" lon="120.577758">
      <name>溪頭路, 中50</name>
      <desc>Turn right onto 溪頭路, 中50</desc>
      <extensions>
        <distance>2076.0</distance>
        <duration>415.2</duration>
        <type>1</type>
        <step>54</step>
      </extensions>
    </rtept>
    <rtept lat="24.309607" lon="120.577569">
      <name>溪頭路, 中50</name>
      <desc>Turn right onto 溪頭路, 中50</desc>
      <extensions>
        <distance>2076.0</distance>
        <duration>415.2</duration>
        <type>1</type>
        <step>54</step>
      </extensions>
    </rtept>
    <rtept lat="24.309452" lon="120.577138">
      <name>溪頭路, 中50</name>
      <desc>Turn right onto 溪頭路, 中50</desc>
      <extensions>
        <distance>2076.0</distance>
        <duration>415.2</duration>
        <type>1</type>
        <step>54</step>
      </extensions>
    </rtept>
    <rtept lat="24.30936" lon="120.576768">
      <name>溪頭路, 中50</name>
      <desc>Turn right onto 溪頭路, 中50</desc>
      <extensions>
        <distance>2076.0</distance>
        <duration>415.2</duration>
        <type>1</type>
        <step>54</step>
      </extensions>
    </rtept>
    <rtept lat="24.309294" lon="120.576601">
      <name>溪頭路, 中50</name>
      <desc>Turn right onto 溪頭路, 中50</desc>
      <extensions>
        <distance>2076.0</distance>
        <duration>415.2</duration>
        <type>1</type>
        <step>54</step>
      </extensions>
    </rtept>
    <rtept lat="24.309172" lon="120.576314">
      <name>溪頭路, 中50</name>
      <desc>Turn right onto 溪頭路, 中50</desc>
      <extensions>
        <distance>2076.0</distance>
        <duration>415.2</duration>
        <type>1</type>
        <step>54</step>
      </extensions>
    </rtept>
    <rtept lat="24.308891" lon="120.57574">
      <name>溪頭路, 中50</name>
      <desc>Turn right onto 溪頭路, 中50</desc>
      <extensions>
        <distance>2076.0</distance>
        <duration>415.2</duration>
        <type>1</type>
        <step>54</step>
      </extensions>
    </rtept>
    <rtept lat="24.308398" lon="120.574892">
      <name>三美路, 中50</name>
      <desc>Turn right onto 三美路, 中50</desc>
      <extensions>
        <distance>2640.8</distance>
        <duration>528.1</duration>
        <type>1</type>
        <step>55</step>
      </extensions>
    </rtept>
    <rtept lat="24.308804" lon="120.57392">
      <name>三美路, 中50</name>
      <desc>Turn right onto 三美路, 中50</desc>
      <extensions>
        <distance>2640.8</distance>
        <duration>528.1</duration>
        <type>1</type>
        <step>55</step>
      </extensions>
    </rtept>
    <rtept lat="24.309187" lon="120.573029">
      <name>三美路, 中50</name>
      <desc>Turn right onto 三美路, 中50</desc>
      <extensions>
        <distance>2640.8</distance>
        <duration>528.1</duration>
        <type>1</type>
        <step>55</step>
      </extensions>
    </rtept>
    <rtept lat="24.310082" lon="120.571068">
      <name>三美路, 中50</name>
      <desc>Turn right onto 三美路, 中50</desc>
      <extensions>
        <distance>2640.8</distance>
        <duration>528.1</duration>
        <type>1</type>
        <step>55</step>
      </extensions>
    </rtept>
    <rtept lat="24.310586" lon="120.569952">
      <name>三美路, 中50</name>
      <desc>Turn right onto 三美路, 中50</desc>
      <extensions>
        <distance>2640.8</distance>
        <duration>528.1</duration>
        <type>1</type>
        <step>55</step>
      </extensions>
    </rtept>
    <rtept lat="24.310801" lon="120.569422">
      <name>三美路, 中50</name>
      <desc>Turn right onto 三美路, 中50</desc>
      <extensions>
        <distance>2640.8</distance>
        <duration>528.1</duration>
        <type>1</type>
        <step>55</step>
      </extensions>
    </rtept>
    <rtept lat="24.311004" lon="120.56825">
      <name>三美路, 中50</name>
      <desc>Turn right onto 三美路, 中50</desc>
      <extensions>
        <distance>2640.8</distance>
        <duration>528.1</duration>
        <type>1</type>
        <step>55</step>
      </extensions>
    </rtept>
    <rtept lat="24.311048" lon="120.568004">
      <name>三美路, 中50</name>
      <desc>Turn right onto 三美路, 中50</desc>
      <extensions>
        <distance>2640.8</distance>
        <duration>528.1</duration>
        <type>1</type>
        <step>55</step>
      </extensions>
    </rtept>
    <rtept lat="24.311064" lon="120.567662">
      <name>三美路, 中50</name>
      <desc>Turn right onto 三美路, 中50</desc>
      <extensions>
        <distance>2640.8</distance>
        <duration>528.1</duration>
        <type>1</type>
        <step>55</step>
      </extensions>
    </rtept>
    <rtept lat="24.311061" lon="120.567403">
      <name>三美路, 中50</name>
      <desc>Turn right onto 三美路, 中50</desc>
      <extensions>
        <distance>2640.8</distance>
        <duration>528.1</duration>
        <type>1</type>
        <step>55</step>
      </extensions>
    </rtept>
    <rtept lat="24.311101" lon="120.566976">
      <name>三美路, 中50</name>
      <desc>Turn right onto 三美路, 中50</desc>
      <extensions>
        <distance>2640.8</distance>
        <duration>528.1</duration>
        <type>1</type>
        <step>55</step>
      </extensions>
    </rtept>
    <rtept lat="24.311289" lon="120.566133">
      <name>三美路, 中50</name>
      <desc>Turn right onto 三美路, 中50</desc>
      <extensions>
        <distance>2640.8</distance>
        <duration>528.1</duration>
        <type>1</type>
        <step>55</step>
      </extensions>
    </rtept>
    <rtept lat="24.311299" lon="120.565989">
      <name>三美路, 中50</name>
      <desc>Turn right onto 三美路, 中50</desc>
      <extensions>
        <distance>2640.8</distance>
        <duration>528.1</duration>
        <type>1</type>
        <step>55</step>
      </extensions>
    </rtept>
    <rtept lat="24.311289" lon="120.565846">
      <name>三美路, 中50</name>
      <desc>Turn right onto 三美路, 中50</desc>
      <extensions>
        <distance>2640.8</distance>
        <duration>528.1</duration>
        <type>1</type>
        <step>55</step>
      </extensions>
    </rtept>
    <rtept lat="24.311183" lon="120.56558">
      <name>三美路, 中50</name>
      <desc>Turn right onto 三美路, 中50</desc>
      <extensions>
        <distance>2640.8</distance>
        <duration>528.1</duration>
        <type>1</type>
        <step>55</step>
      </extensions>
    </rtept>
    <rtept lat="24.310983" lon="120.565114">
      <name>三美路, 中50</name>
      <desc>Turn right onto 三美路, 中50</desc>
      <extensions>
        <distance>2640.8</distance>
        <duration>528.1</duration>
        <type>1</type>
        <step>55</step>
      </extensions>
    </rtept>
    <rtept lat="24.310853" lon="120.564816">
      <name>三美路, 中50</name>
      <desc>Turn right onto 三美路, 中50</desc>
      <extensions>
        <distance>2640.8</distance>
        <duration>528.1</duration>
        <type>1</type>
        <step>55</step>
      </extensions>
    </rtept>
    <rtept lat="24.310765" lon="120.564173">
      <name>三美路, 中50</name>
      <desc>Turn right onto 三美路, 中50</desc>
      <extensions>
        <distance>2640.8</distance>
        <duration>528.1</duration>
        <type>1</type>
        <step>55</step>
      </extensions>
    </rtept>
    <rtept lat="24.310622" lon="120.563548">
      <name>三美路, 中50</name>
      <desc>Turn right onto 三美路, 中50</desc>
      <extensions>
        <distance>2640.8</distance>
        <duration>528.1</duration>
        <type>1</type>
        <step>55</step>
      </extensions>
    </rtept>
    <rtept lat="24.310537" lon="120.563014">
      <name>三美路, 中50</name>
      <desc>Turn right onto 三美路, 中50</desc>
      <extensions>
        <distance>2640.8</distance>
        <duration>528.1</duration>
        <type>1</type>
        <step>55</step>
      </extensions>
    </rtept>
    <rtept lat="24.310537" lon="120.562652">
      <name>三美路, 中50</name>
      <desc>Turn right onto 三美路, 中50</desc>
      <extensions>
        <distance>2640.8</distance>
        <duration>528.1</duration>
        <type>1</type>
        <step>55</step>
      </extensions>
    </rtept>
    <rtept lat="24.31057" lon="120.562281">
      <name>三美路, 中50</name>
      <desc>Turn right onto 三美路, 中50</desc>
      <extensions>
        <distance>2640.8</distance>
        <duration>528.1</duration>
        <type>1</type>
        <step>55</step>
      </extensions>
    </rtept>
    <rtept lat="24.310535" lon="120.562004">
      <name>三美路, 中50</name>
      <desc>Turn right onto 三美路, 中50</desc>
      <extensions>
        <distance>2640.8</distance>
        <duration>528.1</duration>
        <type>1</type>
        <step>55</step>
      </extensions>
    </rtept>
    <rtept lat="24.310421" lon="120.561595">
      <name>三美路, 中50</name>
      <desc>Turn right onto 三美路, 中50</desc>
      <extensions>
        <distance>2640.8</distance>
        <duration>528.1</duration>
        <type>1</type>
        <step>55</step>
      </extensions>
    </rtept>
    <rtept lat="24.310043" lon="120.560926">
      <name>三美路, 中50</name>
      <desc>Turn right onto 三美路, 中50</desc>
      <extensions>
        <distance>2640.8</distance>
        <duration>528.1</duration>
        <type>1</type>
        <step>55</step>
      </extensions>
    </rtept>
    <rtept lat="24.309793" lon="120.560483">
      <name>三美路, 中50</name>
      <desc>Turn right onto 三美路, 中50</desc>
      <extensions>
        <distance>2640.8</distance>
        <duration>528.1</duration>
        <type>1</type>
        <step>55</step>
      </extensions>
    </rtept>
    <rtept lat="24.309527" lon="120.560011">
      <name>三美路, 中50</name>
      <desc>Turn right onto 三美路, 中50</desc>
      <extensions>
        <distance>2640.8</distance>
        <duration>528.1</duration>
        <type>1</type>
        <step>55</step>
      </extensions>
    </rtept>
    <rtept lat="24.309523" lon="120.559877">
      <name>三美路, 中50</name>
      <desc>Turn right onto 三美路, 中50</desc>
      <extensions>
        <distance>2640.8</distance>
        <duration>528.1</duration>
        <type>1</type>
        <step>55</step>
      </extensions>
    </rtept>
    <rtept lat="24.309644" lon="120.559287">
      <name>三美路, 中50</name>
      <desc>Turn right onto 三美路, 中50</desc>
      <extensions>
        <distance>2640.8</distance>
        <duration>528.1</duration>
        <type>1</type>
        <step>55</step>
      </extensions>
    </rtept>
    <rtept lat="24.309804" lon="120.558751">
      <name>三美路, 中50</name>
      <desc>Turn right onto 三美路, 中50</desc>
      <extensions>
        <distance>2640.8</distance>
        <duration>528.1</duration>
        <type>1</type>
        <step>55</step>
      </extensions>
    </rtept>
    <rtept lat="24.309933" lon="120.558566">
      <name>三美路, 中50</name>
      <desc>Turn right onto 三美路, 中50</desc>
      <extensions>
        <distance>2640.8</distance>
        <duration>528.1</duration>
        <type>1</type>
        <step>55</step>
      </extensions>
    </rtept>
    <rtept lat="24.310459" lon="120.557918">
      <name>三美路, 中50</name>
      <desc>Turn right onto 三美路, 中50</desc>
      <extensions>
        <distance>2640.8</distance>
        <duration>528.1</duration>
        <type>1</type>
        <step>55</step>
      </extensions>
    </rtept>
    <rtept lat="24.310597" lon="120.557589">
      <name>三美路, 中50</name>
      <desc>Turn right onto 三美路, 中50</desc>
      <extensions>
        <distance>2640.8</distance>
        <duration>528.1</duration>
        <type>1</type>
        <step>55</step>
      </extensions>
    </rtept>
    <rtept lat="24.31086" lon="120.557282">
      <name>三美路, 中50</name>
      <desc>Turn right onto 三美路, 中50</desc>
      <extensions>
        <distance>2640.8</distance>
        <duration>528.1</duration>
        <type>1</type>
        <step>55</step>
      </extensions>
    </rtept>
    <rtept lat="24.31093" lon="120.557073">
      <name>三美路, 中50</name>
      <desc>Turn right onto 三美路, 中50</desc>
      <extensions>
        <distance>2640.8</distance>
        <duration>528.1</duration>
        <type>1</type>
        <step>55</step>
      </extensions>
    </rtept>
    <rtept lat="24.310919" lon="120.556865">
      <name>三美路, 中50</name>
      <desc>Turn right onto 三美路, 中50</desc>
      <extensions>
        <distance>2640.8</distance>
        <duration>528.1</duration>
        <type>1</type>
        <step>55</step>
      </extensions>
    </rtept>
    <rtept lat="24.310887" lon="120.556464">
      <name>三美路, 中50</name>
      <desc>Turn right onto 三美路, 中50</desc>
      <extensions>
        <distance>2640.8</distance>
        <duration>528.1</duration>
        <type>1</type>
        <step>55</step>
      </extensions>
    </rtept>
    <rtept lat="24.310882" lon="120.556308">
      <name>三美路, 中50</name>
      <desc>Turn right onto 三美路, 中50</desc>
      <extensions>
        <distance>2640.8</distance>
        <duration>528.1</duration>
        <type>1</type>
        <step>55</step>
      </extensions>
    </rtept>
    <rtept lat="24.310971" lon="120.555774">
      <name>三美路, 中50</name>
      <desc>Turn right onto 三美路, 中50</desc>
      <extensions>
        <distance>2640.8</distance>
        <duration>528.1</duration>
        <type>1</type>
        <step>55</step>
      </extensions>
    </rtept>
    <rtept lat="24.311118" lon="120.555217">
      <name>三美路, 中50</name>
      <desc>Turn right onto 三美路, 中50</desc>
      <extensions>
        <distance>2640.8</distance>
        <duration>528.1</duration>
        <type>1</type>
        <step>55</step>
      </extensions>
    </rtept>
    <rtept lat="24.311152" lon="120.55507">
      <name>三美路, 中50</name>
      <desc>Turn right onto 三美路, 中50</desc>
      <extensions>
        <distance>2640.8</distance>
        <duration>528.1</duration>
        <type>1</type>
        <step>55</step>
      </extensions>
    </rtept>
    <rtept lat="24.311173" lon="120.554696">
      <name>三美路, 中50</name>
      <desc>Turn right onto 三美路, 中50</desc>
      <extensions>
        <distance>2640.8</distance>
        <duration>528.1</duration>
        <type>1</type>
        <step>55</step>
      </extensions>
    </rtept>
    <rtept lat="24.311153" lon="120.55456">
      <name>三美路, 中50</name>
      <desc>Turn right onto 三美路, 中50</desc>
      <extensions>
        <distance>2640.8</distance>
        <duration>528.1</duration>
        <type>1</type>
        <step>55</step>
      </extensions>
    </rtept>
    <rtept lat="24.311043" lon="120.554324">
      <name>三美路, 中50</name>
      <desc>Turn right onto 三美路, 中50</desc>
      <extensions>
        <distance>2640.8</distance>
        <duration>528.1</duration>
        <type>1</type>
        <step>55</step>
      </extensions>
    </rtept>
    <rtept lat="24.310955" lon="120.554164">
      <name>三美路, 中50</name>
      <desc>Turn right onto 三美路, 中50</desc>
      <extensions>
        <distance>2640.8</distance>
        <duration>528.1</duration>
        <type>1</type>
        <step>55</step>
      </extensions>
    </rtept>
    <rtept lat="24.310921" lon="120.55401">
      <name>三美路, 中50</name>
      <desc>Turn right onto 三美路, 中50</desc>
      <extensions>
        <distance>2640.8</distance>
        <duration>528.1</duration>
        <type>1</type>
        <step>55</step>
      </extensions>
    </rtept>
    <rtept lat="24.310899" lon="120.553787">
      <name>三美路, 中50</name>
      <desc>Turn right onto 三美路, 中50</desc>
      <extensions>
        <distance>2640.8</distance>
        <duration>528.1</duration>
        <type>1</type>
        <step>55</step>
      </extensions>
    </rtept>
    <rtept lat="24.310924" lon="120.553631">
      <name>三美路, 中50</name>
      <desc>Turn right onto 三美路, 中50</desc>
      <extensions>
        <distance>2640.8</distance>
        <duration>528.1</duration>
        <type>1</type>
        <step>55</step>
      </extensions>
    </rtept>
    <rtept lat="24.310992" lon="120.553194">
      <name>三美路, 中50</name>
      <desc>Turn right onto 三美路, 中50</desc>
      <extensions>
        <distance>2640.8</distance>
        <duration>528.1</duration>
        <type>1</type>
        <step>55</step>
      </extensions>
    </rtept>
    <rtept lat="24.311123" lon="120.552788">
      <name>三美路, 中50</name>
      <desc>Turn right onto 三美路, 中50</desc>
      <extensions>
        <distance>2640.8</distance>
        <duration>528.1</duration>
        <type>1</type>
        <step>55</step>
      </extensions>
    </rtept>
    <rtept lat="24.311184" lon="120.552416">
      <name>三美路, 中50</name>
      <desc>Turn right onto 三美路, 中50</desc>
      <extensions>
        <distance>2640.8</distance>
        <duration>528.1</duration>
        <type>1</type>
        <step>55</step>
      </extensions>
    </rtept>
    <rtept lat="24.311192" lon="120.552353">
      <name>三美路, 中50</name>
      <desc>Turn right onto 三美路, 中50</desc>
      <extensions>
        <distance>2640.8</distance>
        <duration>528.1</duration>
        <type>1</type>
        <step>55</step>
      </extensions>
    </rtept>
    <rtept lat="24.311254" lon="120.552225">
      <name>三美路, 中50</name>
      <desc>Turn right onto 三美路, 中50</desc>
      <extensions>
        <distance>2640.8</distance>
        <duration>528.1</duration>
        <type>1</type>
        <step>55</step>
      </extensions>
    </rtept>
    <rtept lat="24.311409" lon="120.551972">
      <name>三美路, 中50</name>
      <desc>Turn right onto 三美路, 中50</desc>
      <extensions>
        <distance>2640.8</distance>
        <duration>528.1</duration>
        <type>1</type>
        <step>55</step>
      </extensions>
    </rtept>
    <rtept lat="24.311909" lon="120.551261">
      <name>三美路, 中50</name>
      <desc>Turn right onto 三美路, 中50</desc>
      <extensions>
        <distance>2640.8</distance>
        <duration>528.1</duration>
        <type>1</type>
        <step>55</step>
      </extensions>
    </rtept>
    <rtept lat="24.312092" lon="120.550849">
      <name>美堤街</name>
      <desc>Turn left onto 美堤街</desc>
      <extensions>
        <distance>20.0</distance>
        <duration>4.0</duration>
        <type>0</type>
        <step>56</step>
      </extensions>
    </rtept>
    <rtept lat="24.312047" lon="120.550826">
      <name>美堤街</name>
      <desc>Turn left onto 美堤街</desc>
      <extensions>
        <distance>20.0</distance>
        <duration>4.0</duration>
        <type>0</type>
        <step>56</step>
      </extensions>
    </rtept>
    <rtept lat="24.311928" lon="120.550766">
      <name/>
      <desc>Turn right</desc>
      <extensions>
        <distance>33.1</distance>
        <duration>6.6</duration>
        <type>1</type>
        <step>57</step>
      </extensions>
    </rtept>
    <rtept lat="24.312005" lon="120.550538">
      <name/>
      <desc>Turn right</desc>
      <extensions>
        <distance>33.1</distance>
        <duration>6.6</duration>
        <type>1</type>
        <step>57</step>
      </extensions>
    </rtept>
    <rtept lat="24.311933" lon="120.550511">
      <name/>
      <desc>Turn right</desc>
      <extensions>
        <distance>70.9</distance>
        <duration>14.2</duration>
        <type>1</type>
        <step>58</step>
      </extensions>
    </rtept>
    <rtept lat="24.311996" lon="120.550268">
      <name/>
      <desc>Turn right</desc>
      <extensions>
        <distance>70.9</distance>
        <duration>14.2</duration>
        <type>1</type>
        <step>58</step>
      </extensions>
    </rtept>
    <rtept lat="24.312031" lon="120.550139">
      <name/>
      <desc>Turn right</desc>
      <extensions>
        <distance>70.9</distance>
        <duration>14.2</duration>
        <type>1</type>
        <step>58</step>
      </extensions>
    </rtept>
    <rtept lat="24.312058" lon="120.550043">
      <name/>
      <desc>Turn right</desc>
      <extensions>
        <distance>70.9</distance>
        <duration>14.2</duration>
        <type>1</type>
        <step>58</step>
      </extensions>
    </rtept>
    <rtept lat="24.312044" lon="120.54999">
      <name/>
      <desc>Turn right</desc>
      <extensions>
        <distance>70.9</distance>
        <duration>14.2</duration>
        <type>1</type>
        <step>58</step>
      </extensions>
    </rtept>
    <rtept lat="24.312018" lon="120.549966">
      <name/>
      <desc>Turn right</desc>
      <extensions>
        <distance>70.9</distance>
        <duration>14.2</duration>
        <type>1</type>
        <step>58</step>
      </extensions>
    </rtept>
    <rtept lat="24.31191" lon="120.549956">
      <name/>
      <desc>Turn right</desc>
      <extensions>
        <distance>57.6</distance>
        <duration>34.6</duration>
        <type>1</type>
        <step>59</step>
      </extensions>
    </rtept>
    <rtept lat="24.311918" lon="120.549888">
      <name/>
      <desc>Turn right</desc>
      <extensions>
        <distance>57.6</distance>
        <duration>34.6</duration>
        <type>1</type>
        <step>59</step>
      </extensions>
    </rtept>
    <rtept lat="24.311961" lon="120.549596">
      <name/>
      <desc>Turn right</desc>
      <extensions>
        <distance>57.6</distance>
        <duration>34.6</duration>
        <type>1</type>
        <step>59</step>
      </extensions>
    </rtept>
    <rtept lat="24.312032" lon="120.549407">
      <name/>
      <desc>Keep left</desc>
      <extensions>
        <distance>68.2</distance>
        <duration>40.9</duration>
        <type>12</type>
        <step>60</step>
      </extensions>
    </rtept>
    <rtept lat="24.312085" lon="120.549201">
      <name/>
      <desc>Keep left</desc>
      <extensions>
        <distance>68.2</distance>
        <duration>40.9</duration>
        <type>12</type>
        <step>60</step>
      </extensions>
    </rtept>
    <rtept lat="24.312087" lon="120.549084">
      <name/>
      <desc>Keep left</desc>
      <extensions>
        <distance>68.2</distance>
        <duration>40.9</duration>
        <type>12</type>
        <step>60</step>
      </extensions>
    </rtept>
    <rtept lat="24.312101" lon="120.54903">
      <name/>
      <desc>Keep left</desc>
      <extensions>
        <distance>68.2</distance>
        <duration>40.9</duration>
        <type>12</type>
        <step>60</step>
      </extensions>
    </rtept>
    <rtept lat="24.312147" lon="120.548955">
      <name/>
      <desc>Keep left</desc>
      <extensions>
        <distance>68.2</distance>
        <duration>40.9</duration>
        <type>12</type>
        <step>60</step>
      </extensions>
    </rtept>
    <rtept lat="24.312271" lon="120.548814">
      <name/>
      <desc>Arrive at your destination, on the left</desc>
      <extensions>
        <distance>0.0</distance>
        <duration>0.0</duration>
        <type>10</type>
        <step>61</step>
      </extensions>
    </rtept>
    <rtept lat="24.312271" lon="120.548814">
      <name/>
      <desc>Head southeast</desc>
      <extensions>
        <distance>125.8</distance>
        <duration>75.5</duration>
        <type>11</type>
        <step>62</step>
      </extensions>
    </rtept>
    <rtept lat="24.312147" lon="120.548955">
      <name/>
      <desc>Head southeast</desc>
      <extensions>
        <distance>125.8</distance>
        <duration>75.5</duration>
        <type>11</type>
        <step>62</step>
      </extensions>
    </rtept>
    <rtept lat="24.312101" lon="120.54903">
      <name/>
      <desc>Head southeast</desc>
      <extensions>
        <distance>125.8</distance>
        <duration>75.5</duration>
        <type>11</type>
        <step>62</step>
      </extensions>
    </rtept>
    <rtept lat="24.312087" lon="120.549084">
      <name/>
      <desc>Head southeast</desc>
      <extensions>
        <distance>125.8</distance>
        <duration>75.5</duration>
        <type>11</type>
        <step>62</step>
      </extensions>
    </rtept>
    <rtept lat="24.312085" lon="120.549201">
      <name/>
      <desc>Head southeast</desc>
      <extensions>
        <distance>125.8</distance>
        <duration>75.5</duration>
        <type>11</type>
        <step>62</step>
      </extensions>
    </rtept>
    <rtept lat="24.312032" lon="120.549407">
      <name/>
      <desc>Head southeast</desc>
      <extensions>
        <distance>125.8</distance>
        <duration>75.5</duration>
        <type>11</type>
        <step>62</step>
      </extensions>
    </rtept>
    <rtept lat="24.311961" lon="120.549596">
      <name/>
      <desc>Head southeast</desc>
      <extensions>
        <distance>125.8</distance>
        <duration>75.5</duration>
        <type>11</type>
        <step>62</step>
      </extensions>
    </rtept>
    <rtept lat="24.311918" lon="120.549888">
      <name/>
      <desc>Head southeast</desc>
      <extensions>
        <distance>125.8</distance>
        <duration>75.5</duration>
        <type>11</type>
        <step>62</step>
      </extensions>
    </rtept>
    <rtept lat="24.31191" lon="120.549956">
      <name/>
      <desc>Turn left</desc>
      <extensions>
        <distance>70.9</distance>
        <duration>14.2</duration>
        <type>0</type>
        <step>63</step>
      </extensions>
    </rtept>
    <rtept lat="24.312018" lon="120.549966">
      <name/>
      <desc>Turn left</desc>
      <extensions>
        <distance>70.9</distance>
        <duration>14.2</duration>
        <type>0</type>
        <step>63</step>
      </extensions>
    </rtept>
    <rtept lat="24.312044" lon="120.54999">
      <name/>
      <desc>Turn left</desc>
      <extensions>
        <distance>70.9</distance>
        <duration>14.2</duration>
        <type>0</type>
        <step>63</step>
      </extensions>
    </rtept>
    <rtept lat="24.312058" lon="120.550043">
      <name/>
      <desc>Turn left</desc>
      <extensions>
        <distance>70.9</distance>
        <duration>14.2</duration>
        <type>0</type>
        <step>63</step>
      </extensions>
    </rtept>
    <rtept lat="24.312031" lon="120.550139">
      <name/>
      <desc>Turn left</desc>
      <extensions>
        <distance>70.9</distance>
        <duration>14.2</duration>
        <type>0</type>
        <step>63</step>
      </extensions>
    </rtept>
    <rtept lat="24.311996" lon="120.550268">
      <name/>
      <desc>Turn left</desc>
      <extensions>
        <distance>70.9</distance>
        <duration>14.2</duration>
        <type>0</type>
        <step>63</step>
      </extensions>
    </rtept>
    <rtept lat="24.311933" lon="120.550511">
      <name/>
      <desc>Turn left</desc>
      <extensions>
        <distance>33.1</distance>
        <duration>6.6</duration>
        <type>0</type>
        <step>64</step>
      </extensions>
    </rtept>
    <rtept lat="24.312005" lon="120.550538">
      <name/>
      <desc>Turn left</desc>
      <extensions>
        <distance>33.1</distance>
        <duration>6.6</duration>
        <type>0</type>
        <step>64</step>
      </extensions>
    </rtept>
    <rtept lat="24.311928" lon="120.550766">
      <name>美堤街</name>
      <desc>Turn left onto 美堤街</desc>
      <extensions>
        <distance>20.0</distance>
        <duration>4.0</duration>
        <type>0</type>
        <step>65</step>
      </extensions>
    </rtept>
    <rtept lat="24.312047" lon="120.550826">
      <name>美堤街</name>
      <desc>Turn left onto 美堤街</desc>
      <extensions>
        <distance>20.0</distance>
        <duration>4.0</duration>
        <type>0</type>
        <step>65</step>
      </extensions>
    </rtept>
    <rtept lat="24.312092" lon="120.550849">
      <name>高美路, 中50</name>
      <desc>Turn right onto 高美路, 中50</desc>
      <extensions>
        <distance>865.6</distance>
        <duration>173.1</duration>
        <type>1</type>
        <step>66</step>
      </extensions>
    </rtept>
    <rtept lat="24.311909" lon="120.551261">
      <name>高美路, 中50</name>
      <desc>Turn right onto 高美路, 中50</desc>
      <extensions>
        <distance>865.6</distance>
        <duration>173.1</duration>
        <type>1</type>
        <step>66</step>
      </extensions>
    </rtept>
    <rtept lat="24.311409" lon="120.551972">
      <name>高美路, 中50</name>
      <desc>Turn right onto 高美路, 中50</desc>
      <extensions>
        <distance>865.6</distance>
        <duration>173.1</duration>
        <type>1</type>
        <step>66</step>
      </extensions>
    </rtept>
    <rtept lat="24.311254" lon="120.552225">
      <name>高美路, 中50</name>
      <desc>Turn right onto 高美路, 中50</desc>
      <extensions>
        <distance>865.6</distance>
        <duration>173.1</duration>
        <type>1</type>
        <step>66</step>
      </extensions>
    </rtept>
    <rtept lat="24.311192" lon="120.552353">
      <name>高美路, 中50</name>
      <desc>Turn right onto 高美路, 中50</desc>
      <extensions>
        <distance>865.6</distance>
        <duration>173.1</duration>
        <type>1</type>
        <step>66</step>
      </extensions>
    </rtept>
    <rtept lat="24.311184" lon="120.552416">
      <name>高美路, 中50</name>
      <desc>Turn right onto 高美路, 中50</desc>
      <extensions>
        <distance>865.6</distance>
        <duration>173.1</duration>
        <type>1</type>
        <step>66</step>
      </extensions>
    </rtept>
    <rtept lat="24.311123" lon="120.552788">
      <name>高美路, 中50</name>
      <desc>Turn right onto 高美路, 中50</desc>
      <extensions>
        <distance>865.6</distance>
        <duration>173.1</duration>
        <type>1</type>
        <step>66</step>
      </extensions>
    </rtept>
    <rtept lat="24.310992" lon="120.553194">
      <name>高美路, 中50</name>
      <desc>Turn right onto 高美路, 中50</desc>
      <extensions>
        <distance>865.6</distance>
        <duration>173.1</duration>
        <type>1</type>
        <step>66</step>
      </extensions>
    </rtept>
    <rtept lat="24.310924" lon="120.553631">
      <name>高美路, 中50</name>
      <desc>Turn right onto 高美路, 中50</desc>
      <extensions>
        <distance>865.6</distance>
        <duration>173.1</duration>
        <type>1</type>
        <step>66</step>
      </extensions>
    </rtept>
    <rtept lat="24.310899" lon="120.553787">
      <name>高美路, 中50</name>
      <desc>Turn right onto 高美路, 中50</desc>
      <extensions>
        <distance>865.6</distance>
        <duration>173.1</duration>
        <type>1</type>
        <step>66</step>
      </extensions>
    </rtept>
    <rtept lat="24.310921" lon="120.55401">
      <name>高美路, 中50</name>
      <desc>Turn right onto 高美路, 中50</desc>
      <extensions>
        <distance>865.6</distance>
        <duration>173.1</duration>
        <type>1</type>
        <step>66</step>
      </extensions>
    </rtept>
    <rtept lat="24.310955" lon="120.554164">
      <name>高美路, 中50</name>
      <desc>Turn right onto 高美路, 中50</desc>
      <extensions>
        <distance>865.6</distance>
        <duration>173.1</duration>
        <type>1</type>
        <step>66</step>
      </extensions>
    </rtept>
    <rtept lat="24.311043" lon="120.554324">
      <name>高美路, 中50</name>
      <desc>Turn right onto 高美路, 中50</desc>
      <extensions>
        <distance>865.6</distance>
        <duration>173.1</duration>
        <type>1</type>
        <step>66</step>
      </extensions>
    </rtept>
    <rtept lat="24.311153" lon="120.55456">
      <name>高美路, 中50</name>
      <desc>Turn right onto 高美路, 中50</desc>
      <extensions>
        <distance>865.6</distance>
        <duration>173.1</duration>
        <type>1</type>
        <step>66</step>
      </extensions>
    </rtept>
    <rtept lat="24.311173" lon="120.554696">
      <name>高美路, 中50</name>
      <desc>Turn right onto 高美路, 中50</desc>
      <extensions>
        <distance>865.6</distance>
        <duration>173.1</duration>
        <type>1</type>
        <step>66</step>
      </extensions>
    </rtept>
    <rtept lat="24.311152" lon="120.55507">
      <name>高美路, 中50</name>
      <desc>Turn right onto 高美路, 中50</desc>
      <extensions>
        <distance>865.6</distance>
        <duration>173.1</duration>
        <type>1</type>
        <step>66</step>
      </extensions>
    </rtept>
    <rtept lat="24.311118" lon="120.555217">
      <name>高美路, 中50</name>
      <desc>Turn right onto 高美路, 中50</desc>
      <extensions>
        <distance>865.6</distance>
        <duration>173.1</duration>
        <type>1</type>
        <step>66</step>
      </extensions>
    </rtept>
    <rtept lat="24.310971" lon="120.555774">
      <name>高美路, 中50</name>
      <desc>Turn right onto 高美路, 中50</desc>
      <extensions>
        <distance>865.6</distance>
        <duration>173.1</duration>
        <type>1</type>
        <step>66</step>
      </extensions>
    </rtept>
    <rtept lat="24.310882" lon="120.556308">
      <name>高美路, 中50</name>
      <desc>Turn right onto 高美路, 中50</desc>
      <extensions>
        <distance>865.6</distance>
        <duration>173.1</duration>
        <type>1</type>
        <step>66</step>
      </extensions>
    </rtept>
    <rtept lat="24.310887" lon="120.556464">
      <name>高美路, 中50</name>
      <desc>Turn right onto 高美路, 中50</desc>
      <extensions>
        <distance>865.6</distance>
        <duration>173.1</duration>
        <type>1</type>
        <step>66</step>
      </extensions>
    </rtept>
    <rtept lat="24.310919" lon="120.556865">
      <name>高美路, 中50</name>
      <desc>Turn right onto 高美路, 中50</desc>
      <extensions>
        <distance>865.6</distance>
        <duration>173.1</duration>
        <type>1</type>
        <step>66</step>
      </extensions>
    </rtept>
    <rtept lat="24.31093" lon="120.557073">
      <name>高美路, 中50</name>
      <desc>Turn right onto 高美路, 中50</desc>
      <extensions>
        <distance>865.6</distance>
        <duration>173.1</duration>
        <type>1</type>
        <step>66</step>
      </extensions>
    </rtept>
    <rtept lat="24.31086" lon="120.557282">
      <name>高美路, 中50</name>
      <desc>Turn right onto 高美路, 中50</desc>
      <extensions>
        <distance>865.6</distance>
        <duration>173.1</duration>
        <type>1</type>
        <step>66</step>
      </extensions>
    </rtept>
    <rtept lat="24.310597" lon="120.557589">
      <name>高美路, 中50</name>
      <desc>Turn right onto 高美路, 中50</desc>
      <extensions>
        <distance>865.6</distance>
        <duration>173.1</duration>
        <type>1</type>
        <step>66</step>
      </extensions>
    </rtept>
    <rtept lat="24.310459" lon="120.557918">
      <name>高美路, 中50</name>
      <desc>Turn right onto 高美路, 中50</desc>
      <extensions>
        <distance>865.6</distance>
        <duration>173.1</duration>
        <type>1</type>
        <step>66</step>
      </extensions>
    </rtept>
    <rtept lat="24.309933" lon="120.558566">
      <name>港埠路五段</name>
      <desc>Turn right onto 港埠路五段</desc>
      <extensions>
        <distance>958.3</distance>
        <duration>191.7</duration>
        <type>1</type>
        <step>67</step>
      </extensions>
    </rtept>
    <rtept lat="24.30871" lon="120.557914">
      <name>港埠路五段</name>
      <desc>Turn right onto 港埠路五段</desc>
      <extensions>
        <distance>958.3</distance>
        <duration>191.7</duration>
        <type>1</type>
        <step>67</step>
      </extensions>
    </rtept>
    <rtept lat="24.305792" lon="120.556412">
      <name>港埠路五段</name>
      <desc>Turn right onto 港埠路五段</desc>
      <extensions>
        <distance>958.3</distance>
        <duration>191.7</duration>
        <type>1</type>
        <step>67</step>
      </extensions>
    </rtept>
    <rtept lat="24.302786" lon="120.554813">
      <name>港埠路五段</name>
      <desc>Turn right onto 港埠路五段</desc>
      <extensions>
        <distance>958.3</distance>
        <duration>191.7</duration>
        <type>1</type>
        <step>67</step>
      </extensions>
    </rtept>
    <rtept lat="24.302139" lon="120.554533">
      <name>港埠路五段</name>
      <desc>Keep right onto 港埠路五段</desc>
      <extensions>
        <distance>957.9</distance>
        <duration>191.6</duration>
        <type>13</type>
        <step>68</step>
      </extensions>
    </rtept>
    <rtept lat="24.302015" lon="120.554502">
      <name>港埠路五段</name>
      <desc>Keep right onto 港埠路五段</desc>
      <extensions>
        <distance>957.9</distance>
        <duration>191.6</duration>
        <type>13</type>
        <step>68</step>
      </extensions>
    </rtept>
    <rtept lat="24.301887" lon="120.554438">
      <name>港埠路五段</name>
      <desc>Keep right onto 港埠路五段</desc>
      <extensions>
        <distance>957.9</distance>
        <duration>191.6</duration>
        <type>13</type>
        <step>68</step>
      </extensions>
    </rtept>
    <rtept lat="24.300964" lon="120.554073">
      <name>港埠路五段</name>
      <desc>Keep right onto 港埠路五段</desc>
      <extensions>
        <distance>957.9</distance>
        <duration>191.6</duration>
        <type>13</type>
        <step>68</step>
      </extensions>
    </rtept>
    <rtept lat="24.299548" lon="120.553579">
      <name>港埠路五段</name>
      <desc>Keep right onto 港埠路五段</desc>
      <extensions>
        <distance>957.9</distance>
        <duration>191.6</duration>
        <type>13</type>
        <step>68</step>
      </extensions>
    </rtept>
    <rtept lat="24.297166" lon="120.552893">
      <name>港埠路五段</name>
      <desc>Keep right onto 港埠路五段</desc>
      <extensions>
        <distance>957.9</distance>
        <duration>191.6</duration>
        <type>13</type>
        <step>68</step>
      </extensions>
    </rtept>
    <rtept lat="24.296844" lon="120.55285">
      <name>港埠路五段</name>
      <desc>Keep right onto 港埠路五段</desc>
      <extensions>
        <distance>957.9</distance>
        <duration>191.6</duration>
        <type>13</type>
        <step>68</step>
      </extensions>
    </rtept>
    <rtept lat="24.296509" lon="120.552757">
      <name>港埠路五段</name>
      <desc>Keep right onto 港埠路五段</desc>
      <extensions>
        <distance>957.9</distance>
        <duration>191.6</duration>
        <type>13</type>
        <step>68</step>
      </extensions>
    </rtept>
    <rtept lat="24.296477" lon="120.552748">
      <name>港埠路五段</name>
      <desc>Keep right onto 港埠路五段</desc>
      <extensions>
        <distance>957.9</distance>
        <duration>191.6</duration>
        <type>13</type>
        <step>68</step>
      </extensions>
    </rtept>
    <rtept lat="24.296351" lon="120.552721">
      <name>港埠路五段</name>
      <desc>Keep right onto 港埠路五段</desc>
      <extensions>
        <distance>957.9</distance>
        <duration>191.6</duration>
        <type>13</type>
        <step>68</step>
      </extensions>
    </rtept>
    <rtept lat="24.296229" lon="120.552692">
      <name>港埠路五段</name>
      <desc>Keep right onto 港埠路五段</desc>
      <extensions>
        <distance>957.9</distance>
        <duration>191.6</duration>
        <type>13</type>
        <step>68</step>
      </extensions>
    </rtept>
    <rtept lat="24.296097" lon="120.552652">
      <name>港埠路五段</name>
      <desc>Keep right onto 港埠路五段</desc>
      <extensions>
        <distance>957.9</distance>
        <duration>191.6</duration>
        <type>13</type>
        <step>68</step>
      </extensions>
    </rtept>
    <rtept lat="24.295416" lon="120.552464">
      <name>港埠路五段</name>
      <desc>Keep right onto 港埠路五段</desc>
      <extensions>
        <distance>957.9</distance>
        <duration>191.6</duration>
        <type>13</type>
        <step>68</step>
      </extensions>
    </rtept>
    <rtept lat="24.295298" lon="120.552423">
      <name>港埠路五段</name>
      <desc>Keep right onto 港埠路五段</desc>
      <extensions>
        <distance>957.9</distance>
        <duration>191.6</duration>
        <type>13</type>
        <step>68</step>
      </extensions>
    </rtept>
    <rtept lat="24.29448" lon="120.5522">
      <name>港埠路五段</name>
      <desc>Keep right onto 港埠路五段</desc>
      <extensions>
        <distance>957.9</distance>
        <duration>191.6</duration>
        <type>13</type>
        <step>68</step>
      </extensions>
    </rtept>
    <rtept lat="24.294124" lon="120.552102">
      <name>港埠路五段</name>
      <desc>Keep right onto 港埠路五段</desc>
      <extensions>
        <distance>957.9</distance>
        <duration>191.6</duration>
        <type>13</type>
        <step>68</step>
      </extensions>
    </rtept>
    <rtept lat="24.293936" lon="120.552041">
      <name>港埠路五段</name>
      <desc>Keep right onto 港埠路五段</desc>
      <extensions>
        <distance>957.9</distance>
        <duration>191.6</duration>
        <type>13</type>
        <step>68</step>
      </extensions>
    </rtept>
    <rtept lat="24.293849" lon="120.552008">
      <name>臨港路六段, 17</name>
      <desc>Turn right onto 臨港路六段, 17</desc>
      <extensions>
        <distance>5545.9</distance>
        <duration>1109.2</duration>
        <type>1</type>
        <step>69</step>
      </extensions>
    </rtept>
    <rtept lat="24.293456" lon="120.550579">
      <name>臨港路六段, 17</name>
      <desc>Turn right onto 臨港路六段, 17</desc>
      <extensions>
        <distance>5545.9</distance>
        <duration>1109.2</duration>
        <type>1</type>
        <step>69</step>
      </extensions>
    </rtept>
    <rtept lat="24.292988" lon="120.548845">
      <name>臨港路六段, 17</name>
      <desc>Turn right onto 臨港路六段, 17</desc>
      <extensions>
        <distance>5545.9</distance>
        <duration>1109.2</duration>
        <type>1</type>
        <step>69</step>
      </extensions>
    </rtept>
    <rtept lat="24.291934" lon="120.544937">
      <name>臨港路六段, 17</name>
      <desc>Turn right onto 臨港路六段, 17</desc>
      <extensions>
        <distance>5545.9</distance>
        <duration>1109.2</duration>
        <type>1</type>
        <step>69</step>
      </extensions>
    </rtept>
    <rtept lat="24.291437" lon="120.54309">
      <name>臨港路六段, 17</name>
      <desc>Turn right onto 臨港路六段, 17</desc>
      <extensions>
        <distance>5545.9</distance>
        <duration>1109.2</duration>
        <type>1</type>
        <step>69</step>
      </extensions>
    </rtept>
    <rtept lat="24.291244" lon="120.542568">
      <name>臨港路六段, 17</name>
      <desc>Turn right onto 臨港路六段, 17</desc>
      <extensions>
        <distance>5545.9</distance>
        <duration>1109.2</duration>
        <type>1</type>
        <step>69</step>
      </extensions>
    </rtept>
    <rtept lat="24.291126" lon="120.542311">
      <name>臨港路六段, 17</name>
      <desc>Turn right onto 臨港路六段, 17</desc>
      <extensions>
        <distance>5545.9</distance>
        <duration>1109.2</duration>
        <type>1</type>
        <step>69</step>
      </extensions>
    </rtept>
    <rtept lat="24.290986" lon="120.542048">
      <name>臨港路六段, 17</name>
      <desc>Turn right onto 臨港路六段, 17</desc>
      <extensions>
        <distance>5545.9</distance>
        <duration>1109.2</duration>
        <type>1</type>
        <step>69</step>
      </extensions>
    </rtept>
    <rtept lat="24.290778" lon="120.541717">
      <name>臨港路六段, 17</name>
      <desc>Turn right onto 臨港路六段, 17</desc>
      <extensions>
        <distance>5545.9</distance>
        <duration>1109.2</duration>
        <type>1</type>
        <step>69</step>
      </extensions>
    </rtept>
    <rtept lat="24.290509" lon="120.541363">
      <name>臨港路六段, 17</name>
      <desc>Turn right onto 臨港路六段, 17</desc>
      <extensions>
        <distance>5545.9</distance>
        <duration>1109.2</duration>
        <type>1</type>
        <step>69</step>
      </extensions>
    </rtept>
    <rtept lat="24.290222" lon="120.541039">
      <name>臨港路六段, 17</name>
      <desc>Turn right onto 臨港路六段, 17</desc>
      <extensions>
        <distance>5545.9</distance>
        <duration>1109.2</duration>
        <type>1</type>
        <step>69</step>
      </extensions>
    </rtept>
    <rtept lat="24.289856" lon="120.540662">
      <name>臨港路六段, 17</name>
      <desc>Turn right onto 臨港路六段, 17</desc>
      <extensions>
        <distance>5545.9</distance>
        <duration>1109.2</duration>
        <type>1</type>
        <step>69</step>
      </extensions>
    </rtept>
    <rtept lat="24.289767" lon="120.54059">
      <name>臨港路六段, 17</name>
      <desc>Turn right onto 臨港路六段, 17</desc>
      <extensions>
        <distance>5545.9</distance>
        <duration>1109.2</duration>
        <type>1</type>
        <step>69</step>
      </extensions>
    </rtept>
    <rtept lat="24.289659" lon="120.54049">
      <name>臨港路六段, 17</name>
      <desc>Turn right onto 臨港路六段, 17</desc>
      <extensions>
        <distance>5545.9</distance>
        <duration>1109.2</duration>
        <type>1</type>
        <step>69</step>
      </extensions>
    </rtept>
    <rtept lat="24.289321" lon="120.540178">
      <name>臨港路六段, 17</name>
      <desc>Turn right onto 臨港路六段, 17</desc>
      <extensions>
        <distance>5545.9</distance>
        <duration>1109.2</duration>
        <type>1</type>
        <step>69</step>
      </extensions>
    </rtept>
    <rtept lat="24.289212" lon="120.540064">
      <name>臨港路六段, 17</name>
      <desc>Turn right onto 臨港路六段, 17</desc>
      <extensions>
        <distance>5545.9</distance>
        <duration>1109.2</duration>
        <type>1</type>
        <step>69</step>
      </extensions>
    </rtept>
    <rtept lat="24.288885" lon="120.539801">
      <name>臨港路六段, 17</name>
      <desc>Turn right onto 臨港路六段, 17</desc>
      <extensions>
        <distance>5545.9</distance>
        <duration>1109.2</duration>
        <type>1</type>
        <step>69</step>
      </extensions>
    </rtept>
    <rtept lat="24.288206" lon="120.539305">
      <name>臨港路六段, 17</name>
      <desc>Turn right onto 臨港路六段, 17</desc>
      <extensions>
        <distance>5545.9</distance>
        <duration>1109.2</duration>
        <type>1</type>
        <step>69</step>
      </extensions>
    </rtept>
    <rtept lat="24.28775" lon="120.539019">
      <name>臨港路六段, 17</name>
      <desc>Turn right onto 臨港路六段, 17</desc>
      <extensions>
        <distance>5545.9</distance>
        <duration>1109.2</duration>
        <type>1</type>
        <step>69</step>
      </extensions>
    </rtept>
    <rtept lat="24.287052" lon="120.538692">
      <name>臨港路六段, 17</name>
      <desc>Turn right onto 臨港路六段, 17</desc>
      <extensions>
        <distance>5545.9</distance>
        <duration>1109.2</duration>
        <type>1</type>
        <step>69</step>
      </extensions>
    </rtept>
    <rtept lat="24.285994" lon="120.538231">
      <name>臨港路六段, 17</name>
      <desc>Turn right onto 臨港路六段, 17</desc>
      <extensions>
        <distance>5545.9</distance>
        <duration>1109.2</duration>
        <type>1</type>
        <step>69</step>
      </extensions>
    </rtept>
    <rtept lat="24.283159" lon="120.537012">
      <name>臨港路六段, 17</name>
      <desc>Turn right onto 臨港路六段, 17</desc>
      <extensions>
        <distance>5545.9</distance>
        <duration>1109.2</duration>
        <type>1</type>
        <step>69</step>
      </extensions>
    </rtept>
    <rtept lat="24.281511" lon="120.53631">
      <name>臨港路六段, 17</name>
      <desc>Turn right onto 臨港路六段, 17</desc>
      <extensions>
        <distance>5545.9</distance>
        <duration>1109.2</duration>
        <type>1</type>
        <step>69</step>
      </extensions>
    </rtept>
    <rtept lat="24.281351" lon="120.536241">
      <name>臨港路六段, 17</name>
      <desc>Turn right onto 臨港路六段, 17</desc>
      <extensions>
        <distance>5545.9</distance>
        <duration>1109.2</duration>
        <type>1</type>
        <step>69</step>
      </extensions>
    </rtept>
    <rtept lat="24.279163" lon="120.535332">
      <name>臨港路六段, 17</name>
      <desc>Turn right onto 臨港路六段, 17</desc>
      <extensions>
        <distance>5545.9</distance>
        <duration>1109.2</duration>
        <type>1</type>
        <step>69</step>
      </extensions>
    </rtept>
    <rtept lat="24.279012" lon="120.535268">
      <name>臨港路六段, 17</name>
      <desc>Turn right onto 臨港路六段, 17</desc>
      <extensions>
        <distance>5545.9</distance>
        <duration>1109.2</duration>
        <type>1</type>
        <step>69</step>
      </extensions>
    </rtept>
    <rtept lat="24.278769" lon="120.535162">
      <name>臨港路六段, 17</name>
      <desc>Turn right onto 臨港路六段, 17</desc>
      <extensions>
        <distance>5545.9</distance>
        <duration>1109.2</duration>
        <type>1</type>
        <step>69</step>
      </extensions>
    </rtept>
    <rtept lat="24.276215" lon="120.534052">
      <name>臨港路六段, 17</name>
      <desc>Turn right onto 臨港路六段, 17</desc>
      <extensions>
        <distance>5545.9</distance>
        <duration>1109.2</duration>
        <type>1</type>
        <step>69</step>
      </extensions>
    </rtept>
    <rtept lat="24.27398" lon="120.533104">
      <name>臨港路六段, 17</name>
      <desc>Turn right onto 臨港路六段, 17</desc>
      <extensions>
        <distance>5545.9</distance>
        <duration>1109.2</duration>
        <type>1</type>
        <step>69</step>
      </extensions>
    </rtept>
    <rtept lat="24.272927" lon="120.532651">
      <name>臨港路六段, 17</name>
      <desc>Turn right onto 臨港路六段, 17</desc>
      <extensions>
        <distance>5545.9</distance>
        <duration>1109.2</duration>
        <type>1</type>
        <step>69</step>
      </extensions>
    </rtept>
    <rtept lat="24.272535" lon="120.532484">
      <name>臨港路六段, 17</name>
      <desc>Turn right onto 臨港路六段, 17</desc>
      <extensions>
        <distance>5545.9</distance>
        <duration>1109.2</duration>
        <type>1</type>
        <step>69</step>
      </extensions>
    </rtept>
    <rtept lat="24.272457" lon="120.532451">
      <name>臨港路六段, 17</name>
      <desc>Turn right onto 臨港路六段, 17</desc>
      <extensions>
        <distance>5545.9</distance>
        <duration>1109.2</duration>
        <type>1</type>
        <step>69</step>
      </extensions>
    </rtept>
    <rtept lat="24.272385" lon="120.53242">
      <name>臨港路六段, 17</name>
      <desc>Turn right onto 臨港路六段, 17</desc>
      <extensions>
        <distance>5545.9</distance>
        <duration>1109.2</duration>
        <type>1</type>
        <step>69</step>
      </extensions>
    </rtept>
    <rtept lat="24.272314" lon="120.53239">
      <name>臨港路六段, 17</name>
      <desc>Turn right onto 臨港路六段, 17</desc>
      <extensions>
        <distance>5545.9</distance>
        <duration>1109.2</duration>
        <type>1</type>
        <step>69</step>
      </extensions>
    </rtept>
    <rtept lat="24.272197" lon="120.53234">
      <name>臨港路六段, 17</name>
      <desc>Turn right onto 臨港路六段, 17</desc>
      <extensions>
        <distance>5545.9</distance>
        <duration>1109.2</duration>
        <type>1</type>
        <step>69</step>
      </extensions>
    </rtept>
    <rtept lat="24.270968" lon="120.531816">
      <name>臨港路六段, 17</name>
      <desc>Turn right onto 臨港路六段, 17</desc>
      <extensions>
        <distance>5545.9</distance>
        <duration>1109.2</duration>
        <type>1</type>
        <step>69</step>
      </extensions>
    </rtept>
    <rtept lat="24.269099" lon="120.53102">
      <name>臨港路六段, 17</name>
      <desc>Turn right onto 臨港路六段, 17</desc>
      <extensions>
        <distance>5545.9</distance>
        <duration>1109.2</duration>
        <type>1</type>
        <step>69</step>
      </extensions>
    </rtept>
    <rtept lat="24.269026" lon="120.530988">
      <name>臨港路六段, 17</name>
      <desc>Turn right onto 臨港路六段, 17</desc>
      <extensions>
        <distance>5545.9</distance>
        <duration>1109.2</duration>
        <type>1</type>
        <step>69</step>
      </extensions>
    </rtept>
    <rtept lat="24.268913" lon="120.53094">
      <name>臨港路六段, 17</name>
      <desc>Turn right onto 臨港路六段, 17</desc>
      <extensions>
        <distance>5545.9</distance>
        <duration>1109.2</duration>
        <type>1</type>
        <step>69</step>
      </extensions>
    </rtept>
    <rtept lat="24.268837" lon="120.530908">
      <name>臨港路六段, 17</name>
      <desc>Turn right onto 臨港路六段, 17</desc>
      <extensions>
        <distance>5545.9</distance>
        <duration>1109.2</duration>
        <type>1</type>
        <step>69</step>
      </extensions>
    </rtept>
    <rtept lat="24.265521" lon="120.529495">
      <name>臨港路六段, 17</name>
      <desc>Turn right onto 臨港路六段, 17</desc>
      <extensions>
        <distance>5545.9</distance>
        <duration>1109.2</duration>
        <type>1</type>
        <step>69</step>
      </extensions>
    </rtept>
    <rtept lat="24.265433" lon="120.529457">
      <name>臨港路六段, 17</name>
      <desc>Turn right onto 臨港路六段, 17</desc>
      <extensions>
        <distance>5545.9</distance>
        <duration>1109.2</duration>
        <type>1</type>
        <step>69</step>
      </extensions>
    </rtept>
    <rtept lat="24.265315" lon="120.529407">
      <name>臨港路六段, 17</name>
      <desc>Turn right onto 臨港路六段, 17</desc>
      <extensions>
        <distance>5545.9</distance>
        <duration>1109.2</duration>
        <type>1</type>
        <step>69</step>
      </extensions>
    </rtept>
    <rtept lat="24.265224" lon="120.529368">
      <name>臨港路六段, 17</name>
      <desc>Turn right onto 臨港路六段, 17</desc>
      <extensions>
        <distance>5545.9</distance>
        <duration>1109.2</duration>
        <type>1</type>
        <step>69</step>
      </extensions>
    </rtept>
    <rtept lat="24.262115" lon="120.528043">
      <name>臨港路六段, 17</name>
      <desc>Turn right onto 臨港路六段, 17</desc>
      <extensions>
        <distance>5545.9</distance>
        <duration>1109.2</duration>
        <type>1</type>
        <step>69</step>
      </extensions>
    </rtept>
    <rtept lat="24.261995" lon="120.527992">
      <name>臨港路六段, 17</name>
      <desc>Turn right onto 臨港路六段, 17</desc>
      <extensions>
        <distance>5545.9</distance>
        <duration>1109.2</duration>
        <type>1</type>
        <step>69</step>
      </extensions>
    </rtept>
    <rtept lat="24.26186" lon="120.527934">
      <name>臨港路六段, 17</name>
      <desc>Turn right onto 臨港路六段, 17</desc>
      <extensions>
        <distance>5545.9</distance>
        <duration>1109.2</duration>
        <type>1</type>
        <step>69</step>
      </extensions>
    </rtept>
    <rtept lat="24.261039" lon="120.527585">
      <name>臨港路六段, 17</name>
      <desc>Turn right onto 臨港路六段, 17</desc>
      <extensions>
        <distance>5545.9</distance>
        <duration>1109.2</duration>
        <type>1</type>
        <step>69</step>
      </extensions>
    </rtept>
    <rtept lat="24.259383" lon="120.526879">
      <name>臨港路六段, 17</name>
      <desc>Turn right onto 臨港路六段, 17</desc>
      <extensions>
        <distance>5545.9</distance>
        <duration>1109.2</duration>
        <type>1</type>
        <step>69</step>
      </extensions>
    </rtept>
    <rtept lat="24.258094" lon="120.526329">
      <name>臨港路六段, 17</name>
      <desc>Turn right onto 臨港路六段, 17</desc>
      <extensions>
        <distance>5545.9</distance>
        <duration>1109.2</duration>
        <type>1</type>
        <step>69</step>
      </extensions>
    </rtept>
    <rtept lat="24.256417" lon="120.525597">
      <name>臨港路六段, 17</name>
      <desc>Turn right onto 臨港路六段, 17</desc>
      <extensions>
        <distance>5545.9</distance>
        <duration>1109.2</duration>
        <type>1</type>
        <step>69</step>
      </extensions>
    </rtept>
    <rtept lat="24.254321" lon="120.524704">
      <name>臨港路六段, 17</name>
      <desc>Turn right onto 臨港路六段, 17</desc>
      <extensions>
        <distance>5545.9</distance>
        <duration>1109.2</duration>
        <type>1</type>
        <step>69</step>
      </extensions>
    </rtept>
    <rtept lat="24.254167" lon="120.524636">
      <name>臺灣大道十段</name>
      <desc>Turn left onto 臺灣大道十段</desc>
      <extensions>
        <distance>11.1</distance>
        <duration>2.2</duration>
        <type>0</type>
        <step>70</step>
      </extensions>
    </rtept>
    <rtept lat="24.254129" lon="120.524738">
      <name>臨港路三段, 17</name>
      <desc>Turn right onto 臨港路三段, 17</desc>
      <extensions>
        <distance>7038.5</distance>
        <duration>1407.7</duration>
        <type>1</type>
        <step>71</step>
      </extensions>
    </rtept>
    <rtept lat="24.249311" lon="120.522613">
      <name>臨港路三段, 17</name>
      <desc>Turn right onto 臨港路三段, 17</desc>
      <extensions>
        <distance>7038.5</distance>
        <duration>1407.7</duration>
        <type>1</type>
        <step>71</step>
      </extensions>
    </rtept>
    <rtept lat="24.249228" lon="120.522577">
      <name>臨港路三段, 17</name>
      <desc>Turn right onto 臨港路三段, 17</desc>
      <extensions>
        <distance>7038.5</distance>
        <duration>1407.7</duration>
        <type>1</type>
        <step>71</step>
      </extensions>
    </rtept>
    <rtept lat="24.248516" lon="120.522263">
      <name>臨港路三段, 17</name>
      <desc>Turn right onto 臨港路三段, 17</desc>
      <extensions>
        <distance>7038.5</distance>
        <duration>1407.7</duration>
        <type>1</type>
        <step>71</step>
      </extensions>
    </rtept>
    <rtept lat="24.245531" lon="120.520946">
      <name>臨港路三段, 17</name>
      <desc>Turn right onto 臨港路三段, 17</desc>
      <extensions>
        <distance>7038.5</distance>
        <duration>1407.7</duration>
        <type>1</type>
        <step>71</step>
      </extensions>
    </rtept>
    <rtept lat="24.24512" lon="120.520765">
      <name>臨港路三段, 17</name>
      <desc>Turn right onto 臨港路三段, 17</desc>
      <extensions>
        <distance>7038.5</distance>
        <duration>1407.7</duration>
        <type>1</type>
        <step>71</step>
      </extensions>
    </rtept>
    <rtept lat="24.244615" lon="120.520543">
      <name>臨港路三段, 17</name>
      <desc>Turn right onto 臨港路三段, 17</desc>
      <extensions>
        <distance>7038.5</distance>
        <duration>1407.7</duration>
        <type>1</type>
        <step>71</step>
      </extensions>
    </rtept>
    <rtept lat="24.244472" lon="120.52047">
      <name>臨港路三段, 17</name>
      <desc>Turn right onto 臨港路三段, 17</desc>
      <extensions>
        <distance>7038.5</distance>
        <duration>1407.7</duration>
        <type>1</type>
        <step>71</step>
      </extensions>
    </rtept>
    <rtept lat="24.240601" lon="120.518799">
      <name>臨港路三段, 17</name>
      <desc>Turn right onto 臨港路三段, 17</desc>
      <extensions>
        <distance>7038.5</distance>
        <duration>1407.7</duration>
        <type>1</type>
        <step>71</step>
      </extensions>
    </rtept>
    <rtept lat="24.238873" lon="120.518049">
      <name>臨港路三段, 17</name>
      <desc>Turn right onto 臨港路三段, 17</desc>
      <extensions>
        <distance>7038.5</distance>
        <duration>1407.7</duration>
        <type>1</type>
        <step>71</step>
      </extensions>
    </rtept>
    <rtept lat="24.23497" lon="120.516293">
      <name>臨港路三段, 17</name>
      <desc>Turn right onto 臨港路三段, 17</desc>
      <extensions>
        <distance>7038.5</distance>
        <duration>1407.7</duration>
        <type>1</type>
        <step>71</step>
      </extensions>
    </rtept>
    <rtept lat="24.234725" lon="120.516217">
      <name>臨港路三段, 17</name>
      <desc>Turn right onto 臨港路三段, 17</desc>
      <extensions>
        <distance>7038.5</distance>
        <duration>1407.7</duration>
        <type>1</type>
        <step>71</step>
      </extensions>
    </rtept>
    <rtept lat="24.23354" lon="120.515692">
      <name>臨港路三段, 17</name>
      <desc>Turn right onto 臨港路三段, 17</desc>
      <extensions>
        <distance>7038.5</distance>
        <duration>1407.7</duration>
        <type>1</type>
        <step>71</step>
      </extensions>
    </rtept>
    <rtept lat="24.23202" lon="120.515045">
      <name>臨港路三段, 17</name>
      <desc>Turn right onto 臨港路三段, 17</desc>
      <extensions>
        <distance>7038.5</distance>
        <duration>1407.7</duration>
        <type>1</type>
        <step>71</step>
      </extensions>
    </rtept>
    <rtept lat="24.230706" lon="120.514504">
      <name>臨港路三段, 17</name>
      <desc>Turn right onto 臨港路三段, 17</desc>
      <extensions>
        <distance>7038.5</distance>
        <duration>1407.7</duration>
        <type>1</type>
        <step>71</step>
      </extensions>
    </rtept>
    <rtept lat="24.230519" lon="120.514396">
      <name>臨港路三段, 17</name>
      <desc>Turn right onto 臨港路三段, 17</desc>
      <extensions>
        <distance>7038.5</distance>
        <duration>1407.7</duration>
        <type>1</type>
        <step>71</step>
      </extensions>
    </rtept>
    <rtept lat="24.230186" lon="120.51425">
      <name>臨港路三段, 17</name>
      <desc>Turn right onto 臨港路三段, 17</desc>
      <extensions>
        <distance>7038.5</distance>
        <duration>1407.7</duration>
        <type>1</type>
        <step>71</step>
      </extensions>
    </rtept>
    <rtept lat="24.230088" lon="120.514172">
      <name>臨港路三段, 17</name>
      <desc>Turn right onto 臨港路三段, 17</desc>
      <extensions>
        <distance>7038.5</distance>
        <duration>1407.7</duration>
        <type>1</type>
        <step>71</step>
      </extensions>
    </rtept>
    <rtept lat="24.229901" lon="120.514122">
      <name>臨港路三段, 17</name>
      <desc>Turn right onto 臨港路三段, 17</desc>
      <extensions>
        <distance>7038.5</distance>
        <duration>1407.7</duration>
        <type>1</type>
        <step>71</step>
      </extensions>
    </rtept>
    <rtept lat="24.229812" lon="120.514089">
      <name>臨港路三段, 17</name>
      <desc>Turn right onto 臨港路三段, 17</desc>
      <extensions>
        <distance>7038.5</distance>
        <duration>1407.7</duration>
        <type>1</type>
        <step>71</step>
      </extensions>
    </rtept>
    <rtept lat="24.229519" lon="120.513967">
      <name>臨港路三段, 17</name>
      <desc>Turn right onto 臨港路三段, 17</desc>
      <extensions>
        <distance>7038.5</distance>
        <duration>1407.7</duration>
        <type>1</type>
        <step>71</step>
      </extensions>
    </rtept>
    <rtept lat="24.229474" lon="120.513949">
      <name>臨港路三段, 17</name>
      <desc>Turn right onto 臨港路三段, 17</desc>
      <extensions>
        <distance>7038.5</distance>
        <duration>1407.7</duration>
        <type>1</type>
        <step>71</step>
      </extensions>
    </rtept>
    <rtept lat="24.229367" lon="120.513946">
      <name>臨港路三段, 17</name>
      <desc>Turn right onto 臨港路三段, 17</desc>
      <extensions>
        <distance>7038.5</distance>
        <duration>1407.7</duration>
        <type>1</type>
        <step>71</step>
      </extensions>
    </rtept>
    <rtept lat="24.228382" lon="120.513521">
      <name>臨港路三段, 17</name>
      <desc>Turn right onto 臨港路三段, 17</desc>
      <extensions>
        <distance>7038.5</distance>
        <duration>1407.7</duration>
        <type>1</type>
        <step>71</step>
      </extensions>
    </rtept>
    <rtept lat="24.2279" lon="120.513309">
      <name>臨港路三段, 17</name>
      <desc>Turn right onto 臨港路三段, 17</desc>
      <extensions>
        <distance>7038.5</distance>
        <duration>1407.7</duration>
        <type>1</type>
        <step>71</step>
      </extensions>
    </rtept>
    <rtept lat="24.227799" lon="120.513243">
      <name>臨港路三段, 17</name>
      <desc>Turn right onto 臨港路三段, 17</desc>
      <extensions>
        <distance>7038.5</distance>
        <duration>1407.7</duration>
        <type>1</type>
        <step>71</step>
      </extensions>
    </rtept>
    <rtept lat="24.227564" lon="120.513115">
      <name>臨港路三段, 17</name>
      <desc>Turn right onto 臨港路三段, 17</desc>
      <extensions>
        <distance>7038.5</distance>
        <duration>1407.7</duration>
        <type>1</type>
        <step>71</step>
      </extensions>
    </rtept>
    <rtept lat="24.22737" lon="120.513033">
      <name>臨港路三段, 17</name>
      <desc>Turn right onto 臨港路三段, 17</desc>
      <extensions>
        <distance>7038.5</distance>
        <duration>1407.7</duration>
        <type>1</type>
        <step>71</step>
      </extensions>
    </rtept>
    <rtept lat="24.227201" lon="120.512955">
      <name>臨港路三段, 17</name>
      <desc>Turn right onto 臨港路三段, 17</desc>
      <extensions>
        <distance>7038.5</distance>
        <duration>1407.7</duration>
        <type>1</type>
        <step>71</step>
      </extensions>
    </rtept>
    <rtept lat="24.226727" lon="120.51276">
      <name>臨港路三段, 17</name>
      <desc>Turn right onto 臨港路三段, 17</desc>
      <extensions>
        <distance>7038.5</distance>
        <duration>1407.7</duration>
        <type>1</type>
        <step>71</step>
      </extensions>
    </rtept>
    <rtept lat="24.226249" lon="120.512591">
      <name>臨港路三段, 17</name>
      <desc>Turn right onto 臨港路三段, 17</desc>
      <extensions>
        <distance>7038.5</distance>
        <duration>1407.7</duration>
        <type>1</type>
        <step>71</step>
      </extensions>
    </rtept>
    <rtept lat="24.226228" lon="120.512581">
      <name>臨港路三段, 17</name>
      <desc>Turn right onto 臨港路三段, 17</desc>
      <extensions>
        <distance>7038.5</distance>
        <duration>1407.7</duration>
        <type>1</type>
        <step>71</step>
      </extensions>
    </rtept>
    <rtept lat="24.22592" lon="120.512447">
      <name>臨港路三段, 17</name>
      <desc>Turn right onto 臨港路三段, 17</desc>
      <extensions>
        <distance>7038.5</distance>
        <duration>1407.7</duration>
        <type>1</type>
        <step>71</step>
      </extensions>
    </rtept>
    <rtept lat="24.225487" lon="120.512287">
      <name>臨港路三段, 17</name>
      <desc>Turn right onto 臨港路三段, 17</desc>
      <extensions>
        <distance>7038.5</distance>
        <duration>1407.7</duration>
        <type>1</type>
        <step>71</step>
      </extensions>
    </rtept>
    <rtept lat="24.224855" lon="120.512013">
      <name>臨港路三段, 17</name>
      <desc>Turn right onto 臨港路三段, 17</desc>
      <extensions>
        <distance>7038.5</distance>
        <duration>1407.7</duration>
        <type>1</type>
        <step>71</step>
      </extensions>
    </rtept>
    <rtept lat="24.223207" lon="120.511279">
      <name>臨港路三段, 17</name>
      <desc>Turn right onto 臨港路三段, 17</desc>
      <extensions>
        <distance>7038.5</distance>
        <duration>1407.7</duration>
        <type>1</type>
        <step>71</step>
      </extensions>
    </rtept>
    <rtept lat="24.223164" lon="120.51126">
      <name>臨港路三段, 17</name>
      <desc>Turn right onto 臨港路三段, 17</desc>
      <extensions>
        <distance>7038.5</distance>
        <duration>1407.7</duration>
        <type>1</type>
        <step>71</step>
      </extensions>
    </rtept>
    <rtept lat="24.221729" lon="120.510669">
      <name>臨港路三段, 17</name>
      <desc>Turn right onto 臨港路三段, 17</desc>
      <extensions>
        <distance>7038.5</distance>
        <duration>1407.7</duration>
        <type>1</type>
        <step>71</step>
      </extensions>
    </rtept>
    <rtept lat="24.2198" lon="120.509835">
      <name>臨港路三段, 17</name>
      <desc>Turn right onto 臨港路三段, 17</desc>
      <extensions>
        <distance>7038.5</distance>
        <duration>1407.7</duration>
        <type>1</type>
        <step>71</step>
      </extensions>
    </rtept>
    <rtept lat="24.218902" lon="120.509452">
      <name>臨港路三段, 17</name>
      <desc>Turn right onto 臨港路三段, 17</desc>
      <extensions>
        <distance>7038.5</distance>
        <duration>1407.7</duration>
        <type>1</type>
        <step>71</step>
      </extensions>
    </rtept>
    <rtept lat="24.218504" lon="120.509267">
      <name>臨港路三段, 17</name>
      <desc>Turn right onto 臨港路三段, 17</desc>
      <extensions>
        <distance>7038.5</distance>
        <duration>1407.7</duration>
        <type>1</type>
        <step>71</step>
      </extensions>
    </rtept>
    <rtept lat="24.218041" lon="120.509073">
      <name>臨港路三段, 17</name>
      <desc>Turn right onto 臨港路三段, 17</desc>
      <extensions>
        <distance>7038.5</distance>
        <duration>1407.7</duration>
        <type>1</type>
        <step>71</step>
      </extensions>
    </rtept>
    <rtept lat="24.217961" lon="120.509047">
      <name>臨港路三段, 17</name>
      <desc>Turn right onto 臨港路三段, 17</desc>
      <extensions>
        <distance>7038.5</distance>
        <duration>1407.7</duration>
        <type>1</type>
        <step>71</step>
      </extensions>
    </rtept>
    <rtept lat="24.215737" lon="120.508122">
      <name>臨港路三段, 17</name>
      <desc>Turn right onto 臨港路三段, 17</desc>
      <extensions>
        <distance>7038.5</distance>
        <duration>1407.7</duration>
        <type>1</type>
        <step>71</step>
      </extensions>
    </rtept>
    <rtept lat="24.214872" lon="120.507764">
      <name>臨港路三段, 17</name>
      <desc>Turn right onto 臨港路三段, 17</desc>
      <extensions>
        <distance>7038.5</distance>
        <duration>1407.7</duration>
        <type>1</type>
        <step>71</step>
      </extensions>
    </rtept>
    <rtept lat="24.214061" lon="120.507429">
      <name>臨港路三段, 17</name>
      <desc>Turn right onto 臨港路三段, 17</desc>
      <extensions>
        <distance>7038.5</distance>
        <duration>1407.7</duration>
        <type>1</type>
        <step>71</step>
      </extensions>
    </rtept>
    <rtept lat="24.213806" lon="120.507324">
      <name>臨港路三段, 17</name>
      <desc>Turn right onto 臨港路三段, 17</desc>
      <extensions>
        <distance>7038.5</distance>
        <duration>1407.7</duration>
        <type>1</type>
        <step>71</step>
      </extensions>
    </rtept>
    <rtept lat="24.212909" lon="120.506954">
      <name>臨港路三段, 17</name>
      <desc>Turn right onto 臨港路三段, 17</desc>
      <extensions>
        <distance>7038.5</distance>
        <duration>1407.7</duration>
        <type>1</type>
        <step>71</step>
      </extensions>
    </rtept>
    <rtept lat="24.211393" lon="120.506298">
      <name>臨港路三段, 17</name>
      <desc>Turn right onto 臨港路三段, 17</desc>
      <extensions>
        <distance>7038.5</distance>
        <duration>1407.7</duration>
        <type>1</type>
        <step>71</step>
      </extensions>
    </rtept>
    <rtept lat="24.210163" lon="120.505721">
      <name>臨港路三段, 17</name>
      <desc>Turn right onto 臨港路三段, 17</desc>
      <extensions>
        <distance>7038.5</distance>
        <duration>1407.7</duration>
        <type>1</type>
        <step>71</step>
      </extensions>
    </rtept>
    <rtept lat="24.20978" lon="120.505541">
      <name>臨港路三段, 17</name>
      <desc>Turn right onto 臨港路三段, 17</desc>
      <extensions>
        <distance>7038.5</distance>
        <duration>1407.7</duration>
        <type>1</type>
        <step>71</step>
      </extensions>
    </rtept>
    <rtept lat="24.209458" lon="120.505372">
      <name>臨港路三段, 17</name>
      <desc>Turn right onto 臨港路三段, 17</desc>
      <extensions>
        <distance>7038.5</distance>
        <duration>1407.7</duration>
        <type>1</type>
        <step>71</step>
      </extensions>
    </rtept>
    <rtept lat="24.209059" lon="120.505222">
      <name>臨港路三段, 17</name>
      <desc>Turn right onto 臨港路三段, 17</desc>
      <extensions>
        <distance>7038.5</distance>
        <duration>1407.7</duration>
        <type>1</type>
        <step>71</step>
      </extensions>
    </rtept>
    <rtept lat="24.20862" lon="120.505062">
      <name>臨港路三段, 17</name>
      <desc>Turn right onto 臨港路三段, 17</desc>
      <extensions>
        <distance>7038.5</distance>
        <duration>1407.7</duration>
        <type>1</type>
        <step>71</step>
      </extensions>
    </rtept>
    <rtept lat="24.208069" lon="120.504895">
      <name>臨港路三段, 17</name>
      <desc>Turn right onto 臨港路三段, 17</desc>
      <extensions>
        <distance>7038.5</distance>
        <duration>1407.7</duration>
        <type>1</type>
        <step>71</step>
      </extensions>
    </rtept>
    <rtept lat="24.207891" lon="120.50485">
      <name>臨港路三段, 17</name>
      <desc>Turn right onto 臨港路三段, 17</desc>
      <extensions>
        <distance>7038.5</distance>
        <duration>1407.7</duration>
        <type>1</type>
        <step>71</step>
      </extensions>
    </rtept>
    <rtept lat="24.207358" lon="120.504782">
      <name>臨港路三段, 17</name>
      <desc>Turn right onto 臨港路三段, 17</desc>
      <extensions>
        <distance>7038.5</distance>
        <duration>1407.7</duration>
        <type>1</type>
        <step>71</step>
      </extensions>
    </rtept>
    <rtept lat="24.207133" lon="120.504752">
      <name>臨港路三段, 17</name>
      <desc>Turn right onto 臨港路三段, 17</desc>
      <extensions>
        <distance>7038.5</distance>
        <duration>1407.7</duration>
        <type>1</type>
        <step>71</step>
      </extensions>
    </rtept>
    <rtept lat="24.205978" lon="120.504758">
      <name>臨港路三段, 17</name>
      <desc>Turn right onto 臨港路三段, 17</desc>
      <extensions>
        <distance>7038.5</distance>
        <duration>1407.7</duration>
        <type>1</type>
        <step>71</step>
      </extensions>
    </rtept>
    <rtept lat="24.205231" lon="120.504845">
      <name>臨港路三段, 17</name>
      <desc>Turn right onto 臨港路三段, 17</desc>
      <extensions>
        <distance>7038.5</distance>
        <duration>1407.7</duration>
        <type>1</type>
        <step>71</step>
      </extensions>
    </rtept>
    <rtept lat="24.203987" lon="120.505312">
      <name>臨港路三段, 17</name>
      <desc>Turn right onto 臨港路三段, 17</desc>
      <extensions>
        <distance>7038.5</distance>
        <duration>1407.7</duration>
        <type>1</type>
        <step>71</step>
      </extensions>
    </rtept>
    <rtept lat="24.203263" lon="120.505714">
      <name>臨港路三段, 17</name>
      <desc>Turn right onto 臨港路三段, 17</desc>
      <extensions>
        <distance>7038.5</distance>
        <duration>1407.7</duration>
        <type>1</type>
        <step>71</step>
      </extensions>
    </rtept>
    <rtept lat="24.202858" lon="120.505988">
      <name>臨港路三段, 17</name>
      <desc>Turn right onto 臨港路三段, 17</desc>
      <extensions>
        <distance>7038.5</distance>
        <duration>1407.7</duration>
        <type>1</type>
        <step>71</step>
      </extensions>
    </rtept>
    <rtept lat="24.202535" lon="120.506243">
      <name>臨港路三段, 17</name>
      <desc>Turn right onto 臨港路三段, 17</desc>
      <extensions>
        <distance>7038.5</distance>
        <duration>1407.7</duration>
        <type>1</type>
        <step>71</step>
      </extensions>
    </rtept>
    <rtept lat="24.202216" lon="120.506544">
      <name>臨港路三段, 17</name>
      <desc>Turn right onto 臨港路三段, 17</desc>
      <extensions>
        <distance>7038.5</distance>
        <duration>1407.7</duration>
        <type>1</type>
        <step>71</step>
      </extensions>
    </rtept>
    <rtept lat="24.201808" lon="120.506973">
      <name>臨港路三段, 17</name>
      <desc>Turn right onto 臨港路三段, 17</desc>
      <extensions>
        <distance>7038.5</distance>
        <duration>1407.7</duration>
        <type>1</type>
        <step>71</step>
      </extensions>
    </rtept>
    <rtept lat="24.2015" lon="120.507322">
      <name>臨港路三段, 17</name>
      <desc>Turn right onto 臨港路三段, 17</desc>
      <extensions>
        <distance>7038.5</distance>
        <duration>1407.7</duration>
        <type>1</type>
        <step>71</step>
      </extensions>
    </rtept>
    <rtept lat="24.2011" lon="120.507896">
      <name>臨港路三段, 17</name>
      <desc>Turn right onto 臨港路三段, 17</desc>
      <extensions>
        <distance>7038.5</distance>
        <duration>1407.7</duration>
        <type>1</type>
        <step>71</step>
      </extensions>
    </rtept>
    <rtept lat="24.200671" lon="120.508604">
      <name>臨港路三段, 17</name>
      <desc>Turn right onto 臨港路三段, 17</desc>
      <extensions>
        <distance>7038.5</distance>
        <duration>1407.7</duration>
        <type>1</type>
        <step>71</step>
      </extensions>
    </rtept>
    <rtept lat="24.200349" lon="120.509174">
      <name>臨港路三段, 17</name>
      <desc>Turn right onto 臨港路三段, 17</desc>
      <extensions>
        <distance>7038.5</distance>
        <duration>1407.7</duration>
        <type>1</type>
        <step>71</step>
      </extensions>
    </rtept>
    <rtept lat="24.199834" lon="120.510106">
      <name>臨港路三段, 17</name>
      <desc>Turn right onto 臨港路三段, 17</desc>
      <extensions>
        <distance>7038.5</distance>
        <duration>1407.7</duration>
        <type>1</type>
        <step>71</step>
      </extensions>
    </rtept>
    <rtept lat="24.199431" lon="120.511018">
      <name>臨港路三段, 17</name>
      <desc>Turn right onto 臨港路三段, 17</desc>
      <extensions>
        <distance>7038.5</distance>
        <duration>1407.7</duration>
        <type>1</type>
        <step>71</step>
      </extensions>
    </rtept>
    <rtept lat="24.199149" lon="120.511725">
      <name>臨港路三段, 17</name>
      <desc>Turn right onto 臨港路三段, 17</desc>
      <extensions>
        <distance>7038.5</distance>
        <duration>1407.7</duration>
        <type>1</type>
        <step>71</step>
      </extensions>
    </rtept>
    <rtept lat="24.198752" lon="120.512909">
      <name>臨港路三段, 17</name>
      <desc>Turn right onto 臨港路三段, 17</desc>
      <extensions>
        <distance>7038.5</distance>
        <duration>1407.7</duration>
        <type>1</type>
        <step>71</step>
      </extensions>
    </rtept>
    <rtept lat="24.198539" lon="120.513557">
      <name>臨港路三段, 17</name>
      <desc>Turn right onto 臨港路三段, 17</desc>
      <extensions>
        <distance>7038.5</distance>
        <duration>1407.7</duration>
        <type>1</type>
        <step>71</step>
      </extensions>
    </rtept>
    <rtept lat="24.19852" lon="120.513614">
      <name/>
      <desc>Turn right</desc>
      <extensions>
        <distance>6347.8</distance>
        <duration>1269.6</duration>
        <type>1</type>
        <step>72</step>
      </extensions>
    </rtept>
    <rtept lat="24.198195" lon="120.513736">
      <name/>
      <desc>Turn right</desc>
      <extensions>
        <distance>6347.8</distance>
        <duration>1269.6</duration>
        <type>1</type>
        <step>72</step>
      </extensions>
    </rtept>
    <rtept lat="24.197779" lon="120.51372">
      <name/>
      <desc>Turn right</desc>
      <extensions>
        <distance>6347.8</distance>
        <duration>1269.6</duration>
        <type>1</type>
        <step>72</step>
      </extensions>
    </rtept>
    <rtept lat="24.19576" lon="120.512216">
      <name/>
      <desc>Turn right</desc>
      <extensions>
        <distance>6347.8</distance>
        <duration>1269.6</duration>
        <type>1</type>
        <step>72</step>
      </extensions>
    </rtept>
    <rtept lat="24.195091" lon="120.511782">
      <name/>
      <desc>Turn right</desc>
      <extensions>
        <distance>6347.8</distance>
        <duration>1269.6</duration>
        <type>1</type>
        <step>72</step>
      </extensions>
    </rtept>
    <rtept lat="24.194407" lon="120.511303">
      <name/>
      <desc>Turn right</desc>
      <extensions>
        <distance>6347.8</distance>
        <duration>1269.6</duration>
        <type>1</type>
        <step>72</step>
      </extensions>
    </rtept>
    <rtept lat="24.19425" lon="120.511168">
      <name/>
      <desc>Turn right</desc>
      <extensions>
        <distance>6347.8</distance>
        <duration>1269.6</duration>
        <type>1</type>
        <step>72</step>
      </extensions>
    </rtept>
    <rtept lat="24.18104" lon="120.501914">
      <name/>
      <desc>Turn right</desc>
      <extensions>
        <distance>6347.8</distance>
        <duration>1269.6</duration>
        <type>1</type>
        <step>72</step>
      </extensions>
    </rtept>
    <rtept lat="24.178128" lon="120.4999">
      <name/>
      <desc>Turn right</desc>
      <extensions>
        <distance>6347.8</distance>
        <duration>1269.6</duration>
        <type>1</type>
        <step>72</step>
      </extensions>
    </rtept>
    <rtept lat="24.177662" lon="120.499536">
      <name/>
      <desc>Turn right</desc>
      <extensions>
        <distance>6347.8</distance>
        <duration>1269.6</duration>
        <type>1</type>
        <step>72</step>
      </extensions>
    </rtept>
    <rtept lat="24.17753" lon="120.49943">
      <name/>
      <desc>Turn right</desc>
      <extensions>
        <distance>6347.8</distance>
        <duration>1269.6</duration>
        <type>1</type>
        <step>72</step>
      </extensions>
    </rtept>
    <rtept lat="24.176705" lon="120.498694">
      <name/>
      <desc>Turn right</desc>
      <extensions>
        <distance>6347.8</distance>
        <duration>1269.6</duration>
        <type>1</type>
        <step>72</step>
      </extensions>
    </rtept>
    <rtept lat="24.172939" lon="120.495114">
      <name/>
      <desc>Turn right</desc>
      <extensions>
        <distance>6347.8</distance>
        <duration>1269.6</duration>
        <type>1</type>
        <step>72</step>
      </extensions>
    </rtept>
    <rtept lat="24.168134" lon="120.490501">
      <name/>
      <desc>Turn right</desc>
      <extensions>
        <distance>6347.8</distance>
        <duration>1269.6</duration>
        <type>1</type>
        <step>72</step>
      </extensions>
    </rtept>
    <rtept lat="24.167036" lon="120.489469">
      <name/>
      <desc>Turn right</desc>
      <extensions>
        <distance>6347.8</distance>
        <duration>1269.6</duration>
        <type>1</type>
        <step>72</step>
      </extensions>
    </rtept>
    <rtept lat="24.166233" lon="120.488743">
      <name/>
      <desc>Turn right</desc>
      <extensions>
        <distance>6347.8</distance>
        <duration>1269.6</duration>
        <type>1</type>
        <step>72</step>
      </extensions>
    </rtept>
    <rtept lat="24.166078" lon="120.48861">
      <name/>
      <desc>Turn right</desc>
      <extensions>
        <distance>6347.8</distance>
        <duration>1269.6</duration>
        <type>1</type>
        <step>72</step>
      </extensions>
    </rtept>
    <rtept lat="24.166054" lon="120.488594">
      <name/>
      <desc>Turn right</desc>
      <extensions>
        <distance>6347.8</distance>
        <duration>1269.6</duration>
        <type>1</type>
        <step>72</step>
      </extensions>
    </rtept>
    <rtept lat="24.165882" lon="120.488462">
      <name/>
      <desc>Turn right</desc>
      <extensions>
        <distance>6347.8</distance>
        <duration>1269.6</duration>
        <type>1</type>
        <step>72</step>
      </extensions>
    </rtept>
    <rtept lat="24.165308" lon="120.488113">
      <name/>
      <desc>Turn right</desc>
      <extensions>
        <distance>6347.8</distance>
        <duration>1269.6</duration>
        <type>1</type>
        <step>72</step>
      </extensions>
    </rtept>
    <rtept lat="24.16484" lon="120.487935">
      <name/>
      <desc>Turn right</desc>
      <extensions>
        <distance>6347.8</distance>
        <duration>1269.6</duration>
        <type>1</type>
        <step>72</step>
      </extensions>
    </rtept>
    <rtept lat="24.164504" lon="120.487833">
      <name/>
      <desc>Turn right</desc>
      <extensions>
        <distance>6347.8</distance>
        <duration>1269.6</duration>
        <type>1</type>
        <step>72</step>
      </extensions>
    </rtept>
    <rtept lat="24.163142" lon="120.487496">
      <name/>
      <desc>Turn right</desc>
      <extensions>
        <distance>6347.8</distance>
        <duration>1269.6</duration>
        <type>1</type>
        <step>72</step>
      </extensions>
    </rtept>
    <rtept lat="24.162837" lon="120.487425">
      <name/>
      <desc>Turn right</desc>
      <extensions>
        <distance>6347.8</distance>
        <duration>1269.6</duration>
        <type>1</type>
        <step>72</step>
      </extensions>
    </rtept>
    <rtept lat="24.162694" lon="120.487388">
      <name/>
      <desc>Turn right</desc>
      <extensions>
        <distance>6347.8</distance>
        <duration>1269.6</duration>
        <type>1</type>
        <step>72</step>
      </extensions>
    </rtept>
    <rtept lat="24.162347" lon="120.487296">
      <name/>
      <desc>Turn right</desc>
      <extensions>
        <distance>6347.8</distance>
        <duration>1269.6</duration>
        <type>1</type>
        <step>72</step>
      </extensions>
    </rtept>
    <rtept lat="24.161735" lon="120.487136">
      <name/>
      <desc>Turn right</desc>
      <extensions>
        <distance>6347.8</distance>
        <duration>1269.6</duration>
        <type>1</type>
        <step>72</step>
      </extensions>
    </rtept>
    <rtept lat="24.161358" lon="120.487037">
      <name/>
      <desc>Turn right</desc>
      <extensions>
        <distance>6347.8</distance>
        <duration>1269.6</duration>
        <type>1</type>
        <step>72</step>
      </extensions>
    </rtept>
    <rtept lat="24.16121" lon="120.486998">
      <name/>
      <desc>Turn right</desc>
      <extensions>
        <distance>6347.8</distance>
        <duration>1269.6</duration>
        <type>1</type>
        <step>72</step>
      </extensions>
    </rtept>
    <rtept lat="24.16103" lon="120.486952">
      <name/>
      <desc>Turn right</desc>
      <extensions>
        <distance>6347.8</distance>
        <duration>1269.6</duration>
        <type>1</type>
        <step>72</step>
      </extensions>
    </rtept>
    <rtept lat="24.160357" lon="120.48606">
      <name/>
      <desc>Turn right</desc>
      <extensions>
        <distance>6347.8</distance>
        <duration>1269.6</duration>
        <type>1</type>
        <step>72</step>
      </extensions>
    </rtept>
    <rtept lat="24.158812" lon="120.483951">
      <name/>
      <desc>Turn right</desc>
      <extensions>
        <distance>6347.8</distance>
        <duration>1269.6</duration>
        <type>1</type>
        <step>72</step>
      </extensions>
    </rtept>
    <rtept lat="24.158775" lon="120.483901">
      <name/>
      <desc>Turn right</desc>
      <extensions>
        <distance>6347.8</distance>
        <duration>1269.6</duration>
        <type>1</type>
        <step>72</step>
      </extensions>
    </rtept>
    <rtept lat="24.158618" lon="120.483685">
      <name/>
      <desc>Turn right</desc>
      <extensions>
        <distance>6347.8</distance>
        <duration>1269.6</duration>
        <type>1</type>
        <step>72</step>
      </extensions>
    </rtept>
    <rtept lat="24.158123" lon="120.482997">
      <name/>
      <desc>Turn right</desc>
      <extensions>
        <distance>6347.8</distance>
        <duration>1269.6</duration>
        <type>1</type>
        <step>72</step>
      </extensions>
    </rtept>
    <rtept lat="24.157433" lon="120.482049">
      <name/>
      <desc>Turn right</desc>
      <extensions>
        <distance>6347.8</distance>
        <duration>1269.6</duration>
        <type>1</type>
        <step>72</step>
      </extensions>
    </rtept>
    <rtept lat="24.157266" lon="120.481848">
      <name/>
      <desc>Turn right</desc>
      <extensions>
        <distance>6347.8</distance>
        <duration>1269.6</duration>
        <type>1</type>
        <step>72</step>
      </extensions>
    </rtept>
    <rtept lat="24.157018" lon="120.481548">
      <name/>
      <desc>Turn right</desc>
      <extensions>
        <distance>6347.8</distance>
        <duration>1269.6</duration>
        <type>1</type>
        <step>72</step>
      </extensions>
    </rtept>
    <rtept lat="24.156702" lon="120.481218">
      <name/>
      <desc>Turn right</desc>
      <extensions>
        <distance>6347.8</distance>
        <duration>1269.6</duration>
        <type>1</type>
        <step>72</step>
      </extensions>
    </rtept>
    <rtept lat="24.156014" lon="120.48042">
      <name/>
      <desc>Turn right</desc>
      <extensions>
        <distance>6347.8</distance>
        <duration>1269.6</duration>
        <type>1</type>
        <step>72</step>
      </extensions>
    </rtept>
    <rtept lat="24.15576" lon="120.480068">
      <name/>
      <desc>Turn right</desc>
      <extensions>
        <distance>6347.8</distance>
        <duration>1269.6</duration>
        <type>1</type>
        <step>72</step>
      </extensions>
    </rtept>
    <rtept lat="24.155013" lon="120.479024">
      <name/>
      <desc>Turn right</desc>
      <extensions>
        <distance>6347.8</distance>
        <duration>1269.6</duration>
        <type>1</type>
        <step>72</step>
      </extensions>
    </rtept>
    <rtept lat="24.153528" lon="120.476956">
      <name>建國路, 17</name>
      <desc>Continue straight onto 建國路, 17</desc>
      <extensions>
        <distance>10672.1</distance>
        <duration>2134.4</duration>
        <type>6</type>
        <step>73</step>
      </extensions>
    </rtept>
    <rtept lat="24.153395" lon="120.476771">
      <name>建國路, 17</name>
      <desc>Continue straight onto 建國路, 17</desc>
      <extensions>
        <distance>10672.1</distance>
        <duration>2134.4</duration>
        <type>6</type>
        <step>73</step>
      </extensions>
    </rtept>
    <rtept lat="24.153136" lon="120.476403">
      <name>建國路, 17</name>
      <desc>Continue straight onto 建國路, 17</desc>
      <extensions>
        <distance>10672.1</distance>
        <duration>2134.4</duration>
        <type>6</type>
        <step>73</step>
      </extensions>
    </rtept>
    <rtept lat="24.152846" lon="120.476091">
      <name>建國路, 17</name>
      <desc>Continue straight onto 建國路, 17</desc>
      <extensions>
        <distance>10672.1</distance>
        <duration>2134.4</duration>
        <type>6</type>
        <step>73</step>
      </extensions>
    </rtept>
    <rtept lat="24.150308" lon="120.47305">
      <name>建國路, 17</name>
      <desc>Continue straight onto 建國路, 17</desc>
      <extensions>
        <distance>10672.1</distance>
        <duration>2134.4</duration>
        <type>6</type>
        <step>73</step>
      </extensions>
    </rtept>
    <rtept lat="24.149476" lon="120.472056">
      <name>建國路, 17</name>
      <desc>Continue straight onto 建國路, 17</desc>
      <extensions>
        <distance>10672.1</distance>
        <duration>2134.4</duration>
        <type>6</type>
        <step>73</step>
      </extensions>
    </rtept>
    <rtept lat="24.148494" lon="120.470919">
      <name>建國路, 17</name>
      <desc>Continue straight onto 建國路, 17</desc>
      <extensions>
        <distance>10672.1</distance>
        <duration>2134.4</duration>
        <type>6</type>
        <step>73</step>
      </extensions>
    </rtept>
    <rtept lat="24.148459" lon="120.470878">
      <name>建國路, 17</name>
      <desc>Continue straight onto 建國路, 17</desc>
      <extensions>
        <distance>10672.1</distance>
        <duration>2134.4</duration>
        <type>6</type>
        <step>73</step>
      </extensions>
    </rtept>
    <rtept lat="24.148285" lon="120.470676">
      <name>建國路, 17</name>
      <desc>Continue straight onto 建國路, 17</desc>
      <extensions>
        <distance>10672.1</distance>
        <duration>2134.4</duration>
        <type>6</type>
        <step>73</step>
      </extensions>
    </rtept>
    <rtept lat="24.147714" lon="120.470078">
      <name>建國路, 17</name>
      <desc>Continue straight onto 建國路, 17</desc>
      <extensions>
        <distance>10672.1</distance>
        <duration>2134.4</duration>
        <type>6</type>
        <step>73</step>
      </extensions>
    </rtept>
    <rtept lat="24.147612" lon="120.469979">
      <name>建國路, 17</name>
      <desc>Continue straight onto 建國路, 17</desc>
      <extensions>
        <distance>10672.1</distance>
        <duration>2134.4</duration>
        <type>6</type>
        <step>73</step>
      </extensions>
    </rtept>
    <rtept lat="24.147429" lon="120.46982">
      <name>建國路, 17</name>
      <desc>Continue straight onto 建國路, 17</desc>
      <extensions>
        <distance>10672.1</distance>
        <duration>2134.4</duration>
        <type>6</type>
        <step>73</step>
      </extensions>
    </rtept>
    <rtept lat="24.147182" lon="120.469653">
      <name>建國路, 17</name>
      <desc>Continue straight onto 建國路, 17</desc>
      <extensions>
        <distance>10672.1</distance>
        <duration>2134.4</duration>
        <type>6</type>
        <step>73</step>
      </extensions>
    </rtept>
    <rtept lat="24.146373" lon="120.46913">
      <name>建國路, 17</name>
      <desc>Continue straight onto 建國路, 17</desc>
      <extensions>
        <distance>10672.1</distance>
        <duration>2134.4</duration>
        <type>6</type>
        <step>73</step>
      </extensions>
    </rtept>
    <rtept lat="24.145607" lon="120.468662">
      <name>建國路, 17</name>
      <desc>Continue straight onto 建國路, 17</desc>
      <extensions>
        <distance>10672.1</distance>
        <duration>2134.4</duration>
        <type>6</type>
        <step>73</step>
      </extensions>
    </rtept>
    <rtept lat="24.144299" lon="120.46791">
      <name>建國路, 17</name>
      <desc>Continue straight onto 建國路, 17</desc>
      <extensions>
        <distance>10672.1</distance>
        <duration>2134.4</duration>
        <type>6</type>
        <step>73</step>
      </extensions>
    </rtept>
    <rtept lat="24.143756" lon="120.467525">
      <name>建國路, 17</name>
      <desc>Continue straight onto 建國路, 17</desc>
      <extensions>
        <distance>10672.1</distance>
        <duration>2134.4</duration>
        <type>6</type>
        <step>73</step>
      </extensions>
    </rtept>
    <rtept lat="24.143439" lon="120.467369">
      <name>建國路, 17</name>
      <desc>Continue straight onto 建國路, 17</desc>
      <extensions>
        <distance>10672.1</distance>
        <duration>2134.4</duration>
        <type>6</type>
        <step>73</step>
      </extensions>
    </rtept>
    <rtept lat="24.143161" lon="120.467281">
      <name>建國路, 17</name>
      <desc>Continue straight onto 建國路, 17</desc>
      <extensions>
        <distance>10672.1</distance>
        <duration>2134.4</duration>
        <type>6</type>
        <step>73</step>
      </extensions>
    </rtept>
    <rtept lat="24.142984" lon="120.467227">
      <name>建國路, 17</name>
      <desc>Continue straight onto 建國路, 17</desc>
      <extensions>
        <distance>10672.1</distance>
        <duration>2134.4</duration>
        <type>6</type>
        <step>73</step>
      </extensions>
    </rtept>
    <rtept lat="24.142429" lon="120.467084">
      <name>建國路, 17</name>
      <desc>Continue straight onto 建國路, 17</desc>
      <extensions>
        <distance>10672.1</distance>
        <duration>2134.4</duration>
        <type>6</type>
        <step>73</step>
      </extensions>
    </rtept>
    <rtept lat="24.141811" lon="120.466917">
      <name>建國路, 17</name>
      <desc>Continue straight onto 建國路, 17</desc>
      <extensions>
        <distance>10672.1</distance>
        <duration>2134.4</duration>
        <type>6</type>
        <step>73</step>
      </extensions>
    </rtept>
    <rtept lat="24.141262" lon="120.466785">
      <name>建國路, 17</name>
      <desc>Continue straight onto 建國路, 17</desc>
      <extensions>
        <distance>10672.1</distance>
        <duration>2134.4</duration>
        <type>6</type>
        <step>73</step>
      </extensions>
    </rtept>
    <rtept lat="24.14071" lon="120.466687">
      <name>建國路, 17</name>
      <desc>Continue straight onto 建國路, 17</desc>
      <extensions>
        <distance>10672.1</distance>
        <duration>2134.4</duration>
        <type>6</type>
        <step>73</step>
      </extensions>
    </rtept>
    <rtept lat="24.139552" lon="120.46657">
      <name>建國路, 17</name>
      <desc>Continue straight onto 建國路, 17</desc>
      <extensions>
        <distance>10672.1</distance>
        <duration>2134.4</duration>
        <type>6</type>
        <step>73</step>
      </extensions>
    </rtept>
    <rtept lat="24.138981" lon="120.466456">
      <name>建國路, 17</name>
      <desc>Continue straight onto 建國路, 17</desc>
      <extensions>
        <distance>10672.1</distance>
        <duration>2134.4</duration>
        <type>6</type>
        <step>73</step>
      </extensions>
    </rtept>
    <rtept lat="24.138393" lon="120.466287">
      <name>建國路, 17</name>
      <desc>Continue straight onto 建國路, 17</desc>
      <extensions>
        <distance>10672.1</distance>
        <duration>2134.4</duration>
        <type>6</type>
        <step>73</step>
      </extensions>
    </rtept>
    <rtept lat="24.13828" lon="120.466233">
      <name>建國路, 17</name>
      <desc>Continue straight onto 建國路, 17</desc>
      <extensions>
        <distance>10672.1</distance>
        <duration>2134.4</duration>
        <type>6</type>
        <step>73</step>
      </extensions>
    </rtept>
    <rtept lat="24.137464" lon="120.465842">
      <name>建國路, 17</name>
      <desc>Continue straight onto 建國路, 17</desc>
      <extensions>
        <distance>10672.1</distance>
        <duration>2134.4</duration>
        <type>6</type>
        <step>73</step>
      </extensions>
    </rtept>
    <rtept lat="24.136674" lon="120.465517">
      <name>建國路, 17</name>
      <desc>Continue straight onto 建國路, 17</desc>
      <extensions>
        <distance>10672.1</distance>
        <duration>2134.4</duration>
        <type>6</type>
        <step>73</step>
      </extensions>
    </rtept>
    <rtept lat="24.1359" lon="120.465142">
      <name>建國路, 17</name>
      <desc>Continue straight onto 建國路, 17</desc>
      <extensions>
        <distance>10672.1</distance>
        <duration>2134.4</duration>
        <type>6</type>
        <step>73</step>
      </extensions>
    </rtept>
    <rtept lat="24.135129" lon="120.46481">
      <name>建國路, 17</name>
      <desc>Continue straight onto 建國路, 17</desc>
      <extensions>
        <distance>10672.1</distance>
        <duration>2134.4</duration>
        <type>6</type>
        <step>73</step>
      </extensions>
    </rtept>
    <rtept lat="24.135049" lon="120.464776">
      <name>建國路, 17</name>
      <desc>Continue straight onto 建國路, 17</desc>
      <extensions>
        <distance>10672.1</distance>
        <duration>2134.4</duration>
        <type>6</type>
        <step>73</step>
      </extensions>
    </rtept>
    <rtept lat="24.134989" lon="120.464749">
      <name>建國路, 17</name>
      <desc>Continue straight onto 建國路, 17</desc>
      <extensions>
        <distance>10672.1</distance>
        <duration>2134.4</duration>
        <type>6</type>
        <step>73</step>
      </extensions>
    </rtept>
    <rtept lat="24.133865" lon="120.464249">
      <name>建國路, 17</name>
      <desc>Continue straight onto 建國路, 17</desc>
      <extensions>
        <distance>10672.1</distance>
        <duration>2134.4</duration>
        <type>6</type>
        <step>73</step>
      </extensions>
    </rtept>
    <rtept lat="24.133601" lon="120.464132">
      <name>建國路, 17</name>
      <desc>Continue straight onto 建國路, 17</desc>
      <extensions>
        <distance>10672.1</distance>
        <duration>2134.4</duration>
        <type>6</type>
        <step>73</step>
      </extensions>
    </rtept>
    <rtept lat="24.13352" lon="120.464076">
      <name>建國路, 17</name>
      <desc>Continue straight onto 建國路, 17</desc>
      <extensions>
        <distance>10672.1</distance>
        <duration>2134.4</duration>
        <type>6</type>
        <step>73</step>
      </extensions>
    </rtept>
    <rtept lat="24.133278" lon="120.46397">
      <name>建國路, 17</name>
      <desc>Continue straight onto 建國路, 17</desc>
      <extensions>
        <distance>10672.1</distance>
        <duration>2134.4</duration>
        <type>6</type>
        <step>73</step>
      </extensions>
    </rtept>
    <rtept lat="24.131533" lon="120.463201">
      <name>建國路, 17</name>
      <desc>Continue straight onto 建國路, 17</desc>
      <extensions>
        <distance>10672.1</distance>
        <duration>2134.4</duration>
        <type>6</type>
        <step>73</step>
      </extensions>
    </rtept>
    <rtept lat="24.131492" lon="120.463179">
      <name>建國路, 17</name>
      <desc>Continue straight onto 建國路, 17</desc>
      <extensions>
        <distance>10672.1</distance>
        <duration>2134.4</duration>
        <type>6</type>
        <step>73</step>
      </extensions>
    </rtept>
    <rtept lat="24.130786" lon="120.46284">
      <name>建國路, 17</name>
      <desc>Continue straight onto 建國路, 17</desc>
      <extensions>
        <distance>10672.1</distance>
        <duration>2134.4</duration>
        <type>6</type>
        <step>73</step>
      </extensions>
    </rtept>
    <rtept lat="24.130681" lon="120.46278">
      <name>建國路, 17</name>
      <desc>Continue straight onto 建國路, 17</desc>
      <extensions>
        <distance>10672.1</distance>
        <duration>2134.4</duration>
        <type>6</type>
        <step>73</step>
      </extensions>
    </rtept>
    <rtept lat="24.13039" lon="120.462574">
      <name>建國路, 17</name>
      <desc>Continue straight onto 建國路, 17</desc>
      <extensions>
        <distance>10672.1</distance>
        <duration>2134.4</duration>
        <type>6</type>
        <step>73</step>
      </extensions>
    </rtept>
    <rtept lat="24.130141" lon="120.462354">
      <name>建國路, 17</name>
      <desc>Continue straight onto 建國路, 17</desc>
      <extensions>
        <distance>10672.1</distance>
        <duration>2134.4</duration>
        <type>6</type>
        <step>73</step>
      </extensions>
    </rtept>
    <rtept lat="24.129533" lon="120.461626">
      <name>建國路, 17</name>
      <desc>Continue straight onto 建國路, 17</desc>
      <extensions>
        <distance>10672.1</distance>
        <duration>2134.4</duration>
        <type>6</type>
        <step>73</step>
      </extensions>
    </rtept>
    <rtept lat="24.129088" lon="120.461048">
      <name>建國路, 17</name>
      <desc>Continue straight onto 建國路, 17</desc>
      <extensions>
        <distance>10672.1</distance>
        <duration>2134.4</duration>
        <type>6</type>
        <step>73</step>
      </extensions>
    </rtept>
    <rtept lat="24.129033" lon="120.460984">
      <name>建國路, 17</name>
      <desc>Continue straight onto 建國路, 17</desc>
      <extensions>
        <distance>10672.1</distance>
        <duration>2134.4</duration>
        <type>6</type>
        <step>73</step>
      </extensions>
    </rtept>
    <rtept lat="24.128995" lon="120.460932">
      <name>建國路, 17</name>
      <desc>Continue straight onto 建國路, 17</desc>
      <extensions>
        <distance>10672.1</distance>
        <duration>2134.4</duration>
        <type>6</type>
        <step>73</step>
      </extensions>
    </rtept>
    <rtept lat="24.128685" lon="120.46061">
      <name>建國路, 17</name>
      <desc>Continue straight onto 建國路, 17</desc>
      <extensions>
        <distance>10672.1</distance>
        <duration>2134.4</duration>
        <type>6</type>
        <step>73</step>
      </extensions>
    </rtept>
    <rtept lat="24.128556" lon="120.460517">
      <name>建國路, 17</name>
      <desc>Continue straight onto 建國路, 17</desc>
      <extensions>
        <distance>10672.1</distance>
        <duration>2134.4</duration>
        <type>6</type>
        <step>73</step>
      </extensions>
    </rtept>
    <rtept lat="24.128178" lon="120.46028">
      <name>建國路, 17</name>
      <desc>Continue straight onto 建國路, 17</desc>
      <extensions>
        <distance>10672.1</distance>
        <duration>2134.4</duration>
        <type>6</type>
        <step>73</step>
      </extensions>
    </rtept>
    <rtept lat="24.128047" lon="120.460202">
      <name>建國路, 17</name>
      <desc>Continue straight onto 建國路, 17</desc>
      <extensions>
        <distance>10672.1</distance>
        <duration>2134.4</duration>
        <type>6</type>
        <step>73</step>
      </extensions>
    </rtept>
    <rtept lat="24.127953" lon="120.460154">
      <name>建國路, 17</name>
      <desc>Continue straight onto 建國路, 17</desc>
      <extensions>
        <distance>10672.1</distance>
        <duration>2134.4</duration>
        <type>6</type>
        <step>73</step>
      </extensions>
    </rtept>
    <rtept lat="24.127846" lon="120.460106">
      <name>建國路, 17</name>
      <desc>Continue straight onto 建國路, 17</desc>
      <extensions>
        <distance>10672.1</distance>
        <duration>2134.4</duration>
        <type>6</type>
        <step>73</step>
      </extensions>
    </rtept>
    <rtept lat="24.127113" lon="120.459752">
      <name>建國路, 17</name>
      <desc>Continue straight onto 建國路, 17</desc>
      <extensions>
        <distance>10672.1</distance>
        <duration>2134.4</duration>
        <type>6</type>
        <step>73</step>
      </extensions>
    </rtept>
    <rtept lat="24.126418" lon="120.459451">
      <name>建國路, 17</name>
      <desc>Continue straight onto 建國路, 17</desc>
      <extensions>
        <distance>10672.1</distance>
        <duration>2134.4</duration>
        <type>6</type>
        <step>73</step>
      </extensions>
    </rtept>
    <rtept lat="24.125541" lon="120.45919">
      <name>建國路, 17</name>
      <desc>Continue straight onto 建國路, 17</desc>
      <extensions>
        <distance>10672.1</distance>
        <duration>2134.4</duration>
        <type>6</type>
        <step>73</step>
      </extensions>
    </rtept>
    <rtept lat="24.124552" lon="120.458881">
      <name>建國路, 17</name>
      <desc>Continue straight onto 建國路, 17</desc>
      <extensions>
        <distance>10672.1</distance>
        <duration>2134.4</duration>
        <type>6</type>
        <step>73</step>
      </extensions>
    </rtept>
    <rtept lat="24.124512" lon="120.458869">
      <name>建國路, 17</name>
      <desc>Continue straight onto 建國路, 17</desc>
      <extensions>
        <distance>10672.1</distance>
        <duration>2134.4</duration>
        <type>6</type>
        <step>73</step>
      </extensions>
    </rtept>
    <rtept lat="24.123942" lon="120.45865">
      <name>建國路, 17</name>
      <desc>Continue straight onto 建國路, 17</desc>
      <extensions>
        <distance>10672.1</distance>
        <duration>2134.4</duration>
        <type>6</type>
        <step>73</step>
      </extensions>
    </rtept>
    <rtept lat="24.122897" lon="120.458246">
      <name>建國路, 17</name>
      <desc>Continue straight onto 建國路, 17</desc>
      <extensions>
        <distance>10672.1</distance>
        <duration>2134.4</duration>
        <type>6</type>
        <step>73</step>
      </extensions>
    </rtept>
    <rtept lat="24.122323" lon="120.458025">
      <name>建國路, 17</name>
      <desc>Continue straight onto 建國路, 17</desc>
      <extensions>
        <distance>10672.1</distance>
        <duration>2134.4</duration>
        <type>6</type>
        <step>73</step>
      </extensions>
    </rtept>
    <rtept lat="24.121444" lon="120.457674">
      <name>建國路, 17</name>
      <desc>Continue straight onto 建國路, 17</desc>
      <extensions>
        <distance>10672.1</distance>
        <duration>2134.4</duration>
        <type>6</type>
        <step>73</step>
      </extensions>
    </rtept>
    <rtept lat="24.121147" lon="120.457574">
      <name>建國路, 17</name>
      <desc>Continue straight onto 建國路, 17</desc>
      <extensions>
        <distance>10672.1</distance>
        <duration>2134.4</duration>
        <type>6</type>
        <step>73</step>
      </extensions>
    </rtept>
    <rtept lat="24.121017" lon="120.457533">
      <name>建國路, 17</name>
      <desc>Continue straight onto 建國路, 17</desc>
      <extensions>
        <distance>10672.1</distance>
        <duration>2134.4</duration>
        <type>6</type>
        <step>73</step>
      </extensions>
    </rtept>
    <rtept lat="24.11961" lon="120.457051">
      <name>建國路, 17</name>
      <desc>Continue straight onto 建國路, 17</desc>
      <extensions>
        <distance>10672.1</distance>
        <duration>2134.4</duration>
        <type>6</type>
        <step>73</step>
      </extensions>
    </rtept>
    <rtept lat="24.119581" lon="120.457041">
      <name>建國路, 17</name>
      <desc>Continue straight onto 建國路, 17</desc>
      <extensions>
        <distance>10672.1</distance>
        <duration>2134.4</duration>
        <type>6</type>
        <step>73</step>
      </extensions>
    </rtept>
    <rtept lat="24.11929" lon="120.45694">
      <name>建國路, 17</name>
      <desc>Continue straight onto 建國路, 17</desc>
      <extensions>
        <distance>10672.1</distance>
        <duration>2134.4</duration>
        <type>6</type>
        <step>73</step>
      </extensions>
    </rtept>
    <rtept lat="24.119266" lon="120.456931">
      <name>建國路, 17</name>
      <desc>Continue straight onto 建國路, 17</desc>
      <extensions>
        <distance>10672.1</distance>
        <duration>2134.4</duration>
        <type>6</type>
        <step>73</step>
      </extensions>
    </rtept>
    <rtept lat="24.118573" lon="120.456698">
      <name>建國路, 17</name>
      <desc>Continue straight onto 建國路, 17</desc>
      <extensions>
        <distance>10672.1</distance>
        <duration>2134.4</duration>
        <type>6</type>
        <step>73</step>
      </extensions>
    </rtept>
    <rtept lat="24.117722" lon="120.456438">
      <name>建國路, 17</name>
      <desc>Continue straight onto 建國路, 17</desc>
      <extensions>
        <distance>10672.1</distance>
        <duration>2134.4</duration>
        <type>6</type>
        <step>73</step>
      </extensions>
    </rtept>
    <rtept lat="24.116367" lon="120.45612">
      <name>建國路, 17</name>
      <desc>Continue straight onto 建國路, 17</desc>
      <extensions>
        <distance>10672.1</distance>
        <duration>2134.4</duration>
        <type>6</type>
        <step>73</step>
      </extensions>
    </rtept>
    <rtept lat="24.115745" lon="120.456016">
      <name>建國路, 17</name>
      <desc>Continue straight onto 建國路, 17</desc>
      <extensions>
        <distance>10672.1</distance>
        <duration>2134.4</duration>
        <type>6</type>
        <step>73</step>
      </extensions>
    </rtept>
    <rtept lat="24.115556" lon="120.456001">
      <name>建國路, 17</name>
      <desc>Continue straight onto 建國路, 17</desc>
      <extensions>
        <distance>10672.1</distance>
        <duration>2134.4</duration>
        <type>6</type>
        <step>73</step>
      </extensions>
    </rtept>
    <rtept lat="24.114829" lon="120.455991">
      <name>建國路, 17</name>
      <desc>Continue straight onto 建國路, 17</desc>
      <extensions>
        <distance>10672.1</distance>
        <duration>2134.4</duration>
        <type>6</type>
        <step>73</step>
      </extensions>
    </rtept>
    <rtept lat="24.113237" lon="120.455964">
      <name>建國路, 17</name>
      <desc>Continue straight onto 建國路, 17</desc>
      <extensions>
        <distance>10672.1</distance>
        <duration>2134.4</duration>
        <type>6</type>
        <step>73</step>
      </extensions>
    </rtept>
    <rtept lat="24.112833" lon="120.456026">
      <name>建國路, 17</name>
      <desc>Continue straight onto 建國路, 17</desc>
      <extensions>
        <distance>10672.1</distance>
        <duration>2134.4</duration>
        <type>6</type>
        <step>73</step>
      </extensions>
    </rtept>
    <rtept lat="24.112511" lon="120.456117">
      <name>建國路, 17</name>
      <desc>Continue straight onto 建國路, 17</desc>
      <extensions>
        <distance>10672.1</distance>
        <duration>2134.4</duration>
        <type>6</type>
        <step>73</step>
      </extensions>
    </rtept>
    <rtept lat="24.111568" lon="120.456455">
      <name>建國路, 17</name>
      <desc>Continue straight onto 建國路, 17</desc>
      <extensions>
        <distance>10672.1</distance>
        <duration>2134.4</duration>
        <type>6</type>
        <step>73</step>
      </extensions>
    </rtept>
    <rtept lat="24.111282" lon="120.456575">
      <name>建國路, 17</name>
      <desc>Continue straight onto 建國路, 17</desc>
      <extensions>
        <distance>10672.1</distance>
        <duration>2134.4</duration>
        <type>6</type>
        <step>73</step>
      </extensions>
    </rtept>
    <rtept lat="24.110788" lon="120.456786">
      <name>建國路, 17</name>
      <desc>Continue straight onto 建國路, 17</desc>
      <extensions>
        <distance>10672.1</distance>
        <duration>2134.4</duration>
        <type>6</type>
        <step>73</step>
      </extensions>
    </rtept>
    <rtept lat="24.110521" lon="120.45689">
      <name>建國路, 17</name>
      <desc>Continue straight onto 建國路, 17</desc>
      <extensions>
        <distance>10672.1</distance>
        <duration>2134.4</duration>
        <type>6</type>
        <step>73</step>
      </extensions>
    </rtept>
    <rtept lat="24.110259" lon="120.456973">
      <name>建國路, 17</name>
      <desc>Continue straight onto 建國路, 17</desc>
      <extensions>
        <distance>10672.1</distance>
        <duration>2134.4</duration>
        <type>6</type>
        <step>73</step>
      </extensions>
    </rtept>
    <rtept lat="24.110001" lon="120.457026">
      <name>建國路, 17</name>
      <desc>Continue straight onto 建國路, 17</desc>
      <extensions>
        <distance>10672.1</distance>
        <duration>2134.4</duration>
        <type>6</type>
        <step>73</step>
      </extensions>
    </rtept>
    <rtept lat="24.109631" lon="120.457041">
      <name>建國路, 17</name>
      <desc>Continue straight onto 建國路, 17</desc>
      <extensions>
        <distance>10672.1</distance>
        <duration>2134.4</duration>
        <type>6</type>
        <step>73</step>
      </extensions>
    </rtept>
    <rtept lat="24.108681" lon="120.456896">
      <name>建國路, 17</name>
      <desc>Continue straight onto 建國路, 17</desc>
      <extensions>
        <distance>10672.1</distance>
        <duration>2134.4</duration>
        <type>6</type>
        <step>73</step>
      </extensions>
    </rtept>
    <rtept lat="24.107542" lon="120.456709">
      <name>建國路, 17</name>
      <desc>Continue straight onto 建國路, 17</desc>
      <extensions>
        <distance>10672.1</distance>
        <duration>2134.4</duration>
        <type>6</type>
        <step>73</step>
      </extensions>
    </rtept>
    <rtept lat="24.106744" lon="120.456531">
      <name>建國路, 17</name>
      <desc>Continue straight onto 建國路, 17</desc>
      <extensions>
        <distance>10672.1</distance>
        <duration>2134.4</duration>
        <type>6</type>
        <step>73</step>
      </extensions>
    </rtept>
    <rtept lat="24.106358" lon="120.456369">
      <name>建國路, 17</name>
      <desc>Continue straight onto 建國路, 17</desc>
      <extensions>
        <distance>10672.1</distance>
        <duration>2134.4</duration>
        <type>6</type>
        <step>73</step>
      </extensions>
    </rtept>
    <rtept lat="24.104351" lon="120.45531">
      <name>建國路, 17</name>
      <desc>Continue straight onto 建國路, 17</desc>
      <extensions>
        <distance>10672.1</distance>
        <duration>2134.4</duration>
        <type>6</type>
        <step>73</step>
      </extensions>
    </rtept>
    <rtept lat="24.104192" lon="120.455232">
      <name>建國路, 17</name>
      <desc>Continue straight onto 建國路, 17</desc>
      <extensions>
        <distance>10672.1</distance>
        <duration>2134.4</duration>
        <type>6</type>
        <step>73</step>
      </extensions>
    </rtept>
    <rtept lat="24.103635" lon="120.454904">
      <name>建國路, 17</name>
      <desc>Continue straight onto 建國路, 17</desc>
      <extensions>
        <distance>10672.1</distance>
        <duration>2134.4</duration>
        <type>6</type>
        <step>73</step>
      </extensions>
    </rtept>
    <rtept lat="24.103423" lon="120.454739">
      <name>建國路, 17</name>
      <desc>Continue straight onto 建國路, 17</desc>
      <extensions>
        <distance>10672.1</distance>
        <duration>2134.4</duration>
        <type>6</type>
        <step>73</step>
      </extensions>
    </rtept>
    <rtept lat="24.102903" lon="120.454193">
      <name>建國路, 17</name>
      <desc>Continue straight onto 建國路, 17</desc>
      <extensions>
        <distance>10672.1</distance>
        <duration>2134.4</duration>
        <type>6</type>
        <step>73</step>
      </extensions>
    </rtept>
    <rtept lat="24.102544" lon="120.45378">
      <name>建國路, 17</name>
      <desc>Continue straight onto 建國路, 17</desc>
      <extensions>
        <distance>10672.1</distance>
        <duration>2134.4</duration>
        <type>6</type>
        <step>73</step>
      </extensions>
    </rtept>
    <rtept lat="24.102296" lon="120.453496">
      <name>建國路, 17</name>
      <desc>Continue straight onto 建國路, 17</desc>
      <extensions>
        <distance>10672.1</distance>
        <duration>2134.4</duration>
        <type>6</type>
        <step>73</step>
      </extensions>
    </rtept>
    <rtept lat="24.102143" lon="120.453334">
      <name>建國路, 17</name>
      <desc>Continue straight onto 建國路, 17</desc>
      <extensions>
        <distance>10672.1</distance>
        <duration>2134.4</duration>
        <type>6</type>
        <step>73</step>
      </extensions>
    </rtept>
    <rtept lat="24.099588" lon="120.451086">
      <name>建國路, 17</name>
      <desc>Continue straight onto 建國路, 17</desc>
      <extensions>
        <distance>10672.1</distance>
        <duration>2134.4</duration>
        <type>6</type>
        <step>73</step>
      </extensions>
    </rtept>
    <rtept lat="24.099137" lon="120.450708">
      <name>建國路, 17</name>
      <desc>Continue straight onto 建國路, 17</desc>
      <extensions>
        <distance>10672.1</distance>
        <duration>2134.4</duration>
        <type>6</type>
        <step>73</step>
      </extensions>
    </rtept>
    <rtept lat="24.098991" lon="120.450605">
      <name>建國路, 17</name>
      <desc>Continue straight onto 建國路, 17</desc>
      <extensions>
        <distance>10672.1</distance>
        <duration>2134.4</duration>
        <type>6</type>
        <step>73</step>
      </extensions>
    </rtept>
    <rtept lat="24.098785" lon="120.450485">
      <name>建國路, 17</name>
      <desc>Continue straight onto 建國路, 17</desc>
      <extensions>
        <distance>10672.1</distance>
        <duration>2134.4</duration>
        <type>6</type>
        <step>73</step>
      </extensions>
    </rtept>
    <rtept lat="24.098138" lon="120.450188">
      <name>建國路, 17</name>
      <desc>Continue straight onto 建國路, 17</desc>
      <extensions>
        <distance>10672.1</distance>
        <duration>2134.4</duration>
        <type>6</type>
        <step>73</step>
      </extensions>
    </rtept>
    <rtept lat="24.097719" lon="120.44999">
      <name>建國路, 17</name>
      <desc>Continue straight onto 建國路, 17</desc>
      <extensions>
        <distance>10672.1</distance>
        <duration>2134.4</duration>
        <type>6</type>
        <step>73</step>
      </extensions>
    </rtept>
    <rtept lat="24.097322" lon="120.449803">
      <name>建國路, 17</name>
      <desc>Continue straight onto 建國路, 17</desc>
      <extensions>
        <distance>10672.1</distance>
        <duration>2134.4</duration>
        <type>6</type>
        <step>73</step>
      </extensions>
    </rtept>
    <rtept lat="24.097086" lon="120.449715">
      <name>建國路, 17</name>
      <desc>Continue straight onto 建國路, 17</desc>
      <extensions>
        <distance>10672.1</distance>
        <duration>2134.4</duration>
        <type>6</type>
        <step>73</step>
      </extensions>
    </rtept>
    <rtept lat="24.096738" lon="120.449584">
      <name>建國路, 17</name>
      <desc>Continue straight onto 建國路, 17</desc>
      <extensions>
        <distance>10672.1</distance>
        <duration>2134.4</duration>
        <type>6</type>
        <step>73</step>
      </extensions>
    </rtept>
    <rtept lat="24.095463" lon="120.449106">
      <name>建國路, 17</name>
      <desc>Continue straight onto 建國路, 17</desc>
      <extensions>
        <distance>10672.1</distance>
        <duration>2134.4</duration>
        <type>6</type>
        <step>73</step>
      </extensions>
    </rtept>
    <rtept lat="24.094634" lon="120.448818">
      <name>建國路, 17</name>
      <desc>Continue straight onto 建國路, 17</desc>
      <extensions>
        <distance>10672.1</distance>
        <duration>2134.4</duration>
        <type>6</type>
        <step>73</step>
      </extensions>
    </rtept>
    <rtept lat="24.09454" lon="120.448787">
      <name>建國路, 17</name>
      <desc>Continue straight onto 建國路, 17</desc>
      <extensions>
        <distance>10672.1</distance>
        <duration>2134.4</duration>
        <type>6</type>
        <step>73</step>
      </extensions>
    </rtept>
    <rtept lat="24.094167" lon="120.448703">
      <name>建國路, 17</name>
      <desc>Continue straight onto 建國路, 17</desc>
      <extensions>
        <distance>10672.1</distance>
        <duration>2134.4</duration>
        <type>6</type>
        <step>73</step>
      </extensions>
    </rtept>
    <rtept lat="24.094092" lon="120.448678">
      <name>建國路, 17</name>
      <desc>Continue straight onto 建國路, 17</desc>
      <extensions>
        <distance>10672.1</distance>
        <duration>2134.4</duration>
        <type>6</type>
        <step>73</step>
      </extensions>
    </rtept>
    <rtept lat="24.093253" lon="120.448474">
      <name>建國路, 17</name>
      <desc>Continue straight onto 建國路, 17</desc>
      <extensions>
        <distance>10672.1</distance>
        <duration>2134.4</duration>
        <type>6</type>
        <step>73</step>
      </extensions>
    </rtept>
    <rtept lat="24.093195" lon="120.448463">
      <name>建國路, 17</name>
      <desc>Continue straight onto 建國路, 17</desc>
      <extensions>
        <distance>10672.1</distance>
        <duration>2134.4</duration>
        <type>6</type>
        <step>73</step>
      </extensions>
    </rtept>
    <rtept lat="24.092663" lon="120.448333">
      <name>建國路, 17</name>
      <desc>Continue straight onto 建國路, 17</desc>
      <extensions>
        <distance>10672.1</distance>
        <duration>2134.4</duration>
        <type>6</type>
        <step>73</step>
      </extensions>
    </rtept>
    <rtept lat="24.092026" lon="120.448193">
      <name>建國路, 17</name>
      <desc>Continue straight onto 建國路, 17</desc>
      <extensions>
        <distance>10672.1</distance>
        <duration>2134.4</duration>
        <type>6</type>
        <step>73</step>
      </extensions>
    </rtept>
    <rtept lat="24.091734" lon="120.448135">
      <name>建國路, 17</name>
      <desc>Continue straight onto 建國路, 17</desc>
      <extensions>
        <distance>10672.1</distance>
        <duration>2134.4</duration>
        <type>6</type>
        <step>73</step>
      </extensions>
    </rtept>
    <rtept lat="24.091261" lon="120.448062">
      <name>建國路, 17</name>
      <desc>Continue straight onto 建國路, 17</desc>
      <extensions>
        <distance>10672.1</distance>
        <duration>2134.4</duration>
        <type>6</type>
        <step>73</step>
      </extensions>
    </rtept>
    <rtept lat="24.090889" lon="120.448023">
      <name>建國路, 17</name>
      <desc>Continue straight onto 建國路, 17</desc>
      <extensions>
        <distance>10672.1</distance>
        <duration>2134.4</duration>
        <type>6</type>
        <step>73</step>
      </extensions>
    </rtept>
    <rtept lat="24.090147" lon="120.447931">
      <name>建國路, 17</name>
      <desc>Continue straight onto 建國路, 17</desc>
      <extensions>
        <distance>10672.1</distance>
        <duration>2134.4</duration>
        <type>6</type>
        <step>73</step>
      </extensions>
    </rtept>
    <rtept lat="24.089229" lon="120.447773">
      <name>建國路, 17</name>
      <desc>Continue straight onto 建國路, 17</desc>
      <extensions>
        <distance>10672.1</distance>
        <duration>2134.4</duration>
        <type>6</type>
        <step>73</step>
      </extensions>
    </rtept>
    <rtept lat="24.088794" lon="120.447633">
      <name>建國路, 17</name>
      <desc>Continue straight onto 建國路, 17</desc>
      <extensions>
        <distance>10672.1</distance>
        <duration>2134.4</duration>
        <type>6</type>
        <step>73</step>
      </extensions>
    </rtept>
    <rtept lat="24.088704" lon="120.447565">
      <name>建國路, 17</name>
      <desc>Continue straight onto 建國路, 17</desc>
      <extensions>
        <distance>10672.1</distance>
        <duration>2134.4</duration>
        <type>6</type>
        <step>73</step>
      </extensions>
    </rtept>
    <rtept lat="24.088152" lon="120.447195">
      <name>建國路, 17</name>
      <desc>Continue straight onto 建國路, 17</desc>
      <extensions>
        <distance>10672.1</distance>
        <duration>2134.4</duration>
        <type>6</type>
        <step>73</step>
      </extensions>
    </rtept>
    <rtept lat="24.087323" lon="120.446582">
      <name>建國路, 17</name>
      <desc>Continue straight onto 建國路, 17</desc>
      <extensions>
        <distance>10672.1</distance>
        <duration>2134.4</duration>
        <type>6</type>
        <step>73</step>
      </extensions>
    </rtept>
    <rtept lat="24.085858" lon="120.445325">
      <name>建國路, 17</name>
      <desc>Continue straight onto 建國路, 17</desc>
      <extensions>
        <distance>10672.1</distance>
        <duration>2134.4</duration>
        <type>6</type>
        <step>73</step>
      </extensions>
    </rtept>
    <rtept lat="24.085586" lon="120.445114">
      <name>建國路, 17</name>
      <desc>Continue straight onto 建國路, 17</desc>
      <extensions>
        <distance>10672.1</distance>
        <duration>2134.4</duration>
        <type>6</type>
        <step>73</step>
      </extensions>
    </rtept>
    <rtept lat="24.08436" lon="120.444551">
      <name>建國路, 17</name>
      <desc>Continue straight onto 建國路, 17</desc>
      <extensions>
        <distance>10672.1</distance>
        <duration>2134.4</duration>
        <type>6</type>
        <step>73</step>
      </extensions>
    </rtept>
    <rtept lat="24.084239" lon="120.444514">
      <name>建國路, 17</name>
      <desc>Continue straight onto 建國路, 17</desc>
      <extensions>
        <distance>10672.1</distance>
        <duration>2134.4</duration>
        <type>6</type>
        <step>73</step>
      </extensions>
    </rtept>
    <rtept lat="24.083559" lon="120.444205">
      <name>建國路, 17</name>
      <desc>Continue straight onto 建國路, 17</desc>
      <extensions>
        <distance>10672.1</distance>
        <duration>2134.4</duration>
        <type>6</type>
        <step>73</step>
      </extensions>
    </rtept>
    <rtept lat="24.08276" lon="120.443859">
      <name>建國路, 17</name>
      <desc>Continue straight onto 建國路, 17</desc>
      <extensions>
        <distance>10672.1</distance>
        <duration>2134.4</duration>
        <type>6</type>
        <step>73</step>
      </extensions>
    </rtept>
    <rtept lat="24.082667" lon="120.443821">
      <name>建國路, 17</name>
      <desc>Continue straight onto 建國路, 17</desc>
      <extensions>
        <distance>10672.1</distance>
        <duration>2134.4</duration>
        <type>6</type>
        <step>73</step>
      </extensions>
    </rtept>
    <rtept lat="24.081898" lon="120.443508">
      <name>建國路, 17</name>
      <desc>Continue straight onto 建國路, 17</desc>
      <extensions>
        <distance>10672.1</distance>
        <duration>2134.4</duration>
        <type>6</type>
        <step>73</step>
      </extensions>
    </rtept>
    <rtept lat="24.078631" lon="120.442482">
      <name>建國路, 17</name>
      <desc>Continue straight onto 建國路, 17</desc>
      <extensions>
        <distance>10672.1</distance>
        <duration>2134.4</duration>
        <type>6</type>
        <step>73</step>
      </extensions>
    </rtept>
    <rtept lat="24.07841" lon="120.442421">
      <name>建國路, 17</name>
      <desc>Continue straight onto 建國路, 17</desc>
      <extensions>
        <distance>10672.1</distance>
        <duration>2134.4</duration>
        <type>6</type>
        <step>73</step>
      </extensions>
    </rtept>
    <rtept lat="24.076233" lon="120.441785">
      <name>建國路, 17</name>
      <desc>Continue straight onto 建國路, 17</desc>
      <extensions>
        <distance>10672.1</distance>
        <duration>2134.4</duration>
        <type>6</type>
        <step>73</step>
      </extensions>
    </rtept>
    <rtept lat="24.075871" lon="120.441735">
      <name>建國路, 17</name>
      <desc>Continue straight onto 建國路, 17</desc>
      <extensions>
        <distance>10672.1</distance>
        <duration>2134.4</duration>
        <type>6</type>
        <step>73</step>
      </extensions>
    </rtept>
    <rtept lat="24.075007" lon="120.441564">
      <name>建國路, 17</name>
      <desc>Continue straight onto 建國路, 17</desc>
      <extensions>
        <distance>10672.1</distance>
        <duration>2134.4</duration>
        <type>6</type>
        <step>73</step>
      </extensions>
    </rtept>
    <rtept lat="24.074392" lon="120.441442">
      <name>建國路, 17</name>
      <desc>Continue straight onto 建國路, 17</desc>
      <extensions>
        <distance>10672.1</distance>
        <duration>2134.4</duration>
        <type>6</type>
        <step>73</step>
      </extensions>
    </rtept>
    <rtept lat="24.073979" lon="120.441272">
      <name>建國路, 17</name>
      <desc>Continue straight onto 建國路, 17</desc>
      <extensions>
        <distance>10672.1</distance>
        <duration>2134.4</duration>
        <type>6</type>
        <step>73</step>
      </extensions>
    </rtept>
    <rtept lat="24.073672" lon="120.441078">
      <name>建國路, 17</name>
      <desc>Continue straight onto 建國路, 17</desc>
      <extensions>
        <distance>10672.1</distance>
        <duration>2134.4</duration>
        <type>6</type>
        <step>73</step>
      </extensions>
    </rtept>
    <rtept lat="24.072476" lon="120.440281">
      <name>建國路, 17</name>
      <desc>Continue straight onto 建國路, 17</desc>
      <extensions>
        <distance>10672.1</distance>
        <duration>2134.4</duration>
        <type>6</type>
        <step>73</step>
      </extensions>
    </rtept>
    <rtept lat="24.071835" lon="120.439854">
      <name>建國路, 17</name>
      <desc>Continue straight onto 建國路, 17</desc>
      <extensions>
        <distance>10672.1</distance>
        <duration>2134.4</duration>
        <type>6</type>
        <step>73</step>
      </extensions>
    </rtept>
    <rtept lat="24.071218" lon="120.439438">
      <name>建國路, 17</name>
      <desc>Continue straight onto 建國路, 17</desc>
      <extensions>
        <distance>10672.1</distance>
        <duration>2134.4</duration>
        <type>6</type>
        <step>73</step>
      </extensions>
    </rtept>
    <rtept lat="24.070663" lon="120.439068">
      <name>建國路, 17</name>
      <desc>Continue straight onto 建國路, 17</desc>
      <extensions>
        <distance>10672.1</distance>
        <duration>2134.4</duration>
        <type>6</type>
        <step>73</step>
      </extensions>
    </rtept>
    <rtept lat="24.070343" lon="120.438851">
      <name>建國路, 17</name>
      <desc>Continue straight onto 建國路, 17</desc>
      <extensions>
        <distance>10672.1</distance>
        <duration>2134.4</duration>
        <type>6</type>
        <step>73</step>
      </extensions>
    </rtept>
    <rtept lat="24.069976" lon="120.438602">
      <name>建國路, 17</name>
      <desc>Continue straight onto 建國路, 17</desc>
      <extensions>
        <distance>10672.1</distance>
        <duration>2134.4</duration>
        <type>6</type>
        <step>73</step>
      </extensions>
    </rtept>
    <rtept lat="24.069864" lon="120.438499">
      <name>建國路, 17</name>
      <desc>Continue straight onto 建國路, 17</desc>
      <extensions>
        <distance>10672.1</distance>
        <duration>2134.4</duration>
        <type>6</type>
        <step>73</step>
      </extensions>
    </rtept>
    <rtept lat="24.069745" lon="120.438337">
      <name>建國路, 17</name>
      <desc>Continue straight onto 建國路, 17</desc>
      <extensions>
        <distance>10672.1</distance>
        <duration>2134.4</duration>
        <type>6</type>
        <step>73</step>
      </extensions>
    </rtept>
    <rtept lat="24.069629" lon="120.438118">
      <name>建國路, 17</name>
      <desc>Continue straight onto 建國路, 17</desc>
      <extensions>
        <distance>10672.1</distance>
        <duration>2134.4</duration>
        <type>6</type>
        <step>73</step>
      </extensions>
    </rtept>
    <rtept lat="24.069506" lon="120.437825">
      <name>建國路, 17</name>
      <desc>Continue straight onto 建國路, 17</desc>
      <extensions>
        <distance>10672.1</distance>
        <duration>2134.4</duration>
        <type>6</type>
        <step>73</step>
      </extensions>
    </rtept>
    <rtept lat="24.069457" lon="120.437538">
      <name>建國路, 17</name>
      <desc>Continue straight onto 建國路, 17</desc>
      <extensions>
        <distance>10672.1</distance>
        <duration>2134.4</duration>
        <type>6</type>
        <step>73</step>
      </extensions>
    </rtept>
    <rtept lat="24.069464" lon="120.437438">
      <name>建國路, 17</name>
      <desc>Continue straight onto 建國路, 17</desc>
      <extensions>
        <distance>10672.1</distance>
        <duration>2134.4</duration>
        <type>6</type>
        <step>73</step>
      </extensions>
    </rtept>
    <rtept lat="24.069543" lon="120.437253">
      <name>建國路, 17</name>
      <desc>Continue straight onto 建國路, 17</desc>
      <extensions>
        <distance>10672.1</distance>
        <duration>2134.4</duration>
        <type>6</type>
        <step>73</step>
      </extensions>
    </rtept>
    <rtept lat="24.069859" lon="120.436268">
      <name/>
      <desc>Turn left</desc>
      <extensions>
        <distance>284.4</distance>
        <duration>73.1</duration>
        <type>0</type>
        <step>74</step>
      </extensions>
    </rtept>
    <rtept lat="24.069706" lon="120.436241">
      <name/>
      <desc>Turn left</desc>
      <extensions>
        <distance>284.4</distance>
        <duration>73.1</duration>
        <type>0</type>
        <step>74</step>
      </extensions>
    </rtept>
    <rtept lat="24.067746" lon="120.436242">
      <name/>
      <desc>Turn left</desc>
      <extensions>
        <distance>284.4</distance>
        <duration>73.1</duration>
        <type>0</type>
        <step>74</step>
      </extensions>
    </rtept>
    <rtept lat="24.067305" lon="120.436221">
      <name>永吉街</name>
      <desc>Turn right onto 永吉街</desc>
      <extensions>
        <distance>166.1</distance>
        <duration>33.2</duration>
        <type>1</type>
        <step>75</step>
      </extensions>
    </rtept>
    <rtept lat="24.067305" lon="120.436132">
      <name>永吉街</name>
      <desc>Turn right onto 永吉街</desc>
      <extensions>
        <distance>166.1</distance>
        <duration>33.2</duration>
        <type>1</type>
        <step>75</step>
      </extensions>
    </rtept>
    <rtept lat="24.067311" lon="120.435562">
      <name>永吉街</name>
      <desc>Turn right onto 永吉街</desc>
      <extensions>
        <distance>166.1</distance>
        <duration>33.2</duration>
        <type>1</type>
        <step>75</step>
      </extensions>
    </rtept>
    <rtept lat="24.06648" lon="120.435205">
      <name>永寧街</name>
      <desc>Turn right onto 永寧街</desc>
      <extensions>
        <distance>100.9</distance>
        <duration>20.2</duration>
        <type>1</type>
        <step>76</step>
      </extensions>
    </rtept>
    <rtept lat="24.066483" lon="120.434611">
      <name>永寧街</name>
      <desc>Turn right onto 永寧街</desc>
      <extensions>
        <distance>100.9</distance>
        <duration>20.2</duration>
        <type>1</type>
        <step>76</step>
      </extensions>
    </rtept>
    <rtept lat="24.066471" lon="120.434211">
      <name>永福街</name>
      <desc>Turn left onto 永福街</desc>
      <extensions>
        <distance>175.5</distance>
        <duration>35.1</duration>
        <type>0</type>
        <step>77</step>
      </extensions>
    </rtept>
    <rtept lat="24.065403" lon="120.434263">
      <name>永福街</name>
      <desc>Turn left onto 永福街</desc>
      <extensions>
        <distance>175.5</distance>
        <duration>35.1</duration>
        <type>0</type>
        <step>77</step>
      </extensions>
    </rtept>
    <rtept lat="24.064894" lon="120.434267">
      <name>永康路</name>
      <desc>Turn left onto 永康路</desc>
      <extensions>
        <distance>27.3</distance>
        <duration>5.5</duration>
        <type>0</type>
        <step>78</step>
      </extensions>
    </rtept>
    <rtept lat="24.064757" lon="120.434489">
      <name>永泰路</name>
      <desc>Turn right onto 永泰路</desc>
      <extensions>
        <distance>47.6</distance>
        <duration>9.5</duration>
        <type>1</type>
        <step>79</step>
      </extensions>
    </rtept>
    <rtept lat="24.064411" lon="120.434214">
      <name/>
      <desc>Keep left</desc>
      <extensions>
        <distance>140.4</distance>
        <duration>36.1</duration>
        <type>12</type>
        <step>80</step>
      </extensions>
    </rtept>
    <rtept lat="24.063431" lon="120.434198">
      <name/>
      <desc>Keep left</desc>
      <extensions>
        <distance>140.4</distance>
        <duration>36.1</duration>
        <type>12</type>
        <step>80</step>
      </extensions>
    </rtept>
    <rtept lat="24.063149" lon="120.434211">
      <name>鹿草路一段</name>
      <desc>Turn slight right onto 鹿草路一段</desc>
      <extensions>
        <distance>670.2</distance>
        <duration>139.9</duration>
        <type>5</type>
        <step>81</step>
      </extensions>
    </rtept>
    <rtept lat="24.062772" lon="120.433949">
      <name>鹿草路一段</name>
      <desc>Turn slight right onto 鹿草路一段</desc>
      <extensions>
        <distance>670.2</distance>
        <duration>139.9</duration>
        <type>5</type>
        <step>81</step>
      </extensions>
    </rtept>
    <rtept lat="24.06259" lon="120.433832">
      <name>鹿草路一段</name>
      <desc>Turn slight right onto 鹿草路一段</desc>
      <extensions>
        <distance>670.2</distance>
        <duration>139.9</duration>
        <type>5</type>
        <step>81</step>
      </extensions>
    </rtept>
    <rtept lat="24.062561" lon="120.433813">
      <name>鹿草路一段</name>
      <desc>Turn slight right onto 鹿草路一段</desc>
      <extensions>
        <distance>670.2</distance>
        <duration>139.9</duration>
        <type>5</type>
        <step>81</step>
      </extensions>
    </rtept>
    <rtept lat="24.062473" lon="120.433757">
      <name>鹿草路一段</name>
      <desc>Turn slight right onto 鹿草路一段</desc>
      <extensions>
        <distance>670.2</distance>
        <duration>139.9</duration>
        <type>5</type>
        <step>81</step>
      </extensions>
    </rtept>
    <rtept lat="24.06201" lon="120.433468">
      <name>鹿草路一段</name>
      <desc>Turn slight right onto 鹿草路一段</desc>
      <extensions>
        <distance>670.2</distance>
        <duration>139.9</duration>
        <type>5</type>
        <step>81</step>
      </extensions>
    </rtept>
    <rtept lat="24.061698" lon="120.433261">
      <name>鹿草路一段</name>
      <desc>Turn slight right onto 鹿草路一段</desc>
      <extensions>
        <distance>670.2</distance>
        <duration>139.9</duration>
        <type>5</type>
        <step>81</step>
      </extensions>
    </rtept>
    <rtept lat="24.061451" lon="120.433103">
      <name>鹿草路一段</name>
      <desc>Turn slight right onto 鹿草路一段</desc>
      <extensions>
        <distance>670.2</distance>
        <duration>139.9</duration>
        <type>5</type>
        <step>81</step>
      </extensions>
    </rtept>
    <rtept lat="24.061038" lon="120.432843">
      <name>鹿草路一段</name>
      <desc>Turn slight right onto 鹿草路一段</desc>
      <extensions>
        <distance>670.2</distance>
        <duration>139.9</duration>
        <type>5</type>
        <step>81</step>
      </extensions>
    </rtept>
    <rtept lat="24.060658" lon="120.432587">
      <name>鹿草路一段</name>
      <desc>Turn slight right onto 鹿草路一段</desc>
      <extensions>
        <distance>670.2</distance>
        <duration>139.9</duration>
        <type>5</type>
        <step>81</step>
      </extensions>
    </rtept>
    <rtept lat="24.060338" lon="120.432339">
      <name>鹿草路一段</name>
      <desc>Turn slight right onto 鹿草路一段</desc>
      <extensions>
        <distance>670.2</distance>
        <duration>139.9</duration>
        <type>5</type>
        <step>81</step>
      </extensions>
    </rtept>
    <rtept lat="24.059872" lon="120.432052">
      <name>鹿草路一段</name>
      <desc>Turn slight right onto 鹿草路一段</desc>
      <extensions>
        <distance>670.2</distance>
        <duration>139.9</duration>
        <type>5</type>
        <step>81</step>
      </extensions>
    </rtept>
    <rtept lat="24.059463" lon="120.431955">
      <name>鹿草路一段</name>
      <desc>Turn slight right onto 鹿草路一段</desc>
      <extensions>
        <distance>670.2</distance>
        <duration>139.9</duration>
        <type>5</type>
        <step>81</step>
      </extensions>
    </rtept>
    <rtept lat="24.059275" lon="120.431911">
      <name>鹿草路一段</name>
      <desc>Turn slight right onto 鹿草路一段</desc>
      <extensions>
        <distance>670.2</distance>
        <duration>139.9</duration>
        <type>5</type>
        <step>81</step>
      </extensions>
    </rtept>
    <rtept lat="24.05916" lon="120.431893">
      <name>鹿草路一段</name>
      <desc>Turn slight right onto 鹿草路一段</desc>
      <extensions>
        <distance>670.2</distance>
        <duration>139.9</duration>
        <type>5</type>
        <step>81</step>
      </extensions>
    </rtept>
    <rtept lat="24.05905" lon="120.43185">
      <name>鹿草路一段</name>
      <desc>Turn slight right onto 鹿草路一段</desc>
      <extensions>
        <distance>670.2</distance>
        <duration>139.9</duration>
        <type>5</type>
        <step>81</step>
      </extensions>
    </rtept>
    <rtept lat="24.058978" lon="120.431795">
      <name>鹿草路一段</name>
      <desc>Turn slight right onto 鹿草路一段</desc>
      <extensions>
        <distance>670.2</distance>
        <duration>139.9</duration>
        <type>5</type>
        <step>81</step>
      </extensions>
    </rtept>
    <rtept lat="24.058774" lon="120.431493">
      <name>鹿草路一段</name>
      <desc>Turn slight right onto 鹿草路一段</desc>
      <extensions>
        <distance>670.2</distance>
        <duration>139.9</duration>
        <type>5</type>
        <step>81</step>
      </extensions>
    </rtept>
    <rtept lat="24.058604" lon="120.43133">
      <name>鹿草路一段</name>
      <desc>Turn slight right onto 鹿草路一段</desc>
      <extensions>
        <distance>670.2</distance>
        <duration>139.9</duration>
        <type>5</type>
        <step>81</step>
      </extensions>
    </rtept>
    <rtept lat="24.0585" lon="120.431293">
      <name>鹿草路一段</name>
      <desc>Turn slight right onto 鹿草路一段</desc>
      <extensions>
        <distance>670.2</distance>
        <duration>139.9</duration>
        <type>5</type>
        <step>81</step>
      </extensions>
    </rtept>
    <rtept lat="24.058265" lon="120.431144">
      <name>鹿草路一段</name>
      <desc>Turn slight right onto 鹿草路一段</desc>
      <extensions>
        <distance>670.2</distance>
        <duration>139.9</duration>
        <type>5</type>
        <step>81</step>
      </extensions>
    </rtept>
    <rtept lat="24.057982" lon="120.43098">
      <name>文開路</name>
      <desc>Turn left onto 文開路</desc>
      <extensions>
        <distance>14.7</distance>
        <duration>2.9</duration>
        <type>0</type>
        <step>82</step>
      </extensions>
    </rtept>
    <rtept lat="24.057913" lon="120.431104">
      <name>埔頭街(鹿港老街)</name>
      <desc>Continue straight onto 埔頭街(鹿港老街)</desc>
      <extensions>
        <distance>239.5</distance>
        <duration>47.9</duration>
        <type>6</type>
        <step>83</step>
      </extensions>
    </rtept>
    <rtept lat="24.057823" lon="120.431243">
      <name>埔頭街(鹿港老街)</name>
      <desc>Continue straight onto 埔頭街(鹿港老街)</desc>
      <extensions>
        <distance>239.5</distance>
        <duration>47.9</duration>
        <type>6</type>
        <step>83</step>
      </extensions>
    </rtept>
    <rtept lat="24.057667" lon="120.431485">
      <name>埔頭街(鹿港老街)</name>
      <desc>Continue straight onto 埔頭街(鹿港老街)</desc>
      <extensions>
        <distance>239.5</distance>
        <duration>47.9</duration>
        <type>6</type>
        <step>83</step>
      </extensions>
    </rtept>
    <rtept lat="24.057365" lon="120.431856">
      <name>埔頭街(鹿港老街)</name>
      <desc>Continue straight onto 埔頭街(鹿港老街)</desc>
      <extensions>
        <distance>239.5</distance>
        <duration>47.9</duration>
        <type>6</type>
        <step>83</step>
      </extensions>
    </rtept>
    <rtept lat="24.057337" lon="120.431902">
      <name>埔頭街(鹿港老街)</name>
      <desc>Continue straight onto 埔頭街(鹿港老街)</desc>
      <extensions>
        <distance>239.5</distance>
        <duration>47.9</duration>
        <type>6</type>
        <step>83</step>
      </extensions>
    </rtept>
    <rtept lat="24.057068" lon="120.432064">
      <name>埔頭街(鹿港老街)</name>
      <desc>Continue straight onto 埔頭街(鹿港老街)</desc>
      <extensions>
        <distance>239.5</distance>
        <duration>47.9</duration>
        <type>6</type>
        <step>83</step>
      </extensions>
    </rtept>
    <rtept lat="24.056863" lon="120.432251">
      <name>埔頭街(鹿港老街)</name>
      <desc>Continue straight onto 埔頭街(鹿港老街)</desc>
      <extensions>
        <distance>239.5</distance>
        <duration>47.9</duration>
        <type>6</type>
        <step>83</step>
      </extensions>
    </rtept>
    <rtept lat="24.056738" lon="120.432317">
      <name>埔頭街(鹿港老街)</name>
      <desc>Continue straight onto 埔頭街(鹿港老街)</desc>
      <extensions>
        <distance>239.5</distance>
        <duration>47.9</duration>
        <type>6</type>
        <step>83</step>
      </extensions>
    </rtept>
    <rtept lat="24.056679" lon="120.432396">
      <name>埔頭街(鹿港老街)</name>
      <desc>Continue straight onto 埔頭街(鹿港老街)</desc>
      <extensions>
        <distance>239.5</distance>
        <duration>47.9</duration>
        <type>6</type>
        <step>83</step>
      </extensions>
    </rtept>
    <rtept lat="24.056365" lon="120.4326">
      <name>埔頭街(鹿港老街)</name>
      <desc>Continue straight onto 埔頭街(鹿港老街)</desc>
      <extensions>
        <distance>239.5</distance>
        <duration>47.9</duration>
        <type>6</type>
        <step>83</step>
      </extensions>
    </rtept>
    <rtept lat="24.056317" lon="120.432623">
      <name/>
      <desc>Arrive at 埔頭街(鹿港老街), on the right</desc>
      <extensions>
        <distance>0.0</distance>
        <duration>0.0</duration>
        <type>10</type>
        <step>84</step>
      </extensions>
    </rtept>
    <extensions>
      <distance>100125.3</distance>
      <duration>20423.8</duration>
      <ascent>0.0</ascent>
      <descent>0.0</descent>
      <avgspeed>17.6</avgspeed>
      <bounds maxlat="24.694224" maxlon="120.880557" minlat="24.056317" minlon="120.43098"/>
    </extensions>
  </rte>
  <extensions>
    <attribution>openrouteservice.org | OpenStreetMap contributors</attribution>
    <engine>9.9.0</engine>
    <build_date>2026-04-20T10:23:42Z</build_date>
    <graph_date>2026-05-04T02:11:08Z</graph_date>
    <osm_date>2026-04-26T23:59:57Z</osm_date>
    <profile>cycling-regular</profile>
    <language>en</language>
    <distance-units>m</distance-units>
    <instructions>true</instructions>
    <elevation>false</elevation>
  </extensions>
</gpx>
