<?xml version="1.0" encoding="UTF-8"?>
<gpx xmlns="http://www.topografix.com/GPX/1/1" version="1.1" creator="CyclingTW">
  <metadata><name>Day 5 屏鵝南境．東港到墾丁</name>
    <bounds minlat="21.9456" minlon="120.44847" maxlat="22.4632" maxlon="120.79708"/></metadata>
  <wpt lat="22.4630838" lon="120.44871930000001"><name>東港東隆宮</name><sym>Flag, Green</sym></wpt>
  <wpt lat="22.448946799999998" lon="120.45481269999999"><name>鵬灣跨海大橋</name><sym>Waypoint</sym></wpt>
  <wpt lat="22.4045111" lon="120.57889759999998"><name>全家便利商店 枋寮臨海店</name><sym>Waypoint</sym></wpt>
  <wpt lat="22.2946547" lon="120.64361780000002"><name>海大山小</name><sym>Waypoint</sym></wpt>
  <wpt lat="22.2397359" lon="120.6678512"><name>愛琴海岸海景咖啡餐廳</name><sym>Waypoint</sym></wpt>
  <wpt lat="22.1951622" lon="120.69145350000001"><name>7-ELEVEN 楓港門市</name><sym>Waypoint</sym></wpt>
  <wpt lat="22.0709441" lon="120.7108895"><name>車城福安宮</name><sym>Waypoint</sym></wpt>
  <wpt lat="22.0691651" lon="120.71358579999999"><name>全家便利商店 車城風車店</name><sym>Waypoint</sym></wpt>
  <wpt lat="22.008083100000004" lon="120.74799929999999"><name>恆春縣城北門</name><sym>Waypoint</sym></wpt>
  <wpt lat="21.9458096" lon="120.79708029999999"><name>墾丁大街</name><sym>Flag, Red</sym></wpt>
  <trk><name>Day 5</name><trkseg>
    <trkpt lat="22.4632" lon="120.44867"/>
    <trkpt lat="22.4632" lon="120.44865"/>
    <trkpt lat="22.46319" lon="120.44864"/>
    <trkpt lat="22.46319" lon="120.44861"/>
    <trkpt lat="22.46319" lon="120.44859"/>
    <trkpt lat="22.4632" lon="120.44857"/>
    <trkpt lat="22.4632" lon="120.44854"/>
    <trkpt lat="22.4632" lon="120.44853"/>
    <trkpt lat="22.4632" lon="120.44852"/>
    <trkpt lat="22.46313" lon="120.4485"/>
    <trkpt lat="22.46301" lon="120.44847"/>
    <trkpt lat="22.46301" lon="120.44849"/>
    <trkpt lat="22.46299" lon="120.44851"/>
    <trkpt lat="22.46298" lon="120.44853"/>
    <trkpt lat="22.46297" lon="120.44855"/>
    <trkpt lat="22.46295" lon="120.44857"/>
    <trkpt lat="22.46293" lon="120.44859"/>
    <trkpt lat="22.46289" lon="120.44863"/>
    <trkpt lat="22.46287" lon="120.44864"/>
    <trkpt lat="22.46286" lon="120.44867"/>
    <trkpt lat="22.46284" lon="120.44869"/>
    <trkpt lat="22.46283" lon="120.44872"/>
    <trkpt lat="22.46281" lon="120.44876"/>
    <trkpt lat="22.4628" lon="120.44878"/>
    <trkpt lat="22.4628" lon="120.44879"/>
    <trkpt lat="22.46276" lon="120.44888"/>
    <trkpt lat="22.46219" lon="120.44889"/>
    <trkpt lat="22.46206" lon="120.44889"/>
    <trkpt lat="22.46157" lon="120.44876"/>
    <trkpt lat="22.46144" lon="120.44873"/>
    <trkpt lat="22.46134" lon="120.44871"/>
    <trkpt lat="22.46127" lon="120.44895"/>
    <trkpt lat="22.46125" lon="120.44903"/>
    <trkpt lat="22.46124" lon="120.44908"/>
    <trkpt lat="22.46123" lon="120.44911"/>
    <trkpt lat="22.46122" lon="120.44915"/>
    <trkpt lat="22.46121" lon="120.44918"/>
    <trkpt lat="22.46119" lon="120.44921"/>
    <trkpt lat="22.46117" lon="120.44925"/>
    <trkpt lat="22.46116" lon="120.44927"/>
    <trkpt lat="22.46113" lon="120.44931"/>
    <trkpt lat="22.46111" lon="120.44934"/>
    <trkpt lat="22.4611" lon="120.44936"/>
    <trkpt lat="22.46105" lon="120.44942"/>
    <trkpt lat="22.46103" lon="120.44946"/>
    <trkpt lat="22.46099" lon="120.44955"/>
    <trkpt lat="22.46097" lon="120.44959"/>
    <trkpt lat="22.46095" lon="120.44965"/>
    <trkpt lat="22.46095" lon="120.44968"/>
    <trkpt lat="22.46094" lon="120.4497"/>
    <trkpt lat="22.46093" lon="120.44973"/>
    <trkpt lat="22.46093" lon="120.44977"/>
    <trkpt lat="22.46092" lon="120.44982"/>
    <trkpt lat="22.46091" lon="120.44986"/>
    <trkpt lat="22.46091" lon="120.44991"/>
    <trkpt lat="22.4609" lon="120.44995"/>
    <trkpt lat="22.4609" lon="120.44997"/>
    <trkpt lat="22.46088" lon="120.45"/>
    <trkpt lat="22.46085" lon="120.45009"/>
    <trkpt lat="22.46084" lon="120.45011"/>
    <trkpt lat="22.46083" lon="120.45013"/>
    <trkpt lat="22.46082" lon="120.45015"/>
    <trkpt lat="22.4608" lon="120.45017"/>
    <trkpt lat="22.46078" lon="120.45019"/>
    <trkpt lat="22.46077" lon="120.4502"/>
    <trkpt lat="22.46075" lon="120.45021"/>
    <trkpt lat="22.46073" lon="120.45023"/>
    <trkpt lat="22.46055" lon="120.45032"/>
    <trkpt lat="22.46027" lon="120.45047"/>
    <trkpt lat="22.46018" lon="120.45051"/>
    <trkpt lat="22.46014" lon="120.45053"/>
    <trkpt lat="22.46008" lon="120.45054"/>
    <trkpt lat="22.46004" lon="120.45055"/>
    <trkpt lat="22.45997" lon="120.45056"/>
    <trkpt lat="22.45981" lon="120.45063"/>
    <trkpt lat="22.45973" lon="120.45063"/>
    <trkpt lat="22.45967" lon="120.45063"/>
    <trkpt lat="22.45961" lon="120.45061"/>
    <trkpt lat="22.45955" lon="120.4506"/>
    <trkpt lat="22.45909" lon="120.45047"/>
    <trkpt lat="22.45896" lon="120.45045"/>
    <trkpt lat="22.4589" lon="120.45063"/>
    <trkpt lat="22.4586" lon="120.45157"/>
    <trkpt lat="22.45829" lon="120.45267"/>
    <trkpt lat="22.45808" lon="120.45341"/>
    <trkpt lat="22.45792" lon="120.45349"/>
    <trkpt lat="22.4579" lon="120.4535"/>
    <trkpt lat="22.45788" lon="120.45351"/>
    <trkpt lat="22.45785" lon="120.45353"/>
    <trkpt lat="22.45783" lon="120.45354"/>
    <trkpt lat="22.45781" lon="120.45356"/>
    <trkpt lat="22.4578" lon="120.45358"/>
    <trkpt lat="22.45777" lon="120.4536"/>
    <trkpt lat="22.45776" lon="120.45361"/>
    <trkpt lat="22.45774" lon="120.45362"/>
    <trkpt lat="22.45772" lon="120.45363"/>
    <trkpt lat="22.4577" lon="120.45364"/>
    <trkpt lat="22.45768" lon="120.45365"/>
    <trkpt lat="22.45766" lon="120.45365"/>
    <trkpt lat="22.45763" lon="120.45365"/>
    <trkpt lat="22.4576" lon="120.45365"/>
    <trkpt lat="22.45757" lon="120.45365"/>
    <trkpt lat="22.45752" lon="120.45364"/>
    <trkpt lat="22.45747" lon="120.45363"/>
    <trkpt lat="22.45745" lon="120.45363"/>
    <trkpt lat="22.45743" lon="120.45363"/>
    <trkpt lat="22.4574" lon="120.45363"/>
    <trkpt lat="22.45737" lon="120.45363"/>
    <trkpt lat="22.45733" lon="120.45363"/>
    <trkpt lat="22.45727" lon="120.45364"/>
    <trkpt lat="22.45703" lon="120.45369"/>
    <trkpt lat="22.45685" lon="120.45372"/>
    <trkpt lat="22.45676" lon="120.45371"/>
    <trkpt lat="22.45667" lon="120.45373"/>
    <trkpt lat="22.45661" lon="120.45375"/>
    <trkpt lat="22.45656" lon="120.45379"/>
    <trkpt lat="22.45652" lon="120.45386"/>
    <trkpt lat="22.45636" lon="120.45376"/>
    <trkpt lat="22.45623" lon="120.45367"/>
    <trkpt lat="22.45576" lon="120.45336"/>
    <trkpt lat="22.45534" lon="120.45314"/>
    <trkpt lat="22.45527" lon="120.4531"/>
    <trkpt lat="22.455" lon="120.45297"/>
    <trkpt lat="22.45444" lon="120.45273"/>
    <trkpt lat="22.45427" lon="120.45266"/>
    <trkpt lat="22.45401" lon="120.45258"/>
    <trkpt lat="22.4537" lon="120.45248"/>
    <trkpt lat="22.45348" lon="120.45242"/>
    <trkpt lat="22.45329" lon="120.45237"/>
    <trkpt lat="22.4528" lon="120.45227"/>
    <trkpt lat="22.45253" lon="120.45223"/>
    <trkpt lat="22.45227" lon="120.45222"/>
    <trkpt lat="22.45205" lon="120.45222"/>
    <trkpt lat="22.45185" lon="120.45225"/>
    <trkpt lat="22.45173" lon="120.45228"/>
    <trkpt lat="22.45171" lon="120.45229"/>
    <trkpt lat="22.45156" lon="120.45234"/>
    <trkpt lat="22.4514" lon="120.45241"/>
    <trkpt lat="22.45136" lon="120.45243"/>
    <trkpt lat="22.45124" lon="120.4525"/>
    <trkpt lat="22.45115" lon="120.45256"/>
    <trkpt lat="22.45108" lon="120.4526"/>
    <trkpt lat="22.45105" lon="120.45263"/>
    <trkpt lat="22.45094" lon="120.45272"/>
    <trkpt lat="22.4509" lon="120.45275"/>
    <trkpt lat="22.4508" lon="120.45284"/>
    <trkpt lat="22.45077" lon="120.45286"/>
    <trkpt lat="22.45051" lon="120.45315"/>
    <trkpt lat="22.45046" lon="120.45319"/>
    <trkpt lat="22.45042" lon="120.45324"/>
    <trkpt lat="22.45033" lon="120.45333"/>
    <trkpt lat="22.4502" lon="120.45347"/>
    <trkpt lat="22.45019" lon="120.45348"/>
    <trkpt lat="22.44994" lon="120.45374"/>
    <trkpt lat="22.44989" lon="120.4538"/>
    <trkpt lat="22.44983" lon="120.45385"/>
    <trkpt lat="22.44978" lon="120.4539"/>
    <trkpt lat="22.44965" lon="120.45403"/>
    <trkpt lat="22.44952" lon="120.45417"/>
    <trkpt lat="22.44947" lon="120.45423"/>
    <trkpt lat="22.44942" lon="120.45428"/>
    <trkpt lat="22.44928" lon="120.45443"/>
    <trkpt lat="22.44893" lon="120.4548"/>
    <trkpt lat="22.44892" lon="120.45481"/>
    <trkpt lat="22.44863" lon="120.4551"/>
    <trkpt lat="22.44858" lon="120.45515"/>
    <trkpt lat="22.44854" lon="120.4552"/>
    <trkpt lat="22.44847" lon="120.45527"/>
    <trkpt lat="22.4484" lon="120.45535"/>
    <trkpt lat="22.44827" lon="120.45548"/>
    <trkpt lat="22.44814" lon="120.45562"/>
    <trkpt lat="22.44801" lon="120.45575"/>
    <trkpt lat="22.44788" lon="120.45589"/>
    <trkpt lat="22.44775" lon="120.45603"/>
    <trkpt lat="22.44767" lon="120.45611"/>
    <trkpt lat="22.44763" lon="120.45616"/>
    <trkpt lat="22.4475" lon="120.4563"/>
    <trkpt lat="22.44739" lon="120.45642"/>
    <trkpt lat="22.44737" lon="120.45644"/>
    <trkpt lat="22.44724" lon="120.45658"/>
    <trkpt lat="22.44712" lon="120.45672"/>
    <trkpt lat="22.44699" lon="120.45685"/>
    <trkpt lat="22.44693" lon="120.45692"/>
    <trkpt lat="22.44687" lon="120.457"/>
    <trkpt lat="22.44675" lon="120.45714"/>
    <trkpt lat="22.44673" lon="120.45717"/>
    <trkpt lat="22.44652" lon="120.45744"/>
    <trkpt lat="22.4464" lon="120.45759"/>
    <trkpt lat="22.4463" lon="120.45773"/>
    <trkpt lat="22.44629" lon="120.45774"/>
    <trkpt lat="22.446" lon="120.45816"/>
    <trkpt lat="22.44566" lon="120.45869"/>
    <trkpt lat="22.44561" lon="120.45877"/>
    <trkpt lat="22.44534" lon="120.45926"/>
    <trkpt lat="22.44523" lon="120.45947"/>
    <trkpt lat="22.44495" lon="120.46001"/>
    <trkpt lat="22.44435" lon="120.46125"/>
    <trkpt lat="22.44414" lon="120.46172"/>
    <trkpt lat="22.44387" lon="120.46227"/>
    <trkpt lat="22.44368" lon="120.46265"/>
    <trkpt lat="22.44361" lon="120.4628"/>
    <trkpt lat="22.44336" lon="120.46333"/>
    <trkpt lat="22.44326" lon="120.46356"/>
    <trkpt lat="22.44321" lon="120.46368"/>
    <trkpt lat="22.44317" lon="120.46379"/>
    <trkpt lat="22.4428" lon="120.46461"/>
    <trkpt lat="22.44275" lon="120.46473"/>
    <trkpt lat="22.44264" lon="120.46495"/>
    <trkpt lat="22.44238" lon="120.46549"/>
    <trkpt lat="22.44236" lon="120.46553"/>
    <trkpt lat="22.44207" lon="120.46611"/>
    <trkpt lat="22.44183" lon="120.46661"/>
    <trkpt lat="22.44158" lon="120.46717"/>
    <trkpt lat="22.44118" lon="120.46807"/>
    <trkpt lat="22.44115" lon="120.46816"/>
    <trkpt lat="22.44107" lon="120.46832"/>
    <trkpt lat="22.44101" lon="120.46844"/>
    <trkpt lat="22.44097" lon="120.46852"/>
    <trkpt lat="22.44089" lon="120.4687"/>
    <trkpt lat="22.4408" lon="120.46885"/>
    <trkpt lat="22.44072" lon="120.46901"/>
    <trkpt lat="22.44056" lon="120.46928"/>
    <trkpt lat="22.44052" lon="120.46934"/>
    <trkpt lat="22.44049" lon="120.46942"/>
    <trkpt lat="22.44032" lon="120.46973"/>
    <trkpt lat="22.44023" lon="120.46988"/>
    <trkpt lat="22.44008" lon="120.47014"/>
    <trkpt lat="22.44006" lon="120.47017"/>
    <trkpt lat="22.43978" lon="120.4707"/>
    <trkpt lat="22.43958" lon="120.47114"/>
    <trkpt lat="22.43953" lon="120.47123"/>
    <trkpt lat="22.43947" lon="120.47134"/>
    <trkpt lat="22.43943" lon="120.47141"/>
    <trkpt lat="22.43937" lon="120.47152"/>
    <trkpt lat="22.43884" lon="120.47234"/>
    <trkpt lat="22.43864" lon="120.47268"/>
    <trkpt lat="22.43863" lon="120.4727"/>
    <trkpt lat="22.4382" lon="120.47345"/>
    <trkpt lat="22.43804" lon="120.47376"/>
    <trkpt lat="22.43778" lon="120.47432"/>
    <trkpt lat="22.43756" lon="120.47473"/>
    <trkpt lat="22.43739" lon="120.47506"/>
    <trkpt lat="22.43641" lon="120.47675"/>
    <trkpt lat="22.43631" lon="120.47693"/>
    <trkpt lat="22.43568" lon="120.47814"/>
    <trkpt lat="22.43549" lon="120.47848"/>
    <trkpt lat="22.43496" lon="120.47937"/>
    <trkpt lat="22.43476" lon="120.47976"/>
    <trkpt lat="22.43462" lon="120.48006"/>
    <trkpt lat="22.43461" lon="120.48008"/>
    <trkpt lat="22.43441" lon="120.48052"/>
    <trkpt lat="22.43432" lon="120.48074"/>
    <trkpt lat="22.43425" lon="120.48092"/>
    <trkpt lat="22.43391" lon="120.48172"/>
    <trkpt lat="22.43327" lon="120.48306"/>
    <trkpt lat="22.43265" lon="120.48442"/>
    <trkpt lat="22.43249" lon="120.48476"/>
    <trkpt lat="22.4319" lon="120.48594"/>
    <trkpt lat="22.43173" lon="120.4863"/>
    <trkpt lat="22.4316" lon="120.48659"/>
    <trkpt lat="22.43153" lon="120.48679"/>
    <trkpt lat="22.43148" lon="120.48701"/>
    <trkpt lat="22.43146" lon="120.48735"/>
    <trkpt lat="22.43145" lon="120.48748"/>
    <trkpt lat="22.43146" lon="120.4877"/>
    <trkpt lat="22.43152" lon="120.48795"/>
    <trkpt lat="22.43155" lon="120.48806"/>
    <trkpt lat="22.43164" lon="120.48829"/>
    <trkpt lat="22.4317" lon="120.48842"/>
    <trkpt lat="22.43179" lon="120.48854"/>
    <trkpt lat="22.43194" lon="120.48873"/>
    <trkpt lat="22.432" lon="120.48881"/>
    <trkpt lat="22.43208" lon="120.48887"/>
    <trkpt lat="22.43214" lon="120.48892"/>
    <trkpt lat="22.43222" lon="120.48898"/>
    <trkpt lat="22.43229" lon="120.48901"/>
    <trkpt lat="22.43244" lon="120.48909"/>
    <trkpt lat="22.4326" lon="120.48916"/>
    <trkpt lat="22.43271" lon="120.4892"/>
    <trkpt lat="22.43284" lon="120.48924"/>
    <trkpt lat="22.43305" lon="120.48927"/>
    <trkpt lat="22.4332" lon="120.48928"/>
    <trkpt lat="22.43321" lon="120.48944"/>
    <trkpt lat="22.43318" lon="120.48961"/>
    <trkpt lat="22.43314" lon="120.48979"/>
    <trkpt lat="22.4331" lon="120.48999"/>
    <trkpt lat="22.43309" lon="120.49013"/>
    <trkpt lat="22.43309" lon="120.49027"/>
    <trkpt lat="22.43305" lon="120.49043"/>
    <trkpt lat="22.43298" lon="120.49058"/>
    <trkpt lat="22.43287" lon="120.49078"/>
    <trkpt lat="22.43274" lon="120.49098"/>
    <trkpt lat="22.43258" lon="120.49124"/>
    <trkpt lat="22.43251" lon="120.49136"/>
    <trkpt lat="22.43248" lon="120.49145"/>
    <trkpt lat="22.43245" lon="120.4915"/>
    <trkpt lat="22.43241" lon="120.49155"/>
    <trkpt lat="22.43238" lon="120.49157"/>
    <trkpt lat="22.43234" lon="120.4916"/>
    <trkpt lat="22.43232" lon="120.49161"/>
    <trkpt lat="22.43229" lon="120.49162"/>
    <trkpt lat="22.43226" lon="120.49164"/>
    <trkpt lat="22.43223" lon="120.49165"/>
    <trkpt lat="22.43219" lon="120.49164"/>
    <trkpt lat="22.43211" lon="120.49164"/>
    <trkpt lat="22.43199" lon="120.49159"/>
    <trkpt lat="22.43183" lon="120.4915"/>
    <trkpt lat="22.43177" lon="120.49146"/>
    <trkpt lat="22.43167" lon="120.49138"/>
    <trkpt lat="22.43161" lon="120.49131"/>
    <trkpt lat="22.43156" lon="120.49124"/>
    <trkpt lat="22.43152" lon="120.49121"/>
    <trkpt lat="22.43148" lon="120.49118"/>
    <trkpt lat="22.43135" lon="120.49115"/>
    <trkpt lat="22.43114" lon="120.49107"/>
    <trkpt lat="22.43091" lon="120.49095"/>
    <trkpt lat="22.43068" lon="120.49084"/>
    <trkpt lat="22.43052" lon="120.49077"/>
    <trkpt lat="22.43037" lon="120.49071"/>
    <trkpt lat="22.43026" lon="120.49068"/>
    <trkpt lat="22.4302" lon="120.49067"/>
    <trkpt lat="22.43013" lon="120.49065"/>
    <trkpt lat="22.43031" lon="120.49082"/>
    <trkpt lat="22.43041" lon="120.49094"/>
    <trkpt lat="22.43069" lon="120.49136"/>
    <trkpt lat="22.43096" lon="120.49179"/>
    <trkpt lat="22.43113" lon="120.49212"/>
    <trkpt lat="22.43125" lon="120.4924"/>
    <trkpt lat="22.43132" lon="120.49265"/>
    <trkpt lat="22.43136" lon="120.49283"/>
    <trkpt lat="22.43137" lon="120.49299"/>
    <trkpt lat="22.43175" lon="120.49673"/>
    <trkpt lat="22.4318" lon="120.49707"/>
    <trkpt lat="22.43192" lon="120.49791"/>
    <trkpt lat="22.43195" lon="120.49819"/>
    <trkpt lat="22.43197" lon="120.49857"/>
    <trkpt lat="22.43193" lon="120.49911"/>
    <trkpt lat="22.43186" lon="120.50034"/>
    <trkpt lat="22.4317" lon="120.5019"/>
    <trkpt lat="22.43167" lon="120.50212"/>
    <trkpt lat="22.43166" lon="120.5025"/>
    <trkpt lat="22.43167" lon="120.50274"/>
    <trkpt lat="22.43167" lon="120.50307"/>
    <trkpt lat="22.43165" lon="120.50339"/>
    <trkpt lat="22.43156" lon="120.5039"/>
    <trkpt lat="22.43153" lon="120.50414"/>
    <trkpt lat="22.43151" lon="120.50431"/>
    <trkpt lat="22.43146" lon="120.50466"/>
    <trkpt lat="22.43142" lon="120.50494"/>
    <trkpt lat="22.43142" lon="120.50503"/>
    <trkpt lat="22.43141" lon="120.50517"/>
    <trkpt lat="22.4314" lon="120.5055"/>
    <trkpt lat="22.43142" lon="120.5058"/>
    <trkpt lat="22.43145" lon="120.50612"/>
    <trkpt lat="22.43147" lon="120.50629"/>
    <trkpt lat="22.43149" lon="120.50647"/>
    <trkpt lat="22.43151" lon="120.50664"/>
    <trkpt lat="22.43156" lon="120.50683"/>
    <trkpt lat="22.43157" lon="120.50688"/>
    <trkpt lat="22.43183" lon="120.5073"/>
    <trkpt lat="22.432" lon="120.5076"/>
    <trkpt lat="22.43212" lon="120.50782"/>
    <trkpt lat="22.43214" lon="120.5079"/>
    <trkpt lat="22.43219" lon="120.50805"/>
    <trkpt lat="22.43221" lon="120.50813"/>
    <trkpt lat="22.43266" lon="120.50932"/>
    <trkpt lat="22.43269" lon="120.50939"/>
    <trkpt lat="22.43294" lon="120.51004"/>
    <trkpt lat="22.433" lon="120.5102"/>
    <trkpt lat="22.43317" lon="120.51063"/>
    <trkpt lat="22.43334" lon="120.51106"/>
    <trkpt lat="22.43354" lon="120.5116"/>
    <trkpt lat="22.43358" lon="120.51171"/>
    <trkpt lat="22.4336" lon="120.51176"/>
    <trkpt lat="22.43399" lon="120.51284"/>
    <trkpt lat="22.43401" lon="120.51289"/>
    <trkpt lat="22.43421" lon="120.51346"/>
    <trkpt lat="22.43422" lon="120.51349"/>
    <trkpt lat="22.43447" lon="120.51417"/>
    <trkpt lat="22.43456" lon="120.51442"/>
    <trkpt lat="22.43459" lon="120.51451"/>
    <trkpt lat="22.43466" lon="120.51471"/>
    <trkpt lat="22.43447" lon="120.51486"/>
    <trkpt lat="22.43435" lon="120.51498"/>
    <trkpt lat="22.43408" lon="120.51528"/>
    <trkpt lat="22.43394" lon="120.51547"/>
    <trkpt lat="22.43381" lon="120.51575"/>
    <trkpt lat="22.43341" lon="120.51638"/>
    <trkpt lat="22.43328" lon="120.51659"/>
    <trkpt lat="22.4331" lon="120.51686"/>
    <trkpt lat="22.43299" lon="120.51702"/>
    <trkpt lat="22.43289" lon="120.51718"/>
    <trkpt lat="22.43265" lon="120.51753"/>
    <trkpt lat="22.43262" lon="120.51757"/>
    <trkpt lat="22.43252" lon="120.51778"/>
    <trkpt lat="22.43247" lon="120.51792"/>
    <trkpt lat="22.43237" lon="120.51821"/>
    <trkpt lat="22.43231" lon="120.51843"/>
    <trkpt lat="22.43229" lon="120.51856"/>
    <trkpt lat="22.43219" lon="120.51902"/>
    <trkpt lat="22.43208" lon="120.51949"/>
    <trkpt lat="22.43198" lon="120.51989"/>
    <trkpt lat="22.43167" lon="120.52074"/>
    <trkpt lat="22.43153" lon="120.5211"/>
    <trkpt lat="22.43146" lon="120.52128"/>
    <trkpt lat="22.43143" lon="120.52136"/>
    <trkpt lat="22.43097" lon="120.52257"/>
    <trkpt lat="22.4309" lon="120.52275"/>
    <trkpt lat="22.4304" lon="120.524"/>
    <trkpt lat="22.43033" lon="120.52418"/>
    <trkpt lat="22.42972" lon="120.52572"/>
    <trkpt lat="22.42961" lon="120.5259"/>
    <trkpt lat="22.42942" lon="120.52623"/>
    <trkpt lat="22.42939" lon="120.52626"/>
    <trkpt lat="22.42935" lon="120.52632"/>
    <trkpt lat="22.42929" lon="120.52642"/>
    <trkpt lat="22.42927" lon="120.52646"/>
    <trkpt lat="22.42909" lon="120.52672"/>
    <trkpt lat="22.42897" lon="120.52691"/>
    <trkpt lat="22.42873" lon="120.52727"/>
    <trkpt lat="22.42827" lon="120.52793"/>
    <trkpt lat="22.42807" lon="120.52819"/>
    <trkpt lat="22.4277" lon="120.52875"/>
    <trkpt lat="22.42749" lon="120.52908"/>
    <trkpt lat="22.4274" lon="120.52922"/>
    <trkpt lat="22.42643" lon="120.53067"/>
    <trkpt lat="22.4264" lon="120.53072"/>
    <trkpt lat="22.4261" lon="120.53121"/>
    <trkpt lat="22.42515" lon="120.53269"/>
    <trkpt lat="22.42506" lon="120.53285"/>
    <trkpt lat="22.42497" lon="120.53298"/>
    <trkpt lat="22.42486" lon="120.53315"/>
    <trkpt lat="22.42474" lon="120.53325"/>
    <trkpt lat="22.42348" lon="120.53519"/>
    <trkpt lat="22.42345" lon="120.53523"/>
    <trkpt lat="22.42219" lon="120.53717"/>
    <trkpt lat="22.42194" lon="120.53755"/>
    <trkpt lat="22.42089" lon="120.53919"/>
    <trkpt lat="22.42044" lon="120.53985"/>
    <trkpt lat="22.41962" lon="120.54108"/>
    <trkpt lat="22.41892" lon="120.54214"/>
    <trkpt lat="22.41848" lon="120.54282"/>
    <trkpt lat="22.41764" lon="120.54412"/>
    <trkpt lat="22.41762" lon="120.54415"/>
    <trkpt lat="22.41761" lon="120.54417"/>
    <trkpt lat="22.4176" lon="120.5442"/>
    <trkpt lat="22.41758" lon="120.54424"/>
    <trkpt lat="22.41756" lon="120.54429"/>
    <trkpt lat="22.41756" lon="120.54431"/>
    <trkpt lat="22.41757" lon="120.54437"/>
    <trkpt lat="22.41722" lon="120.54483"/>
    <trkpt lat="22.41713" lon="120.54498"/>
    <trkpt lat="22.41621" lon="120.54637"/>
    <trkpt lat="22.41589" lon="120.54685"/>
    <trkpt lat="22.41556" lon="120.54738"/>
    <trkpt lat="22.41544" lon="120.5476"/>
    <trkpt lat="22.41538" lon="120.54773"/>
    <trkpt lat="22.41533" lon="120.54786"/>
    <trkpt lat="22.41531" lon="120.5479"/>
    <trkpt lat="22.41525" lon="120.54809"/>
    <trkpt lat="22.41519" lon="120.54831"/>
    <trkpt lat="22.41516" lon="120.54844"/>
    <trkpt lat="22.41516" lon="120.54845"/>
    <trkpt lat="22.41505" lon="120.54911"/>
    <trkpt lat="22.41501" lon="120.5493"/>
    <trkpt lat="22.41498" lon="120.54948"/>
    <trkpt lat="22.41494" lon="120.54964"/>
    <trkpt lat="22.41493" lon="120.5497"/>
    <trkpt lat="22.41491" lon="120.54979"/>
    <trkpt lat="22.41487" lon="120.54993"/>
    <trkpt lat="22.41464" lon="120.55056"/>
    <trkpt lat="22.41426" lon="120.55167"/>
    <trkpt lat="22.41422" lon="120.55171"/>
    <trkpt lat="22.41421" lon="120.55172"/>
    <trkpt lat="22.4142" lon="120.55173"/>
    <trkpt lat="22.41419" lon="120.55175"/>
    <trkpt lat="22.41418" lon="120.55178"/>
    <trkpt lat="22.41416" lon="120.55183"/>
    <trkpt lat="22.41398" lon="120.55234"/>
    <trkpt lat="22.41378" lon="120.55287"/>
    <trkpt lat="22.41377" lon="120.5529"/>
    <trkpt lat="22.41372" lon="120.55303"/>
    <trkpt lat="22.41335" lon="120.55398"/>
    <trkpt lat="22.41322" lon="120.55431"/>
    <trkpt lat="22.41293" lon="120.55509"/>
    <trkpt lat="22.41282" lon="120.55539"/>
    <trkpt lat="22.41267" lon="120.55578"/>
    <trkpt lat="22.41241" lon="120.55651"/>
    <trkpt lat="22.41215" lon="120.55724"/>
    <trkpt lat="22.41158" lon="120.55872"/>
    <trkpt lat="22.41127" lon="120.5597"/>
    <trkpt lat="22.41108" lon="120.56032"/>
    <trkpt lat="22.41085" lon="120.56106"/>
    <trkpt lat="22.41067" lon="120.56161"/>
    <trkpt lat="22.41054" lon="120.56202"/>
    <trkpt lat="22.41045" lon="120.56229"/>
    <trkpt lat="22.41037" lon="120.5625"/>
    <trkpt lat="22.41031" lon="120.56266"/>
    <trkpt lat="22.41027" lon="120.56274"/>
    <trkpt lat="22.41022" lon="120.56283"/>
    <trkpt lat="22.41012" lon="120.56307"/>
    <trkpt lat="22.40977" lon="120.56368"/>
    <trkpt lat="22.40939" lon="120.56429"/>
    <trkpt lat="22.40915" lon="120.56469"/>
    <trkpt lat="22.4091" lon="120.56477"/>
    <trkpt lat="22.40849" lon="120.56578"/>
    <trkpt lat="22.40737" lon="120.56764"/>
    <trkpt lat="22.40688" lon="120.56845"/>
    <trkpt lat="22.40686" lon="120.56848"/>
    <trkpt lat="22.40682" lon="120.56854"/>
    <trkpt lat="22.40678" lon="120.56863"/>
    <trkpt lat="22.40634" lon="120.56933"/>
    <trkpt lat="22.40597" lon="120.56995"/>
    <trkpt lat="22.40577" lon="120.57029"/>
    <trkpt lat="22.40564" lon="120.57053"/>
    <trkpt lat="22.40552" lon="120.57076"/>
    <trkpt lat="22.40541" lon="120.57098"/>
    <trkpt lat="22.40535" lon="120.57109"/>
    <trkpt lat="22.40529" lon="120.57122"/>
    <trkpt lat="22.40523" lon="120.57135"/>
    <trkpt lat="22.40519" lon="120.5715"/>
    <trkpt lat="22.40516" lon="120.57159"/>
    <trkpt lat="22.40512" lon="120.57172"/>
    <trkpt lat="22.40508" lon="120.57184"/>
    <trkpt lat="22.40505" lon="120.57196"/>
    <trkpt lat="22.40479" lon="120.57314"/>
    <trkpt lat="22.40476" lon="120.57335"/>
    <trkpt lat="22.40474" lon="120.57361"/>
    <trkpt lat="22.40472" lon="120.5741"/>
    <trkpt lat="22.40472" lon="120.57471"/>
    <trkpt lat="22.40472" lon="120.57491"/>
    <trkpt lat="22.40472" lon="120.57504"/>
    <trkpt lat="22.40473" lon="120.57538"/>
    <trkpt lat="22.40474" lon="120.57583"/>
    <trkpt lat="22.40473" lon="120.57623"/>
    <trkpt lat="22.40475" lon="120.57652"/>
    <trkpt lat="22.40475" lon="120.57663"/>
    <trkpt lat="22.40475" lon="120.57703"/>
    <trkpt lat="22.40475" lon="120.57743"/>
    <trkpt lat="22.40475" lon="120.57766"/>
    <trkpt lat="22.40476" lon="120.57783"/>
    <trkpt lat="22.40476" lon="120.57822"/>
    <trkpt lat="22.40475" lon="120.57863"/>
    <trkpt lat="22.40475" lon="120.579"/>
    <trkpt lat="22.40464" lon="120.57904"/>
    <trkpt lat="22.40451" lon="120.57904"/>
    <trkpt lat="22.40464" lon="120.57904"/>
    <trkpt lat="22.40475" lon="120.57907"/>
    <trkpt lat="22.40473" lon="120.57987"/>
    <trkpt lat="22.40468" lon="120.58026"/>
    <trkpt lat="22.40465" lon="120.58054"/>
    <trkpt lat="22.40463" lon="120.58067"/>
    <trkpt lat="22.40462" lon="120.58071"/>
    <trkpt lat="22.40456" lon="120.581"/>
    <trkpt lat="22.40454" lon="120.58105"/>
    <trkpt lat="22.40445" lon="120.58136"/>
    <trkpt lat="22.40437" lon="120.58154"/>
    <trkpt lat="22.40431" lon="120.58172"/>
    <trkpt lat="22.40416" lon="120.58202"/>
    <trkpt lat="22.40408" lon="120.58219"/>
    <trkpt lat="22.4039" lon="120.58247"/>
    <trkpt lat="22.4038" lon="120.58261"/>
    <trkpt lat="22.40357" lon="120.58289"/>
    <trkpt lat="22.40333" lon="120.58315"/>
    <trkpt lat="22.40297" lon="120.58347"/>
    <trkpt lat="22.40221" lon="120.58397"/>
    <trkpt lat="22.40088" lon="120.58485"/>
    <trkpt lat="22.40072" lon="120.58497"/>
    <trkpt lat="22.39985" lon="120.58551"/>
    <trkpt lat="22.39974" lon="120.58557"/>
    <trkpt lat="22.39848" lon="120.58637"/>
    <trkpt lat="22.39784" lon="120.58678"/>
    <trkpt lat="22.39736" lon="120.58709"/>
    <trkpt lat="22.39615" lon="120.58788"/>
    <trkpt lat="22.39478" lon="120.58875"/>
    <trkpt lat="22.39466" lon="120.58884"/>
    <trkpt lat="22.39443" lon="120.589"/>
    <trkpt lat="22.39412" lon="120.5892"/>
    <trkpt lat="22.39205" lon="120.59051"/>
    <trkpt lat="22.39196" lon="120.59057"/>
    <trkpt lat="22.39054" lon="120.59148"/>
    <trkpt lat="22.3899" lon="120.59191"/>
    <trkpt lat="22.38966" lon="120.59208"/>
    <trkpt lat="22.38917" lon="120.59244"/>
    <trkpt lat="22.38823" lon="120.59317"/>
    <trkpt lat="22.38774" lon="120.59354"/>
    <trkpt lat="22.38769" lon="120.59358"/>
    <trkpt lat="22.38762" lon="120.59364"/>
    <trkpt lat="22.38757" lon="120.59369"/>
    <trkpt lat="22.38751" lon="120.59375"/>
    <trkpt lat="22.38746" lon="120.5938"/>
    <trkpt lat="22.38741" lon="120.59386"/>
    <trkpt lat="22.38687" lon="120.59416"/>
    <trkpt lat="22.38648" lon="120.59434"/>
    <trkpt lat="22.38589" lon="120.59461"/>
    <trkpt lat="22.38519" lon="120.5949"/>
    <trkpt lat="22.38491" lon="120.59502"/>
    <trkpt lat="22.38488" lon="120.59503"/>
    <trkpt lat="22.38479" lon="120.59507"/>
    <trkpt lat="22.38411" lon="120.59535"/>
    <trkpt lat="22.38394" lon="120.59542"/>
    <trkpt lat="22.38347" lon="120.59561"/>
    <trkpt lat="22.38331" lon="120.59568"/>
    <trkpt lat="22.38316" lon="120.59573"/>
    <trkpt lat="22.38261" lon="120.59597"/>
    <trkpt lat="22.38143" lon="120.59645"/>
    <trkpt lat="22.38053" lon="120.59684"/>
    <trkpt lat="22.38004" lon="120.59704"/>
    <trkpt lat="22.37906" lon="120.59743"/>
    <trkpt lat="22.37894" lon="120.59749"/>
    <trkpt lat="22.37879" lon="120.59756"/>
    <trkpt lat="22.37831" lon="120.59787"/>
    <trkpt lat="22.37825" lon="120.59792"/>
    <trkpt lat="22.37773" lon="120.5984"/>
    <trkpt lat="22.37757" lon="120.59855"/>
    <trkpt lat="22.3769" lon="120.59921"/>
    <trkpt lat="22.37614" lon="120.59994"/>
    <trkpt lat="22.37598" lon="120.60008"/>
    <trkpt lat="22.37477" lon="120.60124"/>
    <trkpt lat="22.3746" lon="120.6014"/>
    <trkpt lat="22.37426" lon="120.60173"/>
    <trkpt lat="22.37234" lon="120.60349"/>
    <trkpt lat="22.37224" lon="120.60358"/>
    <trkpt lat="22.37219" lon="120.60363"/>
    <trkpt lat="22.37197" lon="120.60385"/>
    <trkpt lat="22.37188" lon="120.60394"/>
    <trkpt lat="22.37174" lon="120.60407"/>
    <trkpt lat="22.37049" lon="120.60527"/>
    <trkpt lat="22.36935" lon="120.60642"/>
    <trkpt lat="22.36865" lon="120.60707"/>
    <trkpt lat="22.36858" lon="120.60714"/>
    <trkpt lat="22.36842" lon="120.60726"/>
    <trkpt lat="22.36814" lon="120.60746"/>
    <trkpt lat="22.36782" lon="120.60764"/>
    <trkpt lat="22.3676" lon="120.60773"/>
    <trkpt lat="22.36736" lon="120.60781"/>
    <trkpt lat="22.3672" lon="120.60784"/>
    <trkpt lat="22.36693" lon="120.60788"/>
    <trkpt lat="22.36306" lon="120.60797"/>
    <trkpt lat="22.36296" lon="120.60798"/>
    <trkpt lat="22.36242" lon="120.60799"/>
    <trkpt lat="22.36048" lon="120.608"/>
    <trkpt lat="22.36012" lon="120.608"/>
    <trkpt lat="22.35994" lon="120.60801"/>
    <trkpt lat="22.35986" lon="120.60801"/>
    <trkpt lat="22.35839" lon="120.60803"/>
    <trkpt lat="22.35826" lon="120.60803"/>
    <trkpt lat="22.35821" lon="120.60803"/>
    <trkpt lat="22.35814" lon="120.60803"/>
    <trkpt lat="22.35619" lon="120.60806"/>
    <trkpt lat="22.35372" lon="120.6081"/>
    <trkpt lat="22.35176" lon="120.60814"/>
    <trkpt lat="22.34997" lon="120.60817"/>
    <trkpt lat="22.34917" lon="120.60822"/>
    <trkpt lat="22.34902" lon="120.60823"/>
    <trkpt lat="22.34857" lon="120.60832"/>
    <trkpt lat="22.34837" lon="120.60839"/>
    <trkpt lat="22.34812" lon="120.60849"/>
    <trkpt lat="22.34794" lon="120.60858"/>
    <trkpt lat="22.34767" lon="120.60872"/>
    <trkpt lat="22.34706" lon="120.60914"/>
    <trkpt lat="22.34695" lon="120.60921"/>
    <trkpt lat="22.34663" lon="120.60941"/>
    <trkpt lat="22.34599" lon="120.60983"/>
    <trkpt lat="22.34543" lon="120.61015"/>
    <trkpt lat="22.34497" lon="120.61045"/>
    <trkpt lat="22.3437" lon="120.61126"/>
    <trkpt lat="22.34336" lon="120.61148"/>
    <trkpt lat="22.34308" lon="120.61166"/>
    <trkpt lat="22.34293" lon="120.61175"/>
    <trkpt lat="22.34138" lon="120.61274"/>
    <trkpt lat="22.34127" lon="120.61281"/>
    <trkpt lat="22.34066" lon="120.61315"/>
    <trkpt lat="22.34044" lon="120.61323"/>
    <trkpt lat="22.3402" lon="120.61329"/>
    <trkpt lat="22.3398" lon="120.6134"/>
    <trkpt lat="22.33921" lon="120.61356"/>
    <trkpt lat="22.33917" lon="120.61357"/>
    <trkpt lat="22.33865" lon="120.61373"/>
    <trkpt lat="22.33763" lon="120.61406"/>
    <trkpt lat="22.33751" lon="120.6141"/>
    <trkpt lat="22.33647" lon="120.61447"/>
    <trkpt lat="22.33582" lon="120.61468"/>
    <trkpt lat="22.33551" lon="120.61481"/>
    <trkpt lat="22.3352" lon="120.61496"/>
    <trkpt lat="22.33505" lon="120.61507"/>
    <trkpt lat="22.3348" lon="120.61526"/>
    <trkpt lat="22.3347" lon="120.61534"/>
    <trkpt lat="22.33461" lon="120.61543"/>
    <trkpt lat="22.33431" lon="120.61572"/>
    <trkpt lat="22.33413" lon="120.61588"/>
    <trkpt lat="22.3337" lon="120.61634"/>
    <trkpt lat="22.3333" lon="120.61675"/>
    <trkpt lat="22.33275" lon="120.61731"/>
    <trkpt lat="22.33268" lon="120.61738"/>
    <trkpt lat="22.33174" lon="120.61831"/>
    <trkpt lat="22.33081" lon="120.61932"/>
    <trkpt lat="22.3305" lon="120.61968"/>
    <trkpt lat="22.33025" lon="120.61997"/>
    <trkpt lat="22.3302" lon="120.62002"/>
    <trkpt lat="22.33017" lon="120.62006"/>
    <trkpt lat="22.32984" lon="120.62041"/>
    <trkpt lat="22.32974" lon="120.62052"/>
    <trkpt lat="22.32886" lon="120.62153"/>
    <trkpt lat="22.32882" lon="120.62157"/>
    <trkpt lat="22.32819" lon="120.62228"/>
    <trkpt lat="22.32778" lon="120.62274"/>
    <trkpt lat="22.32774" lon="120.62279"/>
    <trkpt lat="22.32774" lon="120.6228"/>
    <trkpt lat="22.32745" lon="120.62312"/>
    <trkpt lat="22.32696" lon="120.6237"/>
    <trkpt lat="22.32682" lon="120.62386"/>
    <trkpt lat="22.32664" lon="120.6241"/>
    <trkpt lat="22.32648" lon="120.62433"/>
    <trkpt lat="22.32628" lon="120.62463"/>
    <trkpt lat="22.32624" lon="120.62469"/>
    <trkpt lat="22.32618" lon="120.6248"/>
    <trkpt lat="22.32598" lon="120.62512"/>
    <trkpt lat="22.32557" lon="120.62574"/>
    <trkpt lat="22.32532" lon="120.62611"/>
    <trkpt lat="22.32529" lon="120.62616"/>
    <trkpt lat="22.3248" lon="120.62691"/>
    <trkpt lat="22.32465" lon="120.62715"/>
    <trkpt lat="22.3245" lon="120.62738"/>
    <trkpt lat="22.3239" lon="120.62831"/>
    <trkpt lat="22.32367" lon="120.62865"/>
    <trkpt lat="22.3235" lon="120.6289"/>
    <trkpt lat="22.32334" lon="120.62909"/>
    <trkpt lat="22.32323" lon="120.62923"/>
    <trkpt lat="22.32309" lon="120.62938"/>
    <trkpt lat="22.32271" lon="120.62977"/>
    <trkpt lat="22.32254" lon="120.62993"/>
    <trkpt lat="22.32242" lon="120.63003"/>
    <trkpt lat="22.32228" lon="120.63015"/>
    <trkpt lat="22.32224" lon="120.63019"/>
    <trkpt lat="22.32193" lon="120.63041"/>
    <trkpt lat="22.32164" lon="120.63064"/>
    <trkpt lat="22.32158" lon="120.63068"/>
    <trkpt lat="22.32149" lon="120.63075"/>
    <trkpt lat="22.32074" lon="120.63133"/>
    <trkpt lat="22.32061" lon="120.63143"/>
    <trkpt lat="22.32054" lon="120.63149"/>
    <trkpt lat="22.32017" lon="120.63177"/>
    <trkpt lat="22.3194" lon="120.63238"/>
    <trkpt lat="22.31937" lon="120.6324"/>
    <trkpt lat="22.31873" lon="120.63287"/>
    <trkpt lat="22.31827" lon="120.63322"/>
    <trkpt lat="22.31775" lon="120.63362"/>
    <trkpt lat="22.31722" lon="120.63402"/>
    <trkpt lat="22.31696" lon="120.63422"/>
    <trkpt lat="22.31684" lon="120.6343"/>
    <trkpt lat="22.31659" lon="120.63452"/>
    <trkpt lat="22.31587" lon="120.63514"/>
    <trkpt lat="22.31543" lon="120.63552"/>
    <trkpt lat="22.31531" lon="120.63562"/>
    <trkpt lat="22.31465" lon="120.63621"/>
    <trkpt lat="22.31408" lon="120.63673"/>
    <trkpt lat="22.31308" lon="120.6376"/>
    <trkpt lat="22.31295" lon="120.63771"/>
    <trkpt lat="22.31258" lon="120.63804"/>
    <trkpt lat="22.31197" lon="120.63858"/>
    <trkpt lat="22.31162" lon="120.63893"/>
    <trkpt lat="22.31129" lon="120.63929"/>
    <trkpt lat="22.31126" lon="120.63933"/>
    <trkpt lat="22.31114" lon="120.63946"/>
    <trkpt lat="22.31111" lon="120.63949"/>
    <trkpt lat="22.31097" lon="120.63965"/>
    <trkpt lat="22.31082" lon="120.63977"/>
    <trkpt lat="22.31061" lon="120.63995"/>
    <trkpt lat="22.3104" lon="120.64008"/>
    <trkpt lat="22.31037" lon="120.6401"/>
    <trkpt lat="22.30973" lon="120.64053"/>
    <trkpt lat="22.30963" lon="120.6406"/>
    <trkpt lat="22.30937" lon="120.64078"/>
    <trkpt lat="22.30932" lon="120.64081"/>
    <trkpt lat="22.3093" lon="120.64082"/>
    <trkpt lat="22.309" lon="120.64102"/>
    <trkpt lat="22.30871" lon="120.64122"/>
    <trkpt lat="22.30842" lon="120.64141"/>
    <trkpt lat="22.30824" lon="120.64152"/>
    <trkpt lat="22.3079" lon="120.64175"/>
    <trkpt lat="22.30781" lon="120.64179"/>
    <trkpt lat="22.30773" lon="120.64184"/>
    <trkpt lat="22.30753" lon="120.64194"/>
    <trkpt lat="22.30731" lon="120.64203"/>
    <trkpt lat="22.30719" lon="120.64206"/>
    <trkpt lat="22.30707" lon="120.6421"/>
    <trkpt lat="22.30706" lon="120.6421"/>
    <trkpt lat="22.30701" lon="120.64211"/>
    <trkpt lat="22.30687" lon="120.64215"/>
    <trkpt lat="22.30661" lon="120.64218"/>
    <trkpt lat="22.30618" lon="120.6422"/>
    <trkpt lat="22.30581" lon="120.64219"/>
    <trkpt lat="22.30538" lon="120.64223"/>
    <trkpt lat="22.3052" lon="120.64226"/>
    <trkpt lat="22.30502" lon="120.6423"/>
    <trkpt lat="22.30489" lon="120.64233"/>
    <trkpt lat="22.3046" lon="120.64243"/>
    <trkpt lat="22.30447" lon="120.64248"/>
    <trkpt lat="22.30399" lon="120.64267"/>
    <trkpt lat="22.30337" lon="120.64291"/>
    <trkpt lat="22.30312" lon="120.64301"/>
    <trkpt lat="22.30277" lon="120.64316"/>
    <trkpt lat="22.3024" lon="120.64328"/>
    <trkpt lat="22.30199" lon="120.64338"/>
    <trkpt lat="22.3016" lon="120.64346"/>
    <trkpt lat="22.30055" lon="120.64363"/>
    <trkpt lat="22.30013" lon="120.6437"/>
    <trkpt lat="22.29956" lon="120.6438"/>
    <trkpt lat="22.29944" lon="120.64382"/>
    <trkpt lat="22.29887" lon="120.64389"/>
    <trkpt lat="22.29836" lon="120.64394"/>
    <trkpt lat="22.29799" lon="120.64397"/>
    <trkpt lat="22.29654" lon="120.64409"/>
    <trkpt lat="22.29591" lon="120.64415"/>
    <trkpt lat="22.29556" lon="120.64417"/>
    <trkpt lat="22.2955" lon="120.64418"/>
    <trkpt lat="22.29527" lon="120.64418"/>
    <trkpt lat="22.29505" lon="120.64417"/>
    <trkpt lat="22.29485" lon="120.64416"/>
    <trkpt lat="22.29485" lon="120.64391"/>
    <trkpt lat="22.29465" lon="120.64391"/>
    <trkpt lat="22.29418" lon="120.64391"/>
    <trkpt lat="22.29413" lon="120.64391"/>
    <trkpt lat="22.29396" lon="120.6439"/>
    <trkpt lat="22.29383" lon="120.6439"/>
    <trkpt lat="22.29369" lon="120.64389"/>
    <trkpt lat="22.29364" lon="120.64389"/>
    <trkpt lat="22.29363" lon="120.6439"/>
    <trkpt lat="22.2936" lon="120.64392"/>
    <trkpt lat="22.2935" lon="120.64402"/>
    <trkpt lat="22.29207" lon="120.64387"/>
    <trkpt lat="22.29158" lon="120.64385"/>
    <trkpt lat="22.29126" lon="120.64388"/>
    <trkpt lat="22.29116" lon="120.6439"/>
    <trkpt lat="22.29101" lon="120.64393"/>
    <trkpt lat="22.29089" lon="120.64395"/>
    <trkpt lat="22.29086" lon="120.64396"/>
    <trkpt lat="22.29072" lon="120.644"/>
    <trkpt lat="22.28933" lon="120.64439"/>
    <trkpt lat="22.28842" lon="120.64467"/>
    <trkpt lat="22.28742" lon="120.645"/>
    <trkpt lat="22.28735" lon="120.64503"/>
    <trkpt lat="22.28668" lon="120.64526"/>
    <trkpt lat="22.28628" lon="120.64541"/>
    <trkpt lat="22.28607" lon="120.64548"/>
    <trkpt lat="22.2858" lon="120.64558"/>
    <trkpt lat="22.2856" lon="120.64567"/>
    <trkpt lat="22.28533" lon="120.6458"/>
    <trkpt lat="22.28533" lon="120.64581"/>
    <trkpt lat="22.28519" lon="120.64588"/>
    <trkpt lat="22.28499" lon="120.64602"/>
    <trkpt lat="22.28484" lon="120.64613"/>
    <trkpt lat="22.28472" lon="120.64622"/>
    <trkpt lat="22.2846" lon="120.64634"/>
    <trkpt lat="22.28445" lon="120.64646"/>
    <trkpt lat="22.28444" lon="120.64647"/>
    <trkpt lat="22.2842" lon="120.64665"/>
    <trkpt lat="22.28416" lon="120.64668"/>
    <trkpt lat="22.28406" lon="120.64675"/>
    <trkpt lat="22.28388" lon="120.64686"/>
    <trkpt lat="22.28369" lon="120.64696"/>
    <trkpt lat="22.28368" lon="120.64696"/>
    <trkpt lat="22.28357" lon="120.64702"/>
    <trkpt lat="22.28351" lon="120.64704"/>
    <trkpt lat="22.28335" lon="120.64711"/>
    <trkpt lat="22.2825" lon="120.64749"/>
    <trkpt lat="22.28228" lon="120.64758"/>
    <trkpt lat="22.27977" lon="120.64872"/>
    <trkpt lat="22.27967" lon="120.64876"/>
    <trkpt lat="22.2795" lon="120.64883"/>
    <trkpt lat="22.27936" lon="120.64888"/>
    <trkpt lat="22.27909" lon="120.64896"/>
    <trkpt lat="22.2788" lon="120.64903"/>
    <trkpt lat="22.27766" lon="120.64926"/>
    <trkpt lat="22.27727" lon="120.64934"/>
    <trkpt lat="22.27709" lon="120.64937"/>
    <trkpt lat="22.27612" lon="120.64949"/>
    <trkpt lat="22.27556" lon="120.64956"/>
    <trkpt lat="22.27536" lon="120.64961"/>
    <trkpt lat="22.27513" lon="120.64967"/>
    <trkpt lat="22.27419" lon="120.64998"/>
    <trkpt lat="22.27394" lon="120.65005"/>
    <trkpt lat="22.27354" lon="120.65018"/>
    <trkpt lat="22.27314" lon="120.65031"/>
    <trkpt lat="22.27275" lon="120.65042"/>
    <trkpt lat="22.27256" lon="120.6505"/>
    <trkpt lat="22.27246" lon="120.65054"/>
    <trkpt lat="22.27224" lon="120.65064"/>
    <trkpt lat="22.27202" lon="120.65077"/>
    <trkpt lat="22.27174" lon="120.65093"/>
    <trkpt lat="22.27139" lon="120.65113"/>
    <trkpt lat="22.27128" lon="120.6512"/>
    <trkpt lat="22.27119" lon="120.65125"/>
    <trkpt lat="22.27112" lon="120.6513"/>
    <trkpt lat="22.27104" lon="120.65135"/>
    <trkpt lat="22.27097" lon="120.65138"/>
    <trkpt lat="22.27052" lon="120.65164"/>
    <trkpt lat="22.27036" lon="120.65175"/>
    <trkpt lat="22.26998" lon="120.65197"/>
    <trkpt lat="22.26971" lon="120.65214"/>
    <trkpt lat="22.26935" lon="120.65237"/>
    <trkpt lat="22.26905" lon="120.65254"/>
    <trkpt lat="22.26876" lon="120.65266"/>
    <trkpt lat="22.26839" lon="120.65278"/>
    <trkpt lat="22.26768" lon="120.65292"/>
    <trkpt lat="22.26764" lon="120.65292"/>
    <trkpt lat="22.26749" lon="120.65295"/>
    <trkpt lat="22.2672" lon="120.65299"/>
    <trkpt lat="22.26715" lon="120.653"/>
    <trkpt lat="22.26666" lon="120.65304"/>
    <trkpt lat="22.26648" lon="120.65306"/>
    <trkpt lat="22.26605" lon="120.6531"/>
    <trkpt lat="22.26584" lon="120.65312"/>
    <trkpt lat="22.26533" lon="120.65316"/>
    <trkpt lat="22.26499" lon="120.65319"/>
    <trkpt lat="22.26498" lon="120.65319"/>
    <trkpt lat="22.2648" lon="120.6532"/>
    <trkpt lat="22.2647" lon="120.65321"/>
    <trkpt lat="22.26462" lon="120.65321"/>
    <trkpt lat="22.26436" lon="120.65321"/>
    <trkpt lat="22.26408" lon="120.6532"/>
    <trkpt lat="22.26399" lon="120.65319"/>
    <trkpt lat="22.2639" lon="120.65318"/>
    <trkpt lat="22.26351" lon="120.65314"/>
    <trkpt lat="22.26328" lon="120.65312"/>
    <trkpt lat="22.26254" lon="120.65304"/>
    <trkpt lat="22.26199" lon="120.65298"/>
    <trkpt lat="22.26135" lon="120.65291"/>
    <trkpt lat="22.26016" lon="120.65278"/>
    <trkpt lat="22.25985" lon="120.65275"/>
    <trkpt lat="22.25981" lon="120.65275"/>
    <trkpt lat="22.25967" lon="120.65275"/>
    <trkpt lat="22.25965" lon="120.65275"/>
    <trkpt lat="22.25937" lon="120.65276"/>
    <trkpt lat="22.25913" lon="120.65279"/>
    <trkpt lat="22.25896" lon="120.65282"/>
    <trkpt lat="22.25892" lon="120.65283"/>
    <trkpt lat="22.25872" lon="120.6529"/>
    <trkpt lat="22.25846" lon="120.653"/>
    <trkpt lat="22.25825" lon="120.6531"/>
    <trkpt lat="22.25812" lon="120.65316"/>
    <trkpt lat="22.25793" lon="120.65325"/>
    <trkpt lat="22.2575" lon="120.65347"/>
    <trkpt lat="22.25723" lon="120.65361"/>
    <trkpt lat="22.25694" lon="120.65376"/>
    <trkpt lat="22.25446" lon="120.65503"/>
    <trkpt lat="22.25419" lon="120.65516"/>
    <trkpt lat="22.25298" lon="120.65578"/>
    <trkpt lat="22.25226" lon="120.65616"/>
    <trkpt lat="22.25161" lon="120.65649"/>
    <trkpt lat="22.25136" lon="120.65658"/>
    <trkpt lat="22.25111" lon="120.65666"/>
    <trkpt lat="22.25071" lon="120.65679"/>
    <trkpt lat="22.25034" lon="120.6569"/>
    <trkpt lat="22.2501" lon="120.65699"/>
    <trkpt lat="22.25" lon="120.65704"/>
    <trkpt lat="22.24991" lon="120.65708"/>
    <trkpt lat="22.24971" lon="120.65719"/>
    <trkpt lat="22.24953" lon="120.65731"/>
    <trkpt lat="22.24935" lon="120.65745"/>
    <trkpt lat="22.24922" lon="120.65757"/>
    <trkpt lat="22.24902" lon="120.65777"/>
    <trkpt lat="22.24887" lon="120.65794"/>
    <trkpt lat="22.2488" lon="120.65803"/>
    <trkpt lat="22.24869" lon="120.65817"/>
    <trkpt lat="22.24842" lon="120.65855"/>
    <trkpt lat="22.24813" lon="120.65895"/>
    <trkpt lat="22.2478" lon="120.65935"/>
    <trkpt lat="22.24752" lon="120.65965"/>
    <trkpt lat="22.24738" lon="120.65981"/>
    <trkpt lat="22.24714" lon="120.66008"/>
    <trkpt lat="22.24699" lon="120.66024"/>
    <trkpt lat="22.24689" lon="120.66036"/>
    <trkpt lat="22.24662" lon="120.66065"/>
    <trkpt lat="22.2465" lon="120.66079"/>
    <trkpt lat="22.24617" lon="120.66116"/>
    <trkpt lat="22.24583" lon="120.66154"/>
    <trkpt lat="22.24573" lon="120.66165"/>
    <trkpt lat="22.24562" lon="120.66178"/>
    <trkpt lat="22.24519" lon="120.66225"/>
    <trkpt lat="22.24489" lon="120.66258"/>
    <trkpt lat="22.24473" lon="120.66275"/>
    <trkpt lat="22.24448" lon="120.66303"/>
    <trkpt lat="22.24435" lon="120.66317"/>
    <trkpt lat="22.24377" lon="120.66382"/>
    <trkpt lat="22.2436" lon="120.66402"/>
    <trkpt lat="22.24334" lon="120.66431"/>
    <trkpt lat="22.24321" lon="120.66444"/>
    <trkpt lat="22.24309" lon="120.66458"/>
    <trkpt lat="22.24296" lon="120.66472"/>
    <trkpt lat="22.24283" lon="120.66486"/>
    <trkpt lat="22.24271" lon="120.665"/>
    <trkpt lat="22.24259" lon="120.66514"/>
    <trkpt lat="22.24179" lon="120.66602"/>
    <trkpt lat="22.2416" lon="120.66623"/>
    <trkpt lat="22.24127" lon="120.66657"/>
    <trkpt lat="22.2409" lon="120.66695"/>
    <trkpt lat="22.2401" lon="120.66775"/>
    <trkpt lat="22.23985" lon="120.66799"/>
    <trkpt lat="22.2393" lon="120.66853"/>
    <trkpt lat="22.23922" lon="120.6686"/>
    <trkpt lat="22.23849" lon="120.66919"/>
    <trkpt lat="22.23769" lon="120.66981"/>
    <trkpt lat="22.23581" lon="120.67132"/>
    <trkpt lat="22.23554" lon="120.67153"/>
    <trkpt lat="22.23524" lon="120.67179"/>
    <trkpt lat="22.2351" lon="120.67191"/>
    <trkpt lat="22.23509" lon="120.67192"/>
    <trkpt lat="22.23491" lon="120.67205"/>
    <trkpt lat="22.23465" lon="120.67226"/>
    <trkpt lat="22.23426" lon="120.67256"/>
    <trkpt lat="22.23396" lon="120.67274"/>
    <trkpt lat="22.23368" lon="120.67289"/>
    <trkpt lat="22.23325" lon="120.67311"/>
    <trkpt lat="22.23289" lon="120.67329"/>
    <trkpt lat="22.23276" lon="120.67336"/>
    <trkpt lat="22.23256" lon="120.67346"/>
    <trkpt lat="22.23221" lon="120.67362"/>
    <trkpt lat="22.23188" lon="120.67376"/>
    <trkpt lat="22.23184" lon="120.67378"/>
    <trkpt lat="22.23171" lon="120.67383"/>
    <trkpt lat="22.23161" lon="120.67387"/>
    <trkpt lat="22.23128" lon="120.67398"/>
    <trkpt lat="22.23095" lon="120.6741"/>
    <trkpt lat="22.23072" lon="120.67421"/>
    <trkpt lat="22.23046" lon="120.67434"/>
    <trkpt lat="22.23023" lon="120.67449"/>
    <trkpt lat="22.22998" lon="120.67467"/>
    <trkpt lat="22.22982" lon="120.6748"/>
    <trkpt lat="22.22936" lon="120.67522"/>
    <trkpt lat="22.22915" lon="120.67539"/>
    <trkpt lat="22.22887" lon="120.67555"/>
    <trkpt lat="22.22862" lon="120.67566"/>
    <trkpt lat="22.22839" lon="120.67573"/>
    <trkpt lat="22.22808" lon="120.67578"/>
    <trkpt lat="22.22786" lon="120.67578"/>
    <trkpt lat="22.22768" lon="120.67576"/>
    <trkpt lat="22.22728" lon="120.67569"/>
    <trkpt lat="22.2271" lon="120.67565"/>
    <trkpt lat="22.22704" lon="120.67564"/>
    <trkpt lat="22.22691" lon="120.67563"/>
    <trkpt lat="22.22685" lon="120.67563"/>
    <trkpt lat="22.22674" lon="120.67562"/>
    <trkpt lat="22.22659" lon="120.67565"/>
    <trkpt lat="22.2265" lon="120.67566"/>
    <trkpt lat="22.22636" lon="120.6757"/>
    <trkpt lat="22.22625" lon="120.67574"/>
    <trkpt lat="22.2261" lon="120.67581"/>
    <trkpt lat="22.22601" lon="120.67586"/>
    <trkpt lat="22.22588" lon="120.67593"/>
    <trkpt lat="22.22579" lon="120.67599"/>
    <trkpt lat="22.2257" lon="120.67607"/>
    <trkpt lat="22.22566" lon="120.67612"/>
    <trkpt lat="22.22557" lon="120.67621"/>
    <trkpt lat="22.22546" lon="120.67635"/>
    <trkpt lat="22.22537" lon="120.67649"/>
    <trkpt lat="22.22529" lon="120.67663"/>
    <trkpt lat="22.22517" lon="120.67688"/>
    <trkpt lat="22.22507" lon="120.67708"/>
    <trkpt lat="22.22501" lon="120.6772"/>
    <trkpt lat="22.22495" lon="120.67729"/>
    <trkpt lat="22.22487" lon="120.67741"/>
    <trkpt lat="22.22472" lon="120.67757"/>
    <trkpt lat="22.22466" lon="120.67761"/>
    <trkpt lat="22.22461" lon="120.67764"/>
    <trkpt lat="22.22452" lon="120.67769"/>
    <trkpt lat="22.22444" lon="120.67772"/>
    <trkpt lat="22.22438" lon="120.67775"/>
    <trkpt lat="22.22425" lon="120.67778"/>
    <trkpt lat="22.22418" lon="120.67779"/>
    <trkpt lat="22.22401" lon="120.67781"/>
    <trkpt lat="22.224" lon="120.6778"/>
    <trkpt lat="22.22385" lon="120.67779"/>
    <trkpt lat="22.22379" lon="120.67778"/>
    <trkpt lat="22.22349" lon="120.67768"/>
    <trkpt lat="22.22331" lon="120.67761"/>
    <trkpt lat="22.2231" lon="120.67753"/>
    <trkpt lat="22.22289" lon="120.67747"/>
    <trkpt lat="22.22273" lon="120.67744"/>
    <trkpt lat="22.22255" lon="120.67744"/>
    <trkpt lat="22.22243" lon="120.67745"/>
    <trkpt lat="22.22238" lon="120.67746"/>
    <trkpt lat="22.22225" lon="120.6775"/>
    <trkpt lat="22.22224" lon="120.6775"/>
    <trkpt lat="22.22207" lon="120.67757"/>
    <trkpt lat="22.2219" lon="120.67767"/>
    <trkpt lat="22.22167" lon="120.67782"/>
    <trkpt lat="22.22148" lon="120.67794"/>
    <trkpt lat="22.22122" lon="120.6781"/>
    <trkpt lat="22.22105" lon="120.67818"/>
    <trkpt lat="22.22084" lon="120.67826"/>
    <trkpt lat="22.22058" lon="120.67833"/>
    <trkpt lat="22.22046" lon="120.67836"/>
    <trkpt lat="22.22028" lon="120.67839"/>
    <trkpt lat="22.22025" lon="120.6784"/>
    <trkpt lat="22.22011" lon="120.67843"/>
    <trkpt lat="22.21984" lon="120.6785"/>
    <trkpt lat="22.21959" lon="120.67856"/>
    <trkpt lat="22.21931" lon="120.67867"/>
    <trkpt lat="22.21914" lon="120.67875"/>
    <trkpt lat="22.21901" lon="120.67884"/>
    <trkpt lat="22.21886" lon="120.67896"/>
    <trkpt lat="22.21857" lon="120.67925"/>
    <trkpt lat="22.21854" lon="120.67928"/>
    <trkpt lat="22.21832" lon="120.67952"/>
    <trkpt lat="22.21829" lon="120.67956"/>
    <trkpt lat="22.21816" lon="120.6797"/>
    <trkpt lat="22.21814" lon="120.67972"/>
    <trkpt lat="22.21801" lon="120.67986"/>
    <trkpt lat="22.21791" lon="120.67997"/>
    <trkpt lat="22.21778" lon="120.68011"/>
    <trkpt lat="22.21772" lon="120.68017"/>
    <trkpt lat="22.21752" lon="120.68038"/>
    <trkpt lat="22.21751" lon="120.68038"/>
    <trkpt lat="22.21739" lon="120.68051"/>
    <trkpt lat="22.21724" lon="120.68067"/>
    <trkpt lat="22.217" lon="120.6809"/>
    <trkpt lat="22.21676" lon="120.68111"/>
    <trkpt lat="22.2165" lon="120.68134"/>
    <trkpt lat="22.21623" lon="120.68154"/>
    <trkpt lat="22.2159" lon="120.68181"/>
    <trkpt lat="22.21552" lon="120.68212"/>
    <trkpt lat="22.21522" lon="120.68236"/>
    <trkpt lat="22.21498" lon="120.68254"/>
    <trkpt lat="22.21487" lon="120.68263"/>
    <trkpt lat="22.21484" lon="120.68266"/>
    <trkpt lat="22.21456" lon="120.68285"/>
    <trkpt lat="22.21433" lon="120.68301"/>
    <trkpt lat="22.21398" lon="120.68324"/>
    <trkpt lat="22.21369" lon="120.68343"/>
    <trkpt lat="22.21317" lon="120.68376"/>
    <trkpt lat="22.21305" lon="120.68384"/>
    <trkpt lat="22.21265" lon="120.6841"/>
    <trkpt lat="22.21255" lon="120.68417"/>
    <trkpt lat="22.2121" lon="120.68447"/>
    <trkpt lat="22.21125" lon="120.68501"/>
    <trkpt lat="22.21112" lon="120.6851"/>
    <trkpt lat="22.21103" lon="120.68516"/>
    <trkpt lat="22.21091" lon="120.68524"/>
    <trkpt lat="22.21076" lon="120.68533"/>
    <trkpt lat="22.21073" lon="120.68535"/>
    <trkpt lat="22.21065" lon="120.6854"/>
    <trkpt lat="22.21052" lon="120.68547"/>
    <trkpt lat="22.21049" lon="120.68551"/>
    <trkpt lat="22.21047" lon="120.68553"/>
    <trkpt lat="22.21045" lon="120.68555"/>
    <trkpt lat="22.21039" lon="120.68558"/>
    <trkpt lat="22.20997" lon="120.68579"/>
    <trkpt lat="22.20988" lon="120.68583"/>
    <trkpt lat="22.20954" lon="120.68598"/>
    <trkpt lat="22.2091" lon="120.68616"/>
    <trkpt lat="22.20908" lon="120.68617"/>
    <trkpt lat="22.20841" lon="120.68645"/>
    <trkpt lat="22.2078" lon="120.68672"/>
    <trkpt lat="22.20759" lon="120.68681"/>
    <trkpt lat="22.20742" lon="120.68688"/>
    <trkpt lat="22.20735" lon="120.68691"/>
    <trkpt lat="22.20709" lon="120.68702"/>
    <trkpt lat="22.207" lon="120.68707"/>
    <trkpt lat="22.20696" lon="120.68708"/>
    <trkpt lat="22.20655" lon="120.68727"/>
    <trkpt lat="22.20652" lon="120.68729"/>
    <trkpt lat="22.20624" lon="120.68741"/>
    <trkpt lat="22.20618" lon="120.68743"/>
    <trkpt lat="22.206" lon="120.6875"/>
    <trkpt lat="22.20584" lon="120.68754"/>
    <trkpt lat="22.20566" lon="120.68759"/>
    <trkpt lat="22.20552" lon="120.68763"/>
    <trkpt lat="22.20536" lon="120.68768"/>
    <trkpt lat="22.20532" lon="120.6877"/>
    <trkpt lat="22.20514" lon="120.68775"/>
    <trkpt lat="22.2051" lon="120.68776"/>
    <trkpt lat="22.20479" lon="120.68783"/>
    <trkpt lat="22.20459" lon="120.68788"/>
    <trkpt lat="22.20454" lon="120.68789"/>
    <trkpt lat="22.2042" lon="120.68796"/>
    <trkpt lat="22.20367" lon="120.68808"/>
    <trkpt lat="22.20366" lon="120.68808"/>
    <trkpt lat="22.20319" lon="120.68819"/>
    <trkpt lat="22.20262" lon="120.68832"/>
    <trkpt lat="22.20253" lon="120.68834"/>
    <trkpt lat="22.20194" lon="120.68848"/>
    <trkpt lat="22.20135" lon="120.68861"/>
    <trkpt lat="22.20129" lon="120.68863"/>
    <trkpt lat="22.20117" lon="120.68865"/>
    <trkpt lat="22.20063" lon="120.68879"/>
    <trkpt lat="22.19993" lon="120.68894"/>
    <trkpt lat="22.19932" lon="120.68906"/>
    <trkpt lat="22.19925" lon="120.68908"/>
    <trkpt lat="22.19908" lon="120.68912"/>
    <trkpt lat="22.1989" lon="120.68916"/>
    <trkpt lat="22.1986" lon="120.68923"/>
    <trkpt lat="22.19859" lon="120.68924"/>
    <trkpt lat="22.19801" lon="120.68936"/>
    <trkpt lat="22.19777" lon="120.68943"/>
    <trkpt lat="22.19756" lon="120.68951"/>
    <trkpt lat="22.19734" lon="120.68961"/>
    <trkpt lat="22.19723" lon="120.68967"/>
    <trkpt lat="22.19707" lon="120.68976"/>
    <trkpt lat="22.19692" lon="120.68986"/>
    <trkpt lat="22.19668" lon="120.69006"/>
    <trkpt lat="22.19649" lon="120.69023"/>
    <trkpt lat="22.1963" lon="120.69042"/>
    <trkpt lat="22.19628" lon="120.69044"/>
    <trkpt lat="22.19601" lon="120.6907"/>
    <trkpt lat="22.19569" lon="120.69102"/>
    <trkpt lat="22.19557" lon="120.69115"/>
    <trkpt lat="22.19542" lon="120.69131"/>
    <trkpt lat="22.19527" lon="120.69147"/>
    <trkpt lat="22.19521" lon="120.6914"/>
    <trkpt lat="22.19527" lon="120.69147"/>
    <trkpt lat="22.19489" lon="120.69184"/>
    <trkpt lat="22.19474" lon="120.69196"/>
    <trkpt lat="22.19462" lon="120.69201"/>
    <trkpt lat="22.19457" lon="120.69203"/>
    <trkpt lat="22.19456" lon="120.69204"/>
    <trkpt lat="22.19444" lon="120.69207"/>
    <trkpt lat="22.19436" lon="120.69208"/>
    <trkpt lat="22.19424" lon="120.69208"/>
    <trkpt lat="22.19408" lon="120.69207"/>
    <trkpt lat="22.19349" lon="120.69198"/>
    <trkpt lat="22.19304" lon="120.69191"/>
    <trkpt lat="22.19275" lon="120.69187"/>
    <trkpt lat="22.19179" lon="120.69172"/>
    <trkpt lat="22.1914" lon="120.69167"/>
    <trkpt lat="22.19124" lon="120.69166"/>
    <trkpt lat="22.1911" lon="120.69165"/>
    <trkpt lat="22.19087" lon="120.69164"/>
    <trkpt lat="22.19073" lon="120.69164"/>
    <trkpt lat="22.19064" lon="120.69165"/>
    <trkpt lat="22.19043" lon="120.69167"/>
    <trkpt lat="22.19007" lon="120.69171"/>
    <trkpt lat="22.18981" lon="120.69173"/>
    <trkpt lat="22.18958" lon="120.69174"/>
    <trkpt lat="22.18911" lon="120.69171"/>
    <trkpt lat="22.18904" lon="120.6917"/>
    <trkpt lat="22.18897" lon="120.69168"/>
    <trkpt lat="22.18879" lon="120.69164"/>
    <trkpt lat="22.18844" lon="120.69156"/>
    <trkpt lat="22.1881" lon="120.69149"/>
    <trkpt lat="22.1878" lon="120.69141"/>
    <trkpt lat="22.18753" lon="120.69135"/>
    <trkpt lat="22.18735" lon="120.69131"/>
    <trkpt lat="22.18724" lon="120.6913"/>
    <trkpt lat="22.18705" lon="120.69129"/>
    <trkpt lat="22.18678" lon="120.69128"/>
    <trkpt lat="22.1865" lon="120.69131"/>
    <trkpt lat="22.18612" lon="120.69137"/>
    <trkpt lat="22.18569" lon="120.69144"/>
    <trkpt lat="22.18551" lon="120.69147"/>
    <trkpt lat="22.18533" lon="120.69149"/>
    <trkpt lat="22.1852" lon="120.69151"/>
    <trkpt lat="22.18502" lon="120.69154"/>
    <trkpt lat="22.18481" lon="120.69158"/>
    <trkpt lat="22.18458" lon="120.69162"/>
    <trkpt lat="22.18429" lon="120.69169"/>
    <trkpt lat="22.18403" lon="120.69176"/>
    <trkpt lat="22.18374" lon="120.69184"/>
    <trkpt lat="22.18352" lon="120.69191"/>
    <trkpt lat="22.1834" lon="120.69195"/>
    <trkpt lat="22.18327" lon="120.69199"/>
    <trkpt lat="22.18323" lon="120.692"/>
    <trkpt lat="22.18305" lon="120.69206"/>
    <trkpt lat="22.18298" lon="120.69208"/>
    <trkpt lat="22.18272" lon="120.69217"/>
    <trkpt lat="22.18251" lon="120.69223"/>
    <trkpt lat="22.18213" lon="120.69239"/>
    <trkpt lat="22.18204" lon="120.69244"/>
    <trkpt lat="22.18193" lon="120.6925"/>
    <trkpt lat="22.18187" lon="120.69253"/>
    <trkpt lat="22.1817" lon="120.69262"/>
    <trkpt lat="22.18158" lon="120.69268"/>
    <trkpt lat="22.18141" lon="120.69276"/>
    <trkpt lat="22.1813" lon="120.69283"/>
    <trkpt lat="22.18098" lon="120.693"/>
    <trkpt lat="22.18081" lon="120.6931"/>
    <trkpt lat="22.18065" lon="120.69319"/>
    <trkpt lat="22.18049" lon="120.69328"/>
    <trkpt lat="22.1803" lon="120.69338"/>
    <trkpt lat="22.18014" lon="120.69347"/>
    <trkpt lat="22.17987" lon="120.69362"/>
    <trkpt lat="22.1797" lon="120.69372"/>
    <trkpt lat="22.1793" lon="120.69394"/>
    <trkpt lat="22.179" lon="120.69409"/>
    <trkpt lat="22.17885" lon="120.69416"/>
    <trkpt lat="22.17856" lon="120.69426"/>
    <trkpt lat="22.17821" lon="120.69436"/>
    <trkpt lat="22.17804" lon="120.69439"/>
    <trkpt lat="22.17767" lon="120.69446"/>
    <trkpt lat="22.17718" lon="120.69454"/>
    <trkpt lat="22.17683" lon="120.69461"/>
    <trkpt lat="22.17642" lon="120.69468"/>
    <trkpt lat="22.17591" lon="120.69477"/>
    <trkpt lat="22.1757" lon="120.69482"/>
    <trkpt lat="22.1756" lon="120.69484"/>
    <trkpt lat="22.1751" lon="120.69493"/>
    <trkpt lat="22.17471" lon="120.695"/>
    <trkpt lat="22.17423" lon="120.69509"/>
    <trkpt lat="22.1738" lon="120.69515"/>
    <trkpt lat="22.17365" lon="120.69517"/>
    <trkpt lat="22.17348" lon="120.69517"/>
    <trkpt lat="22.17332" lon="120.69517"/>
    <trkpt lat="22.17319" lon="120.69515"/>
    <trkpt lat="22.17304" lon="120.69513"/>
    <trkpt lat="22.17287" lon="120.69509"/>
    <trkpt lat="22.1728" lon="120.69507"/>
    <trkpt lat="22.17279" lon="120.69506"/>
    <trkpt lat="22.17267" lon="120.69503"/>
    <trkpt lat="22.17224" lon="120.69486"/>
    <trkpt lat="22.1721" lon="120.69481"/>
    <trkpt lat="22.17196" lon="120.69476"/>
    <trkpt lat="22.17186" lon="120.69473"/>
    <trkpt lat="22.17168" lon="120.69468"/>
    <trkpt lat="22.17153" lon="120.69465"/>
    <trkpt lat="22.17146" lon="120.69464"/>
    <trkpt lat="22.17129" lon="120.69464"/>
    <trkpt lat="22.17116" lon="120.69464"/>
    <trkpt lat="22.17097" lon="120.69467"/>
    <trkpt lat="22.17083" lon="120.6947"/>
    <trkpt lat="22.17064" lon="120.69476"/>
    <trkpt lat="22.17063" lon="120.69476"/>
    <trkpt lat="22.17045" lon="120.69483"/>
    <trkpt lat="22.17033" lon="120.69488"/>
    <trkpt lat="22.17007" lon="120.69502"/>
    <trkpt lat="22.16992" lon="120.69509"/>
    <trkpt lat="22.16966" lon="120.69521"/>
    <trkpt lat="22.16941" lon="120.69534"/>
    <trkpt lat="22.16928" lon="120.6954"/>
    <trkpt lat="22.16919" lon="120.69544"/>
    <trkpt lat="22.16914" lon="120.69546"/>
    <trkpt lat="22.16902" lon="120.69552"/>
    <trkpt lat="22.16901" lon="120.69552"/>
    <trkpt lat="22.16884" lon="120.69559"/>
    <trkpt lat="22.16877" lon="120.69562"/>
    <trkpt lat="22.16861" lon="120.69568"/>
    <trkpt lat="22.16833" lon="120.69578"/>
    <trkpt lat="22.168" lon="120.69588"/>
    <trkpt lat="22.16739" lon="120.69608"/>
    <trkpt lat="22.16727" lon="120.69612"/>
    <trkpt lat="22.16684" lon="120.69626"/>
    <trkpt lat="22.16641" lon="120.69641"/>
    <trkpt lat="22.16637" lon="120.69642"/>
    <trkpt lat="22.16621" lon="120.69648"/>
    <trkpt lat="22.1662" lon="120.69648"/>
    <trkpt lat="22.1661" lon="120.69651"/>
    <trkpt lat="22.16585" lon="120.69659"/>
    <trkpt lat="22.16558" lon="120.69667"/>
    <trkpt lat="22.16541" lon="120.69672"/>
    <trkpt lat="22.16541" lon="120.69673"/>
    <trkpt lat="22.16516" lon="120.6968"/>
    <trkpt lat="22.16502" lon="120.69685"/>
    <trkpt lat="22.16465" lon="120.69697"/>
    <trkpt lat="22.16439" lon="120.69705"/>
    <trkpt lat="22.16422" lon="120.69711"/>
    <trkpt lat="22.16375" lon="120.69726"/>
    <trkpt lat="22.16324" lon="120.69741"/>
    <trkpt lat="22.16324" lon="120.69742"/>
    <trkpt lat="22.16306" lon="120.69747"/>
    <trkpt lat="22.16272" lon="120.69758"/>
    <trkpt lat="22.16229" lon="120.6977"/>
    <trkpt lat="22.16186" lon="120.69781"/>
    <trkpt lat="22.16152" lon="120.6979"/>
    <trkpt lat="22.16152" lon="120.69791"/>
    <trkpt lat="22.16145" lon="120.69793"/>
    <trkpt lat="22.16135" lon="120.69795"/>
    <trkpt lat="22.16098" lon="120.69806"/>
    <trkpt lat="22.15943" lon="120.69847"/>
    <trkpt lat="22.15911" lon="120.69854"/>
    <trkpt lat="22.15899" lon="120.69857"/>
    <trkpt lat="22.15854" lon="120.69869"/>
    <trkpt lat="22.15799" lon="120.69883"/>
    <trkpt lat="22.15775" lon="120.69889"/>
    <trkpt lat="22.15758" lon="120.69893"/>
    <trkpt lat="22.15738" lon="120.69898"/>
    <trkpt lat="22.15582" lon="120.69934"/>
    <trkpt lat="22.1555" lon="120.69941"/>
    <trkpt lat="22.15512" lon="120.69951"/>
    <trkpt lat="22.15484" lon="120.69958"/>
    <trkpt lat="22.1548" lon="120.69959"/>
    <trkpt lat="22.15475" lon="120.6996"/>
    <trkpt lat="22.15431" lon="120.69973"/>
    <trkpt lat="22.15418" lon="120.69976"/>
    <trkpt lat="22.15414" lon="120.69978"/>
    <trkpt lat="22.15375" lon="120.69989"/>
    <trkpt lat="22.1534" lon="120.69998"/>
    <trkpt lat="22.15302" lon="120.7001"/>
    <trkpt lat="22.15262" lon="120.70021"/>
    <trkpt lat="22.15237" lon="120.70028"/>
    <trkpt lat="22.15206" lon="120.70034"/>
    <trkpt lat="22.15185" lon="120.70038"/>
    <trkpt lat="22.15155" lon="120.70045"/>
    <trkpt lat="22.15131" lon="120.7005"/>
    <trkpt lat="22.15128" lon="120.7005"/>
    <trkpt lat="22.15099" lon="120.70056"/>
    <trkpt lat="22.15054" lon="120.70066"/>
    <trkpt lat="22.15025" lon="120.70072"/>
    <trkpt lat="22.15006" lon="120.70076"/>
    <trkpt lat="22.1499" lon="120.7008"/>
    <trkpt lat="22.14972" lon="120.70084"/>
    <trkpt lat="22.14969" lon="120.70084"/>
    <trkpt lat="22.14968" lon="120.70084"/>
    <trkpt lat="22.14954" lon="120.70088"/>
    <trkpt lat="22.14934" lon="120.70092"/>
    <trkpt lat="22.14905" lon="120.70098"/>
    <trkpt lat="22.14875" lon="120.70102"/>
    <trkpt lat="22.14845" lon="120.70106"/>
    <trkpt lat="22.14813" lon="120.7011"/>
    <trkpt lat="22.14796" lon="120.70112"/>
    <trkpt lat="22.14745" lon="120.70118"/>
    <trkpt lat="22.1473" lon="120.7012"/>
    <trkpt lat="22.14695" lon="120.70123"/>
    <trkpt lat="22.14676" lon="120.70125"/>
    <trkpt lat="22.1466" lon="120.70126"/>
    <trkpt lat="22.14655" lon="120.70125"/>
    <trkpt lat="22.14637" lon="120.70124"/>
    <trkpt lat="22.14632" lon="120.70124"/>
    <trkpt lat="22.14627" lon="120.70124"/>
    <trkpt lat="22.14619" lon="120.70123"/>
    <trkpt lat="22.14606" lon="120.70121"/>
    <trkpt lat="22.14594" lon="120.70117"/>
    <trkpt lat="22.14587" lon="120.70115"/>
    <trkpt lat="22.14577" lon="120.70111"/>
    <trkpt lat="22.14568" lon="120.70107"/>
    <trkpt lat="22.14561" lon="120.70104"/>
    <trkpt lat="22.14552" lon="120.701"/>
    <trkpt lat="22.14543" lon="120.70096"/>
    <trkpt lat="22.14526" lon="120.70088"/>
    <trkpt lat="22.14509" lon="120.70081"/>
    <trkpt lat="22.14502" lon="120.70077"/>
    <trkpt lat="22.14467" lon="120.70058"/>
    <trkpt lat="22.14441" lon="120.70046"/>
    <trkpt lat="22.1444" lon="120.70045"/>
    <trkpt lat="22.14421" lon="120.70038"/>
    <trkpt lat="22.14411" lon="120.70034"/>
    <trkpt lat="22.14404" lon="120.70031"/>
    <trkpt lat="22.14396" lon="120.70029"/>
    <trkpt lat="22.14375" lon="120.70022"/>
    <trkpt lat="22.14368" lon="120.70021"/>
    <trkpt lat="22.14356" lon="120.70018"/>
    <trkpt lat="22.14331" lon="120.70016"/>
    <trkpt lat="22.14318" lon="120.70017"/>
    <trkpt lat="22.143" lon="120.7002"/>
    <trkpt lat="22.1429" lon="120.70022"/>
    <trkpt lat="22.14277" lon="120.70025"/>
    <trkpt lat="22.14255" lon="120.70034"/>
    <trkpt lat="22.14249" lon="120.70037"/>
    <trkpt lat="22.14231" lon="120.70047"/>
    <trkpt lat="22.14212" lon="120.70059"/>
    <trkpt lat="22.14191" lon="120.70075"/>
    <trkpt lat="22.14166" lon="120.70094"/>
    <trkpt lat="22.14125" lon="120.70127"/>
    <trkpt lat="22.14103" lon="120.70144"/>
    <trkpt lat="22.14068" lon="120.7017"/>
    <trkpt lat="22.14044" lon="120.70188"/>
    <trkpt lat="22.14028" lon="120.70201"/>
    <trkpt lat="22.14003" lon="120.70221"/>
    <trkpt lat="22.13991" lon="120.7023"/>
    <trkpt lat="22.13958" lon="120.70256"/>
    <trkpt lat="22.13924" lon="120.70284"/>
    <trkpt lat="22.13915" lon="120.7029"/>
    <trkpt lat="22.13891" lon="120.70308"/>
    <trkpt lat="22.13882" lon="120.70314"/>
    <trkpt lat="22.13868" lon="120.70321"/>
    <trkpt lat="22.13862" lon="120.70324"/>
    <trkpt lat="22.1385" lon="120.70329"/>
    <trkpt lat="22.13814" lon="120.70345"/>
    <trkpt lat="22.13784" lon="120.70357"/>
    <trkpt lat="22.13752" lon="120.70372"/>
    <trkpt lat="22.13715" lon="120.7039"/>
    <trkpt lat="22.13708" lon="120.70395"/>
    <trkpt lat="22.13705" lon="120.70397"/>
    <trkpt lat="22.13671" lon="120.70416"/>
    <trkpt lat="22.13608" lon="120.70453"/>
    <trkpt lat="22.1356" lon="120.70481"/>
    <trkpt lat="22.13529" lon="120.70497"/>
    <trkpt lat="22.13515" lon="120.70503"/>
    <trkpt lat="22.13506" lon="120.70506"/>
    <trkpt lat="22.13487" lon="120.7051"/>
    <trkpt lat="22.13467" lon="120.70514"/>
    <trkpt lat="22.13442" lon="120.70517"/>
    <trkpt lat="22.13426" lon="120.70518"/>
    <trkpt lat="22.13414" lon="120.70518"/>
    <trkpt lat="22.13396" lon="120.7052"/>
    <trkpt lat="22.13361" lon="120.70522"/>
    <trkpt lat="22.13322" lon="120.70526"/>
    <trkpt lat="22.13306" lon="120.7053"/>
    <trkpt lat="22.13279" lon="120.70538"/>
    <trkpt lat="22.13262" lon="120.70546"/>
    <trkpt lat="22.13252" lon="120.70552"/>
    <trkpt lat="22.13228" lon="120.70567"/>
    <trkpt lat="22.13225" lon="120.70569"/>
    <trkpt lat="22.13198" lon="120.70591"/>
    <trkpt lat="22.13178" lon="120.70603"/>
    <trkpt lat="22.13149" lon="120.70623"/>
    <trkpt lat="22.13067" lon="120.70678"/>
    <trkpt lat="22.13027" lon="120.70705"/>
    <trkpt lat="22.12993" lon="120.70729"/>
    <trkpt lat="22.1297" lon="120.70744"/>
    <trkpt lat="22.12942" lon="120.70769"/>
    <trkpt lat="22.12905" lon="120.70808"/>
    <trkpt lat="22.12874" lon="120.70841"/>
    <trkpt lat="22.12849" lon="120.70866"/>
    <trkpt lat="22.12831" lon="120.70881"/>
    <trkpt lat="22.12817" lon="120.7089"/>
    <trkpt lat="22.12794" lon="120.70903"/>
    <trkpt lat="22.12774" lon="120.70912"/>
    <trkpt lat="22.12759" lon="120.70918"/>
    <trkpt lat="22.12735" lon="120.70926"/>
    <trkpt lat="22.12735" lon="120.70927"/>
    <trkpt lat="22.12718" lon="120.70933"/>
    <trkpt lat="22.12713" lon="120.70935"/>
    <trkpt lat="22.12701" lon="120.70939"/>
    <trkpt lat="22.12684" lon="120.70944"/>
    <trkpt lat="22.12681" lon="120.70945"/>
    <trkpt lat="22.12649" lon="120.70959"/>
    <trkpt lat="22.1262" lon="120.70973"/>
    <trkpt lat="22.12606" lon="120.7098"/>
    <trkpt lat="22.12585" lon="120.70991"/>
    <trkpt lat="22.12553" lon="120.71012"/>
    <trkpt lat="22.12481" lon="120.71059"/>
    <trkpt lat="22.12404" lon="120.71109"/>
    <trkpt lat="22.12376" lon="120.71127"/>
    <trkpt lat="22.12357" lon="120.71138"/>
    <trkpt lat="22.12334" lon="120.71146"/>
    <trkpt lat="22.12322" lon="120.7115"/>
    <trkpt lat="22.12308" lon="120.71153"/>
    <trkpt lat="22.12283" lon="120.71157"/>
    <trkpt lat="22.12253" lon="120.71162"/>
    <trkpt lat="22.12219" lon="120.71165"/>
    <trkpt lat="22.12163" lon="120.71172"/>
    <trkpt lat="22.12111" lon="120.71178"/>
    <trkpt lat="22.12108" lon="120.71179"/>
    <trkpt lat="22.12062" lon="120.71184"/>
    <trkpt lat="22.12021" lon="120.71189"/>
    <trkpt lat="22.11983" lon="120.71195"/>
    <trkpt lat="22.1196" lon="120.71202"/>
    <trkpt lat="22.11948" lon="120.71206"/>
    <trkpt lat="22.11924" lon="120.71215"/>
    <trkpt lat="22.11902" lon="120.71228"/>
    <trkpt lat="22.11883" lon="120.7124"/>
    <trkpt lat="22.11879" lon="120.71243"/>
    <trkpt lat="22.11864" lon="120.71254"/>
    <trkpt lat="22.11826" lon="120.71281"/>
    <trkpt lat="22.11748" lon="120.71336"/>
    <trkpt lat="22.11705" lon="120.71367"/>
    <trkpt lat="22.1169" lon="120.71378"/>
    <trkpt lat="22.1166" lon="120.71399"/>
    <trkpt lat="22.11616" lon="120.71427"/>
    <trkpt lat="22.11596" lon="120.71438"/>
    <trkpt lat="22.1159" lon="120.71441"/>
    <trkpt lat="22.11572" lon="120.71449"/>
    <trkpt lat="22.1155" lon="120.71455"/>
    <trkpt lat="22.1154" lon="120.71458"/>
    <trkpt lat="22.11537" lon="120.71458"/>
    <trkpt lat="22.1153" lon="120.71459"/>
    <trkpt lat="22.11515" lon="120.7146"/>
    <trkpt lat="22.115" lon="120.71459"/>
    <trkpt lat="22.11481" lon="120.71458"/>
    <trkpt lat="22.11444" lon="120.71454"/>
    <trkpt lat="22.11306" lon="120.7143"/>
    <trkpt lat="22.11258" lon="120.7142"/>
    <trkpt lat="22.11176" lon="120.71405"/>
    <trkpt lat="22.11139" lon="120.71399"/>
    <trkpt lat="22.11134" lon="120.71398"/>
    <trkpt lat="22.1111" lon="120.71394"/>
    <trkpt lat="22.11087" lon="120.71391"/>
    <trkpt lat="22.11069" lon="120.71391"/>
    <trkpt lat="22.11049" lon="120.7139"/>
    <trkpt lat="22.11024" lon="120.71391"/>
    <trkpt lat="22.11001" lon="120.71394"/>
    <trkpt lat="22.10987" lon="120.71396"/>
    <trkpt lat="22.1097" lon="120.71402"/>
    <trkpt lat="22.10958" lon="120.71407"/>
    <trkpt lat="22.10957" lon="120.71408"/>
    <trkpt lat="22.10941" lon="120.71416"/>
    <trkpt lat="22.10924" lon="120.71428"/>
    <trkpt lat="22.10915" lon="120.71437"/>
    <trkpt lat="22.10901" lon="120.71454"/>
    <trkpt lat="22.10858" lon="120.71516"/>
    <trkpt lat="22.10847" lon="120.71532"/>
    <trkpt lat="22.10842" lon="120.7154"/>
    <trkpt lat="22.10836" lon="120.71548"/>
    <trkpt lat="22.1083" lon="120.71555"/>
    <trkpt lat="22.10817" lon="120.7157"/>
    <trkpt lat="22.10812" lon="120.71575"/>
    <trkpt lat="22.10806" lon="120.71581"/>
    <trkpt lat="22.10785" lon="120.71599"/>
    <trkpt lat="22.10764" lon="120.71612"/>
    <trkpt lat="22.10741" lon="120.71624"/>
    <trkpt lat="22.1073" lon="120.7163"/>
    <trkpt lat="22.10699" lon="120.71647"/>
    <trkpt lat="22.10678" lon="120.71656"/>
    <trkpt lat="22.10673" lon="120.71658"/>
    <trkpt lat="22.10657" lon="120.71664"/>
    <trkpt lat="22.10642" lon="120.71668"/>
    <trkpt lat="22.10616" lon="120.71673"/>
    <trkpt lat="22.106" lon="120.71674"/>
    <trkpt lat="22.10584" lon="120.71673"/>
    <trkpt lat="22.10573" lon="120.71672"/>
    <trkpt lat="22.10559" lon="120.71669"/>
    <trkpt lat="22.10542" lon="120.71665"/>
    <trkpt lat="22.10504" lon="120.71655"/>
    <trkpt lat="22.10484" lon="120.71649"/>
    <trkpt lat="22.10463" lon="120.71644"/>
    <trkpt lat="22.10449" lon="120.7164"/>
    <trkpt lat="22.10436" lon="120.71637"/>
    <trkpt lat="22.10414" lon="120.71633"/>
    <trkpt lat="22.10391" lon="120.71631"/>
    <trkpt lat="22.1036" lon="120.7163"/>
    <trkpt lat="22.10344" lon="120.71631"/>
    <trkpt lat="22.10332" lon="120.71632"/>
    <trkpt lat="22.10321" lon="120.71633"/>
    <trkpt lat="22.10245" lon="120.71641"/>
    <trkpt lat="22.10212" lon="120.71644"/>
    <trkpt lat="22.10179" lon="120.71648"/>
    <trkpt lat="22.10151" lon="120.71653"/>
    <trkpt lat="22.1009" lon="120.71665"/>
    <trkpt lat="22.10082" lon="120.71667"/>
    <trkpt lat="22.10068" lon="120.7167"/>
    <trkpt lat="22.1005" lon="120.71674"/>
    <trkpt lat="22.10039" lon="120.71675"/>
    <trkpt lat="22.09991" lon="120.71678"/>
    <trkpt lat="22.0997" lon="120.71678"/>
    <trkpt lat="22.0992" lon="120.71674"/>
    <trkpt lat="22.09883" lon="120.71672"/>
    <trkpt lat="22.09841" lon="120.71669"/>
    <trkpt lat="22.0982" lon="120.7167"/>
    <trkpt lat="22.09802" lon="120.71671"/>
    <trkpt lat="22.09787" lon="120.71674"/>
    <trkpt lat="22.09758" lon="120.71681"/>
    <trkpt lat="22.09727" lon="120.71692"/>
    <trkpt lat="22.09563" lon="120.71751"/>
    <trkpt lat="22.09421" lon="120.71803"/>
    <trkpt lat="22.09404" lon="120.7181"/>
    <trkpt lat="22.09393" lon="120.71814"/>
    <trkpt lat="22.09379" lon="120.71818"/>
    <trkpt lat="22.09335" lon="120.71832"/>
    <trkpt lat="22.09309" lon="120.71835"/>
    <trkpt lat="22.09291" lon="120.71836"/>
    <trkpt lat="22.09275" lon="120.71834"/>
    <trkpt lat="22.09252" lon="120.7183"/>
    <trkpt lat="22.09213" lon="120.71815"/>
    <trkpt lat="22.09188" lon="120.71805"/>
    <trkpt lat="22.09171" lon="120.71798"/>
    <trkpt lat="22.09163" lon="120.71795"/>
    <trkpt lat="22.09155" lon="120.71792"/>
    <trkpt lat="22.09148" lon="120.71789"/>
    <trkpt lat="22.09132" lon="120.71782"/>
    <trkpt lat="22.09049" lon="120.71744"/>
    <trkpt lat="22.09044" lon="120.71743"/>
    <trkpt lat="22.09033" lon="120.71738"/>
    <trkpt lat="22.09026" lon="120.71735"/>
    <trkpt lat="22.09011" lon="120.71729"/>
    <trkpt lat="22.09002" lon="120.71725"/>
    <trkpt lat="22.08974" lon="120.71712"/>
    <trkpt lat="22.08933" lon="120.71693"/>
    <trkpt lat="22.0892" lon="120.71688"/>
    <trkpt lat="22.08904" lon="120.71681"/>
    <trkpt lat="22.08773" lon="120.71624"/>
    <trkpt lat="22.08756" lon="120.71618"/>
    <trkpt lat="22.08739" lon="120.71612"/>
    <trkpt lat="22.08722" lon="120.71607"/>
    <trkpt lat="22.08721" lon="120.71606"/>
    <trkpt lat="22.08705" lon="120.71602"/>
    <trkpt lat="22.08619" lon="120.71582"/>
    <trkpt lat="22.08504" lon="120.71554"/>
    <trkpt lat="22.08493" lon="120.71551"/>
    <trkpt lat="22.08345" lon="120.71515"/>
    <trkpt lat="22.08323" lon="120.71509"/>
    <trkpt lat="22.0829" lon="120.71501"/>
    <trkpt lat="22.08134" lon="120.71461"/>
    <trkpt lat="22.08042" lon="120.71436"/>
    <trkpt lat="22.07925" lon="120.71404"/>
    <trkpt lat="22.07898" lon="120.71396"/>
    <trkpt lat="22.07792" lon="120.71365"/>
    <trkpt lat="22.07771" lon="120.71361"/>
    <trkpt lat="22.07768" lon="120.7136"/>
    <trkpt lat="22.07752" lon="120.71359"/>
    <trkpt lat="22.0774" lon="120.71359"/>
    <trkpt lat="22.07733" lon="120.7136"/>
    <trkpt lat="22.0767" lon="120.71365"/>
    <trkpt lat="22.07462" lon="120.7139"/>
    <trkpt lat="22.0746" lon="120.7138"/>
    <trkpt lat="22.07457" lon="120.71373"/>
    <trkpt lat="22.07448" lon="120.71349"/>
    <trkpt lat="22.07433" lon="120.71305"/>
    <trkpt lat="22.07421" lon="120.71276"/>
    <trkpt lat="22.07417" lon="120.71265"/>
    <trkpt lat="22.07397" lon="120.71214"/>
    <trkpt lat="22.07388" lon="120.71191"/>
    <trkpt lat="22.07362" lon="120.71125"/>
    <trkpt lat="22.07351" lon="120.71086"/>
    <trkpt lat="22.07341" lon="120.71065"/>
    <trkpt lat="22.07341" lon="120.71063"/>
    <trkpt lat="22.07327" lon="120.71037"/>
    <trkpt lat="22.07326" lon="120.71037"/>
    <trkpt lat="22.07316" lon="120.71025"/>
    <trkpt lat="22.07295" lon="120.7101"/>
    <trkpt lat="22.0729" lon="120.71009"/>
    <trkpt lat="22.07286" lon="120.71007"/>
    <trkpt lat="22.0728" lon="120.71006"/>
    <trkpt lat="22.07274" lon="120.71006"/>
    <trkpt lat="22.07268" lon="120.71006"/>
    <trkpt lat="22.07262" lon="120.71007"/>
    <trkpt lat="22.0725" lon="120.71011"/>
    <trkpt lat="22.07239" lon="120.71015"/>
    <trkpt lat="22.07206" lon="120.71028"/>
    <trkpt lat="22.07187" lon="120.71035"/>
    <trkpt lat="22.07167" lon="120.71046"/>
    <trkpt lat="22.07153" lon="120.71051"/>
    <trkpt lat="22.07138" lon="120.71055"/>
    <trkpt lat="22.07137" lon="120.71055"/>
    <trkpt lat="22.07131" lon="120.71053"/>
    <trkpt lat="22.07124" lon="120.71054"/>
    <trkpt lat="22.07094" lon="120.71054"/>
    <trkpt lat="22.07036" lon="120.71055"/>
    <trkpt lat="22.07036" lon="120.71107"/>
    <trkpt lat="22.07035" lon="120.71127"/>
    <trkpt lat="22.07036" lon="120.71144"/>
    <trkpt lat="22.07038" lon="120.71159"/>
    <trkpt lat="22.07041" lon="120.71174"/>
    <trkpt lat="22.07045" lon="120.71185"/>
    <trkpt lat="22.07052" lon="120.71194"/>
    <trkpt lat="22.07066" lon="120.71215"/>
    <trkpt lat="22.07012" lon="120.71256"/>
    <trkpt lat="22.07021" lon="120.71321"/>
    <trkpt lat="22.07029" lon="120.71377"/>
    <trkpt lat="22.07011" lon="120.71377"/>
    <trkpt lat="22.06975" lon="120.71375"/>
    <trkpt lat="22.06936" lon="120.71375"/>
    <trkpt lat="22.06933" lon="120.71375"/>
    <trkpt lat="22.06917" lon="120.71376"/>
    <trkpt lat="22.0687" lon="120.71376"/>
    <trkpt lat="22.06856" lon="120.71378"/>
    <trkpt lat="22.06848" lon="120.71378"/>
    <trkpt lat="22.0684" lon="120.71379"/>
    <trkpt lat="22.06829" lon="120.7138"/>
    <trkpt lat="22.06802" lon="120.71385"/>
    <trkpt lat="22.06791" lon="120.71386"/>
    <trkpt lat="22.06756" lon="120.71393"/>
    <trkpt lat="22.06745" lon="120.71395"/>
    <trkpt lat="22.06693" lon="120.71406"/>
    <trkpt lat="22.06658" lon="120.71415"/>
    <trkpt lat="22.0665" lon="120.71416"/>
    <trkpt lat="22.0663" lon="120.71422"/>
    <trkpt lat="22.0661" lon="120.71429"/>
    <trkpt lat="22.06573" lon="120.71443"/>
    <trkpt lat="22.06542" lon="120.71454"/>
    <trkpt lat="22.06459" lon="120.71484"/>
    <trkpt lat="22.06453" lon="120.71486"/>
    <trkpt lat="22.06328" lon="120.71531"/>
    <trkpt lat="22.06263" lon="120.71558"/>
    <trkpt lat="22.06244" lon="120.71568"/>
    <trkpt lat="22.06055" lon="120.71671"/>
    <trkpt lat="22.06049" lon="120.71674"/>
    <trkpt lat="22.0604" lon="120.71679"/>
    <trkpt lat="22.06031" lon="120.71683"/>
    <trkpt lat="22.05959" lon="120.71722"/>
    <trkpt lat="22.05842" lon="120.71786"/>
    <trkpt lat="22.05824" lon="120.71798"/>
    <trkpt lat="22.05803" lon="120.71813"/>
    <trkpt lat="22.05791" lon="120.71823"/>
    <trkpt lat="22.05684" lon="120.7192"/>
    <trkpt lat="22.05635" lon="120.71964"/>
    <trkpt lat="22.05628" lon="120.7197"/>
    <trkpt lat="22.05578" lon="120.72011"/>
    <trkpt lat="22.05569" lon="120.72018"/>
    <trkpt lat="22.05545" lon="120.72036"/>
    <trkpt lat="22.05519" lon="120.72055"/>
    <trkpt lat="22.05489" lon="120.72078"/>
    <trkpt lat="22.0543" lon="120.72121"/>
    <trkpt lat="22.0539" lon="120.72148"/>
    <trkpt lat="22.05348" lon="120.72178"/>
    <trkpt lat="22.0534" lon="120.72184"/>
    <trkpt lat="22.05288" lon="120.72221"/>
    <trkpt lat="22.05253" lon="120.72248"/>
    <trkpt lat="22.0522" lon="120.72279"/>
    <trkpt lat="22.05211" lon="120.72288"/>
    <trkpt lat="22.05204" lon="120.72295"/>
    <trkpt lat="22.05124" lon="120.72376"/>
    <trkpt lat="22.05092" lon="120.72408"/>
    <trkpt lat="22.04964" lon="120.72538"/>
    <trkpt lat="22.04957" lon="120.72544"/>
    <trkpt lat="22.04913" lon="120.72586"/>
    <trkpt lat="22.04857" lon="120.72647"/>
    <trkpt lat="22.04799" lon="120.72706"/>
    <trkpt lat="22.04742" lon="120.72776"/>
    <trkpt lat="22.0469" lon="120.72842"/>
    <trkpt lat="22.04661" lon="120.72879"/>
    <trkpt lat="22.04637" lon="120.7291"/>
    <trkpt lat="22.04603" lon="120.7295"/>
    <trkpt lat="22.0452" lon="120.73037"/>
    <trkpt lat="22.04493" lon="120.73066"/>
    <trkpt lat="22.04492" lon="120.73067"/>
    <trkpt lat="22.04409" lon="120.73155"/>
    <trkpt lat="22.04345" lon="120.73221"/>
    <trkpt lat="22.04294" lon="120.73271"/>
    <trkpt lat="22.0424" lon="120.73312"/>
    <trkpt lat="22.04149" lon="120.73377"/>
    <trkpt lat="22.04042" lon="120.73462"/>
    <trkpt lat="22.03943" lon="120.73539"/>
    <trkpt lat="22.03903" lon="120.73572"/>
    <trkpt lat="22.03877" lon="120.73596"/>
    <trkpt lat="22.03853" lon="120.73626"/>
    <trkpt lat="22.03836" lon="120.73653"/>
    <trkpt lat="22.03822" lon="120.73674"/>
    <trkpt lat="22.03798" lon="120.7371"/>
    <trkpt lat="22.03768" lon="120.73748"/>
    <trkpt lat="22.03752" lon="120.73763"/>
    <trkpt lat="22.03713" lon="120.73788"/>
    <trkpt lat="22.03685" lon="120.738"/>
    <trkpt lat="22.03642" lon="120.73817"/>
    <trkpt lat="22.03592" lon="120.73836"/>
    <trkpt lat="22.03387" lon="120.73912"/>
    <trkpt lat="22.03222" lon="120.73978"/>
    <trkpt lat="22.03167" lon="120.74"/>
    <trkpt lat="22.03118" lon="120.74019"/>
    <trkpt lat="22.03046" lon="120.74049"/>
    <trkpt lat="22.02979" lon="120.74078"/>
    <trkpt lat="22.02918" lon="120.74104"/>
    <trkpt lat="22.02885" lon="120.74118"/>
    <trkpt lat="22.02839" lon="120.74137"/>
    <trkpt lat="22.02835" lon="120.74138"/>
    <trkpt lat="22.02744" lon="120.74177"/>
    <trkpt lat="22.02623" lon="120.74225"/>
    <trkpt lat="22.02563" lon="120.7425"/>
    <trkpt lat="22.0254" lon="120.74258"/>
    <trkpt lat="22.02528" lon="120.74263"/>
    <trkpt lat="22.02515" lon="120.74269"/>
    <trkpt lat="22.02471" lon="120.74287"/>
    <trkpt lat="22.02424" lon="120.74307"/>
    <trkpt lat="22.02399" lon="120.74317"/>
    <trkpt lat="22.02334" lon="120.7433"/>
    <trkpt lat="22.02274" lon="120.74342"/>
    <trkpt lat="22.0221" lon="120.74357"/>
    <trkpt lat="22.02187" lon="120.74361"/>
    <trkpt lat="22.02128" lon="120.74374"/>
    <trkpt lat="22.02014" lon="120.74387"/>
    <trkpt lat="22.02012" lon="120.74387"/>
    <trkpt lat="22.01999" lon="120.7439"/>
    <trkpt lat="22.01991" lon="120.74389"/>
    <trkpt lat="22.0197" lon="120.74391"/>
    <trkpt lat="22.01955" lon="120.74391"/>
    <trkpt lat="22.01889" lon="120.74392"/>
    <trkpt lat="22.01857" lon="120.74392"/>
    <trkpt lat="22.01762" lon="120.74401"/>
    <trkpt lat="22.01727" lon="120.74404"/>
    <trkpt lat="22.01698" lon="120.74407"/>
    <trkpt lat="22.01683" lon="120.74408"/>
    <trkpt lat="22.01636" lon="120.74413"/>
    <trkpt lat="22.01573" lon="120.74409"/>
    <trkpt lat="22.01573" lon="120.74419"/>
    <trkpt lat="22.01568" lon="120.74422"/>
    <trkpt lat="22.01562" lon="120.74422"/>
    <trkpt lat="22.01558" lon="120.74422"/>
    <trkpt lat="22.0151" lon="120.74428"/>
    <trkpt lat="22.01449" lon="120.74431"/>
    <trkpt lat="22.01418" lon="120.74434"/>
    <trkpt lat="22.01408" lon="120.74434"/>
    <trkpt lat="22.01356" lon="120.74438"/>
    <trkpt lat="22.01305" lon="120.74444"/>
    <trkpt lat="22.01296" lon="120.74445"/>
    <trkpt lat="22.01277" lon="120.74446"/>
    <trkpt lat="22.01261" lon="120.74447"/>
    <trkpt lat="22.01247" lon="120.74447"/>
    <trkpt lat="22.01233" lon="120.74447"/>
    <trkpt lat="22.01169" lon="120.74434"/>
    <trkpt lat="22.01146" lon="120.74429"/>
    <trkpt lat="22.01051" lon="120.74405"/>
    <trkpt lat="22.01" lon="120.74393"/>
    <trkpt lat="22.00979" lon="120.74462"/>
    <trkpt lat="22.00973" lon="120.7448"/>
    <trkpt lat="22.0096" lon="120.7452"/>
    <trkpt lat="22.00954" lon="120.74544"/>
    <trkpt lat="22.00949" lon="120.74561"/>
    <trkpt lat="22.00937" lon="120.74604"/>
    <trkpt lat="22.00934" lon="120.74619"/>
    <trkpt lat="22.00917" lon="120.74671"/>
    <trkpt lat="22.00904" lon="120.74718"/>
    <trkpt lat="22.00901" lon="120.74727"/>
    <trkpt lat="22.00892" lon="120.74762"/>
    <trkpt lat="22.00875" lon="120.74814"/>
    <trkpt lat="22.0087" lon="120.7483"/>
    <trkpt lat="22.00846" lon="120.74816"/>
    <trkpt lat="22.00834" lon="120.7481"/>
    <trkpt lat="22.0082" lon="120.74803"/>
    <trkpt lat="22.00809" lon="120.74799"/>
    <trkpt lat="22.0082" lon="120.74803"/>
    <trkpt lat="22.00834" lon="120.7481"/>
    <trkpt lat="22.00846" lon="120.74816"/>
    <trkpt lat="22.0087" lon="120.7483"/>
    <trkpt lat="22.0085" lon="120.7487"/>
    <trkpt lat="22.00838" lon="120.7489"/>
    <trkpt lat="22.00827" lon="120.74906"/>
    <trkpt lat="22.00813" lon="120.74921"/>
    <trkpt lat="22.00797" lon="120.74937"/>
    <trkpt lat="22.00766" lon="120.74964"/>
    <trkpt lat="22.00757" lon="120.7497"/>
    <trkpt lat="22.00742" lon="120.74979"/>
    <trkpt lat="22.00738" lon="120.74981"/>
    <trkpt lat="22.00725" lon="120.74988"/>
    <trkpt lat="22.00713" lon="120.74993"/>
    <trkpt lat="22.00691" lon="120.75"/>
    <trkpt lat="22.00542" lon="120.75046"/>
    <trkpt lat="22.00531" lon="120.75049"/>
    <trkpt lat="22.00461" lon="120.75071"/>
    <trkpt lat="22.00429" lon="120.7508"/>
    <trkpt lat="22.00371" lon="120.75083"/>
    <trkpt lat="22.0037" lon="120.75084"/>
    <trkpt lat="22.0035" lon="120.75083"/>
    <trkpt lat="22.00331" lon="120.75081"/>
    <trkpt lat="22.00322" lon="120.7508"/>
    <trkpt lat="22.00303" lon="120.75077"/>
    <trkpt lat="22.0027" lon="120.75066"/>
    <trkpt lat="22.00255" lon="120.75059"/>
    <trkpt lat="22.00235" lon="120.75048"/>
    <trkpt lat="22.0017" lon="120.75003"/>
    <trkpt lat="22.00099" lon="120.74949"/>
    <trkpt lat="22.00059" lon="120.74919"/>
    <trkpt lat="22.00046" lon="120.74911"/>
    <trkpt lat="22.00013" lon="120.74882"/>
    <trkpt lat="21.99992" lon="120.74855"/>
    <trkpt lat="21.99987" lon="120.74847"/>
    <trkpt lat="21.99983" lon="120.74839"/>
    <trkpt lat="21.99975" lon="120.74826"/>
    <trkpt lat="21.99935" lon="120.74734"/>
    <trkpt lat="21.99912" lon="120.74682"/>
    <trkpt lat="21.99909" lon="120.74676"/>
    <trkpt lat="21.99904" lon="120.74665"/>
    <trkpt lat="21.9989" lon="120.74628"/>
    <trkpt lat="21.99873" lon="120.74589"/>
    <trkpt lat="21.99863" lon="120.74564"/>
    <trkpt lat="21.99848" lon="120.74528"/>
    <trkpt lat="21.99841" lon="120.7451"/>
    <trkpt lat="21.99835" lon="120.74498"/>
    <trkpt lat="21.99819" lon="120.74457"/>
    <trkpt lat="21.9981" lon="120.74461"/>
    <trkpt lat="21.99768" lon="120.74477"/>
    <trkpt lat="21.99745" lon="120.74487"/>
    <trkpt lat="21.99735" lon="120.74491"/>
    <trkpt lat="21.99709" lon="120.74501"/>
    <trkpt lat="21.99674" lon="120.74515"/>
    <trkpt lat="21.99622" lon="120.74534"/>
    <trkpt lat="21.99604" lon="120.74542"/>
    <trkpt lat="21.99587" lon="120.74549"/>
    <trkpt lat="21.99563" lon="120.74559"/>
    <trkpt lat="21.99504" lon="120.74585"/>
    <trkpt lat="21.9945" lon="120.74607"/>
    <trkpt lat="21.99382" lon="120.74634"/>
    <trkpt lat="21.99358" lon="120.74643"/>
    <trkpt lat="21.9928" lon="120.74675"/>
    <trkpt lat="21.99217" lon="120.747"/>
    <trkpt lat="21.99172" lon="120.7472"/>
    <trkpt lat="21.99138" lon="120.74734"/>
    <trkpt lat="21.99133" lon="120.74733"/>
    <trkpt lat="21.9913" lon="120.74732"/>
    <trkpt lat="21.99127" lon="120.74731"/>
    <trkpt lat="21.99125" lon="120.7473"/>
    <trkpt lat="21.99122" lon="120.74728"/>
    <trkpt lat="21.99117" lon="120.74722"/>
    <trkpt lat="21.99111" lon="120.74716"/>
    <trkpt lat="21.99094" lon="120.74728"/>
    <trkpt lat="21.99092" lon="120.7473"/>
    <trkpt lat="21.99083" lon="120.74736"/>
    <trkpt lat="21.99061" lon="120.74752"/>
    <trkpt lat="21.99051" lon="120.74758"/>
    <trkpt lat="21.99027" lon="120.74771"/>
    <trkpt lat="21.99017" lon="120.74776"/>
    <trkpt lat="21.99002" lon="120.74783"/>
    <trkpt lat="21.98987" lon="120.74789"/>
    <trkpt lat="21.98877" lon="120.74834"/>
    <trkpt lat="21.98874" lon="120.74835"/>
    <trkpt lat="21.98857" lon="120.74842"/>
    <trkpt lat="21.98698" lon="120.74905"/>
    <trkpt lat="21.98647" lon="120.74926"/>
    <trkpt lat="21.98646" lon="120.74927"/>
    <trkpt lat="21.9863" lon="120.74933"/>
    <trkpt lat="21.98511" lon="120.7498"/>
    <trkpt lat="21.98497" lon="120.74986"/>
    <trkpt lat="21.98485" lon="120.7499"/>
    <trkpt lat="21.98479" lon="120.74992"/>
    <trkpt lat="21.98471" lon="120.74995"/>
    <trkpt lat="21.98449" lon="120.75004"/>
    <trkpt lat="21.98447" lon="120.75005"/>
    <trkpt lat="21.98389" lon="120.7503"/>
    <trkpt lat="21.98367" lon="120.75039"/>
    <trkpt lat="21.98351" lon="120.75045"/>
    <trkpt lat="21.98338" lon="120.75051"/>
    <trkpt lat="21.98312" lon="120.75061"/>
    <trkpt lat="21.98265" lon="120.75079"/>
    <trkpt lat="21.98217" lon="120.75098"/>
    <trkpt lat="21.98207" lon="120.75102"/>
    <trkpt lat="21.982" lon="120.75105"/>
    <trkpt lat="21.98155" lon="120.75123"/>
    <trkpt lat="21.98141" lon="120.7513"/>
    <trkpt lat="21.98107" lon="120.75143"/>
    <trkpt lat="21.98091" lon="120.7515"/>
    <trkpt lat="21.97995" lon="120.75188"/>
    <trkpt lat="21.97969" lon="120.75198"/>
    <trkpt lat="21.97843" lon="120.7525"/>
    <trkpt lat="21.97827" lon="120.75256"/>
    <trkpt lat="21.97756" lon="120.75285"/>
    <trkpt lat="21.97722" lon="120.75298"/>
    <trkpt lat="21.97669" lon="120.75319"/>
    <trkpt lat="21.97663" lon="120.75322"/>
    <trkpt lat="21.97659" lon="120.75323"/>
    <trkpt lat="21.97589" lon="120.75352"/>
    <trkpt lat="21.97549" lon="120.75368"/>
    <trkpt lat="21.97535" lon="120.75373"/>
    <trkpt lat="21.97524" lon="120.75378"/>
    <trkpt lat="21.97513" lon="120.75383"/>
    <trkpt lat="21.97439" lon="120.75413"/>
    <trkpt lat="21.97354" lon="120.75449"/>
    <trkpt lat="21.97345" lon="120.75452"/>
    <trkpt lat="21.9734" lon="120.75454"/>
    <trkpt lat="21.97331" lon="120.75458"/>
    <trkpt lat="21.97231" lon="120.75502"/>
    <trkpt lat="21.97176" lon="120.75525"/>
    <trkpt lat="21.97162" lon="120.75531"/>
    <trkpt lat="21.97148" lon="120.75537"/>
    <trkpt lat="21.97089" lon="120.75562"/>
    <trkpt lat="21.97048" lon="120.75582"/>
    <trkpt lat="21.97043" lon="120.75589"/>
    <trkpt lat="21.97035" lon="120.75592"/>
    <trkpt lat="21.97022" lon="120.75597"/>
    <trkpt lat="21.97015" lon="120.756"/>
    <trkpt lat="21.97009" lon="120.75602"/>
    <trkpt lat="21.97" lon="120.75606"/>
    <trkpt lat="21.96984" lon="120.75614"/>
    <trkpt lat="21.96979" lon="120.75616"/>
    <trkpt lat="21.96951" lon="120.75629"/>
    <trkpt lat="21.96933" lon="120.75636"/>
    <trkpt lat="21.96894" lon="120.75654"/>
    <trkpt lat="21.96809" lon="120.75692"/>
    <trkpt lat="21.96807" lon="120.75692"/>
    <trkpt lat="21.96756" lon="120.75712"/>
    <trkpt lat="21.96715" lon="120.75729"/>
    <trkpt lat="21.9666" lon="120.75758"/>
    <trkpt lat="21.96647" lon="120.75765"/>
    <trkpt lat="21.96605" lon="120.75795"/>
    <trkpt lat="21.96485" lon="120.75888"/>
    <trkpt lat="21.9644" lon="120.75922"/>
    <trkpt lat="21.96396" lon="120.75956"/>
    <trkpt lat="21.96392" lon="120.75959"/>
    <trkpt lat="21.96387" lon="120.75963"/>
    <trkpt lat="21.96314" lon="120.76019"/>
    <trkpt lat="21.96292" lon="120.76037"/>
    <trkpt lat="21.96274" lon="120.76053"/>
    <trkpt lat="21.96255" lon="120.76069"/>
    <trkpt lat="21.96232" lon="120.76091"/>
    <trkpt lat="21.96218" lon="120.76106"/>
    <trkpt lat="21.9621" lon="120.76116"/>
    <trkpt lat="21.96191" lon="120.76142"/>
    <trkpt lat="21.96176" lon="120.76166"/>
    <trkpt lat="21.96173" lon="120.76173"/>
    <trkpt lat="21.96169" lon="120.7618"/>
    <trkpt lat="21.96164" lon="120.7619"/>
    <trkpt lat="21.96142" lon="120.76229"/>
    <trkpt lat="21.96135" lon="120.76241"/>
    <trkpt lat="21.96121" lon="120.76278"/>
    <trkpt lat="21.96109" lon="120.76304"/>
    <trkpt lat="21.96104" lon="120.76315"/>
    <trkpt lat="21.96098" lon="120.76328"/>
    <trkpt lat="21.96087" lon="120.76351"/>
    <trkpt lat="21.96078" lon="120.76368"/>
    <trkpt lat="21.96071" lon="120.76378"/>
    <trkpt lat="21.96065" lon="120.76385"/>
    <trkpt lat="21.96043" lon="120.76411"/>
    <trkpt lat="21.96039" lon="120.76416"/>
    <trkpt lat="21.96025" lon="120.76434"/>
    <trkpt lat="21.96016" lon="120.76447"/>
    <trkpt lat="21.9601" lon="120.76458"/>
    <trkpt lat="21.96003" lon="120.76472"/>
    <trkpt lat="21.95997" lon="120.76484"/>
    <trkpt lat="21.95993" lon="120.76497"/>
    <trkpt lat="21.95989" lon="120.76507"/>
    <trkpt lat="21.95975" lon="120.76551"/>
    <trkpt lat="21.9597" lon="120.76566"/>
    <trkpt lat="21.95966" lon="120.76577"/>
    <trkpt lat="21.95958" lon="120.76597"/>
    <trkpt lat="21.95947" lon="120.76618"/>
    <trkpt lat="21.9594" lon="120.76629"/>
    <trkpt lat="21.95936" lon="120.76636"/>
    <trkpt lat="21.95932" lon="120.76641"/>
    <trkpt lat="21.95923" lon="120.76652"/>
    <trkpt lat="21.95916" lon="120.76662"/>
    <trkpt lat="21.9591" lon="120.76668"/>
    <trkpt lat="21.95894" lon="120.76683"/>
    <trkpt lat="21.95884" lon="120.76693"/>
    <trkpt lat="21.95876" lon="120.76699"/>
    <trkpt lat="21.95862" lon="120.7671"/>
    <trkpt lat="21.95852" lon="120.76718"/>
    <trkpt lat="21.95791" lon="120.76761"/>
    <trkpt lat="21.9578" lon="120.7677"/>
    <trkpt lat="21.95774" lon="120.76774"/>
    <trkpt lat="21.95744" lon="120.76795"/>
    <trkpt lat="21.95739" lon="120.76799"/>
    <trkpt lat="21.95729" lon="120.76806"/>
    <trkpt lat="21.95702" lon="120.76826"/>
    <trkpt lat="21.9569" lon="120.76835"/>
    <trkpt lat="21.95681" lon="120.76843"/>
    <trkpt lat="21.95638" lon="120.76881"/>
    <trkpt lat="21.95624" lon="120.76893"/>
    <trkpt lat="21.95601" lon="120.76913"/>
    <trkpt lat="21.95591" lon="120.76923"/>
    <trkpt lat="21.95576" lon="120.76938"/>
    <trkpt lat="21.95565" lon="120.76952"/>
    <trkpt lat="21.95556" lon="120.76963"/>
    <trkpt lat="21.95542" lon="120.76983"/>
    <trkpt lat="21.95541" lon="120.76984"/>
    <trkpt lat="21.95524" lon="120.77009"/>
    <trkpt lat="21.95516" lon="120.7702"/>
    <trkpt lat="21.95512" lon="120.77026"/>
    <trkpt lat="21.95505" lon="120.77037"/>
    <trkpt lat="21.95489" lon="120.77058"/>
    <trkpt lat="21.95485" lon="120.77063"/>
    <trkpt lat="21.95479" lon="120.7707"/>
    <trkpt lat="21.95472" lon="120.77077"/>
    <trkpt lat="21.95463" lon="120.77084"/>
    <trkpt lat="21.95454" lon="120.7709"/>
    <trkpt lat="21.95447" lon="120.77093"/>
    <trkpt lat="21.95436" lon="120.77098"/>
    <trkpt lat="21.95425" lon="120.77102"/>
    <trkpt lat="21.95409" lon="120.77107"/>
    <trkpt lat="21.95408" lon="120.77108"/>
    <trkpt lat="21.9537" lon="120.77121"/>
    <trkpt lat="21.95343" lon="120.77131"/>
    <trkpt lat="21.95329" lon="120.77136"/>
    <trkpt lat="21.95314" lon="120.77142"/>
    <trkpt lat="21.95306" lon="120.77146"/>
    <trkpt lat="21.95295" lon="120.77153"/>
    <trkpt lat="21.95285" lon="120.77159"/>
    <trkpt lat="21.95278" lon="120.77165"/>
    <trkpt lat="21.9527" lon="120.77173"/>
    <trkpt lat="21.95262" lon="120.77182"/>
    <trkpt lat="21.95256" lon="120.7719"/>
    <trkpt lat="21.95249" lon="120.77202"/>
    <trkpt lat="21.95245" lon="120.7721"/>
    <trkpt lat="21.95238" lon="120.77232"/>
    <trkpt lat="21.95229" lon="120.77261"/>
    <trkpt lat="21.95228" lon="120.77266"/>
    <trkpt lat="21.95217" lon="120.77304"/>
    <trkpt lat="21.95211" lon="120.77324"/>
    <trkpt lat="21.95207" lon="120.77336"/>
    <trkpt lat="21.95202" lon="120.77348"/>
    <trkpt lat="21.95197" lon="120.77359"/>
    <trkpt lat="21.95193" lon="120.77366"/>
    <trkpt lat="21.95189" lon="120.77374"/>
    <trkpt lat="21.95172" lon="120.77401"/>
    <trkpt lat="21.95151" lon="120.77434"/>
    <trkpt lat="21.9514" lon="120.77454"/>
    <trkpt lat="21.9514" lon="120.77455"/>
    <trkpt lat="21.9513" lon="120.77475"/>
    <trkpt lat="21.95121" lon="120.77495"/>
    <trkpt lat="21.95113" lon="120.77515"/>
    <trkpt lat="21.95106" lon="120.77533"/>
    <trkpt lat="21.95101" lon="120.77553"/>
    <trkpt lat="21.95098" lon="120.77571"/>
    <trkpt lat="21.95095" lon="120.7759"/>
    <trkpt lat="21.95093" lon="120.77613"/>
    <trkpt lat="21.95091" lon="120.7764"/>
    <trkpt lat="21.9509" lon="120.77651"/>
    <trkpt lat="21.95088" lon="120.77685"/>
    <trkpt lat="21.95084" lon="120.77716"/>
    <trkpt lat="21.9508" lon="120.77742"/>
    <trkpt lat="21.95079" lon="120.7775"/>
    <trkpt lat="21.95076" lon="120.7776"/>
    <trkpt lat="21.95074" lon="120.77766"/>
    <trkpt lat="21.95071" lon="120.77772"/>
    <trkpt lat="21.95067" lon="120.77783"/>
    <trkpt lat="21.95063" lon="120.7779"/>
    <trkpt lat="21.95055" lon="120.778"/>
    <trkpt lat="21.95046" lon="120.77812"/>
    <trkpt lat="21.95015" lon="120.77843"/>
    <trkpt lat="21.94991" lon="120.77865"/>
    <trkpt lat="21.94988" lon="120.77868"/>
    <trkpt lat="21.94983" lon="120.77872"/>
    <trkpt lat="21.94977" lon="120.77876"/>
    <trkpt lat="21.94973" lon="120.77879"/>
    <trkpt lat="21.94965" lon="120.77883"/>
    <trkpt lat="21.9495" lon="120.77889"/>
    <trkpt lat="21.94943" lon="120.77893"/>
    <trkpt lat="21.94937" lon="120.77895"/>
    <trkpt lat="21.9493" lon="120.77897"/>
    <trkpt lat="21.94907" lon="120.77903"/>
    <trkpt lat="21.94883" lon="120.77913"/>
    <trkpt lat="21.94857" lon="120.77925"/>
    <trkpt lat="21.94849" lon="120.77929"/>
    <trkpt lat="21.94844" lon="120.77932"/>
    <trkpt lat="21.94828" lon="120.77943"/>
    <trkpt lat="21.94816" lon="120.77951"/>
    <trkpt lat="21.94809" lon="120.77956"/>
    <trkpt lat="21.94801" lon="120.77964"/>
    <trkpt lat="21.94797" lon="120.77968"/>
    <trkpt lat="21.94794" lon="120.77971"/>
    <trkpt lat="21.94783" lon="120.77983"/>
    <trkpt lat="21.94772" lon="120.77996"/>
    <trkpt lat="21.94772" lon="120.77997"/>
    <trkpt lat="21.94762" lon="120.78012"/>
    <trkpt lat="21.94751" lon="120.78027"/>
    <trkpt lat="21.94751" lon="120.78028"/>
    <trkpt lat="21.94741" lon="120.78043"/>
    <trkpt lat="21.94731" lon="120.78058"/>
    <trkpt lat="21.9473" lon="120.78059"/>
    <trkpt lat="21.94721" lon="120.78073"/>
    <trkpt lat="21.94713" lon="120.78084"/>
    <trkpt lat="21.94708" lon="120.78091"/>
    <trkpt lat="21.94692" lon="120.78108"/>
    <trkpt lat="21.94667" lon="120.78135"/>
    <trkpt lat="21.94638" lon="120.78167"/>
    <trkpt lat="21.94609" lon="120.78199"/>
    <trkpt lat="21.9459" lon="120.78221"/>
    <trkpt lat="21.94583" lon="120.7823"/>
    <trkpt lat="21.9458" lon="120.78235"/>
    <trkpt lat="21.94576" lon="120.78241"/>
    <trkpt lat="21.9457" lon="120.78255"/>
    <trkpt lat="21.94565" lon="120.78267"/>
    <trkpt lat="21.94562" lon="120.78281"/>
    <trkpt lat="21.9456" lon="120.78293"/>
    <trkpt lat="21.9456" lon="120.78305"/>
    <trkpt lat="21.9456" lon="120.7832"/>
    <trkpt lat="21.94562" lon="120.78332"/>
    <trkpt lat="21.94566" lon="120.78344"/>
    <trkpt lat="21.94567" lon="120.78347"/>
    <trkpt lat="21.9457" lon="120.78357"/>
    <trkpt lat="21.94573" lon="120.78365"/>
    <trkpt lat="21.94574" lon="120.78366"/>
    <trkpt lat="21.94576" lon="120.7837"/>
    <trkpt lat="21.94583" lon="120.78384"/>
    <trkpt lat="21.94585" lon="120.78388"/>
    <trkpt lat="21.94593" lon="120.78401"/>
    <trkpt lat="21.94593" lon="120.78402"/>
    <trkpt lat="21.94597" lon="120.7841"/>
    <trkpt lat="21.94604" lon="120.78424"/>
    <trkpt lat="21.9461" lon="120.78438"/>
    <trkpt lat="21.94612" lon="120.78442"/>
    <trkpt lat="21.94613" lon="120.78446"/>
    <trkpt lat="21.94615" lon="120.78454"/>
    <trkpt lat="21.94618" lon="120.78463"/>
    <trkpt lat="21.94619" lon="120.78472"/>
    <trkpt lat="21.9462" lon="120.78483"/>
    <trkpt lat="21.9462" lon="120.7849"/>
    <trkpt lat="21.9462" lon="120.78498"/>
    <trkpt lat="21.94619" lon="120.78506"/>
    <trkpt lat="21.94617" lon="120.78517"/>
    <trkpt lat="21.94611" lon="120.78537"/>
    <trkpt lat="21.94605" lon="120.78556"/>
    <trkpt lat="21.946" lon="120.78573"/>
    <trkpt lat="21.94596" lon="120.78589"/>
    <trkpt lat="21.94594" lon="120.786"/>
    <trkpt lat="21.9459" lon="120.78623"/>
    <trkpt lat="21.94588" lon="120.78639"/>
    <trkpt lat="21.94587" lon="120.78653"/>
    <trkpt lat="21.94587" lon="120.78666"/>
    <trkpt lat="21.94589" lon="120.78681"/>
    <trkpt lat="21.94592" lon="120.78701"/>
    <trkpt lat="21.94595" lon="120.78713"/>
    <trkpt lat="21.94602" lon="120.78741"/>
    <trkpt lat="21.94606" lon="120.78761"/>
    <trkpt lat="21.94608" lon="120.78768"/>
    <trkpt lat="21.94616" lon="120.78796"/>
    <trkpt lat="21.94617" lon="120.78803"/>
    <trkpt lat="21.94619" lon="120.78812"/>
    <trkpt lat="21.94624" lon="120.78836"/>
    <trkpt lat="21.94626" lon="120.78856"/>
    <trkpt lat="21.94626" lon="120.78857"/>
    <trkpt lat="21.9463" lon="120.78891"/>
    <trkpt lat="21.94632" lon="120.78919"/>
    <trkpt lat="21.94632" lon="120.78945"/>
    <trkpt lat="21.94631" lon="120.7897"/>
    <trkpt lat="21.94629" lon="120.79008"/>
    <trkpt lat="21.94622" lon="120.79062"/>
    <trkpt lat="21.94617" lon="120.79098"/>
    <trkpt lat="21.94615" lon="120.79123"/>
    <trkpt lat="21.94608" lon="120.79176"/>
    <trkpt lat="21.94607" lon="120.79186"/>
    <trkpt lat="21.94599" lon="120.79247"/>
    <trkpt lat="21.94597" lon="120.79257"/>
    <trkpt lat="21.94596" lon="120.79273"/>
    <trkpt lat="21.9459" lon="120.79321"/>
    <trkpt lat="21.94586" lon="120.7935"/>
    <trkpt lat="21.94581" lon="120.79382"/>
    <trkpt lat="21.9458" lon="120.79405"/>
    <trkpt lat="21.9458" lon="120.79424"/>
    <trkpt lat="21.94581" lon="120.7944"/>
    <trkpt lat="21.94581" lon="120.79442"/>
    <trkpt lat="21.94583" lon="120.79454"/>
    <trkpt lat="21.94585" lon="120.79467"/>
    <trkpt lat="21.94588" lon="120.79482"/>
    <trkpt lat="21.94596" lon="120.79525"/>
    <trkpt lat="21.94597" lon="120.79533"/>
    <trkpt lat="21.94601" lon="120.79554"/>
    <trkpt lat="21.94602" lon="120.79558"/>
    <trkpt lat="21.94604" lon="120.79573"/>
    <trkpt lat="21.94608" lon="120.79596"/>
    <trkpt lat="21.9461" lon="120.79612"/>
    <trkpt lat="21.94612" lon="120.7963"/>
    <trkpt lat="21.94611" lon="120.79636"/>
    <trkpt lat="21.9461" lon="120.79642"/>
    <trkpt lat="21.94609" lon="120.79647"/>
    <trkpt lat="21.94606" lon="120.79656"/>
    <trkpt lat="21.94603" lon="120.79662"/>
    <trkpt lat="21.94592" lon="120.79687"/>
    <trkpt lat="21.94585" lon="120.797"/>
    <trkpt lat="21.94581" lon="120.79708"/>
  </trkseg></trk>
</gpx>