<?xml version="1.0" encoding="UTF-8"?>
<gpx xmlns="http://www.topografix.com/GPX/1/1" version="1.1" creator="CyclingTW">
  <metadata><name>Day 8 花東縱谷北行接駁日</name>
    <bounds minlat="23.32631" minlon="121.31121" maxlat="24.03107" maxlon="121.6385"/></metadata>
  <wpt lat="23.331519999999998" lon="121.31172"><name>玉里車站</name><sym>Flag, Green</sym></wpt>
  <wpt lat="23.3287282" lon="121.31116619999999"><name>玉富自行車道</name><sym>Waypoint</sym></wpt>
  <wpt lat="23.465730999999998" lon="121.3574028"><name>北回歸線標誌公園</name><sym>Waypoint</sym></wpt>
  <wpt lat="23.5170213" lon="121.37690019999998"><name>7-ELEVEn 瑞權門市</name><sym>Waypoint</sym></wpt>
  <wpt lat="23.6586905" lon="121.4206067"><name>花蓮觀光糖廠</name><sym>Waypoint</sym></wpt>
  <wpt lat="23.6660044" lon="121.42363710000001"><name>全家便利商店 光復車站店</name><sym>Waypoint</sym></wpt>
  <wpt lat="23.774957099999998" lon="121.45787310000001"><name>物語食堂＆精油工坊</name><sym>Waypoint</sym></wpt>
  <wpt lat="23.8285824" lon="121.5155814"><name>花蓮雲山水夢幻湖</name><sym>Waypoint</sym></wpt>
  <wpt lat="23.8957408" lon="121.55395479999999"><name>7-ELEVEN 豐學門市</name><sym>Waypoint</sym></wpt>
  <wpt lat="23.982899" lon="121.62137349999999"><name>7-ELEVEN 權營門市</name><sym>Waypoint</sym></wpt>
  <wpt lat="24.0314268" lon="121.62717639999998"><name>七星潭海岸風景特定區</name><sym>Waypoint</sym></wpt>
  <wpt lat="23.9933133" lon="121.60124549999999"><name>花蓮車站</name><sym>Flag, Red</sym></wpt>
  <trk><name>Day 8</name><trkseg>
    <trkpt lat="23.33151" lon="121.3119"/>
    <trkpt lat="23.33132" lon="121.31189"/>
    <trkpt lat="23.33009" lon="121.31173"/>
    <trkpt lat="23.32974" lon="121.31168"/>
    <trkpt lat="23.32929" lon="121.31162"/>
    <trkpt lat="23.32901" lon="121.31159"/>
    <trkpt lat="23.32876" lon="121.31157"/>
    <trkpt lat="23.32877" lon="121.31146"/>
    <trkpt lat="23.32876" lon="121.31121"/>
    <trkpt lat="23.32877" lon="121.31146"/>
    <trkpt lat="23.32876" lon="121.31157"/>
    <trkpt lat="23.32876" lon="121.31197"/>
    <trkpt lat="23.32868" lon="121.31196"/>
    <trkpt lat="23.32857" lon="121.31195"/>
    <trkpt lat="23.32835" lon="121.31197"/>
    <trkpt lat="23.32823" lon="121.31201"/>
    <trkpt lat="23.32819" lon="121.31204"/>
    <trkpt lat="23.32803" lon="121.31219"/>
    <trkpt lat="23.32782" lon="121.31248"/>
    <trkpt lat="23.32751" lon="121.31302"/>
    <trkpt lat="23.32725" lon="121.31341"/>
    <trkpt lat="23.3269" lon="121.31386"/>
    <trkpt lat="23.32662" lon="121.31433"/>
    <trkpt lat="23.32648" lon="121.31449"/>
    <trkpt lat="23.32631" lon="121.31475"/>
    <trkpt lat="23.32657" lon="121.31496"/>
    <trkpt lat="23.32674" lon="121.31509"/>
    <trkpt lat="23.32683" lon="121.31517"/>
    <trkpt lat="23.3271" lon="121.31536"/>
    <trkpt lat="23.32737" lon="121.31559"/>
    <trkpt lat="23.32806" lon="121.31614"/>
    <trkpt lat="23.32828" lon="121.31632"/>
    <trkpt lat="23.32869" lon="121.3167"/>
    <trkpt lat="23.32875" lon="121.31691"/>
    <trkpt lat="23.32882" lon="121.31705"/>
    <trkpt lat="23.32887" lon="121.31715"/>
    <trkpt lat="23.32908" lon="121.31729"/>
    <trkpt lat="23.32965" lon="121.31754"/>
    <trkpt lat="23.33022" lon="121.31778"/>
    <trkpt lat="23.33077" lon="121.31801"/>
    <trkpt lat="23.33132" lon="121.31825"/>
    <trkpt lat="23.33174" lon="121.31846"/>
    <trkpt lat="23.33186" lon="121.31851"/>
    <trkpt lat="23.3322" lon="121.31864"/>
    <trkpt lat="23.33231" lon="121.31866"/>
    <trkpt lat="23.33234" lon="121.31867"/>
    <trkpt lat="23.33237" lon="121.31867"/>
    <trkpt lat="23.33239" lon="121.31867"/>
    <trkpt lat="23.33239" lon="121.31871"/>
    <trkpt lat="23.33243" lon="121.31912"/>
    <trkpt lat="23.33247" lon="121.31976"/>
    <trkpt lat="23.33247" lon="121.31986"/>
    <trkpt lat="23.33344" lon="121.31982"/>
    <trkpt lat="23.33428" lon="121.31984"/>
    <trkpt lat="23.33457" lon="121.31986"/>
    <trkpt lat="23.33537" lon="121.32"/>
    <trkpt lat="23.3355" lon="121.32002"/>
    <trkpt lat="23.3362" lon="121.32011"/>
    <trkpt lat="23.33632" lon="121.32013"/>
    <trkpt lat="23.33653" lon="121.32017"/>
    <trkpt lat="23.33683" lon="121.3202"/>
    <trkpt lat="23.33698" lon="121.32022"/>
    <trkpt lat="23.33718" lon="121.32025"/>
    <trkpt lat="23.33731" lon="121.32026"/>
    <trkpt lat="23.33766" lon="121.32031"/>
    <trkpt lat="23.33821" lon="121.32038"/>
    <trkpt lat="23.33827" lon="121.32039"/>
    <trkpt lat="23.33871" lon="121.32042"/>
    <trkpt lat="23.33924" lon="121.3205"/>
    <trkpt lat="23.33989" lon="121.32064"/>
    <trkpt lat="23.34085" lon="121.32087"/>
    <trkpt lat="23.34209" lon="121.32122"/>
    <trkpt lat="23.34255" lon="121.32135"/>
    <trkpt lat="23.34369" lon="121.32169"/>
    <trkpt lat="23.34552" lon="121.32217"/>
    <trkpt lat="23.34593" lon="121.32229"/>
    <trkpt lat="23.34639" lon="121.32246"/>
    <trkpt lat="23.34783" lon="121.32305"/>
    <trkpt lat="23.34796" lon="121.32311"/>
    <trkpt lat="23.34815" lon="121.32318"/>
    <trkpt lat="23.34842" lon="121.32329"/>
    <trkpt lat="23.34859" lon="121.32337"/>
    <trkpt lat="23.34877" lon="121.32345"/>
    <trkpt lat="23.34936" lon="121.32373"/>
    <trkpt lat="23.34966" lon="121.32388"/>
    <trkpt lat="23.35008" lon="121.32407"/>
    <trkpt lat="23.35148" lon="121.32469"/>
    <trkpt lat="23.35157" lon="121.32474"/>
    <trkpt lat="23.3517" lon="121.32481"/>
    <trkpt lat="23.35187" lon="121.32487"/>
    <trkpt lat="23.35204" lon="121.32494"/>
    <trkpt lat="23.3522" lon="121.32501"/>
    <trkpt lat="23.35247" lon="121.32512"/>
    <trkpt lat="23.35251" lon="121.32514"/>
    <trkpt lat="23.35259" lon="121.32518"/>
    <trkpt lat="23.35292" lon="121.32531"/>
    <trkpt lat="23.35314" lon="121.3254"/>
    <trkpt lat="23.35327" lon="121.32545"/>
    <trkpt lat="23.35341" lon="121.3255"/>
    <trkpt lat="23.35359" lon="121.32553"/>
    <trkpt lat="23.35367" lon="121.32555"/>
    <trkpt lat="23.35375" lon="121.32555"/>
    <trkpt lat="23.35385" lon="121.32556"/>
    <trkpt lat="23.35396" lon="121.32555"/>
    <trkpt lat="23.35406" lon="121.32555"/>
    <trkpt lat="23.35413" lon="121.32554"/>
    <trkpt lat="23.35431" lon="121.32552"/>
    <trkpt lat="23.3545" lon="121.32544"/>
    <trkpt lat="23.35456" lon="121.32542"/>
    <trkpt lat="23.35467" lon="121.32539"/>
    <trkpt lat="23.35503" lon="121.32524"/>
    <trkpt lat="23.35513" lon="121.32521"/>
    <trkpt lat="23.35652" lon="121.32467"/>
    <trkpt lat="23.35658" lon="121.32465"/>
    <trkpt lat="23.35692" lon="121.32451"/>
    <trkpt lat="23.35742" lon="121.32433"/>
    <trkpt lat="23.35748" lon="121.3243"/>
    <trkpt lat="23.35793" lon="121.32414"/>
    <trkpt lat="23.35815" lon="121.32405"/>
    <trkpt lat="23.35831" lon="121.324"/>
    <trkpt lat="23.35846" lon="121.32398"/>
    <trkpt lat="23.35871" lon="121.32394"/>
    <trkpt lat="23.3589" lon="121.32396"/>
    <trkpt lat="23.35898" lon="121.32397"/>
    <trkpt lat="23.35914" lon="121.324"/>
    <trkpt lat="23.35934" lon="121.32405"/>
    <trkpt lat="23.35967" lon="121.32416"/>
    <trkpt lat="23.35985" lon="121.32423"/>
    <trkpt lat="23.3601" lon="121.32431"/>
    <trkpt lat="23.36027" lon="121.32436"/>
    <trkpt lat="23.36046" lon="121.32442"/>
    <trkpt lat="23.36062" lon="121.32449"/>
    <trkpt lat="23.36087" lon="121.32457"/>
    <trkpt lat="23.36121" lon="121.32468"/>
    <trkpt lat="23.36131" lon="121.32472"/>
    <trkpt lat="23.36183" lon="121.32489"/>
    <trkpt lat="23.3621" lon="121.32499"/>
    <trkpt lat="23.36224" lon="121.32504"/>
    <trkpt lat="23.36233" lon="121.32507"/>
    <trkpt lat="23.36238" lon="121.32509"/>
    <trkpt lat="23.36435" lon="121.32575"/>
    <trkpt lat="23.36458" lon="121.32583"/>
    <trkpt lat="23.36461" lon="121.32584"/>
    <trkpt lat="23.36513" lon="121.326"/>
    <trkpt lat="23.36529" lon="121.32605"/>
    <trkpt lat="23.36584" lon="121.32623"/>
    <trkpt lat="23.36661" lon="121.32649"/>
    <trkpt lat="23.36667" lon="121.32651"/>
    <trkpt lat="23.36676" lon="121.32653"/>
    <trkpt lat="23.36693" lon="121.32659"/>
    <trkpt lat="23.36762" lon="121.32681"/>
    <trkpt lat="23.36841" lon="121.32709"/>
    <trkpt lat="23.36902" lon="121.3273"/>
    <trkpt lat="23.37061" lon="121.32782"/>
    <trkpt lat="23.37265" lon="121.3285"/>
    <trkpt lat="23.37389" lon="121.32893"/>
    <trkpt lat="23.37474" lon="121.32922"/>
    <trkpt lat="23.37537" lon="121.32937"/>
    <trkpt lat="23.37566" lon="121.32941"/>
    <trkpt lat="23.37588" lon="121.32944"/>
    <trkpt lat="23.37632" lon="121.32946"/>
    <trkpt lat="23.37664" lon="121.32947"/>
    <trkpt lat="23.37782" lon="121.32955"/>
    <trkpt lat="23.37909" lon="121.32964"/>
    <trkpt lat="23.37972" lon="121.32968"/>
    <trkpt lat="23.38009" lon="121.3297"/>
    <trkpt lat="23.38181" lon="121.32982"/>
    <trkpt lat="23.38246" lon="121.32987"/>
    <trkpt lat="23.38301" lon="121.32989"/>
    <trkpt lat="23.38332" lon="121.32989"/>
    <trkpt lat="23.38406" lon="121.32991"/>
    <trkpt lat="23.38431" lon="121.32994"/>
    <trkpt lat="23.38448" lon="121.32998"/>
    <trkpt lat="23.38475" lon="121.33004"/>
    <trkpt lat="23.38507" lon="121.33015"/>
    <trkpt lat="23.38521" lon="121.3302"/>
    <trkpt lat="23.38675" lon="121.33083"/>
    <trkpt lat="23.38704" lon="121.33096"/>
    <trkpt lat="23.3875" lon="121.33117"/>
    <trkpt lat="23.38888" lon="121.33174"/>
    <trkpt lat="23.38935" lon="121.33194"/>
    <trkpt lat="23.39021" lon="121.33231"/>
    <trkpt lat="23.39118" lon="121.33273"/>
    <trkpt lat="23.39244" lon="121.33326"/>
    <trkpt lat="23.39268" lon="121.33336"/>
    <trkpt lat="23.39402" lon="121.33393"/>
    <trkpt lat="23.39419" lon="121.334"/>
    <trkpt lat="23.39548" lon="121.33454"/>
    <trkpt lat="23.3957" lon="121.33464"/>
    <trkpt lat="23.39638" lon="121.33492"/>
    <trkpt lat="23.39657" lon="121.335"/>
    <trkpt lat="23.39821" lon="121.3357"/>
    <trkpt lat="23.3984" lon="121.33577"/>
    <trkpt lat="23.39858" lon="121.33585"/>
    <trkpt lat="23.39938" lon="121.33617"/>
    <trkpt lat="23.39998" lon="121.33644"/>
    <trkpt lat="23.4016" lon="121.33715"/>
    <trkpt lat="23.40444" lon="121.33831"/>
    <trkpt lat="23.40521" lon="121.33862"/>
    <trkpt lat="23.40567" lon="121.33884"/>
    <trkpt lat="23.40581" lon="121.3389"/>
    <trkpt lat="23.40596" lon="121.33896"/>
    <trkpt lat="23.40607" lon="121.339"/>
    <trkpt lat="23.40705" lon="121.33942"/>
    <trkpt lat="23.40814" lon="121.33988"/>
    <trkpt lat="23.41443" lon="121.34244"/>
    <trkpt lat="23.41582" lon="121.34301"/>
    <trkpt lat="23.41778" lon="121.34381"/>
    <trkpt lat="23.41885" lon="121.34425"/>
    <trkpt lat="23.41902" lon="121.34432"/>
    <trkpt lat="23.42003" lon="121.34474"/>
    <trkpt lat="23.42137" lon="121.34529"/>
    <trkpt lat="23.42154" lon="121.34536"/>
    <trkpt lat="23.42222" lon="121.34563"/>
    <trkpt lat="23.42238" lon="121.3457"/>
    <trkpt lat="23.42305" lon="121.34597"/>
    <trkpt lat="23.42383" lon="121.34628"/>
    <trkpt lat="23.42419" lon="121.34643"/>
    <trkpt lat="23.42779" lon="121.34783"/>
    <trkpt lat="23.42821" lon="121.34793"/>
    <trkpt lat="23.42833" lon="121.34799"/>
    <trkpt lat="23.42884" lon="121.34827"/>
    <trkpt lat="23.43007" lon="121.34897"/>
    <trkpt lat="23.43048" lon="121.34922"/>
    <trkpt lat="23.43139" lon="121.34972"/>
    <trkpt lat="23.43176" lon="121.34993"/>
    <trkpt lat="23.43216" lon="121.35015"/>
    <trkpt lat="23.43236" lon="121.35027"/>
    <trkpt lat="23.43293" lon="121.35059"/>
    <trkpt lat="23.43438" lon="121.3514"/>
    <trkpt lat="23.43462" lon="121.35156"/>
    <trkpt lat="23.43484" lon="121.35171"/>
    <trkpt lat="23.43496" lon="121.35182"/>
    <trkpt lat="23.4351" lon="121.352"/>
    <trkpt lat="23.43535" lon="121.35241"/>
    <trkpt lat="23.43553" lon="121.35265"/>
    <trkpt lat="23.43576" lon="121.35288"/>
    <trkpt lat="23.43596" lon="121.35304"/>
    <trkpt lat="23.43619" lon="121.35313"/>
    <trkpt lat="23.43682" lon="121.3533"/>
    <trkpt lat="23.43688" lon="121.35332"/>
    <trkpt lat="23.43744" lon="121.35346"/>
    <trkpt lat="23.43784" lon="121.35361"/>
    <trkpt lat="23.43791" lon="121.35365"/>
    <trkpt lat="23.43848" lon="121.35392"/>
    <trkpt lat="23.43886" lon="121.35411"/>
    <trkpt lat="23.43887" lon="121.35411"/>
    <trkpt lat="23.4393" lon="121.35427"/>
    <trkpt lat="23.43962" lon="121.35436"/>
    <trkpt lat="23.43974" lon="121.35438"/>
    <trkpt lat="23.43988" lon="121.35439"/>
    <trkpt lat="23.43992" lon="121.35439"/>
    <trkpt lat="23.43997" lon="121.35438"/>
    <trkpt lat="23.44005" lon="121.35436"/>
    <trkpt lat="23.44017" lon="121.35432"/>
    <trkpt lat="23.44022" lon="121.3543"/>
    <trkpt lat="23.44031" lon="121.35425"/>
    <trkpt lat="23.44038" lon="121.3542"/>
    <trkpt lat="23.44046" lon="121.35414"/>
    <trkpt lat="23.4406" lon="121.35399"/>
    <trkpt lat="23.44065" lon="121.3539"/>
    <trkpt lat="23.44067" lon="121.35387"/>
    <trkpt lat="23.44075" lon="121.35373"/>
    <trkpt lat="23.44093" lon="121.35339"/>
    <trkpt lat="23.44118" lon="121.35299"/>
    <trkpt lat="23.44134" lon="121.35271"/>
    <trkpt lat="23.44148" lon="121.35236"/>
    <trkpt lat="23.44155" lon="121.352"/>
    <trkpt lat="23.44157" lon="121.35192"/>
    <trkpt lat="23.44159" lon="121.35181"/>
    <trkpt lat="23.44163" lon="121.35169"/>
    <trkpt lat="23.44168" lon="121.35157"/>
    <trkpt lat="23.44172" lon="121.3515"/>
    <trkpt lat="23.4418" lon="121.35142"/>
    <trkpt lat="23.44191" lon="121.35133"/>
    <trkpt lat="23.44201" lon="121.35129"/>
    <trkpt lat="23.44212" lon="121.35126"/>
    <trkpt lat="23.44233" lon="121.35127"/>
    <trkpt lat="23.44272" lon="121.35127"/>
    <trkpt lat="23.44285" lon="121.35125"/>
    <trkpt lat="23.44301" lon="121.35119"/>
    <trkpt lat="23.44313" lon="121.35109"/>
    <trkpt lat="23.44322" lon="121.35099"/>
    <trkpt lat="23.44341" lon="121.35076"/>
    <trkpt lat="23.44365" lon="121.3504"/>
    <trkpt lat="23.44386" lon="121.35015"/>
    <trkpt lat="23.44408" lon="121.34997"/>
    <trkpt lat="23.44435" lon="121.34982"/>
    <trkpt lat="23.44451" lon="121.34977"/>
    <trkpt lat="23.44472" lon="121.34973"/>
    <trkpt lat="23.44486" lon="121.34972"/>
    <trkpt lat="23.44494" lon="121.34973"/>
    <trkpt lat="23.44498" lon="121.34974"/>
    <trkpt lat="23.44548" lon="121.34988"/>
    <trkpt lat="23.44553" lon="121.34989"/>
    <trkpt lat="23.4457" lon="121.34993"/>
    <trkpt lat="23.44593" lon="121.34996"/>
    <trkpt lat="23.44611" lon="121.34995"/>
    <trkpt lat="23.44705" lon="121.34965"/>
    <trkpt lat="23.44713" lon="121.34965"/>
    <trkpt lat="23.4475" lon="121.34969"/>
    <trkpt lat="23.4477" lon="121.34973"/>
    <trkpt lat="23.44795" lon="121.34985"/>
    <trkpt lat="23.44817" lon="121.35001"/>
    <trkpt lat="23.44828" lon="121.35011"/>
    <trkpt lat="23.44836" lon="121.35018"/>
    <trkpt lat="23.44848" lon="121.35034"/>
    <trkpt lat="23.44851" lon="121.35042"/>
    <trkpt lat="23.44854" lon="121.35049"/>
    <trkpt lat="23.44854" lon="121.35057"/>
    <trkpt lat="23.44854" lon="121.35066"/>
    <trkpt lat="23.44849" lon="121.35085"/>
    <trkpt lat="23.44841" lon="121.35096"/>
    <trkpt lat="23.44834" lon="121.35102"/>
    <trkpt lat="23.44832" lon="121.35104"/>
    <trkpt lat="23.44824" lon="121.35108"/>
    <trkpt lat="23.44818" lon="121.3511"/>
    <trkpt lat="23.44808" lon="121.35113"/>
    <trkpt lat="23.448" lon="121.35114"/>
    <trkpt lat="23.44782" lon="121.35116"/>
    <trkpt lat="23.44781" lon="121.35116"/>
    <trkpt lat="23.44764" lon="121.35119"/>
    <trkpt lat="23.44758" lon="121.35119"/>
    <trkpt lat="23.44747" lon="121.35122"/>
    <trkpt lat="23.44734" lon="121.35129"/>
    <trkpt lat="23.44731" lon="121.35132"/>
    <trkpt lat="23.44724" lon="121.3514"/>
    <trkpt lat="23.44719" lon="121.35146"/>
    <trkpt lat="23.44715" lon="121.35151"/>
    <trkpt lat="23.4471" lon="121.3516"/>
    <trkpt lat="23.44709" lon="121.35162"/>
    <trkpt lat="23.44702" lon="121.35181"/>
    <trkpt lat="23.44696" lon="121.35199"/>
    <trkpt lat="23.44694" lon="121.35205"/>
    <trkpt lat="23.44689" lon="121.35217"/>
    <trkpt lat="23.44677" lon="121.35251"/>
    <trkpt lat="23.44671" lon="121.35268"/>
    <trkpt lat="23.44665" lon="121.3528"/>
    <trkpt lat="23.44659" lon="121.35287"/>
    <trkpt lat="23.44649" lon="121.35292"/>
    <trkpt lat="23.44642" lon="121.35295"/>
    <trkpt lat="23.44635" lon="121.35297"/>
    <trkpt lat="23.44625" lon="121.35299"/>
    <trkpt lat="23.44624" lon="121.35299"/>
    <trkpt lat="23.44619" lon="121.35299"/>
    <trkpt lat="23.44611" lon="121.35298"/>
    <trkpt lat="23.44605" lon="121.35295"/>
    <trkpt lat="23.44599" lon="121.35292"/>
    <trkpt lat="23.44591" lon="121.35286"/>
    <trkpt lat="23.44582" lon="121.35279"/>
    <trkpt lat="23.44566" lon="121.35264"/>
    <trkpt lat="23.44554" lon="121.35257"/>
    <trkpt lat="23.44544" lon="121.35252"/>
    <trkpt lat="23.44534" lon="121.35249"/>
    <trkpt lat="23.44526" lon="121.35249"/>
    <trkpt lat="23.445" lon="121.35253"/>
    <trkpt lat="23.44487" lon="121.35257"/>
    <trkpt lat="23.44482" lon="121.35259"/>
    <trkpt lat="23.44479" lon="121.35261"/>
    <trkpt lat="23.44476" lon="121.35262"/>
    <trkpt lat="23.44467" lon="121.35271"/>
    <trkpt lat="23.44465" lon="121.35274"/>
    <trkpt lat="23.44456" lon="121.35287"/>
    <trkpt lat="23.44447" lon="121.35307"/>
    <trkpt lat="23.44435" lon="121.35332"/>
    <trkpt lat="23.44433" lon="121.35343"/>
    <trkpt lat="23.44431" lon="121.35354"/>
    <trkpt lat="23.44431" lon="121.35369"/>
    <trkpt lat="23.44433" lon="121.35381"/>
    <trkpt lat="23.44437" lon="121.35395"/>
    <trkpt lat="23.44442" lon="121.35406"/>
    <trkpt lat="23.44446" lon="121.35413"/>
    <trkpt lat="23.44451" lon="121.35419"/>
    <trkpt lat="23.44457" lon="121.35425"/>
    <trkpt lat="23.44459" lon="121.35427"/>
    <trkpt lat="23.44469" lon="121.35436"/>
    <trkpt lat="23.44487" lon="121.35449"/>
    <trkpt lat="23.44517" lon="121.35467"/>
    <trkpt lat="23.44551" lon="121.35483"/>
    <trkpt lat="23.44566" lon="121.35488"/>
    <trkpt lat="23.4457" lon="121.35489"/>
    <trkpt lat="23.44577" lon="121.35491"/>
    <trkpt lat="23.44597" lon="121.35494"/>
    <trkpt lat="23.44611" lon="121.35496"/>
    <trkpt lat="23.44616" lon="121.35496"/>
    <trkpt lat="23.4462" lon="121.35495"/>
    <trkpt lat="23.44634" lon="121.35494"/>
    <trkpt lat="23.44679" lon="121.3549"/>
    <trkpt lat="23.44702" lon="121.35488"/>
    <trkpt lat="23.44741" lon="121.35483"/>
    <trkpt lat="23.44772" lon="121.3548"/>
    <trkpt lat="23.44779" lon="121.35479"/>
    <trkpt lat="23.44792" lon="121.35479"/>
    <trkpt lat="23.44803" lon="121.35478"/>
    <trkpt lat="23.44804" lon="121.35478"/>
    <trkpt lat="23.44806" lon="121.3548"/>
    <trkpt lat="23.44807" lon="121.3548"/>
    <trkpt lat="23.44808" lon="121.35481"/>
    <trkpt lat="23.44809" lon="121.35481"/>
    <trkpt lat="23.44811" lon="121.35481"/>
    <trkpt lat="23.44815" lon="121.35481"/>
    <trkpt lat="23.44824" lon="121.3548"/>
    <trkpt lat="23.44842" lon="121.35478"/>
    <trkpt lat="23.4486" lon="121.35476"/>
    <trkpt lat="23.44878" lon="121.35474"/>
    <trkpt lat="23.44896" lon="121.35472"/>
    <trkpt lat="23.44949" lon="121.35466"/>
    <trkpt lat="23.44952" lon="121.35465"/>
    <trkpt lat="23.44973" lon="121.3546"/>
    <trkpt lat="23.44989" lon="121.35454"/>
    <trkpt lat="23.44998" lon="121.3545"/>
    <trkpt lat="23.45017" lon="121.35441"/>
    <trkpt lat="23.45038" lon="121.35428"/>
    <trkpt lat="23.45044" lon="121.35424"/>
    <trkpt lat="23.45059" lon="121.35415"/>
    <trkpt lat="23.45069" lon="121.35409"/>
    <trkpt lat="23.45123" lon="121.35378"/>
    <trkpt lat="23.45128" lon="121.35369"/>
    <trkpt lat="23.45149" lon="121.35357"/>
    <trkpt lat="23.45165" lon="121.35348"/>
    <trkpt lat="23.4518" lon="121.35343"/>
    <trkpt lat="23.4521" lon="121.35333"/>
    <trkpt lat="23.45229" lon="121.3533"/>
    <trkpt lat="23.45246" lon="121.35327"/>
    <trkpt lat="23.45249" lon="121.35327"/>
    <trkpt lat="23.45275" lon="121.35323"/>
    <trkpt lat="23.45318" lon="121.35321"/>
    <trkpt lat="23.45336" lon="121.35319"/>
    <trkpt lat="23.45354" lon="121.35318"/>
    <trkpt lat="23.45376" lon="121.35317"/>
    <trkpt lat="23.45393" lon="121.35319"/>
    <trkpt lat="23.45453" lon="121.35325"/>
    <trkpt lat="23.45492" lon="121.35329"/>
    <trkpt lat="23.45643" lon="121.35348"/>
    <trkpt lat="23.45648" lon="121.35349"/>
    <trkpt lat="23.4581" lon="121.35364"/>
    <trkpt lat="23.45824" lon="121.35366"/>
    <trkpt lat="23.45886" lon="121.35373"/>
    <trkpt lat="23.4589" lon="121.35374"/>
    <trkpt lat="23.45904" lon="121.35376"/>
    <trkpt lat="23.46005" lon="121.35387"/>
    <trkpt lat="23.46018" lon="121.35389"/>
    <trkpt lat="23.46041" lon="121.35398"/>
    <trkpt lat="23.46077" lon="121.35414"/>
    <trkpt lat="23.46129" lon="121.35434"/>
    <trkpt lat="23.46158" lon="121.35447"/>
    <trkpt lat="23.46251" lon="121.35493"/>
    <trkpt lat="23.46366" lon="121.35549"/>
    <trkpt lat="23.4639" lon="121.3556"/>
    <trkpt lat="23.46401" lon="121.35566"/>
    <trkpt lat="23.46438" lon="121.35594"/>
    <trkpt lat="23.46441" lon="121.35597"/>
    <trkpt lat="23.4648" lon="121.35632"/>
    <trkpt lat="23.46538" lon="121.35685"/>
    <trkpt lat="23.46549" lon="121.35695"/>
    <trkpt lat="23.46584" lon="121.35727"/>
    <trkpt lat="23.46608" lon="121.3575"/>
    <trkpt lat="23.4672" lon="121.35853"/>
    <trkpt lat="23.46803" lon="121.35925"/>
    <trkpt lat="23.46804" lon="121.35926"/>
    <trkpt lat="23.46824" lon="121.35943"/>
    <trkpt lat="23.46832" lon="121.35949"/>
    <trkpt lat="23.4684" lon="121.35955"/>
    <trkpt lat="23.4685" lon="121.35961"/>
    <trkpt lat="23.46859" lon="121.35966"/>
    <trkpt lat="23.46878" lon="121.35973"/>
    <trkpt lat="23.46884" lon="121.35976"/>
    <trkpt lat="23.46891" lon="121.35978"/>
    <trkpt lat="23.46894" lon="121.35979"/>
    <trkpt lat="23.46898" lon="121.3598"/>
    <trkpt lat="23.46927" lon="121.35985"/>
    <trkpt lat="23.47008" lon="121.35991"/>
    <trkpt lat="23.47023" lon="121.35993"/>
    <trkpt lat="23.47028" lon="121.35994"/>
    <trkpt lat="23.47039" lon="121.35997"/>
    <trkpt lat="23.47047" lon="121.36"/>
    <trkpt lat="23.47057" lon="121.36003"/>
    <trkpt lat="23.47062" lon="121.36005"/>
    <trkpt lat="23.47071" lon="121.3601"/>
    <trkpt lat="23.47076" lon="121.36014"/>
    <trkpt lat="23.47086" lon="121.36022"/>
    <trkpt lat="23.47094" lon="121.36029"/>
    <trkpt lat="23.471" lon="121.36034"/>
    <trkpt lat="23.47107" lon="121.3604"/>
    <trkpt lat="23.47114" lon="121.36054"/>
    <trkpt lat="23.47121" lon="121.36061"/>
    <trkpt lat="23.47141" lon="121.36079"/>
    <trkpt lat="23.47149" lon="121.36086"/>
    <trkpt lat="23.47153" lon="121.36088"/>
    <trkpt lat="23.47159" lon="121.3609"/>
    <trkpt lat="23.47165" lon="121.36093"/>
    <trkpt lat="23.47176" lon="121.36096"/>
    <trkpt lat="23.47182" lon="121.36097"/>
    <trkpt lat="23.4719" lon="121.36098"/>
    <trkpt lat="23.47202" lon="121.36099"/>
    <trkpt lat="23.47208" lon="121.36098"/>
    <trkpt lat="23.47215" lon="121.36097"/>
    <trkpt lat="23.47223" lon="121.36095"/>
    <trkpt lat="23.47227" lon="121.36094"/>
    <trkpt lat="23.4724" lon="121.36089"/>
    <trkpt lat="23.4725" lon="121.36083"/>
    <trkpt lat="23.4726" lon="121.36077"/>
    <trkpt lat="23.47268" lon="121.36071"/>
    <trkpt lat="23.4728" lon="121.3606"/>
    <trkpt lat="23.47286" lon="121.36054"/>
    <trkpt lat="23.47295" lon="121.36039"/>
    <trkpt lat="23.47302" lon="121.36026"/>
    <trkpt lat="23.47311" lon="121.36005"/>
    <trkpt lat="23.47314" lon="121.35996"/>
    <trkpt lat="23.47317" lon="121.35984"/>
    <trkpt lat="23.47319" lon="121.3597"/>
    <trkpt lat="23.47319" lon="121.35965"/>
    <trkpt lat="23.47318" lon="121.3596"/>
    <trkpt lat="23.47316" lon="121.3595"/>
    <trkpt lat="23.47314" lon="121.35944"/>
    <trkpt lat="23.47311" lon="121.35936"/>
    <trkpt lat="23.47307" lon="121.35928"/>
    <trkpt lat="23.473" lon="121.35921"/>
    <trkpt lat="23.47289" lon="121.35911"/>
    <trkpt lat="23.47266" lon="121.35896"/>
    <trkpt lat="23.47257" lon="121.35895"/>
    <trkpt lat="23.47253" lon="121.35892"/>
    <trkpt lat="23.47239" lon="121.3588"/>
    <trkpt lat="23.4721" lon="121.35857"/>
    <trkpt lat="23.47195" lon="121.35846"/>
    <trkpt lat="23.47145" lon="121.35805"/>
    <trkpt lat="23.47137" lon="121.358"/>
    <trkpt lat="23.47125" lon="121.35793"/>
    <trkpt lat="23.47121" lon="121.3579"/>
    <trkpt lat="23.47105" lon="121.35782"/>
    <trkpt lat="23.47072" lon="121.35766"/>
    <trkpt lat="23.47061" lon="121.35761"/>
    <trkpt lat="23.47057" lon="121.35759"/>
    <trkpt lat="23.47056" lon="121.35758"/>
    <trkpt lat="23.4705" lon="121.35754"/>
    <trkpt lat="23.47047" lon="121.35751"/>
    <trkpt lat="23.47043" lon="121.35747"/>
    <trkpt lat="23.47039" lon="121.35741"/>
    <trkpt lat="23.47036" lon="121.35735"/>
    <trkpt lat="23.47035" lon="121.3573"/>
    <trkpt lat="23.47033" lon="121.35724"/>
    <trkpt lat="23.47033" lon="121.35719"/>
    <trkpt lat="23.47033" lon="121.35714"/>
    <trkpt lat="23.47034" lon="121.35707"/>
    <trkpt lat="23.47037" lon="121.35698"/>
    <trkpt lat="23.47039" lon="121.35694"/>
    <trkpt lat="23.47041" lon="121.35691"/>
    <trkpt lat="23.47044" lon="121.35688"/>
    <trkpt lat="23.47054" lon="121.3568"/>
    <trkpt lat="23.47055" lon="121.3568"/>
    <trkpt lat="23.47075" lon="121.35675"/>
    <trkpt lat="23.47093" lon="121.35673"/>
    <trkpt lat="23.47109" lon="121.35677"/>
    <trkpt lat="23.47167" lon="121.35685"/>
    <trkpt lat="23.4717" lon="121.35686"/>
    <trkpt lat="23.47227" lon="121.35691"/>
    <trkpt lat="23.47246" lon="121.35691"/>
    <trkpt lat="23.47251" lon="121.35691"/>
    <trkpt lat="23.47257" lon="121.3569"/>
    <trkpt lat="23.4726" lon="121.3569"/>
    <trkpt lat="23.47268" lon="121.35689"/>
    <trkpt lat="23.47278" lon="121.35687"/>
    <trkpt lat="23.47283" lon="121.35686"/>
    <trkpt lat="23.47309" lon="121.3568"/>
    <trkpt lat="23.47327" lon="121.35677"/>
    <trkpt lat="23.47335" lon="121.35676"/>
    <trkpt lat="23.4734" lon="121.35676"/>
    <trkpt lat="23.47343" lon="121.35676"/>
    <trkpt lat="23.47357" lon="121.35676"/>
    <trkpt lat="23.4737" lon="121.35677"/>
    <trkpt lat="23.4738" lon="121.35678"/>
    <trkpt lat="23.47396" lon="121.35682"/>
    <trkpt lat="23.47422" lon="121.35693"/>
    <trkpt lat="23.47436" lon="121.35698"/>
    <trkpt lat="23.47454" lon="121.35708"/>
    <trkpt lat="23.47474" lon="121.35718"/>
    <trkpt lat="23.47496" lon="121.35729"/>
    <trkpt lat="23.47507" lon="121.35735"/>
    <trkpt lat="23.47523" lon="121.35743"/>
    <trkpt lat="23.4754" lon="121.35753"/>
    <trkpt lat="23.47609" lon="121.35792"/>
    <trkpt lat="23.47634" lon="121.35808"/>
    <trkpt lat="23.4766" lon="121.35822"/>
    <trkpt lat="23.47675" lon="121.35831"/>
    <trkpt lat="23.47686" lon="121.35836"/>
    <trkpt lat="23.47717" lon="121.35855"/>
    <trkpt lat="23.47733" lon="121.35865"/>
    <trkpt lat="23.47765" lon="121.35883"/>
    <trkpt lat="23.47781" lon="121.35893"/>
    <trkpt lat="23.4784" lon="121.35928"/>
    <trkpt lat="23.47855" lon="121.35938"/>
    <trkpt lat="23.4787" lon="121.35947"/>
    <trkpt lat="23.47887" lon="121.35957"/>
    <trkpt lat="23.47901" lon="121.35966"/>
    <trkpt lat="23.47959" lon="121.36002"/>
    <trkpt lat="23.47983" lon="121.36018"/>
    <trkpt lat="23.47992" lon="121.36023"/>
    <trkpt lat="23.48" lon="121.36029"/>
    <trkpt lat="23.4822" lon="121.36161"/>
    <trkpt lat="23.48377" lon="121.36256"/>
    <trkpt lat="23.48396" lon="121.36267"/>
    <trkpt lat="23.48425" lon="121.3628"/>
    <trkpt lat="23.48656" lon="121.36373"/>
    <trkpt lat="23.48693" lon="121.36388"/>
    <trkpt lat="23.48982" lon="121.36506"/>
    <trkpt lat="23.49166" lon="121.36583"/>
    <trkpt lat="23.49192" lon="121.36593"/>
    <trkpt lat="23.49224" lon="121.36606"/>
    <trkpt lat="23.49257" lon="121.3662"/>
    <trkpt lat="23.49303" lon="121.36637"/>
    <trkpt lat="23.49312" lon="121.3664"/>
    <trkpt lat="23.49415" lon="121.36683"/>
    <trkpt lat="23.49432" lon="121.3669"/>
    <trkpt lat="23.496" lon="121.3676"/>
    <trkpt lat="23.49806" lon="121.36845"/>
    <trkpt lat="23.49835" lon="121.36856"/>
    <trkpt lat="23.49904" lon="121.36885"/>
    <trkpt lat="23.49918" lon="121.36891"/>
    <trkpt lat="23.4998" lon="121.36917"/>
    <trkpt lat="23.50007" lon="121.36929"/>
    <trkpt lat="23.50211" lon="121.37014"/>
    <trkpt lat="23.50419" lon="121.37099"/>
    <trkpt lat="23.50509" lon="121.37136"/>
    <trkpt lat="23.50581" lon="121.37166"/>
    <trkpt lat="23.50619" lon="121.37182"/>
    <trkpt lat="23.50654" lon="121.37197"/>
    <trkpt lat="23.50828" lon="121.37269"/>
    <trkpt lat="23.51031" lon="121.3735"/>
    <trkpt lat="23.5107" lon="121.37368"/>
    <trkpt lat="23.51086" lon="121.37375"/>
    <trkpt lat="23.51162" lon="121.37404"/>
    <trkpt lat="23.51175" lon="121.37409"/>
    <trkpt lat="23.51179" lon="121.37411"/>
    <trkpt lat="23.51195" lon="121.37418"/>
    <trkpt lat="23.51214" lon="121.37427"/>
    <trkpt lat="23.51233" lon="121.37435"/>
    <trkpt lat="23.51251" lon="121.37441"/>
    <trkpt lat="23.51292" lon="121.37465"/>
    <trkpt lat="23.51322" lon="121.37489"/>
    <trkpt lat="23.51326" lon="121.37493"/>
    <trkpt lat="23.51328" lon="121.37495"/>
    <trkpt lat="23.51339" lon="121.37508"/>
    <trkpt lat="23.51351" lon="121.37523"/>
    <trkpt lat="23.51359" lon="121.37531"/>
    <trkpt lat="23.51393" lon="121.37567"/>
    <trkpt lat="23.5144" lon="121.37619"/>
    <trkpt lat="23.5145" lon="121.37622"/>
    <trkpt lat="23.51468" lon="121.37626"/>
    <trkpt lat="23.51488" lon="121.37629"/>
    <trkpt lat="23.51525" lon="121.37634"/>
    <trkpt lat="23.51579" lon="121.37641"/>
    <trkpt lat="23.51687" lon="121.37654"/>
    <trkpt lat="23.51702" lon="121.37657"/>
    <trkpt lat="23.51733" lon="121.37661"/>
    <trkpt lat="23.51772" lon="121.37665"/>
    <trkpt lat="23.51803" lon="121.3767"/>
    <trkpt lat="23.51844" lon="121.37676"/>
    <trkpt lat="23.51874" lon="121.37682"/>
    <trkpt lat="23.51921" lon="121.37692"/>
    <trkpt lat="23.51961" lon="121.37701"/>
    <trkpt lat="23.52" lon="121.37711"/>
    <trkpt lat="23.52044" lon="121.37723"/>
    <trkpt lat="23.52086" lon="121.37733"/>
    <trkpt lat="23.5211" lon="121.37739"/>
    <trkpt lat="23.52171" lon="121.37753"/>
    <trkpt lat="23.5236" lon="121.37792"/>
    <trkpt lat="23.52412" lon="121.37804"/>
    <trkpt lat="23.5251" lon="121.37823"/>
    <trkpt lat="23.52546" lon="121.37828"/>
    <trkpt lat="23.52591" lon="121.37838"/>
    <trkpt lat="23.52631" lon="121.37846"/>
    <trkpt lat="23.52648" lon="121.3785"/>
    <trkpt lat="23.52654" lon="121.37852"/>
    <trkpt lat="23.52675" lon="121.37856"/>
    <trkpt lat="23.52815" lon="121.37881"/>
    <trkpt lat="23.52836" lon="121.37881"/>
    <trkpt lat="23.52859" lon="121.37881"/>
    <trkpt lat="23.52882" lon="121.37879"/>
    <trkpt lat="23.52902" lon="121.37876"/>
    <trkpt lat="23.5292" lon="121.37872"/>
    <trkpt lat="23.52929" lon="121.37869"/>
    <trkpt lat="23.53" lon="121.37845"/>
    <trkpt lat="23.53011" lon="121.37841"/>
    <trkpt lat="23.53015" lon="121.37839"/>
    <trkpt lat="23.53027" lon="121.37835"/>
    <trkpt lat="23.53028" lon="121.37835"/>
    <trkpt lat="23.53032" lon="121.37833"/>
    <trkpt lat="23.53044" lon="121.37829"/>
    <trkpt lat="23.5306" lon="121.37823"/>
    <trkpt lat="23.53066" lon="121.37821"/>
    <trkpt lat="23.53076" lon="121.37817"/>
    <trkpt lat="23.53083" lon="121.37815"/>
    <trkpt lat="23.53093" lon="121.37811"/>
    <trkpt lat="23.53193" lon="121.3778"/>
    <trkpt lat="23.53216" lon="121.37774"/>
    <trkpt lat="23.53237" lon="121.37771"/>
    <trkpt lat="23.53254" lon="121.37768"/>
    <trkpt lat="23.53272" lon="121.37766"/>
    <trkpt lat="23.53304" lon="121.37764"/>
    <trkpt lat="23.5398" lon="121.3774"/>
    <trkpt lat="23.5399" lon="121.3774"/>
    <trkpt lat="23.54008" lon="121.3774"/>
    <trkpt lat="23.54368" lon="121.3773"/>
    <trkpt lat="23.54418" lon="121.37729"/>
    <trkpt lat="23.545" lon="121.37731"/>
    <trkpt lat="23.54553" lon="121.37732"/>
    <trkpt lat="23.54593" lon="121.37734"/>
    <trkpt lat="23.54656" lon="121.37739"/>
    <trkpt lat="23.54728" lon="121.37745"/>
    <trkpt lat="23.54787" lon="121.3775"/>
    <trkpt lat="23.5481" lon="121.37751"/>
    <trkpt lat="23.54846" lon="121.37756"/>
    <trkpt lat="23.54881" lon="121.37758"/>
    <trkpt lat="23.54908" lon="121.37761"/>
    <trkpt lat="23.54928" lon="121.37765"/>
    <trkpt lat="23.5497" lon="121.37775"/>
    <trkpt lat="23.55127" lon="121.37817"/>
    <trkpt lat="23.55145" lon="121.37821"/>
    <trkpt lat="23.55162" lon="121.37826"/>
    <trkpt lat="23.5518" lon="121.3783"/>
    <trkpt lat="23.55267" lon="121.37853"/>
    <trkpt lat="23.55285" lon="121.37858"/>
    <trkpt lat="23.55306" lon="121.37863"/>
    <trkpt lat="23.55352" lon="121.37882"/>
    <trkpt lat="23.55457" lon="121.37925"/>
    <trkpt lat="23.55474" lon="121.37932"/>
    <trkpt lat="23.55524" lon="121.37953"/>
    <trkpt lat="23.55533" lon="121.37957"/>
    <trkpt lat="23.55542" lon="121.37961"/>
    <trkpt lat="23.55584" lon="121.37977"/>
    <trkpt lat="23.55657" lon="121.38007"/>
    <trkpt lat="23.55683" lon="121.38018"/>
    <trkpt lat="23.55708" lon="121.38027"/>
    <trkpt lat="23.55999" lon="121.38156"/>
    <trkpt lat="23.56027" lon="121.38168"/>
    <trkpt lat="23.56056" lon="121.3818"/>
    <trkpt lat="23.56086" lon="121.38193"/>
    <trkpt lat="23.56118" lon="121.38205"/>
    <trkpt lat="23.56132" lon="121.38211"/>
    <trkpt lat="23.56141" lon="121.38214"/>
    <trkpt lat="23.56156" lon="121.38218"/>
    <trkpt lat="23.56166" lon="121.3822"/>
    <trkpt lat="23.56178" lon="121.38222"/>
    <trkpt lat="23.562" lon="121.38226"/>
    <trkpt lat="23.56222" lon="121.38229"/>
    <trkpt lat="23.56239" lon="121.38231"/>
    <trkpt lat="23.56258" lon="121.38232"/>
    <trkpt lat="23.56328" lon="121.38237"/>
    <trkpt lat="23.56398" lon="121.38242"/>
    <trkpt lat="23.5644" lon="121.38245"/>
    <trkpt lat="23.5648" lon="121.38248"/>
    <trkpt lat="23.56487" lon="121.38248"/>
    <trkpt lat="23.56505" lon="121.38249"/>
    <trkpt lat="23.56513" lon="121.3825"/>
    <trkpt lat="23.56522" lon="121.3825"/>
    <trkpt lat="23.56601" lon="121.38255"/>
    <trkpt lat="23.56603" lon="121.38256"/>
    <trkpt lat="23.56619" lon="121.38257"/>
    <trkpt lat="23.56621" lon="121.38257"/>
    <trkpt lat="23.56729" lon="121.38264"/>
    <trkpt lat="23.56803" lon="121.3827"/>
    <trkpt lat="23.56963" lon="121.38283"/>
    <trkpt lat="23.57243" lon="121.38303"/>
    <trkpt lat="23.57829" lon="121.38348"/>
    <trkpt lat="23.57868" lon="121.38349"/>
    <trkpt lat="23.57898" lon="121.38348"/>
    <trkpt lat="23.57919" lon="121.38348"/>
    <trkpt lat="23.57932" lon="121.38347"/>
    <trkpt lat="23.57937" lon="121.38347"/>
    <trkpt lat="23.5794" lon="121.38347"/>
    <trkpt lat="23.57948" lon="121.38346"/>
    <trkpt lat="23.57973" lon="121.38341"/>
    <trkpt lat="23.57991" lon="121.38337"/>
    <trkpt lat="23.5802" lon="121.38331"/>
    <trkpt lat="23.58051" lon="121.38325"/>
    <trkpt lat="23.58057" lon="121.38324"/>
    <trkpt lat="23.58409" lon="121.3827"/>
    <trkpt lat="23.58427" lon="121.38267"/>
    <trkpt lat="23.58454" lon="121.38263"/>
    <trkpt lat="23.58462" lon="121.38262"/>
    <trkpt lat="23.58491" lon="121.38257"/>
    <trkpt lat="23.58514" lon="121.38254"/>
    <trkpt lat="23.58522" lon="121.38254"/>
    <trkpt lat="23.58536" lon="121.38253"/>
    <trkpt lat="23.58564" lon="121.38254"/>
    <trkpt lat="23.58601" lon="121.38256"/>
    <trkpt lat="23.58639" lon="121.38264"/>
    <trkpt lat="23.58659" lon="121.38268"/>
    <trkpt lat="23.58676" lon="121.38272"/>
    <trkpt lat="23.58718" lon="121.38287"/>
    <trkpt lat="23.58769" lon="121.3831"/>
    <trkpt lat="23.5879" lon="121.38321"/>
    <trkpt lat="23.5882" lon="121.38339"/>
    <trkpt lat="23.58826" lon="121.38342"/>
    <trkpt lat="23.58837" lon="121.38349"/>
    <trkpt lat="23.58959" lon="121.38426"/>
    <trkpt lat="23.59009" lon="121.38459"/>
    <trkpt lat="23.59054" lon="121.38488"/>
    <trkpt lat="23.5907" lon="121.38498"/>
    <trkpt lat="23.59078" lon="121.38503"/>
    <trkpt lat="23.59153" lon="121.38551"/>
    <trkpt lat="23.5921" lon="121.38587"/>
    <trkpt lat="23.59235" lon="121.38602"/>
    <trkpt lat="23.59314" lon="121.38653"/>
    <trkpt lat="23.59352" lon="121.38679"/>
    <trkpt lat="23.59384" lon="121.387"/>
    <trkpt lat="23.5939" lon="121.38703"/>
    <trkpt lat="23.59415" lon="121.38719"/>
    <trkpt lat="23.59422" lon="121.38724"/>
    <trkpt lat="23.59449" lon="121.3874"/>
    <trkpt lat="23.59467" lon="121.38753"/>
    <trkpt lat="23.59502" lon="121.38775"/>
    <trkpt lat="23.59544" lon="121.388"/>
    <trkpt lat="23.59554" lon="121.38805"/>
    <trkpt lat="23.59601" lon="121.38831"/>
    <trkpt lat="23.59642" lon="121.3885"/>
    <trkpt lat="23.59689" lon="121.38869"/>
    <trkpt lat="23.59771" lon="121.38897"/>
    <trkpt lat="23.59802" lon="121.38906"/>
    <trkpt lat="23.59849" lon="121.38923"/>
    <trkpt lat="23.5985" lon="121.38923"/>
    <trkpt lat="23.59874" lon="121.38933"/>
    <trkpt lat="23.59877" lon="121.38935"/>
    <trkpt lat="23.5994" lon="121.38964"/>
    <trkpt lat="23.59975" lon="121.38982"/>
    <trkpt lat="23.59985" lon="121.38987"/>
    <trkpt lat="23.60018" lon="121.39004"/>
    <trkpt lat="23.60069" lon="121.3903"/>
    <trkpt lat="23.60134" lon="121.39062"/>
    <trkpt lat="23.60141" lon="121.39065"/>
    <trkpt lat="23.60151" lon="121.39071"/>
    <trkpt lat="23.60237" lon="121.39113"/>
    <trkpt lat="23.60273" lon="121.39132"/>
    <trkpt lat="23.60317" lon="121.39153"/>
    <trkpt lat="23.60373" lon="121.39182"/>
    <trkpt lat="23.60395" lon="121.39193"/>
    <trkpt lat="23.60426" lon="121.39209"/>
    <trkpt lat="23.60444" lon="121.39218"/>
    <trkpt lat="23.60456" lon="121.39224"/>
    <trkpt lat="23.60486" lon="121.39239"/>
    <trkpt lat="23.60508" lon="121.39251"/>
    <trkpt lat="23.60548" lon="121.3927"/>
    <trkpt lat="23.60606" lon="121.39301"/>
    <trkpt lat="23.60662" lon="121.39328"/>
    <trkpt lat="23.60687" lon="121.39339"/>
    <trkpt lat="23.60718" lon="121.39355"/>
    <trkpt lat="23.60755" lon="121.39374"/>
    <trkpt lat="23.60777" lon="121.39384"/>
    <trkpt lat="23.60823" lon="121.39407"/>
    <trkpt lat="23.60854" lon="121.39423"/>
    <trkpt lat="23.60859" lon="121.39426"/>
    <trkpt lat="23.60892" lon="121.39442"/>
    <trkpt lat="23.60935" lon="121.39461"/>
    <trkpt lat="23.60969" lon="121.39473"/>
    <trkpt lat="23.61042" lon="121.39492"/>
    <trkpt lat="23.61071" lon="121.39497"/>
    <trkpt lat="23.61098" lon="121.39501"/>
    <trkpt lat="23.61121" lon="121.39503"/>
    <trkpt lat="23.61123" lon="121.39503"/>
    <trkpt lat="23.61193" lon="121.39507"/>
    <trkpt lat="23.61265" lon="121.39511"/>
    <trkpt lat="23.61284" lon="121.39512"/>
    <trkpt lat="23.61391" lon="121.39519"/>
    <trkpt lat="23.61423" lon="121.39521"/>
    <trkpt lat="23.6145" lon="121.39524"/>
    <trkpt lat="23.61486" lon="121.3953"/>
    <trkpt lat="23.61498" lon="121.39533"/>
    <trkpt lat="23.61523" lon="121.39539"/>
    <trkpt lat="23.61536" lon="121.39543"/>
    <trkpt lat="23.61556" lon="121.3955"/>
    <trkpt lat="23.61578" lon="121.39559"/>
    <trkpt lat="23.61594" lon="121.39566"/>
    <trkpt lat="23.61615" lon="121.39577"/>
    <trkpt lat="23.61636" lon="121.39588"/>
    <trkpt lat="23.61657" lon="121.39601"/>
    <trkpt lat="23.61672" lon="121.39611"/>
    <trkpt lat="23.61701" lon="121.39634"/>
    <trkpt lat="23.61711" lon="121.39642"/>
    <trkpt lat="23.61716" lon="121.39645"/>
    <trkpt lat="23.61728" lon="121.39655"/>
    <trkpt lat="23.61741" lon="121.39668"/>
    <trkpt lat="23.61754" lon="121.39682"/>
    <trkpt lat="23.61771" lon="121.397"/>
    <trkpt lat="23.61795" lon="121.39727"/>
    <trkpt lat="23.61827" lon="121.39761"/>
    <trkpt lat="23.6185" lon="121.39787"/>
    <trkpt lat="23.61876" lon="121.39813"/>
    <trkpt lat="23.61898" lon="121.39835"/>
    <trkpt lat="23.61926" lon="121.39865"/>
    <trkpt lat="23.61951" lon="121.39893"/>
    <trkpt lat="23.61961" lon="121.39904"/>
    <trkpt lat="23.62007" lon="121.39953"/>
    <trkpt lat="23.62035" lon="121.39984"/>
    <trkpt lat="23.62048" lon="121.39998"/>
    <trkpt lat="23.62071" lon="121.4002"/>
    <trkpt lat="23.62128" lon="121.40066"/>
    <trkpt lat="23.6215" lon="121.40085"/>
    <trkpt lat="23.62168" lon="121.40098"/>
    <trkpt lat="23.62195" lon="121.40116"/>
    <trkpt lat="23.6223" lon="121.40138"/>
    <trkpt lat="23.62295" lon="121.40175"/>
    <trkpt lat="23.62366" lon="121.40216"/>
    <trkpt lat="23.62428" lon="121.40253"/>
    <trkpt lat="23.6247" lon="121.40277"/>
    <trkpt lat="23.62509" lon="121.40298"/>
    <trkpt lat="23.62533" lon="121.40312"/>
    <trkpt lat="23.62616" lon="121.4036"/>
    <trkpt lat="23.62727" lon="121.40422"/>
    <trkpt lat="23.62768" lon="121.40445"/>
    <trkpt lat="23.62774" lon="121.40448"/>
    <trkpt lat="23.6282" lon="121.40474"/>
    <trkpt lat="23.62823" lon="121.40476"/>
    <trkpt lat="23.62829" lon="121.4048"/>
    <trkpt lat="23.62871" lon="121.40505"/>
    <trkpt lat="23.62907" lon="121.40528"/>
    <trkpt lat="23.62934" lon="121.40548"/>
    <trkpt lat="23.62963" lon="121.4057"/>
    <trkpt lat="23.62968" lon="121.40574"/>
    <trkpt lat="23.62996" lon="121.40597"/>
    <trkpt lat="23.63025" lon="121.40624"/>
    <trkpt lat="23.63038" lon="121.40638"/>
    <trkpt lat="23.63051" lon="121.4065"/>
    <trkpt lat="23.63075" lon="121.40676"/>
    <trkpt lat="23.63097" lon="121.40702"/>
    <trkpt lat="23.63179" lon="121.40804"/>
    <trkpt lat="23.63207" lon="121.4084"/>
    <trkpt lat="23.63241" lon="121.40882"/>
    <trkpt lat="23.63267" lon="121.40913"/>
    <trkpt lat="23.6328" lon="121.40929"/>
    <trkpt lat="23.63297" lon="121.40949"/>
    <trkpt lat="23.63315" lon="121.40972"/>
    <trkpt lat="23.63329" lon="121.4099"/>
    <trkpt lat="23.63353" lon="121.41019"/>
    <trkpt lat="23.63382" lon="121.41055"/>
    <trkpt lat="23.63412" lon="121.41091"/>
    <trkpt lat="23.63428" lon="121.41111"/>
    <trkpt lat="23.63448" lon="121.41132"/>
    <trkpt lat="23.63478" lon="121.4116"/>
    <trkpt lat="23.63511" lon="121.41188"/>
    <trkpt lat="23.63534" lon="121.41207"/>
    <trkpt lat="23.63556" lon="121.41223"/>
    <trkpt lat="23.63585" lon="121.41241"/>
    <trkpt lat="23.63614" lon="121.41258"/>
    <trkpt lat="23.63639" lon="121.41271"/>
    <trkpt lat="23.63663" lon="121.41282"/>
    <trkpt lat="23.63693" lon="121.41292"/>
    <trkpt lat="23.63712" lon="121.41298"/>
    <trkpt lat="23.63715" lon="121.41299"/>
    <trkpt lat="23.63719" lon="121.413"/>
    <trkpt lat="23.63743" lon="121.41307"/>
    <trkpt lat="23.63746" lon="121.41308"/>
    <trkpt lat="23.63747" lon="121.41307"/>
    <trkpt lat="23.63748" lon="121.41307"/>
    <trkpt lat="23.63756" lon="121.41309"/>
    <trkpt lat="23.63824" lon="121.41327"/>
    <trkpt lat="23.63998" lon="121.41377"/>
    <trkpt lat="23.64015" lon="121.41382"/>
    <trkpt lat="23.64023" lon="121.41384"/>
    <trkpt lat="23.64165" lon="121.41425"/>
    <trkpt lat="23.64316" lon="121.41467"/>
    <trkpt lat="23.64472" lon="121.41511"/>
    <trkpt lat="23.64516" lon="121.41523"/>
    <trkpt lat="23.64524" lon="121.41525"/>
    <trkpt lat="23.64567" lon="121.41538"/>
    <trkpt lat="23.64697" lon="121.41575"/>
    <trkpt lat="23.64737" lon="121.41585"/>
    <trkpt lat="23.64748" lon="121.41587"/>
    <trkpt lat="23.64776" lon="121.41595"/>
    <trkpt lat="23.64828" lon="121.41611"/>
    <trkpt lat="23.64846" lon="121.41615"/>
    <trkpt lat="23.64863" lon="121.4162"/>
    <trkpt lat="23.64969" lon="121.41649"/>
    <trkpt lat="23.65049" lon="121.41673"/>
    <trkpt lat="23.65105" lon="121.41689"/>
    <trkpt lat="23.65129" lon="121.41697"/>
    <trkpt lat="23.65223" lon="121.41722"/>
    <trkpt lat="23.65275" lon="121.41737"/>
    <trkpt lat="23.65302" lon="121.41744"/>
    <trkpt lat="23.65323" lon="121.4175"/>
    <trkpt lat="23.65331" lon="121.41753"/>
    <trkpt lat="23.6535" lon="121.41759"/>
    <trkpt lat="23.65357" lon="121.41761"/>
    <trkpt lat="23.65367" lon="121.41764"/>
    <trkpt lat="23.6539" lon="121.41772"/>
    <trkpt lat="23.65392" lon="121.41775"/>
    <trkpt lat="23.65393" lon="121.41777"/>
    <trkpt lat="23.65394" lon="121.41778"/>
    <trkpt lat="23.65395" lon="121.41779"/>
    <trkpt lat="23.65396" lon="121.4178"/>
    <trkpt lat="23.65398" lon="121.41782"/>
    <trkpt lat="23.65405" lon="121.41786"/>
    <trkpt lat="23.65432" lon="121.41801"/>
    <trkpt lat="23.65442" lon="121.41807"/>
    <trkpt lat="23.65654" lon="121.41908"/>
    <trkpt lat="23.65711" lon="121.41937"/>
    <trkpt lat="23.65788" lon="121.41977"/>
    <trkpt lat="23.65827" lon="121.41997"/>
    <trkpt lat="23.65855" lon="121.4201"/>
    <trkpt lat="23.65883" lon="121.42023"/>
    <trkpt lat="23.65898" lon="121.42029"/>
    <trkpt lat="23.65934" lon="121.42047"/>
    <trkpt lat="23.65951" lon="121.42054"/>
    <trkpt lat="23.65968" lon="121.42061"/>
    <trkpt lat="23.65975" lon="121.42064"/>
    <trkpt lat="23.65981" lon="121.42067"/>
    <trkpt lat="23.65991" lon="121.42069"/>
    <trkpt lat="23.66" lon="121.4207"/>
    <trkpt lat="23.66037" lon="121.42073"/>
    <trkpt lat="23.66038" lon="121.42073"/>
    <trkpt lat="23.66045" lon="121.42073"/>
    <trkpt lat="23.66056" lon="121.42074"/>
    <trkpt lat="23.66071" lon="121.42074"/>
    <trkpt lat="23.66081" lon="121.42075"/>
    <trkpt lat="23.66093" lon="121.42075"/>
    <trkpt lat="23.66095" lon="121.42075"/>
    <trkpt lat="23.66109" lon="121.42076"/>
    <trkpt lat="23.66117" lon="121.42078"/>
    <trkpt lat="23.66123" lon="121.42082"/>
    <trkpt lat="23.66129" lon="121.42086"/>
    <trkpt lat="23.66136" lon="121.42095"/>
    <trkpt lat="23.66141" lon="121.42104"/>
    <trkpt lat="23.66152" lon="121.42132"/>
    <trkpt lat="23.66163" lon="121.42152"/>
    <trkpt lat="23.66176" lon="121.42166"/>
    <trkpt lat="23.66183" lon="121.42171"/>
    <trkpt lat="23.66188" lon="121.42174"/>
    <trkpt lat="23.66207" lon="121.42185"/>
    <trkpt lat="23.66233" lon="121.42197"/>
    <trkpt lat="23.66309" lon="121.42234"/>
    <trkpt lat="23.66431" lon="121.42295"/>
    <trkpt lat="23.66434" lon="121.42296"/>
    <trkpt lat="23.66509" lon="121.42329"/>
    <trkpt lat="23.66576" lon="121.42363"/>
    <trkpt lat="23.66597" lon="121.42373"/>
    <trkpt lat="23.66576" lon="121.42363"/>
    <trkpt lat="23.66598" lon="121.42272"/>
    <trkpt lat="23.66622" lon="121.42173"/>
    <trkpt lat="23.66691" lon="121.42192"/>
    <trkpt lat="23.66736" lon="121.42205"/>
    <trkpt lat="23.66842" lon="121.4224"/>
    <trkpt lat="23.66937" lon="121.42261"/>
    <trkpt lat="23.67038" lon="121.42289"/>
    <trkpt lat="23.67087" lon="121.42303"/>
    <trkpt lat="23.67139" lon="121.42317"/>
    <trkpt lat="23.67164" lon="121.42324"/>
    <trkpt lat="23.67175" lon="121.42326"/>
    <trkpt lat="23.67192" lon="121.42328"/>
    <trkpt lat="23.67214" lon="121.42329"/>
    <trkpt lat="23.67248" lon="121.42329"/>
    <trkpt lat="23.67257" lon="121.42324"/>
    <trkpt lat="23.6727" lon="121.4232"/>
    <trkpt lat="23.67289" lon="121.4231"/>
    <trkpt lat="23.67324" lon="121.42286"/>
    <trkpt lat="23.67393" lon="121.42241"/>
    <trkpt lat="23.67471" lon="121.4219"/>
    <trkpt lat="23.67532" lon="121.42152"/>
    <trkpt lat="23.67591" lon="121.42113"/>
    <trkpt lat="23.67604" lon="121.42104"/>
    <trkpt lat="23.67752" lon="121.42014"/>
    <trkpt lat="23.67761" lon="121.42008"/>
    <trkpt lat="23.67776" lon="121.41998"/>
    <trkpt lat="23.67792" lon="121.41988"/>
    <trkpt lat="23.67854" lon="121.41948"/>
    <trkpt lat="23.67884" lon="121.41927"/>
    <trkpt lat="23.67942" lon="121.41887"/>
    <trkpt lat="23.68005" lon="121.41846"/>
    <trkpt lat="23.68034" lon="121.41827"/>
    <trkpt lat="23.68058" lon="121.4181"/>
    <trkpt lat="23.68073" lon="121.41797"/>
    <trkpt lat="23.68077" lon="121.41793"/>
    <trkpt lat="23.68089" lon="121.41781"/>
    <trkpt lat="23.68096" lon="121.41771"/>
    <trkpt lat="23.68101" lon="121.41763"/>
    <trkpt lat="23.68107" lon="121.41753"/>
    <trkpt lat="23.68112" lon="121.41746"/>
    <trkpt lat="23.68119" lon="121.41734"/>
    <trkpt lat="23.68122" lon="121.41728"/>
    <trkpt lat="23.68123" lon="121.41725"/>
    <trkpt lat="23.68129" lon="121.4171"/>
    <trkpt lat="23.68131" lon="121.41704"/>
    <trkpt lat="23.68135" lon="121.41691"/>
    <trkpt lat="23.68136" lon="121.41687"/>
    <trkpt lat="23.68139" lon="121.41672"/>
    <trkpt lat="23.68142" lon="121.41653"/>
    <trkpt lat="23.68143" lon="121.41648"/>
    <trkpt lat="23.68145" lon="121.41634"/>
    <trkpt lat="23.68146" lon="121.41632"/>
    <trkpt lat="23.68149" lon="121.41614"/>
    <trkpt lat="23.68153" lon="121.41594"/>
    <trkpt lat="23.6816" lon="121.41557"/>
    <trkpt lat="23.6817" lon="121.41499"/>
    <trkpt lat="23.68181" lon="121.41445"/>
    <trkpt lat="23.68185" lon="121.41427"/>
    <trkpt lat="23.68201" lon="121.41378"/>
    <trkpt lat="23.68214" lon="121.41348"/>
    <trkpt lat="23.68224" lon="121.41329"/>
    <trkpt lat="23.68294" lon="121.41229"/>
    <trkpt lat="23.68298" lon="121.41224"/>
    <trkpt lat="23.68318" lon="121.41198"/>
    <trkpt lat="23.68345" lon="121.41156"/>
    <trkpt lat="23.68386" lon="121.41096"/>
    <trkpt lat="23.68457" lon="121.41005"/>
    <trkpt lat="23.68457" lon="121.41004"/>
    <trkpt lat="23.6847" lon="121.40991"/>
    <trkpt lat="23.68471" lon="121.4099"/>
    <trkpt lat="23.68478" lon="121.40984"/>
    <trkpt lat="23.68484" lon="121.40979"/>
    <trkpt lat="23.68513" lon="121.40963"/>
    <trkpt lat="23.68537" lon="121.40952"/>
    <trkpt lat="23.68562" lon="121.40944"/>
    <trkpt lat="23.68563" lon="121.40944"/>
    <trkpt lat="23.6858" lon="121.40927"/>
    <trkpt lat="23.68623" lon="121.40912"/>
    <trkpt lat="23.68632" lon="121.40909"/>
    <trkpt lat="23.68654" lon="121.40902"/>
    <trkpt lat="23.68683" lon="121.40895"/>
    <trkpt lat="23.68688" lon="121.40894"/>
    <trkpt lat="23.68693" lon="121.40893"/>
    <trkpt lat="23.68728" lon="121.40885"/>
    <trkpt lat="23.68736" lon="121.40884"/>
    <trkpt lat="23.68764" lon="121.40881"/>
    <trkpt lat="23.68793" lon="121.40878"/>
    <trkpt lat="23.68872" lon="121.40875"/>
    <trkpt lat="23.6889" lon="121.40873"/>
    <trkpt lat="23.68955" lon="121.40866"/>
    <trkpt lat="23.68997" lon="121.40861"/>
    <trkpt lat="23.69026" lon="121.40858"/>
    <trkpt lat="23.69087" lon="121.40857"/>
    <trkpt lat="23.69139" lon="121.40864"/>
    <trkpt lat="23.69141" lon="121.40864"/>
    <trkpt lat="23.69192" lon="121.40869"/>
    <trkpt lat="23.69209" lon="121.4087"/>
    <trkpt lat="23.69213" lon="121.40871"/>
    <trkpt lat="23.69221" lon="121.40875"/>
    <trkpt lat="23.69237" lon="121.40886"/>
    <trkpt lat="23.69346" lon="121.40881"/>
    <trkpt lat="23.69422" lon="121.40879"/>
    <trkpt lat="23.69488" lon="121.40883"/>
    <trkpt lat="23.6952" lon="121.4089"/>
    <trkpt lat="23.69537" lon="121.40893"/>
    <trkpt lat="23.69555" lon="121.40898"/>
    <trkpt lat="23.69624" lon="121.40926"/>
    <trkpt lat="23.69648" lon="121.4094"/>
    <trkpt lat="23.69678" lon="121.40961"/>
    <trkpt lat="23.69763" lon="121.41015"/>
    <trkpt lat="23.69817" lon="121.41056"/>
    <trkpt lat="23.69868" lon="121.41092"/>
    <trkpt lat="23.69898" lon="121.41112"/>
    <trkpt lat="23.69912" lon="121.41121"/>
    <trkpt lat="23.70031" lon="121.41204"/>
    <trkpt lat="23.70107" lon="121.4125"/>
    <trkpt lat="23.70113" lon="121.41253"/>
    <trkpt lat="23.70122" lon="121.41258"/>
    <trkpt lat="23.70247" lon="121.4134"/>
    <trkpt lat="23.70284" lon="121.41365"/>
    <trkpt lat="23.70335" lon="121.41398"/>
    <trkpt lat="23.70351" lon="121.41409"/>
    <trkpt lat="23.70382" lon="121.41429"/>
    <trkpt lat="23.70421" lon="121.41454"/>
    <trkpt lat="23.70442" lon="121.41469"/>
    <trkpt lat="23.70464" lon="121.41488"/>
    <trkpt lat="23.70483" lon="121.41505"/>
    <trkpt lat="23.70484" lon="121.41506"/>
    <trkpt lat="23.70496" lon="121.4152"/>
    <trkpt lat="23.705" lon="121.41523"/>
    <trkpt lat="23.70509" lon="121.41534"/>
    <trkpt lat="23.70511" lon="121.41537"/>
    <trkpt lat="23.70524" lon="121.41556"/>
    <trkpt lat="23.70536" lon="121.41577"/>
    <trkpt lat="23.70546" lon="121.416"/>
    <trkpt lat="23.70546" lon="121.41601"/>
    <trkpt lat="23.70552" lon="121.41619"/>
    <trkpt lat="23.7056" lon="121.41643"/>
    <trkpt lat="23.70577" lon="121.41693"/>
    <trkpt lat="23.70583" lon="121.41711"/>
    <trkpt lat="23.70585" lon="121.41718"/>
    <trkpt lat="23.70599" lon="121.41756"/>
    <trkpt lat="23.70612" lon="121.41783"/>
    <trkpt lat="23.70617" lon="121.41793"/>
    <trkpt lat="23.70631" lon="121.41822"/>
    <trkpt lat="23.70645" lon="121.41845"/>
    <trkpt lat="23.70693" lon="121.41912"/>
    <trkpt lat="23.70716" lon="121.41945"/>
    <trkpt lat="23.70721" lon="121.4195"/>
    <trkpt lat="23.70751" lon="121.4198"/>
    <trkpt lat="23.70795" lon="121.42018"/>
    <trkpt lat="23.70823" lon="121.42039"/>
    <trkpt lat="23.70915" lon="121.42111"/>
    <trkpt lat="23.70947" lon="121.42135"/>
    <trkpt lat="23.70978" lon="121.42153"/>
    <trkpt lat="23.70991" lon="121.42161"/>
    <trkpt lat="23.71" lon="121.42165"/>
    <trkpt lat="23.71016" lon="121.42173"/>
    <trkpt lat="23.71026" lon="121.42178"/>
    <trkpt lat="23.71064" lon="121.42192"/>
    <trkpt lat="23.71089" lon="121.422"/>
    <trkpt lat="23.71102" lon="121.42203"/>
    <trkpt lat="23.71115" lon="121.42207"/>
    <trkpt lat="23.71138" lon="121.42212"/>
    <trkpt lat="23.71252" lon="121.42237"/>
    <trkpt lat="23.71293" lon="121.42244"/>
    <trkpt lat="23.71435" lon="121.42275"/>
    <trkpt lat="23.71462" lon="121.42282"/>
    <trkpt lat="23.71473" lon="121.42285"/>
    <trkpt lat="23.71505" lon="121.42295"/>
    <trkpt lat="23.71533" lon="121.42306"/>
    <trkpt lat="23.71566" lon="121.42321"/>
    <trkpt lat="23.71578" lon="121.42328"/>
    <trkpt lat="23.71604" lon="121.42345"/>
    <trkpt lat="23.71626" lon="121.42358"/>
    <trkpt lat="23.71682" lon="121.42399"/>
    <trkpt lat="23.717" lon="121.42415"/>
    <trkpt lat="23.71714" lon="121.42427"/>
    <trkpt lat="23.71715" lon="121.42428"/>
    <trkpt lat="23.71728" lon="121.42439"/>
    <trkpt lat="23.71785" lon="121.4249"/>
    <trkpt lat="23.71804" lon="121.42507"/>
    <trkpt lat="23.71809" lon="121.42511"/>
    <trkpt lat="23.7185" lon="121.42549"/>
    <trkpt lat="23.71864" lon="121.42562"/>
    <trkpt lat="23.71878" lon="121.42575"/>
    <trkpt lat="23.71891" lon="121.42587"/>
    <trkpt lat="23.7196" lon="121.42651"/>
    <trkpt lat="23.71973" lon="121.42664"/>
    <trkpt lat="23.72001" lon="121.42689"/>
    <trkpt lat="23.72015" lon="121.42702"/>
    <trkpt lat="23.72042" lon="121.42727"/>
    <trkpt lat="23.72056" lon="121.4274"/>
    <trkpt lat="23.72083" lon="121.42766"/>
    <trkpt lat="23.72092" lon="121.42774"/>
    <trkpt lat="23.72094" lon="121.42776"/>
    <trkpt lat="23.72105" lon="121.42786"/>
    <trkpt lat="23.72141" lon="121.4282"/>
    <trkpt lat="23.72176" lon="121.42855"/>
    <trkpt lat="23.72201" lon="121.42879"/>
    <trkpt lat="23.72219" lon="121.42898"/>
    <trkpt lat="23.72232" lon="121.42917"/>
    <trkpt lat="23.72246" lon="121.42936"/>
    <trkpt lat="23.72255" lon="121.42951"/>
    <trkpt lat="23.72263" lon="121.4297"/>
    <trkpt lat="23.72276" lon="121.43002"/>
    <trkpt lat="23.72284" lon="121.43025"/>
    <trkpt lat="23.72299" lon="121.43067"/>
    <trkpt lat="23.72317" lon="121.43119"/>
    <trkpt lat="23.72338" lon="121.4318"/>
    <trkpt lat="23.7236" lon="121.43243"/>
    <trkpt lat="23.72367" lon="121.43265"/>
    <trkpt lat="23.72401" lon="121.43372"/>
    <trkpt lat="23.72422" lon="121.43434"/>
    <trkpt lat="23.72436" lon="121.43445"/>
    <trkpt lat="23.72475" lon="121.43559"/>
    <trkpt lat="23.72486" lon="121.43587"/>
    <trkpt lat="23.72509" lon="121.43635"/>
    <trkpt lat="23.72528" lon="121.43662"/>
    <trkpt lat="23.72545" lon="121.43686"/>
    <trkpt lat="23.7256" lon="121.43704"/>
    <trkpt lat="23.72566" lon="121.43711"/>
    <trkpt lat="23.72579" lon="121.43725"/>
    <trkpt lat="23.72581" lon="121.43727"/>
    <trkpt lat="23.72618" lon="121.43764"/>
    <trkpt lat="23.7263" lon="121.43776"/>
    <trkpt lat="23.72718" lon="121.43864"/>
    <trkpt lat="23.72721" lon="121.43867"/>
    <trkpt lat="23.72725" lon="121.43871"/>
    <trkpt lat="23.72773" lon="121.43923"/>
    <trkpt lat="23.72855" lon="121.44017"/>
    <trkpt lat="23.72977" lon="121.44138"/>
    <trkpt lat="23.73029" lon="121.44185"/>
    <trkpt lat="23.73083" lon="121.44218"/>
    <trkpt lat="23.73114" lon="121.44237"/>
    <trkpt lat="23.73164" lon="121.4426"/>
    <trkpt lat="23.73174" lon="121.44264"/>
    <trkpt lat="23.73293" lon="121.4431"/>
    <trkpt lat="23.73305" lon="121.44324"/>
    <trkpt lat="23.73325" lon="121.44336"/>
    <trkpt lat="23.73334" lon="121.4434"/>
    <trkpt lat="23.73371" lon="121.4436"/>
    <trkpt lat="23.73526" lon="121.44423"/>
    <trkpt lat="23.73545" lon="121.44431"/>
    <trkpt lat="23.73617" lon="121.44462"/>
    <trkpt lat="23.73656" lon="121.44477"/>
    <trkpt lat="23.73713" lon="121.44501"/>
    <trkpt lat="23.73795" lon="121.44535"/>
    <trkpt lat="23.73818" lon="121.44544"/>
    <trkpt lat="23.73868" lon="121.44564"/>
    <trkpt lat="23.73872" lon="121.44566"/>
    <trkpt lat="23.73908" lon="121.44584"/>
    <trkpt lat="23.73947" lon="121.44604"/>
    <trkpt lat="23.73956" lon="121.44609"/>
    <trkpt lat="23.73981" lon="121.44631"/>
    <trkpt lat="23.74007" lon="121.4466"/>
    <trkpt lat="23.7402" lon="121.44677"/>
    <trkpt lat="23.74032" lon="121.44696"/>
    <trkpt lat="23.74043" lon="121.44718"/>
    <trkpt lat="23.74046" lon="121.44725"/>
    <trkpt lat="23.74049" lon="121.44735"/>
    <trkpt lat="23.74052" lon="121.44744"/>
    <trkpt lat="23.74063" lon="121.44809"/>
    <trkpt lat="23.74079" lon="121.44909"/>
    <trkpt lat="23.74081" lon="121.44922"/>
    <trkpt lat="23.74084" lon="121.4494"/>
    <trkpt lat="23.74097" lon="121.44992"/>
    <trkpt lat="23.7411" lon="121.45019"/>
    <trkpt lat="23.74129" lon="121.45054"/>
    <trkpt lat="23.74148" lon="121.4508"/>
    <trkpt lat="23.74167" lon="121.45102"/>
    <trkpt lat="23.74203" lon="121.45133"/>
    <trkpt lat="23.7421" lon="121.45137"/>
    <trkpt lat="23.74221" lon="121.45145"/>
    <trkpt lat="23.7424" lon="121.45154"/>
    <trkpt lat="23.74292" lon="121.45174"/>
    <trkpt lat="23.74326" lon="121.45189"/>
    <trkpt lat="23.74376" lon="121.4521"/>
    <trkpt lat="23.74386" lon="121.45214"/>
    <trkpt lat="23.74393" lon="121.45217"/>
    <trkpt lat="23.74425" lon="121.4523"/>
    <trkpt lat="23.74472" lon="121.4525"/>
    <trkpt lat="23.74514" lon="121.45268"/>
    <trkpt lat="23.74544" lon="121.45281"/>
    <trkpt lat="23.74595" lon="121.45304"/>
    <trkpt lat="23.7461" lon="121.4531"/>
    <trkpt lat="23.74712" lon="121.4535"/>
    <trkpt lat="23.74828" lon="121.45399"/>
    <trkpt lat="23.74843" lon="121.45404"/>
    <trkpt lat="23.74856" lon="121.45407"/>
    <trkpt lat="23.74863" lon="121.45408"/>
    <trkpt lat="23.74872" lon="121.45408"/>
    <trkpt lat="23.74896" lon="121.45408"/>
    <trkpt lat="23.74918" lon="121.45407"/>
    <trkpt lat="23.74962" lon="121.45399"/>
    <trkpt lat="23.75002" lon="121.45385"/>
    <trkpt lat="23.75027" lon="121.45372"/>
    <trkpt lat="23.75061" lon="121.45348"/>
    <trkpt lat="23.75146" lon="121.45296"/>
    <trkpt lat="23.75151" lon="121.45292"/>
    <trkpt lat="23.7524" lon="121.45235"/>
    <trkpt lat="23.75251" lon="121.4523"/>
    <trkpt lat="23.75288" lon="121.45217"/>
    <trkpt lat="23.75306" lon="121.45211"/>
    <trkpt lat="23.75317" lon="121.4521"/>
    <trkpt lat="23.75332" lon="121.45208"/>
    <trkpt lat="23.7534" lon="121.45207"/>
    <trkpt lat="23.75356" lon="121.45206"/>
    <trkpt lat="23.75358" lon="121.45206"/>
    <trkpt lat="23.75368" lon="121.45206"/>
    <trkpt lat="23.75374" lon="121.45206"/>
    <trkpt lat="23.7538" lon="121.45206"/>
    <trkpt lat="23.75394" lon="121.45207"/>
    <trkpt lat="23.75418" lon="121.45213"/>
    <trkpt lat="23.75433" lon="121.45217"/>
    <trkpt lat="23.75451" lon="121.45224"/>
    <trkpt lat="23.75475" lon="121.45235"/>
    <trkpt lat="23.75494" lon="121.45244"/>
    <trkpt lat="23.75543" lon="121.45265"/>
    <trkpt lat="23.75583" lon="121.45281"/>
    <trkpt lat="23.7568" lon="121.45321"/>
    <trkpt lat="23.75729" lon="121.45342"/>
    <trkpt lat="23.75783" lon="121.45364"/>
    <trkpt lat="23.75842" lon="121.4539"/>
    <trkpt lat="23.75893" lon="121.45411"/>
    <trkpt lat="23.75943" lon="121.45433"/>
    <trkpt lat="23.75956" lon="121.45438"/>
    <trkpt lat="23.75963" lon="121.45441"/>
    <trkpt lat="23.76013" lon="121.45461"/>
    <trkpt lat="23.7605" lon="121.45474"/>
    <trkpt lat="23.76085" lon="121.45486"/>
    <trkpt lat="23.76108" lon="121.45494"/>
    <trkpt lat="23.76145" lon="121.45505"/>
    <trkpt lat="23.76198" lon="121.45517"/>
    <trkpt lat="23.76301" lon="121.4554"/>
    <trkpt lat="23.76332" lon="121.45545"/>
    <trkpt lat="23.76467" lon="121.45564"/>
    <trkpt lat="23.76486" lon="121.45562"/>
    <trkpt lat="23.76503" lon="121.45565"/>
    <trkpt lat="23.76522" lon="121.45568"/>
    <trkpt lat="23.76549" lon="121.45572"/>
    <trkpt lat="23.76568" lon="121.45575"/>
    <trkpt lat="23.76571" lon="121.45576"/>
    <trkpt lat="23.766" lon="121.45578"/>
    <trkpt lat="23.7668" lon="121.4559"/>
    <trkpt lat="23.76741" lon="121.456"/>
    <trkpt lat="23.76777" lon="121.45606"/>
    <trkpt lat="23.7691" lon="121.45628"/>
    <trkpt lat="23.76927" lon="121.4563"/>
    <trkpt lat="23.76945" lon="121.45633"/>
    <trkpt lat="23.76981" lon="121.45639"/>
    <trkpt lat="23.77186" lon="121.45672"/>
    <trkpt lat="23.77392" lon="121.45705"/>
    <trkpt lat="23.77536" lon="121.45728"/>
    <trkpt lat="23.77586" lon="121.45737"/>
    <trkpt lat="23.77593" lon="121.45743"/>
    <trkpt lat="23.7759" lon="121.45756"/>
    <trkpt lat="23.77561" lon="121.45835"/>
    <trkpt lat="23.77513" lon="121.45819"/>
    <trkpt lat="23.77503" lon="121.45815"/>
    <trkpt lat="23.775" lon="121.45815"/>
    <trkpt lat="23.77503" lon="121.45815"/>
    <trkpt lat="23.77513" lon="121.45819"/>
    <trkpt lat="23.77561" lon="121.45835"/>
    <trkpt lat="23.7759" lon="121.45756"/>
    <trkpt lat="23.77593" lon="121.45743"/>
    <trkpt lat="23.77697" lon="121.45767"/>
    <trkpt lat="23.77712" lon="121.45772"/>
    <trkpt lat="23.77746" lon="121.45782"/>
    <trkpt lat="23.77752" lon="121.45784"/>
    <trkpt lat="23.77768" lon="121.4579"/>
    <trkpt lat="23.77788" lon="121.45799"/>
    <trkpt lat="23.77805" lon="121.45806"/>
    <trkpt lat="23.77848" lon="121.45827"/>
    <trkpt lat="23.77941" lon="121.45864"/>
    <trkpt lat="23.7798" lon="121.45881"/>
    <trkpt lat="23.78081" lon="121.45927"/>
    <trkpt lat="23.78133" lon="121.45953"/>
    <trkpt lat="23.78163" lon="121.45966"/>
    <trkpt lat="23.78193" lon="121.45981"/>
    <trkpt lat="23.78209" lon="121.45989"/>
    <trkpt lat="23.78308" lon="121.46037"/>
    <trkpt lat="23.78348" lon="121.46055"/>
    <trkpt lat="23.78384" lon="121.4607"/>
    <trkpt lat="23.78515" lon="121.4613"/>
    <trkpt lat="23.78526" lon="121.46135"/>
    <trkpt lat="23.78538" lon="121.46141"/>
    <trkpt lat="23.7855" lon="121.46146"/>
    <trkpt lat="23.78635" lon="121.46185"/>
    <trkpt lat="23.78641" lon="121.46188"/>
    <trkpt lat="23.78647" lon="121.46191"/>
    <trkpt lat="23.7865" lon="121.46192"/>
    <trkpt lat="23.78653" lon="121.46193"/>
    <trkpt lat="23.78674" lon="121.46203"/>
    <trkpt lat="23.78683" lon="121.46207"/>
    <trkpt lat="23.787" lon="121.46215"/>
    <trkpt lat="23.78755" lon="121.4624"/>
    <trkpt lat="23.78807" lon="121.46262"/>
    <trkpt lat="23.78866" lon="121.46283"/>
    <trkpt lat="23.78877" lon="121.46286"/>
    <trkpt lat="23.78901" lon="121.46291"/>
    <trkpt lat="23.78915" lon="121.46295"/>
    <trkpt lat="23.78949" lon="121.46303"/>
    <trkpt lat="23.78979" lon="121.46308"/>
    <trkpt lat="23.79042" lon="121.46315"/>
    <trkpt lat="23.79064" lon="121.46316"/>
    <trkpt lat="23.79085" lon="121.46317"/>
    <trkpt lat="23.79108" lon="121.46317"/>
    <trkpt lat="23.79132" lon="121.46316"/>
    <trkpt lat="23.79158" lon="121.46315"/>
    <trkpt lat="23.7922" lon="121.46308"/>
    <trkpt lat="23.79232" lon="121.46306"/>
    <trkpt lat="23.79272" lon="121.463"/>
    <trkpt lat="23.79405" lon="121.46275"/>
    <trkpt lat="23.79446" lon="121.46266"/>
    <trkpt lat="23.79706" lon="121.46207"/>
    <trkpt lat="23.79746" lon="121.462"/>
    <trkpt lat="23.79913" lon="121.46164"/>
    <trkpt lat="23.79936" lon="121.46161"/>
    <trkpt lat="23.80098" lon="121.46128"/>
    <trkpt lat="23.80127" lon="121.46122"/>
    <trkpt lat="23.80134" lon="121.4612"/>
    <trkpt lat="23.80139" lon="121.4612"/>
    <trkpt lat="23.80145" lon="121.46119"/>
    <trkpt lat="23.80148" lon="121.46119"/>
    <trkpt lat="23.80172" lon="121.46117"/>
    <trkpt lat="23.80186" lon="121.46116"/>
    <trkpt lat="23.80212" lon="121.46116"/>
    <trkpt lat="23.80235" lon="121.46118"/>
    <trkpt lat="23.8025" lon="121.46121"/>
    <trkpt lat="23.80251" lon="121.46122"/>
    <trkpt lat="23.80252" lon="121.46122"/>
    <trkpt lat="23.80264" lon="121.46124"/>
    <trkpt lat="23.80292" lon="121.46132"/>
    <trkpt lat="23.80317" lon="121.46142"/>
    <trkpt lat="23.80331" lon="121.46149"/>
    <trkpt lat="23.80369" lon="121.46167"/>
    <trkpt lat="23.80392" lon="121.46179"/>
    <trkpt lat="23.80447" lon="121.46207"/>
    <trkpt lat="23.80463" lon="121.46215"/>
    <trkpt lat="23.80512" lon="121.46241"/>
    <trkpt lat="23.80544" lon="121.46258"/>
    <trkpt lat="23.80575" lon="121.46275"/>
    <trkpt lat="23.80584" lon="121.4628"/>
    <trkpt lat="23.80592" lon="121.46284"/>
    <trkpt lat="23.80608" lon="121.46293"/>
    <trkpt lat="23.80624" lon="121.46302"/>
    <trkpt lat="23.8064" lon="121.46311"/>
    <trkpt lat="23.80657" lon="121.4632"/>
    <trkpt lat="23.80705" lon="121.46346"/>
    <trkpt lat="23.80721" lon="121.46355"/>
    <trkpt lat="23.80737" lon="121.46364"/>
    <trkpt lat="23.80799" lon="121.46397"/>
    <trkpt lat="23.80834" lon="121.46416"/>
    <trkpt lat="23.8085" lon="121.46425"/>
    <trkpt lat="23.80866" lon="121.46434"/>
    <trkpt lat="23.8093" lon="121.46469"/>
    <trkpt lat="23.80946" lon="121.46478"/>
    <trkpt lat="23.80962" lon="121.46486"/>
    <trkpt lat="23.80978" lon="121.46495"/>
    <trkpt lat="23.81011" lon="121.46513"/>
    <trkpt lat="23.81027" lon="121.46522"/>
    <trkpt lat="23.81043" lon="121.4653"/>
    <trkpt lat="23.81059" lon="121.46539"/>
    <trkpt lat="23.81075" lon="121.46548"/>
    <trkpt lat="23.81091" lon="121.46557"/>
    <trkpt lat="23.81107" lon="121.46565"/>
    <trkpt lat="23.81123" lon="121.46574"/>
    <trkpt lat="23.81139" lon="121.46583"/>
    <trkpt lat="23.8116" lon="121.46594"/>
    <trkpt lat="23.81212" lon="121.46628"/>
    <trkpt lat="23.81221" lon="121.46634"/>
    <trkpt lat="23.81235" lon="121.46645"/>
    <trkpt lat="23.81254" lon="121.46661"/>
    <trkpt lat="23.81264" lon="121.4667"/>
    <trkpt lat="23.81283" lon="121.46688"/>
    <trkpt lat="23.81307" lon="121.46711"/>
    <trkpt lat="23.8133" lon="121.46736"/>
    <trkpt lat="23.81347" lon="121.46755"/>
    <trkpt lat="23.8137" lon="121.46785"/>
    <trkpt lat="23.81388" lon="121.4681"/>
    <trkpt lat="23.81409" lon="121.46844"/>
    <trkpt lat="23.81419" lon="121.4686"/>
    <trkpt lat="23.81421" lon="121.46864"/>
    <trkpt lat="23.81429" lon="121.46877"/>
    <trkpt lat="23.81458" lon="121.46926"/>
    <trkpt lat="23.81512" lon="121.47018"/>
    <trkpt lat="23.81526" lon="121.47036"/>
    <trkpt lat="23.81543" lon="121.47058"/>
    <trkpt lat="23.81543" lon="121.47059"/>
    <trkpt lat="23.81548" lon="121.47076"/>
    <trkpt lat="23.81552" lon="121.47092"/>
    <trkpt lat="23.81554" lon="121.4712"/>
    <trkpt lat="23.8155" lon="121.47139"/>
    <trkpt lat="23.81543" lon="121.4719"/>
    <trkpt lat="23.81538" lon="121.47279"/>
    <trkpt lat="23.81538" lon="121.47294"/>
    <trkpt lat="23.81537" lon="121.47303"/>
    <trkpt lat="23.81536" lon="121.4731"/>
    <trkpt lat="23.81535" lon="121.47317"/>
    <trkpt lat="23.81535" lon="121.47328"/>
    <trkpt lat="23.81534" lon="121.4734"/>
    <trkpt lat="23.81533" lon="121.47351"/>
    <trkpt lat="23.81522" lon="121.4744"/>
    <trkpt lat="23.81521" lon="121.47448"/>
    <trkpt lat="23.81521" lon="121.47456"/>
    <trkpt lat="23.81498" lon="121.47664"/>
    <trkpt lat="23.81489" lon="121.47771"/>
    <trkpt lat="23.81483" lon="121.47829"/>
    <trkpt lat="23.8148" lon="121.47869"/>
    <trkpt lat="23.81479" lon="121.479"/>
    <trkpt lat="23.8148" lon="121.47922"/>
    <trkpt lat="23.81481" lon="121.47953"/>
    <trkpt lat="23.81482" lon="121.47961"/>
    <trkpt lat="23.81487" lon="121.47987"/>
    <trkpt lat="23.81492" lon="121.48013"/>
    <trkpt lat="23.81499" lon="121.48038"/>
    <trkpt lat="23.8151" lon="121.48072"/>
    <trkpt lat="23.81588" lon="121.48326"/>
    <trkpt lat="23.81617" lon="121.48416"/>
    <trkpt lat="23.81695" lon="121.48677"/>
    <trkpt lat="23.81738" lon="121.48806"/>
    <trkpt lat="23.81744" lon="121.48825"/>
    <trkpt lat="23.81748" lon="121.48838"/>
    <trkpt lat="23.81779" lon="121.4894"/>
    <trkpt lat="23.81805" lon="121.49023"/>
    <trkpt lat="23.81837" lon="121.49135"/>
    <trkpt lat="23.81851" lon="121.49177"/>
    <trkpt lat="23.81883" lon="121.49285"/>
    <trkpt lat="23.81933" lon="121.49458"/>
    <trkpt lat="23.81973" lon="121.4958"/>
    <trkpt lat="23.82047" lon="121.49826"/>
    <trkpt lat="23.82079" lon="121.49906"/>
    <trkpt lat="23.82116" lon="121.49971"/>
    <trkpt lat="23.82165" lon="121.50032"/>
    <trkpt lat="23.82269" lon="121.50114"/>
    <trkpt lat="23.82317" lon="121.50144"/>
    <trkpt lat="23.82331" lon="121.50155"/>
    <trkpt lat="23.825" lon="121.50276"/>
    <trkpt lat="23.82669" lon="121.50396"/>
    <trkpt lat="23.82835" lon="121.50517"/>
    <trkpt lat="23.83006" lon="121.50638"/>
    <trkpt lat="23.82916" lon="121.50788"/>
    <trkpt lat="23.82822" lon="121.5094"/>
    <trkpt lat="23.82731" lon="121.51086"/>
    <trkpt lat="23.82726" lon="121.51093"/>
    <trkpt lat="23.82632" lon="121.51244"/>
    <trkpt lat="23.82717" lon="121.51308"/>
    <trkpt lat="23.82762" lon="121.51341"/>
    <trkpt lat="23.82772" lon="121.51349"/>
    <trkpt lat="23.82791" lon="121.51362"/>
    <trkpt lat="23.82792" lon="121.51363"/>
    <trkpt lat="23.82817" lon="121.5138"/>
    <trkpt lat="23.82833" lon="121.51392"/>
    <trkpt lat="23.82841" lon="121.51397"/>
    <trkpt lat="23.82848" lon="121.51402"/>
    <trkpt lat="23.82873" lon="121.51419"/>
    <trkpt lat="23.82879" lon="121.51424"/>
    <trkpt lat="23.82883" lon="121.51427"/>
    <trkpt lat="23.82884" lon="121.51429"/>
    <trkpt lat="23.82885" lon="121.5143"/>
    <trkpt lat="23.82885" lon="121.51431"/>
    <trkpt lat="23.82885" lon="121.51433"/>
    <trkpt lat="23.82885" lon="121.51435"/>
    <trkpt lat="23.82884" lon="121.51437"/>
    <trkpt lat="23.8288" lon="121.51444"/>
    <trkpt lat="23.82853" lon="121.51487"/>
    <trkpt lat="23.82824" lon="121.51532"/>
    <trkpt lat="23.82853" lon="121.51487"/>
    <trkpt lat="23.8288" lon="121.51444"/>
    <trkpt lat="23.82884" lon="121.51437"/>
    <trkpt lat="23.82885" lon="121.51435"/>
    <trkpt lat="23.82885" lon="121.51433"/>
    <trkpt lat="23.82885" lon="121.51431"/>
    <trkpt lat="23.82885" lon="121.5143"/>
    <trkpt lat="23.82884" lon="121.51429"/>
    <trkpt lat="23.82883" lon="121.51427"/>
    <trkpt lat="23.82879" lon="121.51424"/>
    <trkpt lat="23.82873" lon="121.51419"/>
    <trkpt lat="23.82848" lon="121.51402"/>
    <trkpt lat="23.82841" lon="121.51397"/>
    <trkpt lat="23.82833" lon="121.51392"/>
    <trkpt lat="23.82817" lon="121.5138"/>
    <trkpt lat="23.82792" lon="121.51363"/>
    <trkpt lat="23.82791" lon="121.51362"/>
    <trkpt lat="23.82772" lon="121.51349"/>
    <trkpt lat="23.82762" lon="121.51341"/>
    <trkpt lat="23.82717" lon="121.51308"/>
    <trkpt lat="23.82632" lon="121.51244"/>
    <trkpt lat="23.82726" lon="121.51093"/>
    <trkpt lat="23.82731" lon="121.51086"/>
    <trkpt lat="23.82822" lon="121.5094"/>
    <trkpt lat="23.82916" lon="121.50788"/>
    <trkpt lat="23.83006" lon="121.50638"/>
    <trkpt lat="23.83108" lon="121.50714"/>
    <trkpt lat="23.83174" lon="121.50762"/>
    <trkpt lat="23.83251" lon="121.50814"/>
    <trkpt lat="23.83261" lon="121.5082"/>
    <trkpt lat="23.833" lon="121.50849"/>
    <trkpt lat="23.83343" lon="121.5088"/>
    <trkpt lat="23.83429" lon="121.50941"/>
    <trkpt lat="23.83512" lon="121.50998"/>
    <trkpt lat="23.83579" lon="121.51049"/>
    <trkpt lat="23.83635" lon="121.51089"/>
    <trkpt lat="23.83739" lon="121.51165"/>
    <trkpt lat="23.83849" lon="121.51244"/>
    <trkpt lat="23.84021" lon="121.51368"/>
    <trkpt lat="23.84127" lon="121.51445"/>
    <trkpt lat="23.8425" lon="121.51535"/>
    <trkpt lat="23.8429" lon="121.51564"/>
    <trkpt lat="23.84448" lon="121.51678"/>
    <trkpt lat="23.84458" lon="121.51685"/>
    <trkpt lat="23.84607" lon="121.51792"/>
    <trkpt lat="23.84724" lon="121.51879"/>
    <trkpt lat="23.84739" lon="121.51889"/>
    <trkpt lat="23.84766" lon="121.51906"/>
    <trkpt lat="23.84925" lon="121.52018"/>
    <trkpt lat="23.85041" lon="121.52101"/>
    <trkpt lat="23.85084" lon="121.52134"/>
    <trkpt lat="23.8509" lon="121.52138"/>
    <trkpt lat="23.85186" lon="121.52205"/>
    <trkpt lat="23.85231" lon="121.52237"/>
    <trkpt lat="23.85241" lon="121.52245"/>
    <trkpt lat="23.85269" lon="121.52266"/>
    <trkpt lat="23.85345" lon="121.52318"/>
    <trkpt lat="23.85402" lon="121.52359"/>
    <trkpt lat="23.85403" lon="121.5236"/>
    <trkpt lat="23.85433" lon="121.5238"/>
    <trkpt lat="23.85517" lon="121.52442"/>
    <trkpt lat="23.85559" lon="121.52473"/>
    <trkpt lat="23.85618" lon="121.52516"/>
    <trkpt lat="23.8572" lon="121.52588"/>
    <trkpt lat="23.85879" lon="121.52702"/>
    <trkpt lat="23.86034" lon="121.52815"/>
    <trkpt lat="23.86038" lon="121.52817"/>
    <trkpt lat="23.86194" lon="121.5293"/>
    <trkpt lat="23.86195" lon="121.52931"/>
    <trkpt lat="23.8627" lon="121.52981"/>
    <trkpt lat="23.86353" lon="121.53042"/>
    <trkpt lat="23.8637" lon="121.53055"/>
    <trkpt lat="23.86555" lon="121.53187"/>
    <trkpt lat="23.86682" lon="121.53279"/>
    <trkpt lat="23.8676" lon="121.53335"/>
    <trkpt lat="23.86851" lon="121.53401"/>
    <trkpt lat="23.86872" lon="121.53415"/>
    <trkpt lat="23.87035" lon="121.53534"/>
    <trkpt lat="23.87143" lon="121.53611"/>
    <trkpt lat="23.87302" lon="121.53722"/>
    <trkpt lat="23.87458" lon="121.53838"/>
    <trkpt lat="23.87617" lon="121.5395"/>
    <trkpt lat="23.87772" lon="121.54065"/>
    <trkpt lat="23.87787" lon="121.54076"/>
    <trkpt lat="23.87832" lon="121.54109"/>
    <trkpt lat="23.87848" lon="121.5412"/>
    <trkpt lat="23.87924" lon="121.54176"/>
    <trkpt lat="23.87929" lon="121.5418"/>
    <trkpt lat="23.87956" lon="121.542"/>
    <trkpt lat="23.8804" lon="121.54258"/>
    <trkpt lat="23.88064" lon="121.54275"/>
    <trkpt lat="23.88073" lon="121.54282"/>
    <trkpt lat="23.88079" lon="121.54286"/>
    <trkpt lat="23.88083" lon="121.54288"/>
    <trkpt lat="23.88174" lon="121.54351"/>
    <trkpt lat="23.88179" lon="121.54354"/>
    <trkpt lat="23.8819" lon="121.5436"/>
    <trkpt lat="23.88213" lon="121.54373"/>
    <trkpt lat="23.88264" lon="121.54399"/>
    <trkpt lat="23.88318" lon="121.54423"/>
    <trkpt lat="23.88403" lon="121.54462"/>
    <trkpt lat="23.88527" lon="121.54506"/>
    <trkpt lat="23.88613" lon="121.54539"/>
    <trkpt lat="23.88722" lon="121.54587"/>
    <trkpt lat="23.88774" lon="121.54611"/>
    <trkpt lat="23.88791" lon="121.54622"/>
    <trkpt lat="23.88807" lon="121.54632"/>
    <trkpt lat="23.88816" lon="121.5464"/>
    <trkpt lat="23.88833" lon="121.54654"/>
    <trkpt lat="23.88874" lon="121.54696"/>
    <trkpt lat="23.88953" lon="121.54781"/>
    <trkpt lat="23.88973" lon="121.54799"/>
    <trkpt lat="23.88981" lon="121.54806"/>
    <trkpt lat="23.88994" lon="121.54819"/>
    <trkpt lat="23.89001" lon="121.54825"/>
    <trkpt lat="23.89024" lon="121.54849"/>
    <trkpt lat="23.89075" lon="121.549"/>
    <trkpt lat="23.89078" lon="121.54902"/>
    <trkpt lat="23.89102" lon="121.54924"/>
    <trkpt lat="23.8914" lon="121.54961"/>
    <trkpt lat="23.8917" lon="121.54991"/>
    <trkpt lat="23.89189" lon="121.55009"/>
    <trkpt lat="23.89204" lon="121.55024"/>
    <trkpt lat="23.89209" lon="121.55029"/>
    <trkpt lat="23.89212" lon="121.55033"/>
    <trkpt lat="23.89348" lon="121.55155"/>
    <trkpt lat="23.89416" lon="121.5522"/>
    <trkpt lat="23.89468" lon="121.5527"/>
    <trkpt lat="23.89502" lon="121.55306"/>
    <trkpt lat="23.89516" lon="121.55325"/>
    <trkpt lat="23.89521" lon="121.55333"/>
    <trkpt lat="23.89528" lon="121.55344"/>
    <trkpt lat="23.89548" lon="121.55385"/>
    <trkpt lat="23.89573" lon="121.55441"/>
    <trkpt lat="23.89583" lon="121.55462"/>
    <trkpt lat="23.89587" lon="121.55471"/>
    <trkpt lat="23.89596" lon="121.55466"/>
    <trkpt lat="23.89579" lon="121.55426"/>
    <trkpt lat="23.89567" lon="121.55399"/>
    <trkpt lat="23.89558" lon="121.55379"/>
    <trkpt lat="23.89546" lon="121.55361"/>
    <trkpt lat="23.89539" lon="121.55348"/>
    <trkpt lat="23.89513" lon="121.55299"/>
    <trkpt lat="23.89502" lon="121.55306"/>
    <trkpt lat="23.89516" lon="121.55325"/>
    <trkpt lat="23.89521" lon="121.55333"/>
    <trkpt lat="23.89528" lon="121.55344"/>
    <trkpt lat="23.89548" lon="121.55385"/>
    <trkpt lat="23.89573" lon="121.55441"/>
    <trkpt lat="23.89583" lon="121.55462"/>
    <trkpt lat="23.89587" lon="121.55471"/>
    <trkpt lat="23.89698" lon="121.55706"/>
    <trkpt lat="23.89719" lon="121.55749"/>
    <trkpt lat="23.89774" lon="121.55864"/>
    <trkpt lat="23.8984" lon="121.56004"/>
    <trkpt lat="23.89848" lon="121.56022"/>
    <trkpt lat="23.89865" lon="121.56058"/>
    <trkpt lat="23.90034" lon="121.56415"/>
    <trkpt lat="23.9015" lon="121.56674"/>
    <trkpt lat="23.90183" lon="121.56741"/>
    <trkpt lat="23.90217" lon="121.56791"/>
    <trkpt lat="23.9024" lon="121.56818"/>
    <trkpt lat="23.90264" lon="121.56844"/>
    <trkpt lat="23.90331" lon="121.56908"/>
    <trkpt lat="23.90413" lon="121.56987"/>
    <trkpt lat="23.90752" lon="121.57312"/>
    <trkpt lat="23.90819" lon="121.57377"/>
    <trkpt lat="23.90822" lon="121.5738"/>
    <trkpt lat="23.90888" lon="121.57447"/>
    <trkpt lat="23.90908" lon="121.57468"/>
    <trkpt lat="23.90943" lon="121.57503"/>
    <trkpt lat="23.91045" lon="121.57605"/>
    <trkpt lat="23.911" lon="121.5766"/>
    <trkpt lat="23.91105" lon="121.57665"/>
    <trkpt lat="23.9111" lon="121.5767"/>
    <trkpt lat="23.91113" lon="121.57673"/>
    <trkpt lat="23.91139" lon="121.57698"/>
    <trkpt lat="23.91146" lon="121.57705"/>
    <trkpt lat="23.91153" lon="121.57712"/>
    <trkpt lat="23.9117" lon="121.57729"/>
    <trkpt lat="23.912" lon="121.57757"/>
    <trkpt lat="23.91254" lon="121.57809"/>
    <trkpt lat="23.91284" lon="121.57838"/>
    <trkpt lat="23.9133" lon="121.57882"/>
    <trkpt lat="23.91348" lon="121.579"/>
    <trkpt lat="23.91356" lon="121.57908"/>
    <trkpt lat="23.91359" lon="121.57911"/>
    <trkpt lat="23.9137" lon="121.57921"/>
    <trkpt lat="23.91607" lon="121.58154"/>
    <trkpt lat="23.9162" lon="121.58167"/>
    <trkpt lat="23.91701" lon="121.58246"/>
    <trkpt lat="23.91714" lon="121.58259"/>
    <trkpt lat="23.91728" lon="121.58272"/>
    <trkpt lat="23.91738" lon="121.58283"/>
    <trkpt lat="23.91938" lon="121.5848"/>
    <trkpt lat="23.9206" lon="121.58603"/>
    <trkpt lat="23.92191" lon="121.58733"/>
    <trkpt lat="23.92206" lon="121.5875"/>
    <trkpt lat="23.92219" lon="121.58764"/>
    <trkpt lat="23.92232" lon="121.58779"/>
    <trkpt lat="23.92323" lon="121.58888"/>
    <trkpt lat="23.92401" lon="121.58977"/>
    <trkpt lat="23.92433" lon="121.5901"/>
    <trkpt lat="23.92446" lon="121.59023"/>
    <trkpt lat="23.92474" lon="121.59045"/>
    <trkpt lat="23.925" lon="121.5906"/>
    <trkpt lat="23.92544" lon="121.59088"/>
    <trkpt lat="23.9258" lon="121.59108"/>
    <trkpt lat="23.92581" lon="121.59109"/>
    <trkpt lat="23.92597" lon="121.59118"/>
    <trkpt lat="23.92645" lon="121.59145"/>
    <trkpt lat="23.92696" lon="121.59176"/>
    <trkpt lat="23.92707" lon="121.59182"/>
    <trkpt lat="23.9272" lon="121.59185"/>
    <trkpt lat="23.92736" lon="121.59194"/>
    <trkpt lat="23.9275" lon="121.59204"/>
    <trkpt lat="23.92755" lon="121.59207"/>
    <trkpt lat="23.92808" lon="121.59241"/>
    <trkpt lat="23.92855" lon="121.59272"/>
    <trkpt lat="23.92875" lon="121.59285"/>
    <trkpt lat="23.92932" lon="121.59322"/>
    <trkpt lat="23.92969" lon="121.59346"/>
    <trkpt lat="23.93024" lon="121.59382"/>
    <trkpt lat="23.9304" lon="121.59391"/>
    <trkpt lat="23.93061" lon="121.59406"/>
    <trkpt lat="23.93072" lon="121.59413"/>
    <trkpt lat="23.93097" lon="121.59429"/>
    <trkpt lat="23.93117" lon="121.5944"/>
    <trkpt lat="23.93149" lon="121.59454"/>
    <trkpt lat="23.93172" lon="121.59462"/>
    <trkpt lat="23.93198" lon="121.59469"/>
    <trkpt lat="23.93218" lon="121.5947"/>
    <trkpt lat="23.93253" lon="121.59468"/>
    <trkpt lat="23.93386" lon="121.59462"/>
    <trkpt lat="23.93645" lon="121.59445"/>
    <trkpt lat="23.93929" lon="121.59428"/>
    <trkpt lat="23.93952" lon="121.59431"/>
    <trkpt lat="23.93975" lon="121.59434"/>
    <trkpt lat="23.94016" lon="121.59445"/>
    <trkpt lat="23.94156" lon="121.59513"/>
    <trkpt lat="23.94178" lon="121.59521"/>
    <trkpt lat="23.94224" lon="121.59544"/>
    <trkpt lat="23.94232" lon="121.59547"/>
    <trkpt lat="23.9426" lon="121.59561"/>
    <trkpt lat="23.94277" lon="121.59569"/>
    <trkpt lat="23.94343" lon="121.596"/>
    <trkpt lat="23.94359" lon="121.59607"/>
    <trkpt lat="23.94376" lon="121.59615"/>
    <trkpt lat="23.94438" lon="121.59641"/>
    <trkpt lat="23.94615" lon="121.59722"/>
    <trkpt lat="23.94731" lon="121.59779"/>
    <trkpt lat="23.94753" lon="121.59788"/>
    <trkpt lat="23.94768" lon="121.59795"/>
    <trkpt lat="23.94784" lon="121.59802"/>
    <trkpt lat="23.94887" lon="121.5985"/>
    <trkpt lat="23.94911" lon="121.59861"/>
    <trkpt lat="23.9496" lon="121.59884"/>
    <trkpt lat="23.95061" lon="121.59936"/>
    <trkpt lat="23.95089" lon="121.59948"/>
    <trkpt lat="23.9513" lon="121.59965"/>
    <trkpt lat="23.95185" lon="121.59992"/>
    <trkpt lat="23.95219" lon="121.60007"/>
    <trkpt lat="23.95306" lon="121.60046"/>
    <trkpt lat="23.95604" lon="121.60184"/>
    <trkpt lat="23.95647" lon="121.60205"/>
    <trkpt lat="23.95734" lon="121.60242"/>
    <trkpt lat="23.9579" lon="121.60267"/>
    <trkpt lat="23.95797" lon="121.6027"/>
    <trkpt lat="23.95852" lon="121.60297"/>
    <trkpt lat="23.95869" lon="121.60305"/>
    <trkpt lat="23.95973" lon="121.60357"/>
    <trkpt lat="23.96136" lon="121.60433"/>
    <trkpt lat="23.96156" lon="121.60442"/>
    <trkpt lat="23.96195" lon="121.60458"/>
    <trkpt lat="23.96221" lon="121.6047"/>
    <trkpt lat="23.96221" lon="121.60471"/>
    <trkpt lat="23.96234" lon="121.60478"/>
    <trkpt lat="23.96236" lon="121.60479"/>
    <trkpt lat="23.96247" lon="121.60486"/>
    <trkpt lat="23.96259" lon="121.60494"/>
    <trkpt lat="23.96269" lon="121.60502"/>
    <trkpt lat="23.96285" lon="121.60516"/>
    <trkpt lat="23.96307" lon="121.60536"/>
    <trkpt lat="23.9632" lon="121.6055"/>
    <trkpt lat="23.96358" lon="121.6059"/>
    <trkpt lat="23.96361" lon="121.60593"/>
    <trkpt lat="23.9637" lon="121.60601"/>
    <trkpt lat="23.96443" lon="121.60668"/>
    <trkpt lat="23.96491" lon="121.60709"/>
    <trkpt lat="23.9652" lon="121.60736"/>
    <trkpt lat="23.96574" lon="121.60783"/>
    <trkpt lat="23.96631" lon="121.60832"/>
    <trkpt lat="23.96648" lon="121.60848"/>
    <trkpt lat="23.96701" lon="121.60894"/>
    <trkpt lat="23.96772" lon="121.60955"/>
    <trkpt lat="23.96876" lon="121.61045"/>
    <trkpt lat="23.96921" lon="121.61082"/>
    <trkpt lat="23.96936" lon="121.61093"/>
    <trkpt lat="23.96966" lon="121.61117"/>
    <trkpt lat="23.96993" lon="121.61135"/>
    <trkpt lat="23.97009" lon="121.61144"/>
    <trkpt lat="23.97021" lon="121.61151"/>
    <trkpt lat="23.97034" lon="121.61159"/>
    <trkpt lat="23.97044" lon="121.61168"/>
    <trkpt lat="23.97049" lon="121.61175"/>
    <trkpt lat="23.97052" lon="121.61183"/>
    <trkpt lat="23.97056" lon="121.61192"/>
    <trkpt lat="23.97058" lon="121.61204"/>
    <trkpt lat="23.9706" lon="121.61217"/>
    <trkpt lat="23.97064" lon="121.61247"/>
    <trkpt lat="23.97067" lon="121.61263"/>
    <trkpt lat="23.9707" lon="121.61273"/>
    <trkpt lat="23.97084" lon="121.61294"/>
    <trkpt lat="23.97103" lon="121.6131"/>
    <trkpt lat="23.97117" lon="121.61323"/>
    <trkpt lat="23.97152" lon="121.61348"/>
    <trkpt lat="23.97161" lon="121.61355"/>
    <trkpt lat="23.97177" lon="121.61367"/>
    <trkpt lat="23.9718" lon="121.61371"/>
    <trkpt lat="23.97201" lon="121.61387"/>
    <trkpt lat="23.97219" lon="121.61401"/>
    <trkpt lat="23.97277" lon="121.61445"/>
    <trkpt lat="23.97317" lon="121.61479"/>
    <trkpt lat="23.97377" lon="121.61527"/>
    <trkpt lat="23.97415" lon="121.61554"/>
    <trkpt lat="23.97439" lon="121.61572"/>
    <trkpt lat="23.97448" lon="121.61576"/>
    <trkpt lat="23.97468" lon="121.6159"/>
    <trkpt lat="23.97471" lon="121.61592"/>
    <trkpt lat="23.975" lon="121.61611"/>
    <trkpt lat="23.97502" lon="121.61612"/>
    <trkpt lat="23.97515" lon="121.6162"/>
    <trkpt lat="23.97532" lon="121.6163"/>
    <trkpt lat="23.97545" lon="121.61636"/>
    <trkpt lat="23.97562" lon="121.61643"/>
    <trkpt lat="23.9757" lon="121.61647"/>
    <trkpt lat="23.97581" lon="121.61649"/>
    <trkpt lat="23.97592" lon="121.61652"/>
    <trkpt lat="23.97617" lon="121.61657"/>
    <trkpt lat="23.97692" lon="121.61663"/>
    <trkpt lat="23.97707" lon="121.61657"/>
    <trkpt lat="23.97737" lon="121.61659"/>
    <trkpt lat="23.97752" lon="121.61661"/>
    <trkpt lat="23.9776" lon="121.61663"/>
    <trkpt lat="23.97775" lon="121.61667"/>
    <trkpt lat="23.97794" lon="121.61673"/>
    <trkpt lat="23.97823" lon="121.61685"/>
    <trkpt lat="23.97838" lon="121.61692"/>
    <trkpt lat="23.97839" lon="121.61693"/>
    <trkpt lat="23.97847" lon="121.61697"/>
    <trkpt lat="23.97849" lon="121.61698"/>
    <trkpt lat="23.97869" lon="121.61709"/>
    <trkpt lat="23.9787" lon="121.61709"/>
    <trkpt lat="23.97881" lon="121.61716"/>
    <trkpt lat="23.97901" lon="121.61729"/>
    <trkpt lat="23.97906" lon="121.61733"/>
    <trkpt lat="23.97932" lon="121.61755"/>
    <trkpt lat="23.97939" lon="121.61761"/>
    <trkpt lat="23.97953" lon="121.61775"/>
    <trkpt lat="23.97956" lon="121.61778"/>
    <trkpt lat="23.97982" lon="121.61815"/>
    <trkpt lat="23.98" lon="121.6184"/>
    <trkpt lat="23.98011" lon="121.61856"/>
    <trkpt lat="23.98035" lon="121.61886"/>
    <trkpt lat="23.98122" lon="121.61998"/>
    <trkpt lat="23.98133" lon="121.62014"/>
    <trkpt lat="23.98154" lon="121.62042"/>
    <trkpt lat="23.98175" lon="121.62055"/>
    <trkpt lat="23.98185" lon="121.62064"/>
    <trkpt lat="23.98186" lon="121.62064"/>
    <trkpt lat="23.98188" lon="121.62065"/>
    <trkpt lat="23.98192" lon="121.62069"/>
    <trkpt lat="23.98203" lon="121.62077"/>
    <trkpt lat="23.98251" lon="121.62121"/>
    <trkpt lat="23.98283" lon="121.62148"/>
    <trkpt lat="23.98301" lon="121.62163"/>
    <trkpt lat="23.98251" lon="121.6223"/>
    <trkpt lat="23.98277" lon="121.62282"/>
    <trkpt lat="23.98297" lon="121.62318"/>
    <trkpt lat="23.98324" lon="121.62356"/>
    <trkpt lat="23.98344" lon="121.62376"/>
    <trkpt lat="23.98573" lon="121.62612"/>
    <trkpt lat="23.98584" lon="121.62623"/>
    <trkpt lat="23.98676" lon="121.62718"/>
    <trkpt lat="23.98734" lon="121.62776"/>
    <trkpt lat="23.9879" lon="121.62831"/>
    <trkpt lat="23.98794" lon="121.62834"/>
    <trkpt lat="23.98795" lon="121.62836"/>
    <trkpt lat="23.98812" lon="121.62856"/>
    <trkpt lat="23.98831" lon="121.62885"/>
    <trkpt lat="23.9884" lon="121.62903"/>
    <trkpt lat="23.98848" lon="121.62919"/>
    <trkpt lat="23.98856" lon="121.62952"/>
    <trkpt lat="23.98861" lon="121.62975"/>
    <trkpt lat="23.98865" lon="121.62992"/>
    <trkpt lat="23.98878" lon="121.63052"/>
    <trkpt lat="23.98896" lon="121.63129"/>
    <trkpt lat="23.98912" lon="121.63198"/>
    <trkpt lat="23.98916" lon="121.63217"/>
    <trkpt lat="23.98923" lon="121.63243"/>
    <trkpt lat="23.98929" lon="121.63264"/>
    <trkpt lat="23.98938" lon="121.63285"/>
    <trkpt lat="23.98975" lon="121.6335"/>
    <trkpt lat="23.98989" lon="121.63368"/>
    <trkpt lat="23.99004" lon="121.63384"/>
    <trkpt lat="23.99014" lon="121.63392"/>
    <trkpt lat="23.99021" lon="121.63397"/>
    <trkpt lat="23.9903" lon="121.63402"/>
    <trkpt lat="23.9904" lon="121.63405"/>
    <trkpt lat="23.99053" lon="121.63407"/>
    <trkpt lat="23.99062" lon="121.63409"/>
    <trkpt lat="23.99078" lon="121.63408"/>
    <trkpt lat="23.99166" lon="121.63397"/>
    <trkpt lat="23.99187" lon="121.63395"/>
    <trkpt lat="23.99207" lon="121.63392"/>
    <trkpt lat="23.99226" lon="121.63389"/>
    <trkpt lat="23.99245" lon="121.63387"/>
    <trkpt lat="23.99262" lon="121.63385"/>
    <trkpt lat="23.99326" lon="121.63375"/>
    <trkpt lat="23.99362" lon="121.6337"/>
    <trkpt lat="23.9938" lon="121.63367"/>
    <trkpt lat="23.99397" lon="121.63364"/>
    <trkpt lat="23.99431" lon="121.6336"/>
    <trkpt lat="23.99463" lon="121.63356"/>
    <trkpt lat="23.99476" lon="121.63353"/>
    <trkpt lat="23.99501" lon="121.63348"/>
    <trkpt lat="23.99516" lon="121.63346"/>
    <trkpt lat="23.99549" lon="121.63341"/>
    <trkpt lat="23.99581" lon="121.63336"/>
    <trkpt lat="23.99614" lon="121.63331"/>
    <trkpt lat="23.99624" lon="121.63329"/>
    <trkpt lat="23.99682" lon="121.63322"/>
    <trkpt lat="23.99712" lon="121.63318"/>
    <trkpt lat="23.99736" lon="121.63314"/>
    <trkpt lat="23.99756" lon="121.63311"/>
    <trkpt lat="23.99772" lon="121.63309"/>
    <trkpt lat="23.9979" lon="121.63307"/>
    <trkpt lat="23.99845" lon="121.63299"/>
    <trkpt lat="23.99918" lon="121.63287"/>
    <trkpt lat="23.99951" lon="121.63281"/>
    <trkpt lat="23.99979" lon="121.63277"/>
    <trkpt lat="24.00017" lon="121.63272"/>
    <trkpt lat="24.00065" lon="121.63266"/>
    <trkpt lat="24.00209" lon="121.63244"/>
    <trkpt lat="24.00315" lon="121.63228"/>
    <trkpt lat="24.00354" lon="121.63222"/>
    <trkpt lat="24.00472" lon="121.63206"/>
    <trkpt lat="24.0048" lon="121.63205"/>
    <trkpt lat="24.00509" lon="121.63202"/>
    <trkpt lat="24.00519" lon="121.63199"/>
    <trkpt lat="24.0053" lon="121.63196"/>
    <trkpt lat="24.00547" lon="121.63191"/>
    <trkpt lat="24.00603" lon="121.63172"/>
    <trkpt lat="24.00624" lon="121.63169"/>
    <trkpt lat="24.00649" lon="121.63161"/>
    <trkpt lat="24.00686" lon="121.63151"/>
    <trkpt lat="24.0073" lon="121.63135"/>
    <trkpt lat="24.00742" lon="121.63131"/>
    <trkpt lat="24.00749" lon="121.63128"/>
    <trkpt lat="24.00753" lon="121.63125"/>
    <trkpt lat="24.00756" lon="121.63128"/>
    <trkpt lat="24.00757" lon="121.63129"/>
    <trkpt lat="24.00839" lon="121.63194"/>
    <trkpt lat="24.00844" lon="121.63198"/>
    <trkpt lat="24.00849" lon="121.63202"/>
    <trkpt lat="24.00869" lon="121.6322"/>
    <trkpt lat="24.00983" lon="121.63315"/>
    <trkpt lat="24.01074" lon="121.63394"/>
    <trkpt lat="24.01077" lon="121.63396"/>
    <trkpt lat="24.01229" lon="121.63522"/>
    <trkpt lat="24.01304" lon="121.63586"/>
    <trkpt lat="24.01312" lon="121.63592"/>
    <trkpt lat="24.01418" lon="121.63681"/>
    <trkpt lat="24.01433" lon="121.63692"/>
    <trkpt lat="24.01453" lon="121.63709"/>
    <trkpt lat="24.01476" lon="121.63728"/>
    <trkpt lat="24.0149" lon="121.6374"/>
    <trkpt lat="24.0151" lon="121.63757"/>
    <trkpt lat="24.0152" lon="121.63761"/>
    <trkpt lat="24.01523" lon="121.63762"/>
    <trkpt lat="24.01531" lon="121.63761"/>
    <trkpt lat="24.01563" lon="121.63755"/>
    <trkpt lat="24.01574" lon="121.63755"/>
    <trkpt lat="24.01584" lon="121.63756"/>
    <trkpt lat="24.01595" lon="121.63759"/>
    <trkpt lat="24.01612" lon="121.6377"/>
    <trkpt lat="24.0163" lon="121.63787"/>
    <trkpt lat="24.01698" lon="121.63844"/>
    <trkpt lat="24.01711" lon="121.6385"/>
    <trkpt lat="24.01717" lon="121.63849"/>
    <trkpt lat="24.01724" lon="121.63846"/>
    <trkpt lat="24.01732" lon="121.63839"/>
    <trkpt lat="24.01762" lon="121.638"/>
    <trkpt lat="24.018" lon="121.63749"/>
    <trkpt lat="24.01851" lon="121.63683"/>
    <trkpt lat="24.01887" lon="121.63636"/>
    <trkpt lat="24.01907" lon="121.6361"/>
    <trkpt lat="24.01933" lon="121.63576"/>
    <trkpt lat="24.01939" lon="121.63567"/>
    <trkpt lat="24.01948" lon="121.63554"/>
    <trkpt lat="24.01953" lon="121.63547"/>
    <trkpt lat="24.01975" lon="121.63518"/>
    <trkpt lat="24.01999" lon="121.63487"/>
    <trkpt lat="24.0202" lon="121.63459"/>
    <trkpt lat="24.02035" lon="121.63438"/>
    <trkpt lat="24.02051" lon="121.63416"/>
    <trkpt lat="24.02064" lon="121.63399"/>
    <trkpt lat="24.02092" lon="121.63364"/>
    <trkpt lat="24.02105" lon="121.63347"/>
    <trkpt lat="24.02112" lon="121.63337"/>
    <trkpt lat="24.02165" lon="121.63266"/>
    <trkpt lat="24.02169" lon="121.63262"/>
    <trkpt lat="24.02214" lon="121.632"/>
    <trkpt lat="24.02225" lon="121.63185"/>
    <trkpt lat="24.02247" lon="121.63154"/>
    <trkpt lat="24.02259" lon="121.63139"/>
    <trkpt lat="24.02272" lon="121.63121"/>
    <trkpt lat="24.02288" lon="121.631"/>
    <trkpt lat="24.02326" lon="121.63047"/>
    <trkpt lat="24.02353" lon="121.63014"/>
    <trkpt lat="24.0238" lon="121.62984"/>
    <trkpt lat="24.02404" lon="121.62966"/>
    <trkpt lat="24.02429" lon="121.62963"/>
    <trkpt lat="24.0244" lon="121.6297"/>
    <trkpt lat="24.02447" lon="121.62972"/>
    <trkpt lat="24.02453" lon="121.62972"/>
    <trkpt lat="24.02486" lon="121.62971"/>
    <trkpt lat="24.02502" lon="121.62972"/>
    <trkpt lat="24.02531" lon="121.62976"/>
    <trkpt lat="24.02544" lon="121.62979"/>
    <trkpt lat="24.02555" lon="121.62985"/>
    <trkpt lat="24.02558" lon="121.62988"/>
    <trkpt lat="24.02562" lon="121.62991"/>
    <trkpt lat="24.02586" lon="121.63011"/>
    <trkpt lat="24.02608" lon="121.63039"/>
    <trkpt lat="24.02616" lon="121.63053"/>
    <trkpt lat="24.0262" lon="121.63057"/>
    <trkpt lat="24.02625" lon="121.63061"/>
    <trkpt lat="24.02628" lon="121.63062"/>
    <trkpt lat="24.0263" lon="121.63063"/>
    <trkpt lat="24.02633" lon="121.63062"/>
    <trkpt lat="24.02635" lon="121.63062"/>
    <trkpt lat="24.02645" lon="121.6306"/>
    <trkpt lat="24.02649" lon="121.63051"/>
    <trkpt lat="24.02652" lon="121.63044"/>
    <trkpt lat="24.02653" lon="121.62967"/>
    <trkpt lat="24.02658" lon="121.6295"/>
    <trkpt lat="24.02665" lon="121.62945"/>
    <trkpt lat="24.02673" lon="121.62936"/>
    <trkpt lat="24.02687" lon="121.62922"/>
    <trkpt lat="24.02726" lon="121.62891"/>
    <trkpt lat="24.02754" lon="121.62867"/>
    <trkpt lat="24.02766" lon="121.62879"/>
    <trkpt lat="24.02774" lon="121.62886"/>
    <trkpt lat="24.02791" lon="121.62904"/>
    <trkpt lat="24.02798" lon="121.62911"/>
    <trkpt lat="24.02806" lon="121.62919"/>
    <trkpt lat="24.0282" lon="121.62908"/>
    <trkpt lat="24.02845" lon="121.62879"/>
    <trkpt lat="24.02857" lon="121.62866"/>
    <trkpt lat="24.02858" lon="121.62864"/>
    <trkpt lat="24.02862" lon="121.62858"/>
    <trkpt lat="24.02863" lon="121.62851"/>
    <trkpt lat="24.02862" lon="121.62835"/>
    <trkpt lat="24.02863" lon="121.6283"/>
    <trkpt lat="24.02866" lon="121.62827"/>
    <trkpt lat="24.0287" lon="121.62824"/>
    <trkpt lat="24.02879" lon="121.62821"/>
    <trkpt lat="24.02898" lon="121.62818"/>
    <trkpt lat="24.02916" lon="121.62814"/>
    <trkpt lat="24.02946" lon="121.62809"/>
    <trkpt lat="24.02955" lon="121.62806"/>
    <trkpt lat="24.02994" lon="121.6279"/>
    <trkpt lat="24.03002" lon="121.62786"/>
    <trkpt lat="24.03018" lon="121.62777"/>
    <trkpt lat="24.03022" lon="121.62775"/>
    <trkpt lat="24.03045" lon="121.62761"/>
    <trkpt lat="24.03057" lon="121.62751"/>
    <trkpt lat="24.03067" lon="121.62745"/>
    <trkpt lat="24.03071" lon="121.62744"/>
    <trkpt lat="24.0308" lon="121.62745"/>
    <trkpt lat="24.03083" lon="121.62744"/>
    <trkpt lat="24.03086" lon="121.62742"/>
    <trkpt lat="24.03107" lon="121.62717"/>
    <trkpt lat="24.03086" lon="121.62742"/>
    <trkpt lat="24.03083" lon="121.62744"/>
    <trkpt lat="24.0308" lon="121.62745"/>
    <trkpt lat="24.03071" lon="121.62744"/>
    <trkpt lat="24.03067" lon="121.62745"/>
    <trkpt lat="24.03057" lon="121.62751"/>
    <trkpt lat="24.03045" lon="121.62761"/>
    <trkpt lat="24.03022" lon="121.62775"/>
    <trkpt lat="24.03018" lon="121.62777"/>
    <trkpt lat="24.03002" lon="121.62786"/>
    <trkpt lat="24.02994" lon="121.6279"/>
    <trkpt lat="24.02955" lon="121.62806"/>
    <trkpt lat="24.02946" lon="121.62809"/>
    <trkpt lat="24.02916" lon="121.62814"/>
    <trkpt lat="24.02898" lon="121.62818"/>
    <trkpt lat="24.02879" lon="121.62821"/>
    <trkpt lat="24.0287" lon="121.62824"/>
    <trkpt lat="24.02866" lon="121.62827"/>
    <trkpt lat="24.02863" lon="121.6283"/>
    <trkpt lat="24.02862" lon="121.62835"/>
    <trkpt lat="24.02863" lon="121.62851"/>
    <trkpt lat="24.02862" lon="121.62858"/>
    <trkpt lat="24.02858" lon="121.62864"/>
    <trkpt lat="24.02857" lon="121.62866"/>
    <trkpt lat="24.02845" lon="121.62879"/>
    <trkpt lat="24.0282" lon="121.62908"/>
    <trkpt lat="24.02806" lon="121.62919"/>
    <trkpt lat="24.02798" lon="121.62911"/>
    <trkpt lat="24.02791" lon="121.62904"/>
    <trkpt lat="24.02774" lon="121.62886"/>
    <trkpt lat="24.02766" lon="121.62879"/>
    <trkpt lat="24.02754" lon="121.62867"/>
    <trkpt lat="24.02799" lon="121.62833"/>
    <trkpt lat="24.02859" lon="121.62788"/>
    <trkpt lat="24.02872" lon="121.62778"/>
    <trkpt lat="24.02883" lon="121.62767"/>
    <trkpt lat="24.02893" lon="121.62751"/>
    <trkpt lat="24.02904" lon="121.62743"/>
    <trkpt lat="24.02919" lon="121.62733"/>
    <trkpt lat="24.02952" lon="121.62713"/>
    <trkpt lat="24.0296" lon="121.62709"/>
    <trkpt lat="24.02991" lon="121.62689"/>
    <trkpt lat="24.02995" lon="121.62686"/>
    <trkpt lat="24.03026" lon="121.6266"/>
    <trkpt lat="24.03031" lon="121.62656"/>
    <trkpt lat="24.0304" lon="121.62649"/>
    <trkpt lat="24.03045" lon="121.62644"/>
    <trkpt lat="24.03055" lon="121.62636"/>
    <trkpt lat="24.03062" lon="121.62631"/>
    <trkpt lat="24.0307" lon="121.62627"/>
    <trkpt lat="24.03076" lon="121.62625"/>
    <trkpt lat="24.0308" lon="121.62623"/>
    <trkpt lat="24.03089" lon="121.62622"/>
    <trkpt lat="24.03088" lon="121.62642"/>
    <trkpt lat="24.03089" lon="121.62646"/>
    <trkpt lat="24.03089" lon="121.6265"/>
    <trkpt lat="24.03089" lon="121.62646"/>
    <trkpt lat="24.03088" lon="121.62642"/>
    <trkpt lat="24.03089" lon="121.62622"/>
    <trkpt lat="24.0308" lon="121.62623"/>
    <trkpt lat="24.03076" lon="121.62625"/>
    <trkpt lat="24.0307" lon="121.62627"/>
    <trkpt lat="24.03062" lon="121.62631"/>
    <trkpt lat="24.03055" lon="121.62636"/>
    <trkpt lat="24.03045" lon="121.62644"/>
    <trkpt lat="24.0304" lon="121.62649"/>
    <trkpt lat="24.03031" lon="121.62656"/>
    <trkpt lat="24.03026" lon="121.6266"/>
    <trkpt lat="24.02995" lon="121.62686"/>
    <trkpt lat="24.02991" lon="121.62689"/>
    <trkpt lat="24.0296" lon="121.62709"/>
    <trkpt lat="24.02952" lon="121.62713"/>
    <trkpt lat="24.02919" lon="121.62733"/>
    <trkpt lat="24.02904" lon="121.62743"/>
    <trkpt lat="24.02893" lon="121.62751"/>
    <trkpt lat="24.02872" lon="121.62766"/>
    <trkpt lat="24.02837" lon="121.62792"/>
    <trkpt lat="24.02833" lon="121.62795"/>
    <trkpt lat="24.02781" lon="121.62834"/>
    <trkpt lat="24.02771" lon="121.62842"/>
    <trkpt lat="24.02765" lon="121.62846"/>
    <trkpt lat="24.02711" lon="121.62886"/>
    <trkpt lat="24.02695" lon="121.62898"/>
    <trkpt lat="24.02679" lon="121.62909"/>
    <trkpt lat="24.02659" lon="121.62924"/>
    <trkpt lat="24.02649" lon="121.6293"/>
    <trkpt lat="24.02642" lon="121.62935"/>
    <trkpt lat="24.0263" lon="121.62943"/>
    <trkpt lat="24.02615" lon="121.6295"/>
    <trkpt lat="24.02587" lon="121.62965"/>
    <trkpt lat="24.02583" lon="121.62966"/>
    <trkpt lat="24.02567" lon="121.62967"/>
    <trkpt lat="24.02553" lon="121.62966"/>
    <trkpt lat="24.02543" lon="121.62965"/>
    <trkpt lat="24.02519" lon="121.62964"/>
    <trkpt lat="24.02491" lon="121.62961"/>
    <trkpt lat="24.02479" lon="121.6296"/>
    <trkpt lat="24.02429" lon="121.62963"/>
    <trkpt lat="24.02404" lon="121.62966"/>
    <trkpt lat="24.02363" lon="121.62932"/>
    <trkpt lat="24.02228" lon="121.62825"/>
    <trkpt lat="24.022" lon="121.62802"/>
    <trkpt lat="24.02164" lon="121.62773"/>
    <trkpt lat="24.02162" lon="121.62771"/>
    <trkpt lat="24.02145" lon="121.62758"/>
    <trkpt lat="24.02088" lon="121.62712"/>
    <trkpt lat="24.02042" lon="121.62674"/>
    <trkpt lat="24.02032" lon="121.62666"/>
    <trkpt lat="24.01988" lon="121.6263"/>
    <trkpt lat="24.01936" lon="121.62588"/>
    <trkpt lat="24.01895" lon="121.62555"/>
    <trkpt lat="24.01854" lon="121.62524"/>
    <trkpt lat="24.01787" lon="121.62468"/>
    <trkpt lat="24.01782" lon="121.62463"/>
    <trkpt lat="24.0173" lon="121.62415"/>
    <trkpt lat="24.01702" lon="121.62387"/>
    <trkpt lat="24.01658" lon="121.62347"/>
    <trkpt lat="24.01636" lon="121.62328"/>
    <trkpt lat="24.0163" lon="121.62322"/>
    <trkpt lat="24.01605" lon="121.62299"/>
    <trkpt lat="24.01572" lon="121.62269"/>
    <trkpt lat="24.01533" lon="121.62233"/>
    <trkpt lat="24.01512" lon="121.62214"/>
    <trkpt lat="24.01423" lon="121.62132"/>
    <trkpt lat="24.01416" lon="121.62125"/>
    <trkpt lat="24.01286" lon="121.62003"/>
    <trkpt lat="24.01164" lon="121.61888"/>
    <trkpt lat="24.01086" lon="121.61824"/>
    <trkpt lat="24.01002" lon="121.61747"/>
    <trkpt lat="24.00948" lon="121.61694"/>
    <trkpt lat="24.00896" lon="121.61644"/>
    <trkpt lat="24.00868" lon="121.61621"/>
    <trkpt lat="24.00834" lon="121.61588"/>
    <trkpt lat="24.00827" lon="121.61584"/>
    <trkpt lat="24.00817" lon="121.61582"/>
    <trkpt lat="24.00809" lon="121.6158"/>
    <trkpt lat="24.00798" lon="121.61576"/>
    <trkpt lat="24.00764" lon="121.61564"/>
    <trkpt lat="24.0073" lon="121.61551"/>
    <trkpt lat="24.00728" lon="121.6155"/>
    <trkpt lat="24.00726" lon="121.61549"/>
    <trkpt lat="24.00724" lon="121.61548"/>
    <trkpt lat="24.00721" lon="121.61547"/>
    <trkpt lat="24.00719" lon="121.61546"/>
    <trkpt lat="24.00717" lon="121.61545"/>
    <trkpt lat="24.00714" lon="121.61544"/>
    <trkpt lat="24.00712" lon="121.61544"/>
    <trkpt lat="24.0071" lon="121.61543"/>
    <trkpt lat="24.00708" lon="121.61542"/>
    <trkpt lat="24.00705" lon="121.61541"/>
    <trkpt lat="24.00703" lon="121.6154"/>
    <trkpt lat="24.00701" lon="121.61539"/>
    <trkpt lat="24.00698" lon="121.61538"/>
    <trkpt lat="24.00696" lon="121.61537"/>
    <trkpt lat="24.00694" lon="121.61536"/>
    <trkpt lat="24.00667" lon="121.61526"/>
    <trkpt lat="24.0064" lon="121.61515"/>
    <trkpt lat="24.00588" lon="121.61494"/>
    <trkpt lat="24.00557" lon="121.6148"/>
    <trkpt lat="24.00554" lon="121.61478"/>
    <trkpt lat="24.00507" lon="121.61457"/>
    <trkpt lat="24.00462" lon="121.61435"/>
    <trkpt lat="24.00391" lon="121.61401"/>
    <trkpt lat="24.00348" lon="121.61376"/>
    <trkpt lat="24.00343" lon="121.61373"/>
    <trkpt lat="24.00341" lon="121.61372"/>
    <trkpt lat="24.00337" lon="121.6137"/>
    <trkpt lat="24.00333" lon="121.61369"/>
    <trkpt lat="24.00327" lon="121.61368"/>
    <trkpt lat="24.00317" lon="121.61367"/>
    <trkpt lat="24.00295" lon="121.61368"/>
    <trkpt lat="24.00257" lon="121.6137"/>
    <trkpt lat="24.00251" lon="121.6137"/>
    <trkpt lat="24.00243" lon="121.61369"/>
    <trkpt lat="24.00236" lon="121.61368"/>
    <trkpt lat="24.00185" lon="121.61356"/>
    <trkpt lat="24.0016" lon="121.6135"/>
    <trkpt lat="24.00131" lon="121.61345"/>
    <trkpt lat="24.00128" lon="121.61326"/>
    <trkpt lat="24.00132" lon="121.61307"/>
    <trkpt lat="24.00133" lon="121.61303"/>
    <trkpt lat="24.00147" lon="121.61248"/>
    <trkpt lat="24.00151" lon="121.61231"/>
    <trkpt lat="24.00155" lon="121.61215"/>
    <trkpt lat="24.00158" lon="121.61198"/>
    <trkpt lat="24.00159" lon="121.61185"/>
    <trkpt lat="24.0016" lon="121.61172"/>
    <trkpt lat="24.0016" lon="121.61143"/>
    <trkpt lat="24.0016" lon="121.61135"/>
    <trkpt lat="24.00161" lon="121.61117"/>
    <trkpt lat="24.00161" lon="121.61111"/>
    <trkpt lat="24.00161" lon="121.61108"/>
    <trkpt lat="24.00162" lon="121.61071"/>
    <trkpt lat="24.00162" lon="121.61053"/>
    <trkpt lat="24.00163" lon="121.61024"/>
    <trkpt lat="24.00163" lon="121.61019"/>
    <trkpt lat="24.00163" lon="121.61015"/>
    <trkpt lat="24.00163" lon="121.60996"/>
    <trkpt lat="24.00162" lon="121.60976"/>
    <trkpt lat="24.00162" lon="121.60956"/>
    <trkpt lat="24.00162" lon="121.60936"/>
    <trkpt lat="24.00162" lon="121.60915"/>
    <trkpt lat="24.00162" lon="121.60897"/>
    <trkpt lat="24.00162" lon="121.60877"/>
    <trkpt lat="24.00162" lon="121.60858"/>
    <trkpt lat="24.00162" lon="121.60824"/>
    <trkpt lat="24.00162" lon="121.60753"/>
    <trkpt lat="24.00167" lon="121.60725"/>
    <trkpt lat="24.00168" lon="121.60721"/>
    <trkpt lat="24.00172" lon="121.60713"/>
    <trkpt lat="24.00177" lon="121.60704"/>
    <trkpt lat="24.00169" lon="121.60699"/>
    <trkpt lat="24.00123" lon="121.60677"/>
    <trkpt lat="23.99937" lon="121.60588"/>
    <trkpt lat="23.99849" lon="121.60545"/>
    <trkpt lat="23.9982" lon="121.60531"/>
    <trkpt lat="23.99789" lon="121.60516"/>
    <trkpt lat="23.99773" lon="121.60508"/>
    <trkpt lat="23.99715" lon="121.6048"/>
    <trkpt lat="23.9967" lon="121.60455"/>
    <trkpt lat="23.99688" lon="121.60415"/>
    <trkpt lat="23.99689" lon="121.60412"/>
    <trkpt lat="23.9969" lon="121.60409"/>
    <trkpt lat="23.9969" lon="121.60408"/>
    <trkpt lat="23.9969" lon="121.60407"/>
    <trkpt lat="23.9969" lon="121.60405"/>
    <trkpt lat="23.99689" lon="121.60404"/>
    <trkpt lat="23.99688" lon="121.60403"/>
    <trkpt lat="23.99686" lon="121.60401"/>
    <trkpt lat="23.99683" lon="121.604"/>
    <trkpt lat="23.99666" lon="121.60392"/>
    <trkpt lat="23.99606" lon="121.60362"/>
    <trkpt lat="23.99545" lon="121.60335"/>
    <trkpt lat="23.99466" lon="121.60295"/>
    <trkpt lat="23.99438" lon="121.60284"/>
    <trkpt lat="23.99385" lon="121.60257"/>
    <trkpt lat="23.99365" lon="121.60246"/>
    <trkpt lat="23.99302" lon="121.60213"/>
    <trkpt lat="23.99304" lon="121.60204"/>
    <trkpt lat="23.99303" lon="121.602"/>
    <trkpt lat="23.993" lon="121.60195"/>
    <trkpt lat="23.99298" lon="121.60192"/>
  </trkseg></trk>
</gpx>