<?xml version="1.0" encoding="UTF-8"?>
<gpx xmlns="http://www.topografix.com/GPX/1/1" version="1.1" creator="CyclingTW">
  <metadata><name>Day 2 宮廟巡禮．通霄到西螺</name>
    <bounds minlat="23.7969" minlon="120.43099" maxlat="24.49135" maxlon="120.67886"/></metadata>
  <wpt lat="24.491403" lon="120.678424"><name>通霄車站</name><sym>Flag, Green</sym></wpt>
  <wpt lat="24.3451924" lon="120.62359439999999"><name>大甲鎮瀾宮</name><sym>Waypoint</sym></wpt>
  <wpt lat="24.305293499999998" lon="120.54760940000001"><name>高美濕地遊客中心</name><sym>Waypoint</sym></wpt>
  <wpt lat="24.2890417" lon="120.54038219999998"><name>7-ELEVEN 巧竹門市</name><sym>Waypoint</sym></wpt>
  <wpt lat="24.056300999999998" lon="120.4325817"><name>鹿港老街</name><sym>Waypoint</sym></wpt>
  <wpt lat="24.056597399999998" lon="120.4347047"><name>全家便利商店 鹿港車站店</name><sym>Waypoint</sym></wpt>
  <wpt lat="24.051002" lon="120.43182209999999"><name>老蕭土魠魚麵館（日式豬排便當）</name><sym>Waypoint</sym></wpt>
  <wpt lat="23.9966546" lon="120.47491219999999"><name>埔鹽順澤宮</name><sym>Waypoint</sym></wpt>
  <wpt lat="23.844733899999998" lon="120.4577315"><name>7-ELEVEN 露興門市</name><sym>Waypoint</sym></wpt>
  <wpt lat="23.8049045" lon="120.4596467"><name>西螺大橋廣場</name><sym>Waypoint</sym></wpt>
  <wpt lat="23.8014431" lon="120.46190379999999"><name>西螺延平老街</name><sym>Flag, Red</sym></wpt>
  <trk><name>Day 2</name><trkseg>
    <trkpt lat="24.49135" lon="120.67849"/>
    <trkpt lat="24.49134" lon="120.67848"/>
    <trkpt lat="24.49132" lon="120.67847"/>
    <trkpt lat="24.49131" lon="120.67847"/>
    <trkpt lat="24.4913" lon="120.67846"/>
    <trkpt lat="24.49128" lon="120.67846"/>
    <trkpt lat="24.49127" lon="120.67846"/>
    <trkpt lat="24.49126" lon="120.67847"/>
    <trkpt lat="24.49125" lon="120.67847"/>
    <trkpt lat="24.49124" lon="120.67849"/>
    <trkpt lat="24.49122" lon="120.67851"/>
    <trkpt lat="24.49119" lon="120.67856"/>
    <trkpt lat="24.49115" lon="120.67863"/>
    <trkpt lat="24.49119" lon="120.67869"/>
    <trkpt lat="24.49116" lon="120.67874"/>
    <trkpt lat="24.49106" lon="120.67886"/>
    <trkpt lat="24.49066" lon="120.67872"/>
    <trkpt lat="24.48996" lon="120.67848"/>
    <trkpt lat="24.48974" lon="120.6784"/>
    <trkpt lat="24.4895" lon="120.67831"/>
    <trkpt lat="24.48918" lon="120.67819"/>
    <trkpt lat="24.48913" lon="120.67819"/>
    <trkpt lat="24.4891" lon="120.67818"/>
    <trkpt lat="24.48901" lon="120.67817"/>
    <trkpt lat="24.48892" lon="120.67816"/>
    <trkpt lat="24.48891" lon="120.67816"/>
    <trkpt lat="24.48881" lon="120.67815"/>
    <trkpt lat="24.48871" lon="120.67816"/>
    <trkpt lat="24.48841" lon="120.67819"/>
    <trkpt lat="24.48753" lon="120.67833"/>
    <trkpt lat="24.48746" lon="120.67834"/>
    <trkpt lat="24.48721" lon="120.67837"/>
    <trkpt lat="24.48703" lon="120.67838"/>
    <trkpt lat="24.48697" lon="120.67838"/>
    <trkpt lat="24.48693" lon="120.67838"/>
    <trkpt lat="24.48688" lon="120.67837"/>
    <trkpt lat="24.48682" lon="120.67835"/>
    <trkpt lat="24.48677" lon="120.67833"/>
    <trkpt lat="24.48674" lon="120.67832"/>
    <trkpt lat="24.48658" lon="120.67823"/>
    <trkpt lat="24.48628" lon="120.67801"/>
    <trkpt lat="24.48613" lon="120.67787"/>
    <trkpt lat="24.48605" lon="120.67777"/>
    <trkpt lat="24.48593" lon="120.67759"/>
    <trkpt lat="24.48528" lon="120.67664"/>
    <trkpt lat="24.48523" lon="120.6766"/>
    <trkpt lat="24.48514" lon="120.67649"/>
    <trkpt lat="24.48506" lon="120.67642"/>
    <trkpt lat="24.48498" lon="120.67634"/>
    <trkpt lat="24.48485" lon="120.67624"/>
    <trkpt lat="24.48477" lon="120.67618"/>
    <trkpt lat="24.48467" lon="120.6761"/>
    <trkpt lat="24.48464" lon="120.67609"/>
    <trkpt lat="24.48455" lon="120.67602"/>
    <trkpt lat="24.48449" lon="120.67598"/>
    <trkpt lat="24.48445" lon="120.67596"/>
    <trkpt lat="24.48441" lon="120.67593"/>
    <trkpt lat="24.48436" lon="120.67591"/>
    <trkpt lat="24.48432" lon="120.67589"/>
    <trkpt lat="24.48427" lon="120.67587"/>
    <trkpt lat="24.4842" lon="120.67584"/>
    <trkpt lat="24.48407" lon="120.67578"/>
    <trkpt lat="24.48401" lon="120.67576"/>
    <trkpt lat="24.48395" lon="120.67575"/>
    <trkpt lat="24.48391" lon="120.67574"/>
    <trkpt lat="24.48387" lon="120.67573"/>
    <trkpt lat="24.48383" lon="120.67573"/>
    <trkpt lat="24.48382" lon="120.67572"/>
    <trkpt lat="24.48377" lon="120.67572"/>
    <trkpt lat="24.48371" lon="120.67571"/>
    <trkpt lat="24.48369" lon="120.67571"/>
    <trkpt lat="24.48224" lon="120.67573"/>
    <trkpt lat="24.48188" lon="120.67574"/>
    <trkpt lat="24.4809" lon="120.67574"/>
    <trkpt lat="24.48074" lon="120.67574"/>
    <trkpt lat="24.48049" lon="120.67573"/>
    <trkpt lat="24.48035" lon="120.67574"/>
    <trkpt lat="24.48029" lon="120.67573"/>
    <trkpt lat="24.48024" lon="120.67573"/>
    <trkpt lat="24.48014" lon="120.67573"/>
    <trkpt lat="24.48004" lon="120.67572"/>
    <trkpt lat="24.47986" lon="120.67562"/>
    <trkpt lat="24.47968" lon="120.67557"/>
    <trkpt lat="24.47954" lon="120.67554"/>
    <trkpt lat="24.47943" lon="120.67553"/>
    <trkpt lat="24.47906" lon="120.6752"/>
    <trkpt lat="24.47906" lon="120.67519"/>
    <trkpt lat="24.47872" lon="120.67485"/>
    <trkpt lat="24.47834" lon="120.67451"/>
    <trkpt lat="24.4782" lon="120.67441"/>
    <trkpt lat="24.47809" lon="120.67434"/>
    <trkpt lat="24.47798" lon="120.67427"/>
    <trkpt lat="24.47777" lon="120.67415"/>
    <trkpt lat="24.47765" lon="120.67408"/>
    <trkpt lat="24.47705" lon="120.67376"/>
    <trkpt lat="24.47689" lon="120.67368"/>
    <trkpt lat="24.47686" lon="120.67366"/>
    <trkpt lat="24.47665" lon="120.67355"/>
    <trkpt lat="24.47624" lon="120.67334"/>
    <trkpt lat="24.47511" lon="120.67266"/>
    <trkpt lat="24.4749" lon="120.6725"/>
    <trkpt lat="24.47462" lon="120.6723"/>
    <trkpt lat="24.47447" lon="120.6722"/>
    <trkpt lat="24.47438" lon="120.67212"/>
    <trkpt lat="24.47431" lon="120.67206"/>
    <trkpt lat="24.47423" lon="120.67198"/>
    <trkpt lat="24.47416" lon="120.67192"/>
    <trkpt lat="24.47411" lon="120.67186"/>
    <trkpt lat="24.47405" lon="120.6718"/>
    <trkpt lat="24.47399" lon="120.67172"/>
    <trkpt lat="24.47393" lon="120.67164"/>
    <trkpt lat="24.47304" lon="120.67036"/>
    <trkpt lat="24.47263" lon="120.66975"/>
    <trkpt lat="24.47216" lon="120.66907"/>
    <trkpt lat="24.47189" lon="120.66868"/>
    <trkpt lat="24.47174" lon="120.66848"/>
    <trkpt lat="24.47158" lon="120.66826"/>
    <trkpt lat="24.47137" lon="120.66798"/>
    <trkpt lat="24.47119" lon="120.66773"/>
    <trkpt lat="24.47117" lon="120.66771"/>
    <trkpt lat="24.47104" lon="120.66754"/>
    <trkpt lat="24.47086" lon="120.66733"/>
    <trkpt lat="24.47057" lon="120.66701"/>
    <trkpt lat="24.47042" lon="120.66686"/>
    <trkpt lat="24.47022" lon="120.66667"/>
    <trkpt lat="24.47001" lon="120.66647"/>
    <trkpt lat="24.46991" lon="120.6664"/>
    <trkpt lat="24.46925" lon="120.666"/>
    <trkpt lat="24.46914" lon="120.66594"/>
    <trkpt lat="24.46872" lon="120.66575"/>
    <trkpt lat="24.46833" lon="120.66556"/>
    <trkpt lat="24.46816" lon="120.66548"/>
    <trkpt lat="24.46792" lon="120.66533"/>
    <trkpt lat="24.46662" lon="120.66455"/>
    <trkpt lat="24.46645" lon="120.66445"/>
    <trkpt lat="24.46626" lon="120.66435"/>
    <trkpt lat="24.4662" lon="120.66431"/>
    <trkpt lat="24.46605" lon="120.66425"/>
    <trkpt lat="24.46597" lon="120.66421"/>
    <trkpt lat="24.46576" lon="120.66411"/>
    <trkpt lat="24.46555" lon="120.66403"/>
    <trkpt lat="24.46552" lon="120.66401"/>
    <trkpt lat="24.46539" lon="120.66396"/>
    <trkpt lat="24.46516" lon="120.66386"/>
    <trkpt lat="24.46494" lon="120.6638"/>
    <trkpt lat="24.46482" lon="120.66376"/>
    <trkpt lat="24.46465" lon="120.66373"/>
    <trkpt lat="24.46437" lon="120.66367"/>
    <trkpt lat="24.46396" lon="120.66361"/>
    <trkpt lat="24.46376" lon="120.66357"/>
    <trkpt lat="24.46306" lon="120.66344"/>
    <trkpt lat="24.46216" lon="120.66327"/>
    <trkpt lat="24.46139" lon="120.66314"/>
    <trkpt lat="24.46065" lon="120.66303"/>
    <trkpt lat="24.45925" lon="120.66276"/>
    <trkpt lat="24.45907" lon="120.66269"/>
    <trkpt lat="24.45902" lon="120.66267"/>
    <trkpt lat="24.4589" lon="120.66262"/>
    <trkpt lat="24.45884" lon="120.66258"/>
    <trkpt lat="24.45877" lon="120.66254"/>
    <trkpt lat="24.45867" lon="120.66246"/>
    <trkpt lat="24.45851" lon="120.66234"/>
    <trkpt lat="24.45804" lon="120.66201"/>
    <trkpt lat="24.45797" lon="120.66196"/>
    <trkpt lat="24.45781" lon="120.66189"/>
    <trkpt lat="24.45759" lon="120.66174"/>
    <trkpt lat="24.45754" lon="120.6617"/>
    <trkpt lat="24.45736" lon="120.66154"/>
    <trkpt lat="24.45725" lon="120.66143"/>
    <trkpt lat="24.45722" lon="120.6614"/>
    <trkpt lat="24.45714" lon="120.6613"/>
    <trkpt lat="24.45687" lon="120.66098"/>
    <trkpt lat="24.45668" lon="120.66076"/>
    <trkpt lat="24.45661" lon="120.66068"/>
    <trkpt lat="24.45655" lon="120.66063"/>
    <trkpt lat="24.45651" lon="120.66059"/>
    <trkpt lat="24.4564" lon="120.66048"/>
    <trkpt lat="24.45634" lon="120.66043"/>
    <trkpt lat="24.45632" lon="120.66039"/>
    <trkpt lat="24.45631" lon="120.66037"/>
    <trkpt lat="24.4563" lon="120.66036"/>
    <trkpt lat="24.45627" lon="120.66032"/>
    <trkpt lat="24.45615" lon="120.66022"/>
    <trkpt lat="24.45578" lon="120.65994"/>
    <trkpt lat="24.45542" lon="120.65968"/>
    <trkpt lat="24.45502" lon="120.65941"/>
    <trkpt lat="24.45499" lon="120.65939"/>
    <trkpt lat="24.45493" lon="120.65935"/>
    <trkpt lat="24.4544" lon="120.65893"/>
    <trkpt lat="24.45417" lon="120.65875"/>
    <trkpt lat="24.45408" lon="120.65869"/>
    <trkpt lat="24.45398" lon="120.65863"/>
    <trkpt lat="24.45378" lon="120.65851"/>
    <trkpt lat="24.45352" lon="120.65838"/>
    <trkpt lat="24.45257" lon="120.65791"/>
    <trkpt lat="24.45253" lon="120.65789"/>
    <trkpt lat="24.45214" lon="120.65771"/>
    <trkpt lat="24.45194" lon="120.65762"/>
    <trkpt lat="24.45171" lon="120.6575"/>
    <trkpt lat="24.45149" lon="120.6574"/>
    <trkpt lat="24.45137" lon="120.65735"/>
    <trkpt lat="24.45132" lon="120.65732"/>
    <trkpt lat="24.45127" lon="120.65729"/>
    <trkpt lat="24.45117" lon="120.65723"/>
    <trkpt lat="24.45111" lon="120.65719"/>
    <trkpt lat="24.45106" lon="120.65714"/>
    <trkpt lat="24.45103" lon="120.65711"/>
    <trkpt lat="24.45097" lon="120.65704"/>
    <trkpt lat="24.45096" lon="120.65703"/>
    <trkpt lat="24.45096" lon="120.65702"/>
    <trkpt lat="24.45095" lon="120.65701"/>
    <trkpt lat="24.45094" lon="120.657"/>
    <trkpt lat="24.45094" lon="120.65698"/>
    <trkpt lat="24.45093" lon="120.65694"/>
    <trkpt lat="24.45089" lon="120.65684"/>
    <trkpt lat="24.45088" lon="120.65683"/>
    <trkpt lat="24.45086" lon="120.65676"/>
    <trkpt lat="24.45083" lon="120.65667"/>
    <trkpt lat="24.45072" lon="120.65633"/>
    <trkpt lat="24.45065" lon="120.65615"/>
    <trkpt lat="24.45059" lon="120.65596"/>
    <trkpt lat="24.45051" lon="120.65572"/>
    <trkpt lat="24.4505" lon="120.65567"/>
    <trkpt lat="24.45047" lon="120.65559"/>
    <trkpt lat="24.45036" lon="120.65524"/>
    <trkpt lat="24.45024" lon="120.65481"/>
    <trkpt lat="24.45022" lon="120.65474"/>
    <trkpt lat="24.4502" lon="120.65468"/>
    <trkpt lat="24.45015" lon="120.65451"/>
    <trkpt lat="24.45009" lon="120.65432"/>
    <trkpt lat="24.45004" lon="120.65413"/>
    <trkpt lat="24.44997" lon="120.65389"/>
    <trkpt lat="24.44993" lon="120.65376"/>
    <trkpt lat="24.44982" lon="120.65338"/>
    <trkpt lat="24.44976" lon="120.65316"/>
    <trkpt lat="24.44975" lon="120.65314"/>
    <trkpt lat="24.44974" lon="120.65311"/>
    <trkpt lat="24.44949" lon="120.6523"/>
    <trkpt lat="24.44933" lon="120.65176"/>
    <trkpt lat="24.44923" lon="120.65147"/>
    <trkpt lat="24.44916" lon="120.6513"/>
    <trkpt lat="24.44906" lon="120.65108"/>
    <trkpt lat="24.44893" lon="120.65087"/>
    <trkpt lat="24.44878" lon="120.65068"/>
    <trkpt lat="24.44856" lon="120.65046"/>
    <trkpt lat="24.44831" lon="120.65026"/>
    <trkpt lat="24.44774" lon="120.64994"/>
    <trkpt lat="24.44707" lon="120.64967"/>
    <trkpt lat="24.44461" lon="120.64864"/>
    <trkpt lat="24.44327" lon="120.64799"/>
    <trkpt lat="24.44222" lon="120.64752"/>
    <trkpt lat="24.44027" lon="120.64671"/>
    <trkpt lat="24.43911" lon="120.64621"/>
    <trkpt lat="24.43615" lon="120.64494"/>
    <trkpt lat="24.43568" lon="120.64474"/>
    <trkpt lat="24.43561" lon="120.64471"/>
    <trkpt lat="24.43555" lon="120.64469"/>
    <trkpt lat="24.4355" lon="120.64468"/>
    <trkpt lat="24.43543" lon="120.64468"/>
    <trkpt lat="24.43537" lon="120.64467"/>
    <trkpt lat="24.43531" lon="120.64467"/>
    <trkpt lat="24.43524" lon="120.64468"/>
    <trkpt lat="24.4351" lon="120.64471"/>
    <trkpt lat="24.43326" lon="120.6455"/>
    <trkpt lat="24.43315" lon="120.64554"/>
    <trkpt lat="24.43295" lon="120.64562"/>
    <trkpt lat="24.43247" lon="120.64583"/>
    <trkpt lat="24.43234" lon="120.64586"/>
    <trkpt lat="24.43231" lon="120.64587"/>
    <trkpt lat="24.43225" lon="120.64589"/>
    <trkpt lat="24.43219" lon="120.64591"/>
    <trkpt lat="24.43215" lon="120.64592"/>
    <trkpt lat="24.43211" lon="120.64592"/>
    <trkpt lat="24.43205" lon="120.64592"/>
    <trkpt lat="24.43199" lon="120.6459"/>
    <trkpt lat="24.4319" lon="120.64588"/>
    <trkpt lat="24.43177" lon="120.64584"/>
    <trkpt lat="24.43148" lon="120.64573"/>
    <trkpt lat="24.43129" lon="120.64561"/>
    <trkpt lat="24.43071" lon="120.64524"/>
    <trkpt lat="24.42992" lon="120.64481"/>
    <trkpt lat="24.42931" lon="120.64445"/>
    <trkpt lat="24.42916" lon="120.64435"/>
    <trkpt lat="24.42894" lon="120.64424"/>
    <trkpt lat="24.42885" lon="120.64421"/>
    <trkpt lat="24.42876" lon="120.64417"/>
    <trkpt lat="24.42867" lon="120.64414"/>
    <trkpt lat="24.42862" lon="120.64412"/>
    <trkpt lat="24.42832" lon="120.64402"/>
    <trkpt lat="24.42802" lon="120.64397"/>
    <trkpt lat="24.42727" lon="120.64384"/>
    <trkpt lat="24.42644" lon="120.64367"/>
    <trkpt lat="24.42575" lon="120.64357"/>
    <trkpt lat="24.42505" lon="120.64347"/>
    <trkpt lat="24.42481" lon="120.64343"/>
    <trkpt lat="24.4245" lon="120.6434"/>
    <trkpt lat="24.42401" lon="120.64334"/>
    <trkpt lat="24.42348" lon="120.64328"/>
    <trkpt lat="24.42289" lon="120.64322"/>
    <trkpt lat="24.42268" lon="120.6432"/>
    <trkpt lat="24.42228" lon="120.64317"/>
    <trkpt lat="24.42196" lon="120.64314"/>
    <trkpt lat="24.42161" lon="120.6431"/>
    <trkpt lat="24.4213" lon="120.64304"/>
    <trkpt lat="24.42044" lon="120.64293"/>
    <trkpt lat="24.41875" lon="120.64274"/>
    <trkpt lat="24.41809" lon="120.64269"/>
    <trkpt lat="24.41798" lon="120.64269"/>
    <trkpt lat="24.41775" lon="120.64269"/>
    <trkpt lat="24.41738" lon="120.64271"/>
    <trkpt lat="24.41619" lon="120.64281"/>
    <trkpt lat="24.41551" lon="120.64288"/>
    <trkpt lat="24.41523" lon="120.6429"/>
    <trkpt lat="24.41423" lon="120.64299"/>
    <trkpt lat="24.41409" lon="120.64301"/>
    <trkpt lat="24.41394" lon="120.64302"/>
    <trkpt lat="24.4128" lon="120.6431"/>
    <trkpt lat="24.41259" lon="120.64312"/>
    <trkpt lat="24.41234" lon="120.64316"/>
    <trkpt lat="24.41183" lon="120.64322"/>
    <trkpt lat="24.41155" lon="120.64325"/>
    <trkpt lat="24.41134" lon="120.64328"/>
    <trkpt lat="24.40967" lon="120.6434"/>
    <trkpt lat="24.40928" lon="120.6434"/>
    <trkpt lat="24.40912" lon="120.64338"/>
    <trkpt lat="24.40892" lon="120.64335"/>
    <trkpt lat="24.40866" lon="120.64329"/>
    <trkpt lat="24.40844" lon="120.64324"/>
    <trkpt lat="24.40816" lon="120.64316"/>
    <trkpt lat="24.40787" lon="120.64304"/>
    <trkpt lat="24.40723" lon="120.64277"/>
    <trkpt lat="24.40691" lon="120.64262"/>
    <trkpt lat="24.40644" lon="120.64242"/>
    <trkpt lat="24.40622" lon="120.64233"/>
    <trkpt lat="24.40481" lon="120.64171"/>
    <trkpt lat="24.4048" lon="120.6417"/>
    <trkpt lat="24.40448" lon="120.64158"/>
    <trkpt lat="24.40423" lon="120.64147"/>
    <trkpt lat="24.40418" lon="120.64145"/>
    <trkpt lat="24.40395" lon="120.64135"/>
    <trkpt lat="24.40377" lon="120.64129"/>
    <trkpt lat="24.40365" lon="120.64126"/>
    <trkpt lat="24.40352" lon="120.64124"/>
    <trkpt lat="24.40327" lon="120.6412"/>
    <trkpt lat="24.40311" lon="120.64119"/>
    <trkpt lat="24.40307" lon="120.64119"/>
    <trkpt lat="24.40281" lon="120.64122"/>
    <trkpt lat="24.40271" lon="120.64124"/>
    <trkpt lat="24.40254" lon="120.64126"/>
    <trkpt lat="24.40238" lon="120.64131"/>
    <trkpt lat="24.40206" lon="120.64144"/>
    <trkpt lat="24.40182" lon="120.64159"/>
    <trkpt lat="24.40164" lon="120.64171"/>
    <trkpt lat="24.40145" lon="120.64186"/>
    <trkpt lat="24.40134" lon="120.64196"/>
    <trkpt lat="24.40132" lon="120.64198"/>
    <trkpt lat="24.40123" lon="120.64207"/>
    <trkpt lat="24.40101" lon="120.6423"/>
    <trkpt lat="24.40086" lon="120.64245"/>
    <trkpt lat="24.40053" lon="120.64286"/>
    <trkpt lat="24.40043" lon="120.64298"/>
    <trkpt lat="24.40036" lon="120.64312"/>
    <trkpt lat="24.40029" lon="120.64321"/>
    <trkpt lat="24.39817" lon="120.64565"/>
    <trkpt lat="24.3976" lon="120.64631"/>
    <trkpt lat="24.39719" lon="120.64677"/>
    <trkpt lat="24.3965" lon="120.64743"/>
    <trkpt lat="24.39583" lon="120.64796"/>
    <trkpt lat="24.39499" lon="120.6485"/>
    <trkpt lat="24.39443" lon="120.64878"/>
    <trkpt lat="24.39417" lon="120.64889"/>
    <trkpt lat="24.39403" lon="120.64895"/>
    <trkpt lat="24.39388" lon="120.649"/>
    <trkpt lat="24.39366" lon="120.64908"/>
    <trkpt lat="24.39349" lon="120.64914"/>
    <trkpt lat="24.39161" lon="120.64983"/>
    <trkpt lat="24.39119" lon="120.65003"/>
    <trkpt lat="24.39069" lon="120.65022"/>
    <trkpt lat="24.39015" lon="120.65042"/>
    <trkpt lat="24.38835" lon="120.65111"/>
    <trkpt lat="24.38823" lon="120.65114"/>
    <trkpt lat="24.38806" lon="120.65119"/>
    <trkpt lat="24.38698" lon="120.65156"/>
    <trkpt lat="24.38626" lon="120.65172"/>
    <trkpt lat="24.38582" lon="120.6518"/>
    <trkpt lat="24.38533" lon="120.65185"/>
    <trkpt lat="24.38468" lon="120.65188"/>
    <trkpt lat="24.38447" lon="120.65188"/>
    <trkpt lat="24.38403" lon="120.65186"/>
    <trkpt lat="24.38357" lon="120.65185"/>
    <trkpt lat="24.38347" lon="120.65184"/>
    <trkpt lat="24.38324" lon="120.65182"/>
    <trkpt lat="24.38286" lon="120.65172"/>
    <trkpt lat="24.38274" lon="120.6517"/>
    <trkpt lat="24.38262" lon="120.65167"/>
    <trkpt lat="24.38252" lon="120.65165"/>
    <trkpt lat="24.38208" lon="120.65153"/>
    <trkpt lat="24.38196" lon="120.6515"/>
    <trkpt lat="24.38157" lon="120.65138"/>
    <trkpt lat="24.38119" lon="120.65124"/>
    <trkpt lat="24.38031" lon="120.65082"/>
    <trkpt lat="24.38018" lon="120.65072"/>
    <trkpt lat="24.38014" lon="120.6507"/>
    <trkpt lat="24.37951" lon="120.65025"/>
    <trkpt lat="24.37875" lon="120.64975"/>
    <trkpt lat="24.37857" lon="120.64963"/>
    <trkpt lat="24.37795" lon="120.64927"/>
    <trkpt lat="24.37766" lon="120.6491"/>
    <trkpt lat="24.37685" lon="120.64861"/>
    <trkpt lat="24.37665" lon="120.64849"/>
    <trkpt lat="24.37652" lon="120.64841"/>
    <trkpt lat="24.37639" lon="120.64833"/>
    <trkpt lat="24.37601" lon="120.64809"/>
    <trkpt lat="24.37536" lon="120.64768"/>
    <trkpt lat="24.3751" lon="120.64752"/>
    <trkpt lat="24.37506" lon="120.64749"/>
    <trkpt lat="24.37502" lon="120.64746"/>
    <trkpt lat="24.37412" lon="120.64689"/>
    <trkpt lat="24.37408" lon="120.64686"/>
    <trkpt lat="24.37403" lon="120.64683"/>
    <trkpt lat="24.37397" lon="120.6468"/>
    <trkpt lat="24.37357" lon="120.64654"/>
    <trkpt lat="24.37341" lon="120.64644"/>
    <trkpt lat="24.37258" lon="120.64591"/>
    <trkpt lat="24.37202" lon="120.64554"/>
    <trkpt lat="24.37145" lon="120.64518"/>
    <trkpt lat="24.37134" lon="120.64511"/>
    <trkpt lat="24.37118" lon="120.64501"/>
    <trkpt lat="24.37103" lon="120.64492"/>
    <trkpt lat="24.37087" lon="120.64482"/>
    <trkpt lat="24.37023" lon="120.64442"/>
    <trkpt lat="24.36993" lon="120.64424"/>
    <trkpt lat="24.36978" lon="120.64414"/>
    <trkpt lat="24.36931" lon="120.64385"/>
    <trkpt lat="24.36912" lon="120.64373"/>
    <trkpt lat="24.36907" lon="120.6437"/>
    <trkpt lat="24.36899" lon="120.64365"/>
    <trkpt lat="24.36875" lon="120.64351"/>
    <trkpt lat="24.36858" lon="120.6434"/>
    <trkpt lat="24.36852" lon="120.64336"/>
    <trkpt lat="24.36846" lon="120.64332"/>
    <trkpt lat="24.36815" lon="120.64312"/>
    <trkpt lat="24.36785" lon="120.64294"/>
    <trkpt lat="24.36775" lon="120.64286"/>
    <trkpt lat="24.36656" lon="120.64198"/>
    <trkpt lat="24.36582" lon="120.64145"/>
    <trkpt lat="24.36421" lon="120.64016"/>
    <trkpt lat="24.36392" lon="120.63994"/>
    <trkpt lat="24.36363" lon="120.63967"/>
    <trkpt lat="24.36346" lon="120.6395"/>
    <trkpt lat="24.36329" lon="120.63928"/>
    <trkpt lat="24.36325" lon="120.6393"/>
    <trkpt lat="24.36318" lon="120.63935"/>
    <trkpt lat="24.36313" lon="120.63934"/>
    <trkpt lat="24.36309" lon="120.63933"/>
    <trkpt lat="24.36305" lon="120.63931"/>
    <trkpt lat="24.36297" lon="120.63926"/>
    <trkpt lat="24.36285" lon="120.63917"/>
    <trkpt lat="24.36267" lon="120.63903"/>
    <trkpt lat="24.36246" lon="120.63887"/>
    <trkpt lat="24.36236" lon="120.63879"/>
    <trkpt lat="24.36178" lon="120.63835"/>
    <trkpt lat="24.36157" lon="120.63818"/>
    <trkpt lat="24.36125" lon="120.63793"/>
    <trkpt lat="24.36117" lon="120.63787"/>
    <trkpt lat="24.36063" lon="120.63745"/>
    <trkpt lat="24.36014" lon="120.63708"/>
    <trkpt lat="24.35971" lon="120.63675"/>
    <trkpt lat="24.35914" lon="120.63631"/>
    <trkpt lat="24.35843" lon="120.63578"/>
    <trkpt lat="24.35779" lon="120.63528"/>
    <trkpt lat="24.3577" lon="120.63521"/>
    <trkpt lat="24.35755" lon="120.63509"/>
    <trkpt lat="24.35733" lon="120.63492"/>
    <trkpt lat="24.35714" lon="120.63471"/>
    <trkpt lat="24.35709" lon="120.63464"/>
    <trkpt lat="24.35703" lon="120.63456"/>
    <trkpt lat="24.35696" lon="120.63445"/>
    <trkpt lat="24.35688" lon="120.63434"/>
    <trkpt lat="24.35626" lon="120.63347"/>
    <trkpt lat="24.35616" lon="120.63331"/>
    <trkpt lat="24.35613" lon="120.63327"/>
    <trkpt lat="24.35592" lon="120.63292"/>
    <trkpt lat="24.35555" lon="120.63233"/>
    <trkpt lat="24.35545" lon="120.63221"/>
    <trkpt lat="24.35539" lon="120.63213"/>
    <trkpt lat="24.35531" lon="120.63199"/>
    <trkpt lat="24.35527" lon="120.63194"/>
    <trkpt lat="24.35513" lon="120.63177"/>
    <trkpt lat="24.35502" lon="120.63163"/>
    <trkpt lat="24.35482" lon="120.63136"/>
    <trkpt lat="24.35478" lon="120.63132"/>
    <trkpt lat="24.35423" lon="120.63071"/>
    <trkpt lat="24.35413" lon="120.6306"/>
    <trkpt lat="24.35353" lon="120.62988"/>
    <trkpt lat="24.35296" lon="120.62932"/>
    <trkpt lat="24.35292" lon="120.62928"/>
    <trkpt lat="24.35238" lon="120.6287"/>
    <trkpt lat="24.35222" lon="120.62852"/>
    <trkpt lat="24.35207" lon="120.62838"/>
    <trkpt lat="24.35176" lon="120.62812"/>
    <trkpt lat="24.35148" lon="120.62788"/>
    <trkpt lat="24.35116" lon="120.62761"/>
    <trkpt lat="24.35085" lon="120.6274"/>
    <trkpt lat="24.35011" lon="120.62747"/>
    <trkpt lat="24.3499" lon="120.62747"/>
    <trkpt lat="24.34917" lon="120.62692"/>
    <trkpt lat="24.34871" lon="120.62659"/>
    <trkpt lat="24.3484" lon="120.62637"/>
    <trkpt lat="24.34824" lon="120.6263"/>
    <trkpt lat="24.34806" lon="120.62623"/>
    <trkpt lat="24.34761" lon="120.62608"/>
    <trkpt lat="24.34703" lon="120.62588"/>
    <trkpt lat="24.34725" lon="120.62554"/>
    <trkpt lat="24.34728" lon="120.6255"/>
    <trkpt lat="24.34736" lon="120.6254"/>
    <trkpt lat="24.3468" lon="120.62495"/>
    <trkpt lat="24.34672" lon="120.62489"/>
    <trkpt lat="24.34669" lon="120.62487"/>
    <trkpt lat="24.34658" lon="120.62478"/>
    <trkpt lat="24.34642" lon="120.62465"/>
    <trkpt lat="24.34626" lon="120.62452"/>
    <trkpt lat="24.34567" lon="120.62405"/>
    <trkpt lat="24.34559" lon="120.624"/>
    <trkpt lat="24.34556" lon="120.62397"/>
    <trkpt lat="24.34533" lon="120.62388"/>
    <trkpt lat="24.34513" lon="120.6238"/>
    <trkpt lat="24.34487" lon="120.62371"/>
    <trkpt lat="24.34428" lon="120.62349"/>
    <trkpt lat="24.34411" lon="120.62344"/>
    <trkpt lat="24.34422" lon="120.622"/>
    <trkpt lat="24.34407" lon="120.62192"/>
    <trkpt lat="24.34404" lon="120.62191"/>
    <trkpt lat="24.34396" lon="120.62187"/>
    <trkpt lat="24.34387" lon="120.62181"/>
    <trkpt lat="24.34377" lon="120.62174"/>
    <trkpt lat="24.34364" lon="120.62165"/>
    <trkpt lat="24.34352" lon="120.62154"/>
    <trkpt lat="24.34322" lon="120.62132"/>
    <trkpt lat="24.3424" lon="120.62069"/>
    <trkpt lat="24.34194" lon="120.62034"/>
    <trkpt lat="24.34168" lon="120.62012"/>
    <trkpt lat="24.34159" lon="120.62005"/>
    <trkpt lat="24.34145" lon="120.61992"/>
    <trkpt lat="24.34127" lon="120.61977"/>
    <trkpt lat="24.3412" lon="120.61972"/>
    <trkpt lat="24.34114" lon="120.61969"/>
    <trkpt lat="24.34075" lon="120.61946"/>
    <trkpt lat="24.34066" lon="120.6194"/>
    <trkpt lat="24.34062" lon="120.61937"/>
    <trkpt lat="24.34048" lon="120.61926"/>
    <trkpt lat="24.34037" lon="120.61918"/>
    <trkpt lat="24.33971" lon="120.61875"/>
    <trkpt lat="24.33937" lon="120.61854"/>
    <trkpt lat="24.33922" lon="120.61844"/>
    <trkpt lat="24.33916" lon="120.6184"/>
    <trkpt lat="24.33913" lon="120.61838"/>
    <trkpt lat="24.33911" lon="120.61837"/>
    <trkpt lat="24.3391" lon="120.61836"/>
    <trkpt lat="24.33909" lon="120.61834"/>
    <trkpt lat="24.33907" lon="120.61832"/>
    <trkpt lat="24.33906" lon="120.61829"/>
    <trkpt lat="24.33905" lon="120.61825"/>
    <trkpt lat="24.33906" lon="120.61813"/>
    <trkpt lat="24.33883" lon="120.61803"/>
    <trkpt lat="24.33873" lon="120.61797"/>
    <trkpt lat="24.33815" lon="120.61762"/>
    <trkpt lat="24.33799" lon="120.61751"/>
    <trkpt lat="24.33735" lon="120.61709"/>
    <trkpt lat="24.33601" lon="120.61623"/>
    <trkpt lat="24.33552" lon="120.61591"/>
    <trkpt lat="24.33437" lon="120.61516"/>
    <trkpt lat="24.33416" lon="120.61502"/>
    <trkpt lat="24.33394" lon="120.61487"/>
    <trkpt lat="24.33387" lon="120.61482"/>
    <trkpt lat="24.33262" lon="120.61369"/>
    <trkpt lat="24.3311" lon="120.61223"/>
    <trkpt lat="24.33021" lon="120.61138"/>
    <trkpt lat="24.32957" lon="120.61078"/>
    <trkpt lat="24.3293" lon="120.61054"/>
    <trkpt lat="24.32835" lon="120.60961"/>
    <trkpt lat="24.32784" lon="120.60911"/>
    <trkpt lat="24.32752" lon="120.6088"/>
    <trkpt lat="24.32744" lon="120.60872"/>
    <trkpt lat="24.32724" lon="120.60855"/>
    <trkpt lat="24.32714" lon="120.60848"/>
    <trkpt lat="24.32709" lon="120.60844"/>
    <trkpt lat="24.32698" lon="120.60836"/>
    <trkpt lat="24.32685" lon="120.60828"/>
    <trkpt lat="24.32674" lon="120.60822"/>
    <trkpt lat="24.32636" lon="120.60804"/>
    <trkpt lat="24.32561" lon="120.60785"/>
    <trkpt lat="24.32464" lon="120.60758"/>
    <trkpt lat="24.32453" lon="120.60754"/>
    <trkpt lat="24.32442" lon="120.60751"/>
    <trkpt lat="24.32165" lon="120.60666"/>
    <trkpt lat="24.32147" lon="120.60661"/>
    <trkpt lat="24.31887" lon="120.60581"/>
    <trkpt lat="24.31795" lon="120.60554"/>
    <trkpt lat="24.31714" lon="120.60531"/>
    <trkpt lat="24.31553" lon="120.6048"/>
    <trkpt lat="24.31536" lon="120.60474"/>
    <trkpt lat="24.31317" lon="120.60404"/>
    <trkpt lat="24.31302" lon="120.604"/>
    <trkpt lat="24.313" lon="120.60399"/>
    <trkpt lat="24.31283" lon="120.60393"/>
    <trkpt lat="24.31272" lon="120.60389"/>
    <trkpt lat="24.31232" lon="120.60374"/>
    <trkpt lat="24.31217" lon="120.60369"/>
    <trkpt lat="24.31185" lon="120.60352"/>
    <trkpt lat="24.31145" lon="120.60331"/>
    <trkpt lat="24.31121" lon="120.60315"/>
    <trkpt lat="24.31111" lon="120.60306"/>
    <trkpt lat="24.31091" lon="120.60283"/>
    <trkpt lat="24.3108" lon="120.60266"/>
    <trkpt lat="24.31071" lon="120.60252"/>
    <trkpt lat="24.31047" lon="120.60202"/>
    <trkpt lat="24.31049" lon="120.602"/>
    <trkpt lat="24.31049" lon="120.60198"/>
    <trkpt lat="24.3105" lon="120.60195"/>
    <trkpt lat="24.31051" lon="120.60193"/>
    <trkpt lat="24.31051" lon="120.6019"/>
    <trkpt lat="24.31053" lon="120.60185"/>
    <trkpt lat="24.31062" lon="120.6015"/>
    <trkpt lat="24.31064" lon="120.6014"/>
    <trkpt lat="24.31065" lon="120.60129"/>
    <trkpt lat="24.31066" lon="120.60116"/>
    <trkpt lat="24.31065" lon="120.60109"/>
    <trkpt lat="24.31062" lon="120.60098"/>
    <trkpt lat="24.3106" lon="120.60082"/>
    <trkpt lat="24.31059" lon="120.60066"/>
    <trkpt lat="24.31059" lon="120.60056"/>
    <trkpt lat="24.31059" lon="120.60049"/>
    <trkpt lat="24.31062" lon="120.60042"/>
    <trkpt lat="24.31067" lon="120.60035"/>
    <trkpt lat="24.31072" lon="120.60027"/>
    <trkpt lat="24.3108" lon="120.60017"/>
    <trkpt lat="24.31089" lon="120.60004"/>
    <trkpt lat="24.31101" lon="120.59986"/>
    <trkpt lat="24.31138" lon="120.59931"/>
    <trkpt lat="24.31246" lon="120.59781"/>
    <trkpt lat="24.31335" lon="120.59648"/>
    <trkpt lat="24.31341" lon="120.59639"/>
    <trkpt lat="24.31377" lon="120.59583"/>
    <trkpt lat="24.31416" lon="120.59517"/>
    <trkpt lat="24.31454" lon="120.5945"/>
    <trkpt lat="24.31483" lon="120.59395"/>
    <trkpt lat="24.31524" lon="120.59305"/>
    <trkpt lat="24.31574" lon="120.59194"/>
    <trkpt lat="24.31605" lon="120.59114"/>
    <trkpt lat="24.31628" lon="120.59048"/>
    <trkpt lat="24.31662" lon="120.58943"/>
    <trkpt lat="24.31678" lon="120.58887"/>
    <trkpt lat="24.31683" lon="120.58868"/>
    <trkpt lat="24.31688" lon="120.58849"/>
    <trkpt lat="24.31714" lon="120.58756"/>
    <trkpt lat="24.31745" lon="120.58646"/>
    <trkpt lat="24.31749" lon="120.58632"/>
    <trkpt lat="24.31763" lon="120.58585"/>
    <trkpt lat="24.31774" lon="120.58543"/>
    <trkpt lat="24.318" lon="120.58453"/>
    <trkpt lat="24.31826" lon="120.58362"/>
    <trkpt lat="24.31857" lon="120.58252"/>
    <trkpt lat="24.31904" lon="120.58088"/>
    <trkpt lat="24.3194" lon="120.57964"/>
    <trkpt lat="24.31969" lon="120.57863"/>
    <trkpt lat="24.31995" lon="120.57775"/>
    <trkpt lat="24.32006" lon="120.57729"/>
    <trkpt lat="24.32015" lon="120.57698"/>
    <trkpt lat="24.32028" lon="120.57652"/>
    <trkpt lat="24.32038" lon="120.57617"/>
    <trkpt lat="24.32112" lon="120.57362"/>
    <trkpt lat="24.32155" lon="120.57211"/>
    <trkpt lat="24.32161" lon="120.57192"/>
    <trkpt lat="24.32212" lon="120.57012"/>
    <trkpt lat="24.32231" lon="120.56945"/>
    <trkpt lat="24.32232" lon="120.56941"/>
    <trkpt lat="24.32249" lon="120.56886"/>
    <trkpt lat="24.32254" lon="120.56867"/>
    <trkpt lat="24.3226" lon="120.56848"/>
    <trkpt lat="24.32265" lon="120.56829"/>
    <trkpt lat="24.32298" lon="120.56716"/>
    <trkpt lat="24.32304" lon="120.56698"/>
    <trkpt lat="24.32307" lon="120.56687"/>
    <trkpt lat="24.32309" lon="120.56679"/>
    <trkpt lat="24.32314" lon="120.5666"/>
    <trkpt lat="24.32319" lon="120.56641"/>
    <trkpt lat="24.32323" lon="120.56625"/>
    <trkpt lat="24.32324" lon="120.56622"/>
    <trkpt lat="24.32328" lon="120.56603"/>
    <trkpt lat="24.32331" lon="120.56588"/>
    <trkpt lat="24.32292" lon="120.5658"/>
    <trkpt lat="24.32255" lon="120.5657"/>
    <trkpt lat="24.32166" lon="120.56546"/>
    <trkpt lat="24.32148" lon="120.56541"/>
    <trkpt lat="24.32061" lon="120.56517"/>
    <trkpt lat="24.32013" lon="120.56505"/>
    <trkpt lat="24.31888" lon="120.5647"/>
    <trkpt lat="24.31773" lon="120.56439"/>
    <trkpt lat="24.3175" lon="120.56428"/>
    <trkpt lat="24.31747" lon="120.56427"/>
    <trkpt lat="24.31745" lon="120.56427"/>
    <trkpt lat="24.31743" lon="120.56427"/>
    <trkpt lat="24.31742" lon="120.56427"/>
    <trkpt lat="24.3174" lon="120.56427"/>
    <trkpt lat="24.31737" lon="120.56428"/>
    <trkpt lat="24.31726" lon="120.56421"/>
    <trkpt lat="24.31688" lon="120.56389"/>
    <trkpt lat="24.31647" lon="120.56349"/>
    <trkpt lat="24.31593" lon="120.56297"/>
    <trkpt lat="24.3158" lon="120.56284"/>
    <trkpt lat="24.31512" lon="120.56219"/>
    <trkpt lat="24.31383" lon="120.56094"/>
    <trkpt lat="24.31336" lon="120.56054"/>
    <trkpt lat="24.31299" lon="120.56027"/>
    <trkpt lat="24.31249" lon="120.55992"/>
    <trkpt lat="24.3123" lon="120.55979"/>
    <trkpt lat="24.31124" lon="120.5592"/>
    <trkpt lat="24.31105" lon="120.5591"/>
    <trkpt lat="24.30992" lon="120.5585"/>
    <trkpt lat="24.30996" lon="120.55845"/>
    <trkpt lat="24.31007" lon="120.55833"/>
    <trkpt lat="24.31023" lon="120.55817"/>
    <trkpt lat="24.31026" lon="120.55814"/>
    <trkpt lat="24.31035" lon="120.55805"/>
    <trkpt lat="24.31039" lon="120.55799"/>
    <trkpt lat="24.31042" lon="120.55796"/>
    <trkpt lat="24.31042" lon="120.55795"/>
    <trkpt lat="24.31045" lon="120.5579"/>
    <trkpt lat="24.31049" lon="120.55781"/>
    <trkpt lat="24.31052" lon="120.55775"/>
    <trkpt lat="24.31054" lon="120.5577"/>
    <trkpt lat="24.31056" lon="120.55765"/>
    <trkpt lat="24.31059" lon="120.55759"/>
    <trkpt lat="24.31064" lon="120.55751"/>
    <trkpt lat="24.3107" lon="120.55745"/>
    <trkpt lat="24.31078" lon="120.55736"/>
    <trkpt lat="24.31084" lon="120.55727"/>
    <trkpt lat="24.31085" lon="120.55724"/>
    <trkpt lat="24.31086" lon="120.55722"/>
    <trkpt lat="24.31087" lon="120.55719"/>
    <trkpt lat="24.31088" lon="120.55718"/>
    <trkpt lat="24.31089" lon="120.55715"/>
    <trkpt lat="24.31089" lon="120.55712"/>
    <trkpt lat="24.3109" lon="120.55708"/>
    <trkpt lat="24.3109" lon="120.55706"/>
    <trkpt lat="24.3109" lon="120.55702"/>
    <trkpt lat="24.3109" lon="120.55694"/>
    <trkpt lat="24.31089" lon="120.55684"/>
    <trkpt lat="24.31089" lon="120.55682"/>
    <trkpt lat="24.31087" lon="120.55644"/>
    <trkpt lat="24.31088" lon="120.55623"/>
    <trkpt lat="24.3109" lon="120.55614"/>
    <trkpt lat="24.31093" lon="120.55596"/>
    <trkpt lat="24.31097" lon="120.55577"/>
    <trkpt lat="24.31104" lon="120.55546"/>
    <trkpt lat="24.3111" lon="120.55523"/>
    <trkpt lat="24.31111" lon="120.55517"/>
    <trkpt lat="24.31114" lon="120.55508"/>
    <trkpt lat="24.31116" lon="120.55491"/>
    <trkpt lat="24.31117" lon="120.55478"/>
    <trkpt lat="24.31117" lon="120.55466"/>
    <trkpt lat="24.31116" lon="120.55457"/>
    <trkpt lat="24.31113" lon="120.55449"/>
    <trkpt lat="24.31108" lon="120.55441"/>
    <trkpt lat="24.31103" lon="120.55433"/>
    <trkpt lat="24.31103" lon="120.55432"/>
    <trkpt lat="24.311" lon="120.55425"/>
    <trkpt lat="24.31096" lon="120.55417"/>
    <trkpt lat="24.31094" lon="120.55409"/>
    <trkpt lat="24.31091" lon="120.554"/>
    <trkpt lat="24.3109" lon="120.55388"/>
    <trkpt lat="24.3109" lon="120.55373"/>
    <trkpt lat="24.3109" lon="120.55364"/>
    <trkpt lat="24.31091" lon="120.5536"/>
    <trkpt lat="24.31091" lon="120.55354"/>
    <trkpt lat="24.31093" lon="120.55343"/>
    <trkpt lat="24.31096" lon="120.55325"/>
    <trkpt lat="24.31103" lon="120.55302"/>
    <trkpt lat="24.31107" lon="120.55291"/>
    <trkpt lat="24.31109" lon="120.55286"/>
    <trkpt lat="24.31109" lon="120.55284"/>
    <trkpt lat="24.3111" lon="120.5528"/>
    <trkpt lat="24.31111" lon="120.55274"/>
    <trkpt lat="24.31112" lon="120.55267"/>
    <trkpt lat="24.31114" lon="120.55252"/>
    <trkpt lat="24.31115" lon="120.55243"/>
    <trkpt lat="24.31116" lon="120.55236"/>
    <trkpt lat="24.31122" lon="120.55224"/>
    <trkpt lat="24.31128" lon="120.55214"/>
    <trkpt lat="24.31139" lon="120.55199"/>
    <trkpt lat="24.31156" lon="120.55173"/>
    <trkpt lat="24.31172" lon="120.55153"/>
    <trkpt lat="24.31189" lon="120.55131"/>
    <trkpt lat="24.31199" lon="120.55111"/>
    <trkpt lat="24.31203" lon="120.55104"/>
    <trkpt lat="24.31205" lon="120.55098"/>
    <trkpt lat="24.31209" lon="120.5509"/>
    <trkpt lat="24.31206" lon="120.55089"/>
    <trkpt lat="24.31201" lon="120.55086"/>
    <trkpt lat="24.31192" lon="120.55081"/>
    <trkpt lat="24.31167" lon="120.55068"/>
    <trkpt lat="24.31147" lon="120.55058"/>
    <trkpt lat="24.31108" lon="120.55043"/>
    <trkpt lat="24.31078" lon="120.55031"/>
    <trkpt lat="24.30992" lon="120.54996"/>
    <trkpt lat="24.30937" lon="120.54975"/>
    <trkpt lat="24.30934" lon="120.54974"/>
    <trkpt lat="24.30894" lon="120.54959"/>
    <trkpt lat="24.30775" lon="120.54914"/>
    <trkpt lat="24.30639" lon="120.54862"/>
    <trkpt lat="24.30596" lon="120.54846"/>
    <trkpt lat="24.30592" lon="120.54844"/>
    <trkpt lat="24.3059" lon="120.54843"/>
    <trkpt lat="24.30589" lon="120.54841"/>
    <trkpt lat="24.30587" lon="120.54839"/>
    <trkpt lat="24.30586" lon="120.54837"/>
    <trkpt lat="24.30585" lon="120.54834"/>
    <trkpt lat="24.30585" lon="120.54832"/>
    <trkpt lat="24.30585" lon="120.54828"/>
    <trkpt lat="24.30586" lon="120.54825"/>
    <trkpt lat="24.30596" lon="120.54777"/>
    <trkpt lat="24.30604" lon="120.54739"/>
    <trkpt lat="24.30618" lon="120.54667"/>
    <trkpt lat="24.30619" lon="120.54664"/>
    <trkpt lat="24.30619" lon="120.54662"/>
    <trkpt lat="24.30619" lon="120.5466"/>
    <trkpt lat="24.30618" lon="120.54658"/>
    <trkpt lat="24.30616" lon="120.54655"/>
    <trkpt lat="24.30615" lon="120.54654"/>
    <trkpt lat="24.30613" lon="120.54653"/>
    <trkpt lat="24.30611" lon="120.54652"/>
    <trkpt lat="24.30608" lon="120.54652"/>
    <trkpt lat="24.30391" lon="120.54639"/>
    <trkpt lat="24.30319" lon="120.54635"/>
    <trkpt lat="24.30291" lon="120.54634"/>
    <trkpt lat="24.30046" lon="120.54622"/>
    <trkpt lat="24.29973" lon="120.54618"/>
    <trkpt lat="24.29961" lon="120.54616"/>
    <trkpt lat="24.29955" lon="120.54627"/>
    <trkpt lat="24.29946" lon="120.54641"/>
    <trkpt lat="24.29867" lon="120.5479"/>
    <trkpt lat="24.29862" lon="120.54801"/>
    <trkpt lat="24.29844" lon="120.54837"/>
    <trkpt lat="24.29826" lon="120.54871"/>
    <trkpt lat="24.29769" lon="120.54982"/>
    <trkpt lat="24.29745" lon="120.55033"/>
    <trkpt lat="24.29736" lon="120.55051"/>
    <trkpt lat="24.29728" lon="120.55066"/>
    <trkpt lat="24.29713" lon="120.55068"/>
    <trkpt lat="24.29697" lon="120.5507"/>
    <trkpt lat="24.29692" lon="120.5507"/>
    <trkpt lat="24.29655" lon="120.55066"/>
    <trkpt lat="24.2964" lon="120.55062"/>
    <trkpt lat="24.29634" lon="120.55059"/>
    <trkpt lat="24.29617" lon="120.55086"/>
    <trkpt lat="24.29582" lon="120.5514"/>
    <trkpt lat="24.29571" lon="120.55159"/>
    <trkpt lat="24.29558" lon="120.5518"/>
    <trkpt lat="24.29547" lon="120.55199"/>
    <trkpt lat="24.29539" lon="120.55212"/>
    <trkpt lat="24.29537" lon="120.55217"/>
    <trkpt lat="24.29536" lon="120.55222"/>
    <trkpt lat="24.29536" lon="120.55228"/>
    <trkpt lat="24.29536" lon="120.55234"/>
    <trkpt lat="24.29537" lon="120.55238"/>
    <trkpt lat="24.29539" lon="120.55243"/>
    <trkpt lat="24.29455" lon="120.55219"/>
    <trkpt lat="24.29414" lon="120.55208"/>
    <trkpt lat="24.29407" lon="120.55207"/>
    <trkpt lat="24.29388" lon="120.55202"/>
    <trkpt lat="24.29385" lon="120.55193"/>
    <trkpt lat="24.2935" lon="120.55067"/>
    <trkpt lat="24.29347" lon="120.55055"/>
    <trkpt lat="24.293" lon="120.54887"/>
    <trkpt lat="24.29299" lon="120.54881"/>
    <trkpt lat="24.29197" lon="120.54502"/>
    <trkpt lat="24.29194" lon="120.54491"/>
    <trkpt lat="24.29193" lon="120.54486"/>
    <trkpt lat="24.29144" lon="120.54306"/>
    <trkpt lat="24.29132" lon="120.54271"/>
    <trkpt lat="24.29116" lon="120.54232"/>
    <trkpt lat="24.29095" lon="120.54192"/>
    <trkpt lat="24.29075" lon="120.5416"/>
    <trkpt lat="24.29056" lon="120.54138"/>
    <trkpt lat="24.29014" lon="120.54093"/>
    <trkpt lat="24.28972" lon="120.54054"/>
    <trkpt lat="24.28961" lon="120.54044"/>
    <trkpt lat="24.28956" lon="120.5405"/>
    <trkpt lat="24.28951" lon="120.54057"/>
    <trkpt lat="24.28946" lon="120.54063"/>
    <trkpt lat="24.28917" lon="120.541"/>
    <trkpt lat="24.28911" lon="120.54107"/>
    <trkpt lat="24.28897" lon="120.54123"/>
    <trkpt lat="24.28868" lon="120.54111"/>
    <trkpt lat="24.28854" lon="120.54106"/>
    <trkpt lat="24.28834" lon="120.54098"/>
    <trkpt lat="24.28845" lon="120.5408"/>
    <trkpt lat="24.2885" lon="120.54071"/>
    <trkpt lat="24.28851" lon="120.54065"/>
    <trkpt lat="24.28851" lon="120.54062"/>
    <trkpt lat="24.28851" lon="120.54059"/>
    <trkpt lat="24.2885" lon="120.54056"/>
    <trkpt lat="24.28848" lon="120.54052"/>
    <trkpt lat="24.28846" lon="120.54048"/>
    <trkpt lat="24.28841" lon="120.54044"/>
    <trkpt lat="24.28821" lon="120.5403"/>
    <trkpt lat="24.28838" lon="120.53977"/>
    <trkpt lat="24.28889" lon="120.54015"/>
    <trkpt lat="24.28904" lon="120.54027"/>
    <trkpt lat="24.28909" lon="120.54032"/>
    <trkpt lat="24.28912" lon="120.54035"/>
    <trkpt lat="24.28946" lon="120.54063"/>
    <trkpt lat="24.28957" lon="120.54074"/>
    <trkpt lat="24.28962" lon="120.54067"/>
    <trkpt lat="24.28967" lon="120.5406"/>
    <trkpt lat="24.28972" lon="120.54054"/>
    <trkpt lat="24.28961" lon="120.54044"/>
    <trkpt lat="24.28953" lon="120.54035"/>
    <trkpt lat="24.28945" lon="120.54027"/>
    <trkpt lat="24.28926" lon="120.54009"/>
    <trkpt lat="24.28918" lon="120.54002"/>
    <trkpt lat="24.28904" lon="120.53988"/>
    <trkpt lat="24.28902" lon="120.53987"/>
    <trkpt lat="24.28891" lon="120.53979"/>
    <trkpt lat="24.28878" lon="120.53969"/>
    <trkpt lat="24.28852" lon="120.53948"/>
    <trkpt lat="24.28808" lon="120.53918"/>
    <trkpt lat="24.28777" lon="120.53899"/>
    <trkpt lat="24.28747" lon="120.53885"/>
    <trkpt lat="24.28633" lon="120.53835"/>
    <trkpt lat="24.28614" lon="120.53828"/>
    <trkpt lat="24.28596" lon="120.5382"/>
    <trkpt lat="24.28563" lon="120.53806"/>
    <trkpt lat="24.28546" lon="120.53799"/>
    <trkpt lat="24.28311" lon="120.53699"/>
    <trkpt lat="24.28297" lon="120.53694"/>
    <trkpt lat="24.28279" lon="120.53686"/>
    <trkpt lat="24.28258" lon="120.53677"/>
    <trkpt lat="24.28156" lon="120.53633"/>
    <trkpt lat="24.2815" lon="120.53631"/>
    <trkpt lat="24.28135" lon="120.53624"/>
    <trkpt lat="24.28125" lon="120.5362"/>
    <trkpt lat="24.27933" lon="120.53538"/>
    <trkpt lat="24.27918" lon="120.53531"/>
    <trkpt lat="24.27903" lon="120.53523"/>
    <trkpt lat="24.27876" lon="120.53512"/>
    <trkpt lat="24.27645" lon="120.53413"/>
    <trkpt lat="24.27642" lon="120.53412"/>
    <trkpt lat="24.27622" lon="120.53404"/>
    <trkpt lat="24.27582" lon="120.53388"/>
    <trkpt lat="24.27421" lon="120.53318"/>
    <trkpt lat="24.27402" lon="120.5331"/>
    <trkpt lat="24.27379" lon="120.53301"/>
    <trkpt lat="24.27313" lon="120.53275"/>
    <trkpt lat="24.27261" lon="120.53252"/>
    <trkpt lat="24.27245" lon="120.53245"/>
    <trkpt lat="24.27235" lon="120.53241"/>
    <trkpt lat="24.27229" lon="120.53238"/>
    <trkpt lat="24.27109" lon="120.53188"/>
    <trkpt lat="24.27094" lon="120.53181"/>
    <trkpt lat="24.26917" lon="120.53105"/>
    <trkpt lat="24.269" lon="120.53098"/>
    <trkpt lat="24.26892" lon="120.53095"/>
    <trkpt lat="24.26699" lon="120.53013"/>
    <trkpt lat="24.26693" lon="120.53011"/>
    <trkpt lat="24.26672" lon="120.53002"/>
    <trkpt lat="24.26546" lon="120.52947"/>
    <trkpt lat="24.26532" lon="120.5294"/>
    <trkpt lat="24.26198" lon="120.52799"/>
    <trkpt lat="24.26189" lon="120.52794"/>
    <trkpt lat="24.26155" lon="120.52779"/>
    <trkpt lat="24.26106" lon="120.52759"/>
    <trkpt lat="24.26024" lon="120.52724"/>
    <trkpt lat="24.25973" lon="120.52704"/>
    <trkpt lat="24.25953" lon="120.52695"/>
    <trkpt lat="24.25937" lon="120.52688"/>
    <trkpt lat="24.2583" lon="120.52641"/>
    <trkpt lat="24.25646" lon="120.52563"/>
    <trkpt lat="24.25636" lon="120.52559"/>
    <trkpt lat="24.25438" lon="120.52474"/>
    <trkpt lat="24.25428" lon="120.5247"/>
    <trkpt lat="24.25414" lon="120.52463"/>
    <trkpt lat="24.25406" lon="120.5246"/>
    <trkpt lat="24.25228" lon="120.52388"/>
    <trkpt lat="24.25206" lon="120.52378"/>
    <trkpt lat="24.25181" lon="120.52368"/>
    <trkpt lat="24.2517" lon="120.52363"/>
    <trkpt lat="24.25144" lon="120.52351"/>
    <trkpt lat="24.25127" lon="120.52342"/>
    <trkpt lat="24.25099" lon="120.5233"/>
    <trkpt lat="24.25066" lon="120.52316"/>
    <trkpt lat="24.25035" lon="120.52303"/>
    <trkpt lat="24.25003" lon="120.52291"/>
    <trkpt lat="24.24983" lon="120.52282"/>
    <trkpt lat="24.24929" lon="120.52257"/>
    <trkpt lat="24.2492" lon="120.52253"/>
    <trkpt lat="24.24899" lon="120.52242"/>
    <trkpt lat="24.24857" lon="120.52219"/>
    <trkpt lat="24.24712" lon="120.52155"/>
    <trkpt lat="24.2463" lon="120.5212"/>
    <trkpt lat="24.24619" lon="120.52115"/>
    <trkpt lat="24.24536" lon="120.52079"/>
    <trkpt lat="24.24518" lon="120.52071"/>
    <trkpt lat="24.24474" lon="120.52053"/>
    <trkpt lat="24.2446" lon="120.52047"/>
    <trkpt lat="24.24452" lon="120.52044"/>
    <trkpt lat="24.24082" lon="120.51879"/>
    <trkpt lat="24.24068" lon="120.51872"/>
    <trkpt lat="24.24052" lon="120.51865"/>
    <trkpt lat="24.24046" lon="120.51863"/>
    <trkpt lat="24.23973" lon="120.51833"/>
    <trkpt lat="24.23905" lon="120.51803"/>
    <trkpt lat="24.23891" lon="120.51797"/>
    <trkpt lat="24.23645" lon="120.51689"/>
    <trkpt lat="24.23636" lon="120.51685"/>
    <trkpt lat="24.23632" lon="120.51683"/>
    <trkpt lat="24.23621" lon="120.51679"/>
    <trkpt lat="24.23593" lon="120.51668"/>
    <trkpt lat="24.23518" lon="120.51633"/>
    <trkpt lat="24.23495" lon="120.51623"/>
    <trkpt lat="24.23211" lon="120.51501"/>
    <trkpt lat="24.232" lon="120.51496"/>
    <trkpt lat="24.2319" lon="120.51492"/>
    <trkpt lat="24.2304" lon="120.51427"/>
    <trkpt lat="24.23021" lon="120.5142"/>
    <trkpt lat="24.23012" lon="120.51416"/>
    <trkpt lat="24.22988" lon="120.51406"/>
    <trkpt lat="24.22957" lon="120.51392"/>
    <trkpt lat="24.22947" lon="120.51388"/>
    <trkpt lat="24.22858" lon="120.5135"/>
    <trkpt lat="24.22856" lon="120.51349"/>
    <trkpt lat="24.22847" lon="120.51345"/>
    <trkpt lat="24.22833" lon="120.5134"/>
    <trkpt lat="24.2279" lon="120.51322"/>
    <trkpt lat="24.2276" lon="120.51309"/>
    <trkpt lat="24.22745" lon="120.51303"/>
    <trkpt lat="24.2273" lon="120.51296"/>
    <trkpt lat="24.22722" lon="120.51293"/>
    <trkpt lat="24.22689" lon="120.51279"/>
    <trkpt lat="24.22625" lon="120.51253"/>
    <trkpt lat="24.22613" lon="120.51248"/>
    <trkpt lat="24.226" lon="120.51242"/>
    <trkpt lat="24.22595" lon="120.5124"/>
    <trkpt lat="24.22573" lon="120.51231"/>
    <trkpt lat="24.22558" lon="120.51224"/>
    <trkpt lat="24.22499" lon="120.51199"/>
    <trkpt lat="24.22479" lon="120.5119"/>
    <trkpt lat="24.22417" lon="120.51164"/>
    <trkpt lat="24.22408" lon="120.5116"/>
    <trkpt lat="24.224" lon="120.51156"/>
    <trkpt lat="24.22344" lon="120.51132"/>
    <trkpt lat="24.2232" lon="120.51122"/>
    <trkpt lat="24.22289" lon="120.51109"/>
    <trkpt lat="24.22242" lon="120.5109"/>
    <trkpt lat="24.22196" lon="120.51071"/>
    <trkpt lat="24.22177" lon="120.51063"/>
    <trkpt lat="24.21998" lon="120.50987"/>
    <trkpt lat="24.21979" lon="120.5098"/>
    <trkpt lat="24.21945" lon="120.50965"/>
    <trkpt lat="24.21927" lon="120.50958"/>
    <trkpt lat="24.21888" lon="120.50941"/>
    <trkpt lat="24.21871" lon="120.50934"/>
    <trkpt lat="24.21851" lon="120.50926"/>
    <trkpt lat="24.21818" lon="120.50912"/>
    <trkpt lat="24.21804" lon="120.50906"/>
    <trkpt lat="24.21767" lon="120.5089"/>
    <trkpt lat="24.21751" lon="120.50883"/>
    <trkpt lat="24.21671" lon="120.50849"/>
    <trkpt lat="24.21665" lon="120.50847"/>
    <trkpt lat="24.21656" lon="120.50843"/>
    <trkpt lat="24.21595" lon="120.50818"/>
    <trkpt lat="24.21577" lon="120.5081"/>
    <trkpt lat="24.21499" lon="120.50777"/>
    <trkpt lat="24.21486" lon="120.50772"/>
    <trkpt lat="24.21439" lon="120.50752"/>
    <trkpt lat="24.21393" lon="120.50732"/>
    <trkpt lat="24.21381" lon="120.50726"/>
    <trkpt lat="24.21363" lon="120.50719"/>
    <trkpt lat="24.21357" lon="120.50717"/>
    <trkpt lat="24.21297" lon="120.50692"/>
    <trkpt lat="24.2129" lon="120.50689"/>
    <trkpt lat="24.21279" lon="120.50685"/>
    <trkpt lat="24.21254" lon="120.50674"/>
    <trkpt lat="24.21246" lon="120.50671"/>
    <trkpt lat="24.21241" lon="120.50669"/>
    <trkpt lat="24.21148" lon="120.50624"/>
    <trkpt lat="24.21091" lon="120.50598"/>
    <trkpt lat="24.21088" lon="120.50596"/>
    <trkpt lat="24.21024" lon="120.5057"/>
    <trkpt lat="24.20969" lon="120.50544"/>
    <trkpt lat="24.20915" lon="120.50521"/>
    <trkpt lat="24.20906" lon="120.50518"/>
    <trkpt lat="24.20892" lon="120.50512"/>
    <trkpt lat="24.20863" lon="120.50502"/>
    <trkpt lat="24.20843" lon="120.50496"/>
    <trkpt lat="24.20822" lon="120.5049"/>
    <trkpt lat="24.20801" lon="120.50484"/>
    <trkpt lat="24.20796" lon="120.50483"/>
    <trkpt lat="24.20768" lon="120.50476"/>
    <trkpt lat="24.20741" lon="120.50473"/>
    <trkpt lat="24.20737" lon="120.50473"/>
    <trkpt lat="24.20726" lon="120.50472"/>
    <trkpt lat="24.20708" lon="120.50471"/>
    <trkpt lat="24.20667" lon="120.5047"/>
    <trkpt lat="24.20666" lon="120.5047"/>
    <trkpt lat="24.20634" lon="120.50471"/>
    <trkpt lat="24.20612" lon="120.50472"/>
    <trkpt lat="24.20604" lon="120.50472"/>
    <trkpt lat="24.20542" lon="120.50479"/>
    <trkpt lat="24.20518" lon="120.50484"/>
    <trkpt lat="24.205" lon="120.50488"/>
    <trkpt lat="24.20498" lon="120.50489"/>
    <trkpt lat="24.20483" lon="120.50493"/>
    <trkpt lat="24.20458" lon="120.505"/>
    <trkpt lat="24.20397" lon="120.50524"/>
    <trkpt lat="24.20381" lon="120.50532"/>
    <trkpt lat="24.20344" lon="120.50553"/>
    <trkpt lat="24.20343" lon="120.50554"/>
    <trkpt lat="24.2033" lon="120.50561"/>
    <trkpt lat="24.20318" lon="120.50569"/>
    <trkpt lat="24.20283" lon="120.50591"/>
    <trkpt lat="24.20226" lon="120.50638"/>
    <trkpt lat="24.20183" lon="120.50682"/>
    <trkpt lat="24.20168" lon="120.50699"/>
    <trkpt lat="24.20158" lon="120.50712"/>
    <trkpt lat="24.20138" lon="120.50735"/>
    <trkpt lat="24.20128" lon="120.50749"/>
    <trkpt lat="24.20118" lon="120.50762"/>
    <trkpt lat="24.20109" lon="120.50776"/>
    <trkpt lat="24.20096" lon="120.50796"/>
    <trkpt lat="24.20077" lon="120.50828"/>
    <trkpt lat="24.20063" lon="120.50853"/>
    <trkpt lat="24.20059" lon="120.50859"/>
    <trkpt lat="24.20055" lon="120.50866"/>
    <trkpt lat="24.20038" lon="120.50898"/>
    <trkpt lat="24.20028" lon="120.50917"/>
    <trkpt lat="24.20016" lon="120.50937"/>
    <trkpt lat="24.19976" lon="120.5101"/>
    <trkpt lat="24.19942" lon="120.51082"/>
    <trkpt lat="24.19935" lon="120.51099"/>
    <trkpt lat="24.19925" lon="120.51121"/>
    <trkpt lat="24.19914" lon="120.51147"/>
    <trkpt lat="24.19902" lon="120.51179"/>
    <trkpt lat="24.19884" lon="120.51235"/>
    <trkpt lat="24.1988" lon="120.51251"/>
    <trkpt lat="24.19874" lon="120.51266"/>
    <trkpt lat="24.19865" lon="120.51293"/>
    <trkpt lat="24.19859" lon="120.51315"/>
    <trkpt lat="24.19853" lon="120.51335"/>
    <trkpt lat="24.19853" lon="120.51337"/>
    <trkpt lat="24.19853" lon="120.51338"/>
    <trkpt lat="24.19853" lon="120.51339"/>
    <trkpt lat="24.19853" lon="120.51341"/>
    <trkpt lat="24.19856" lon="120.51346"/>
    <trkpt lat="24.19854" lon="120.51354"/>
    <trkpt lat="24.19851" lon="120.51364"/>
    <trkpt lat="24.19834" lon="120.51371"/>
    <trkpt lat="24.19796" lon="120.51388"/>
    <trkpt lat="24.19748" lon="120.51354"/>
    <trkpt lat="24.1972" lon="120.51335"/>
    <trkpt lat="24.19685" lon="120.51309"/>
    <trkpt lat="24.19656" lon="120.51288"/>
    <trkpt lat="24.19601" lon="120.51247"/>
    <trkpt lat="24.19588" lon="120.51237"/>
    <trkpt lat="24.19587" lon="120.51236"/>
    <trkpt lat="24.19575" lon="120.51227"/>
    <trkpt lat="24.19508" lon="120.51179"/>
    <trkpt lat="24.19479" lon="120.51157"/>
    <trkpt lat="24.19448" lon="120.51135"/>
    <trkpt lat="24.19434" lon="120.51126"/>
    <trkpt lat="24.19433" lon="120.51125"/>
    <trkpt lat="24.19421" lon="120.51117"/>
    <trkpt lat="24.19397" lon="120.51099"/>
    <trkpt lat="24.19382" lon="120.51088"/>
    <trkpt lat="24.19367" lon="120.51077"/>
    <trkpt lat="24.19346" lon="120.51062"/>
    <trkpt lat="24.192" lon="120.5096"/>
    <trkpt lat="24.19169" lon="120.50939"/>
    <trkpt lat="24.1916" lon="120.50933"/>
    <trkpt lat="24.19063" lon="120.50865"/>
    <trkpt lat="24.19048" lon="120.50854"/>
    <trkpt lat="24.18988" lon="120.50812"/>
    <trkpt lat="24.18973" lon="120.50801"/>
    <trkpt lat="24.18836" lon="120.50705"/>
    <trkpt lat="24.18587" lon="120.50529"/>
    <trkpt lat="24.18572" lon="120.50519"/>
    <trkpt lat="24.18481" lon="120.50455"/>
    <trkpt lat="24.18431" lon="120.50423"/>
    <trkpt lat="24.18187" lon="120.50258"/>
    <trkpt lat="24.18172" lon="120.50248"/>
    <trkpt lat="24.18141" lon="120.50227"/>
    <trkpt lat="24.18135" lon="120.50222"/>
    <trkpt lat="24.1813" lon="120.50219"/>
    <trkpt lat="24.18075" lon="120.5018"/>
    <trkpt lat="24.17925" lon="120.50075"/>
    <trkpt lat="24.1791" lon="120.50065"/>
    <trkpt lat="24.17852" lon="120.50025"/>
    <trkpt lat="24.17779" lon="120.49973"/>
    <trkpt lat="24.17774" lon="120.4997"/>
    <trkpt lat="24.17758" lon="120.49959"/>
    <trkpt lat="24.17745" lon="120.49947"/>
    <trkpt lat="24.17729" lon="120.49934"/>
    <trkpt lat="24.17709" lon="120.49916"/>
    <trkpt lat="24.17667" lon="120.49877"/>
    <trkpt lat="24.17655" lon="120.49865"/>
    <trkpt lat="24.17572" lon="120.49789"/>
    <trkpt lat="24.17563" lon="120.49779"/>
    <trkpt lat="24.17556" lon="120.49772"/>
    <trkpt lat="24.17431" lon="120.49651"/>
    <trkpt lat="24.17401" lon="120.49623"/>
    <trkpt lat="24.17352" lon="120.49575"/>
    <trkpt lat="24.17328" lon="120.49552"/>
    <trkpt lat="24.17219" lon="120.49449"/>
    <trkpt lat="24.17108" lon="120.49341"/>
    <trkpt lat="24.17067" lon="120.49301"/>
    <trkpt lat="24.17" lon="120.49238"/>
    <trkpt lat="24.16993" lon="120.49231"/>
    <trkpt lat="24.16991" lon="120.49229"/>
    <trkpt lat="24.16988" lon="120.49226"/>
    <trkpt lat="24.16905" lon="120.49145"/>
    <trkpt lat="24.16901" lon="120.49142"/>
    <trkpt lat="24.16881" lon="120.49124"/>
    <trkpt lat="24.16726" lon="120.48976"/>
    <trkpt lat="24.16713" lon="120.48963"/>
    <trkpt lat="24.16645" lon="120.489"/>
    <trkpt lat="24.16622" lon="120.48875"/>
    <trkpt lat="24.16604" lon="120.48863"/>
    <trkpt lat="24.16581" lon="120.48847"/>
    <trkpt lat="24.16558" lon="120.48831"/>
    <trkpt lat="24.16543" lon="120.48822"/>
    <trkpt lat="24.16537" lon="120.4882"/>
    <trkpt lat="24.16495" lon="120.48802"/>
    <trkpt lat="24.16474" lon="120.48794"/>
    <trkpt lat="24.16455" lon="120.48789"/>
    <trkpt lat="24.16447" lon="120.48787"/>
    <trkpt lat="24.16439" lon="120.48785"/>
    <trkpt lat="24.1643" lon="120.48782"/>
    <trkpt lat="24.16316" lon="120.48753"/>
    <trkpt lat="24.16282" lon="120.48744"/>
    <trkpt lat="24.16271" lon="120.48741"/>
    <trkpt lat="24.16253" lon="120.48737"/>
    <trkpt lat="24.16227" lon="120.48731"/>
    <trkpt lat="24.16175" lon="120.48719"/>
    <trkpt lat="24.16143" lon="120.4871"/>
    <trkpt lat="24.16137" lon="120.48708"/>
    <trkpt lat="24.16116" lon="120.48699"/>
    <trkpt lat="24.16103" lon="120.48691"/>
    <trkpt lat="24.16083" lon="120.48666"/>
    <trkpt lat="24.16046" lon="120.48621"/>
    <trkpt lat="24.16036" lon="120.48608"/>
    <trkpt lat="24.16009" lon="120.48571"/>
    <trkpt lat="24.15992" lon="120.48548"/>
    <trkpt lat="24.15949" lon="120.4849"/>
    <trkpt lat="24.15878" lon="120.48388"/>
    <trkpt lat="24.15874" lon="120.48383"/>
    <trkpt lat="24.1586" lon="120.48366"/>
    <trkpt lat="24.15822" lon="120.48312"/>
    <trkpt lat="24.15812" lon="120.48298"/>
    <trkpt lat="24.15742" lon="120.48203"/>
    <trkpt lat="24.15727" lon="120.48183"/>
    <trkpt lat="24.15718" lon="120.4817"/>
    <trkpt lat="24.157" lon="120.48152"/>
    <trkpt lat="24.15638" lon="120.48087"/>
    <trkpt lat="24.15624" lon="120.48071"/>
    <trkpt lat="24.15618" lon="120.48062"/>
    <trkpt lat="24.15569" lon="120.47996"/>
    <trkpt lat="24.15504" lon="120.47906"/>
    <trkpt lat="24.15355" lon="120.47689"/>
    <trkpt lat="24.15341" lon="120.47676"/>
    <trkpt lat="24.15287" lon="120.47605"/>
    <trkpt lat="24.15277" lon="120.47593"/>
    <trkpt lat="24.15035" lon="120.47301"/>
    <trkpt lat="24.15023" lon="120.47286"/>
    <trkpt lat="24.14851" lon="120.47086"/>
    <trkpt lat="24.14828" lon="120.47064"/>
    <trkpt lat="24.14775" lon="120.47009"/>
    <trkpt lat="24.14762" lon="120.46996"/>
    <trkpt lat="24.14749" lon="120.46983"/>
    <trkpt lat="24.14739" lon="120.46976"/>
    <trkpt lat="24.14718" lon="120.46961"/>
    <trkpt lat="24.14573" lon="120.46873"/>
    <trkpt lat="24.14557" lon="120.46863"/>
    <trkpt lat="24.14466" lon="120.46811"/>
    <trkpt lat="24.14428" lon="120.4679"/>
    <trkpt lat="24.14392" lon="120.46768"/>
    <trkpt lat="24.14361" lon="120.4675"/>
    <trkpt lat="24.14344" lon="120.46742"/>
    <trkpt lat="24.14332" lon="120.46737"/>
    <trkpt lat="24.14314" lon="120.4673"/>
    <trkpt lat="24.14308" lon="120.46728"/>
    <trkpt lat="24.14295" lon="120.46724"/>
    <trkpt lat="24.1424" lon="120.46709"/>
    <trkpt lat="24.14184" lon="120.46695"/>
    <trkpt lat="24.14136" lon="120.46683"/>
    <trkpt lat="24.14123" lon="120.46679"/>
    <trkpt lat="24.14112" lon="120.46677"/>
    <trkpt lat="24.14097" lon="120.46675"/>
    <trkpt lat="24.14068" lon="120.46671"/>
    <trkpt lat="24.14024" lon="120.46666"/>
    <trkpt lat="24.13994" lon="120.46663"/>
    <trkpt lat="24.13971" lon="120.46661"/>
    <trkpt lat="24.13932" lon="120.46656"/>
    <trkpt lat="24.13895" lon="120.46649"/>
    <trkpt lat="24.13874" lon="120.46644"/>
    <trkpt lat="24.13859" lon="120.46637"/>
    <trkpt lat="24.13836" lon="120.46627"/>
    <trkpt lat="24.13666" lon="120.46551"/>
    <trkpt lat="24.1359" lon="120.46517"/>
    <trkpt lat="24.13526" lon="120.46487"/>
    <trkpt lat="24.13507" lon="120.46477"/>
    <trkpt lat="24.13363" lon="120.46417"/>
    <trkpt lat="24.13353" lon="120.46413"/>
    <trkpt lat="24.13344" lon="120.46408"/>
    <trkpt lat="24.13312" lon="120.46392"/>
    <trkpt lat="24.13258" lon="120.46369"/>
    <trkpt lat="24.13235" lon="120.46358"/>
    <trkpt lat="24.13171" lon="120.46329"/>
    <trkpt lat="24.13153" lon="120.46321"/>
    <trkpt lat="24.13126" lon="120.46308"/>
    <trkpt lat="24.13078" lon="120.46285"/>
    <trkpt lat="24.13072" lon="120.46282"/>
    <trkpt lat="24.13066" lon="120.46277"/>
    <trkpt lat="24.13063" lon="120.46275"/>
    <trkpt lat="24.13048" lon="120.46265"/>
    <trkpt lat="24.13029" lon="120.46249"/>
    <trkpt lat="24.13015" lon="120.46236"/>
    <trkpt lat="24.13002" lon="120.46222"/>
    <trkpt lat="24.12977" lon="120.46194"/>
    <trkpt lat="24.12955" lon="120.46167"/>
    <trkpt lat="24.12946" lon="120.46156"/>
    <trkpt lat="24.12901" lon="120.46099"/>
    <trkpt lat="24.1287" lon="120.46066"/>
    <trkpt lat="24.12867" lon="120.46063"/>
    <trkpt lat="24.12861" lon="120.46057"/>
    <trkpt lat="24.12854" lon="120.46053"/>
    <trkpt lat="24.12832" lon="120.46038"/>
    <trkpt lat="24.12819" lon="120.4603"/>
    <trkpt lat="24.12797" lon="120.46018"/>
    <trkpt lat="24.12792" lon="120.46015"/>
    <trkpt lat="24.12775" lon="120.46007"/>
    <trkpt lat="24.1274" lon="120.45991"/>
    <trkpt lat="24.1269" lon="120.45968"/>
    <trkpt lat="24.12661" lon="120.45955"/>
    <trkpt lat="24.12641" lon="120.45948"/>
    <trkpt lat="24.12635" lon="120.45946"/>
    <trkpt lat="24.12614" lon="120.45937"/>
    <trkpt lat="24.12552" lon="120.45918"/>
    <trkpt lat="24.12456" lon="120.4589"/>
    <trkpt lat="24.1241" lon="120.45872"/>
    <trkpt lat="24.12394" lon="120.45866"/>
    <trkpt lat="24.12291" lon="120.45826"/>
    <trkpt lat="24.12229" lon="120.45802"/>
    <trkpt lat="24.12113" lon="120.45759"/>
    <trkpt lat="24.121" lon="120.45755"/>
    <trkpt lat="24.11986" lon="120.45716"/>
    <trkpt lat="24.1196" lon="120.45707"/>
    <trkpt lat="24.11928" lon="120.45695"/>
    <trkpt lat="24.11857" lon="120.45671"/>
    <trkpt lat="24.11843" lon="120.45666"/>
    <trkpt lat="24.11794" lon="120.4565"/>
    <trkpt lat="24.11685" lon="120.45622"/>
    <trkpt lat="24.11634" lon="120.45612"/>
    <trkpt lat="24.11592" lon="120.45603"/>
    <trkpt lat="24.11583" lon="120.45601"/>
    <trkpt lat="24.11557" lon="120.45599"/>
    <trkpt lat="24.11526" lon="120.45598"/>
    <trkpt lat="24.11525" lon="120.45598"/>
    <trkpt lat="24.1148" lon="120.45597"/>
    <trkpt lat="24.11368" lon="120.45595"/>
    <trkpt lat="24.11366" lon="120.45595"/>
    <trkpt lat="24.11329" lon="120.45595"/>
    <trkpt lat="24.11292" lon="120.45598"/>
    <trkpt lat="24.11265" lon="120.45604"/>
    <trkpt lat="24.11242" lon="120.45611"/>
    <trkpt lat="24.11213" lon="120.45623"/>
    <trkpt lat="24.1118" lon="120.45637"/>
    <trkpt lat="24.1116" lon="120.45646"/>
    <trkpt lat="24.11133" lon="120.45655"/>
    <trkpt lat="24.11071" lon="120.4568"/>
    <trkpt lat="24.11055" lon="120.45687"/>
    <trkpt lat="24.11001" lon="120.45703"/>
    <trkpt lat="24.10987" lon="120.45705"/>
    <trkpt lat="24.10967" lon="120.45706"/>
    <trkpt lat="24.10956" lon="120.45706"/>
    <trkpt lat="24.10944" lon="120.45704"/>
    <trkpt lat="24.10913" lon="120.45698"/>
    <trkpt lat="24.10888" lon="120.45693"/>
    <trkpt lat="24.10871" lon="120.4569"/>
    <trkpt lat="24.10856" lon="120.45688"/>
    <trkpt lat="24.10819" lon="120.45682"/>
    <trkpt lat="24.10811" lon="120.4568"/>
    <trkpt lat="24.10754" lon="120.45669"/>
    <trkpt lat="24.10714" lon="120.45662"/>
    <trkpt lat="24.10675" lon="120.45654"/>
    <trkpt lat="24.10663" lon="120.45649"/>
    <trkpt lat="24.10649" lon="120.45642"/>
    <trkpt lat="24.10636" lon="120.45635"/>
    <trkpt lat="24.10614" lon="120.45625"/>
    <trkpt lat="24.10575" lon="120.45603"/>
    <trkpt lat="24.10566" lon="120.45598"/>
    <trkpt lat="24.10552" lon="120.45592"/>
    <trkpt lat="24.10532" lon="120.45584"/>
    <trkpt lat="24.10475" lon="120.45555"/>
    <trkpt lat="24.10458" lon="120.45544"/>
    <trkpt lat="24.10378" lon="120.45501"/>
    <trkpt lat="24.10366" lon="120.45494"/>
    <trkpt lat="24.1036" lon="120.4549"/>
    <trkpt lat="24.10337" lon="120.45472"/>
    <trkpt lat="24.10323" lon="120.45457"/>
    <trkpt lat="24.10311" lon="120.45443"/>
    <trkpt lat="24.10259" lon="120.45382"/>
    <trkpt lat="24.10253" lon="120.45375"/>
    <trkpt lat="24.10228" lon="120.45348"/>
    <trkpt lat="24.10212" lon="120.4533"/>
    <trkpt lat="24.10189" lon="120.45307"/>
    <trkpt lat="24.10115" lon="120.45243"/>
    <trkpt lat="24.10095" lon="120.45226"/>
    <trkpt lat="24.10004" lon="120.45148"/>
    <trkpt lat="24.09991" lon="120.45138"/>
    <trkpt lat="24.09974" lon="120.45123"/>
    <trkpt lat="24.09959" lon="120.45108"/>
    <trkpt lat="24.09916" lon="120.45071"/>
    <trkpt lat="24.09901" lon="120.45061"/>
    <trkpt lat="24.09877" lon="120.45045"/>
    <trkpt lat="24.09813" lon="120.45016"/>
    <trkpt lat="24.09773" lon="120.44998"/>
    <trkpt lat="24.09735" lon="120.44981"/>
    <trkpt lat="24.09709" lon="120.44971"/>
    <trkpt lat="24.09675" lon="120.44957"/>
    <trkpt lat="24.09601" lon="120.44931"/>
    <trkpt lat="24.09546" lon="120.44912"/>
    <trkpt lat="24.095" lon="120.44893"/>
    <trkpt lat="24.09463" lon="120.4488"/>
    <trkpt lat="24.09456" lon="120.44879"/>
    <trkpt lat="24.09448" lon="120.44882"/>
    <trkpt lat="24.09435" lon="120.4488"/>
    <trkpt lat="24.09415" lon="120.44874"/>
    <trkpt lat="24.09397" lon="120.4487"/>
    <trkpt lat="24.09345" lon="120.44859"/>
    <trkpt lat="24.09327" lon="120.44855"/>
    <trkpt lat="24.0932" lon="120.44853"/>
    <trkpt lat="24.09264" lon="120.44838"/>
    <trkpt lat="24.09205" lon="120.44823"/>
    <trkpt lat="24.09198" lon="120.44822"/>
    <trkpt lat="24.09174" lon="120.44817"/>
    <trkpt lat="24.09088" lon="120.44806"/>
    <trkpt lat="24.09015" lon="120.44796"/>
    <trkpt lat="24.08981" lon="120.4479"/>
    <trkpt lat="24.08944" lon="120.44784"/>
    <trkpt lat="24.08919" lon="120.4478"/>
    <trkpt lat="24.08909" lon="120.44777"/>
    <trkpt lat="24.089" lon="120.44774"/>
    <trkpt lat="24.08899" lon="120.44773"/>
    <trkpt lat="24.08886" lon="120.44768"/>
    <trkpt lat="24.08866" lon="120.44757"/>
    <trkpt lat="24.08844" lon="120.44743"/>
    <trkpt lat="24.08814" lon="120.44722"/>
    <trkpt lat="24.08772" lon="120.44693"/>
    <trkpt lat="24.0873" lon="120.44662"/>
    <trkpt lat="24.08708" lon="120.44645"/>
    <trkpt lat="24.08661" lon="120.44605"/>
    <trkpt lat="24.08596" lon="120.44546"/>
    <trkpt lat="24.08583" lon="120.44535"/>
    <trkpt lat="24.08568" lon="120.44523"/>
    <trkpt lat="24.08551" lon="120.44513"/>
    <trkpt lat="24.08538" lon="120.44505"/>
    <trkpt lat="24.08521" lon="120.44496"/>
    <trkpt lat="24.08507" lon="120.4449"/>
    <trkpt lat="24.08501" lon="120.44487"/>
    <trkpt lat="24.0849" lon="120.44482"/>
    <trkpt lat="24.08485" lon="120.4448"/>
    <trkpt lat="24.08474" lon="120.44476"/>
    <trkpt lat="24.0844" lon="120.44461"/>
    <trkpt lat="24.08433" lon="120.44458"/>
    <trkpt lat="24.08421" lon="120.44453"/>
    <trkpt lat="24.08273" lon="120.44389"/>
    <trkpt lat="24.08264" lon="120.44385"/>
    <trkpt lat="24.08187" lon="120.44352"/>
    <trkpt lat="24.08148" lon="120.44339"/>
    <trkpt lat="24.08137" lon="120.44336"/>
    <trkpt lat="24.08111" lon="120.44327"/>
    <trkpt lat="24.08102" lon="120.44324"/>
    <trkpt lat="24.08031" lon="120.44305"/>
    <trkpt lat="24.07958" lon="120.44282"/>
    <trkpt lat="24.07863" lon="120.44252"/>
    <trkpt lat="24.07841" lon="120.44246"/>
    <trkpt lat="24.07692" lon="120.44202"/>
    <trkpt lat="24.07647" lon="120.44191"/>
    <trkpt lat="24.07596" lon="120.44179"/>
    <trkpt lat="24.07584" lon="120.44177"/>
    <trkpt lat="24.075" lon="120.44162"/>
    <trkpt lat="24.07477" lon="120.44158"/>
    <trkpt lat="24.07437" lon="120.44148"/>
    <trkpt lat="24.07397" lon="120.4413"/>
    <trkpt lat="24.07368" lon="120.44112"/>
    <trkpt lat="24.07337" lon="120.44093"/>
    <trkpt lat="24.07246" lon="120.44032"/>
    <trkpt lat="24.07181" lon="120.43989"/>
    <trkpt lat="24.07125" lon="120.43949"/>
    <trkpt lat="24.07121" lon="120.43946"/>
    <trkpt lat="24.0707" lon="120.43912"/>
    <trkpt lat="24.07034" lon="120.43886"/>
    <trkpt lat="24.06996" lon="120.43864"/>
    <trkpt lat="24.06973" lon="120.43848"/>
    <trkpt lat="24.06945" lon="120.43829"/>
    <trkpt lat="24.06908" lon="120.43804"/>
    <trkpt lat="24.06882" lon="120.43788"/>
    <trkpt lat="24.06857" lon="120.43779"/>
    <trkpt lat="24.06776" lon="120.43752"/>
    <trkpt lat="24.06755" lon="120.43745"/>
    <trkpt lat="24.06673" lon="120.43716"/>
    <trkpt lat="24.06648" lon="120.43707"/>
    <trkpt lat="24.06636" lon="120.43702"/>
    <trkpt lat="24.06627" lon="120.43698"/>
    <trkpt lat="24.06609" lon="120.43682"/>
    <trkpt lat="24.06554" lon="120.43619"/>
    <trkpt lat="24.06545" lon="120.43607"/>
    <trkpt lat="24.06532" lon="120.43592"/>
    <trkpt lat="24.06497" lon="120.43552"/>
    <trkpt lat="24.06483" lon="120.43541"/>
    <trkpt lat="24.06439" lon="120.43502"/>
    <trkpt lat="24.06408" lon="120.4348"/>
    <trkpt lat="24.06404" lon="120.43477"/>
    <trkpt lat="24.06398" lon="120.43472"/>
    <trkpt lat="24.06338" lon="120.43435"/>
    <trkpt lat="24.06328" lon="120.43429"/>
    <trkpt lat="24.06318" lon="120.43422"/>
    <trkpt lat="24.06277" lon="120.43397"/>
    <trkpt lat="24.0626" lon="120.43384"/>
    <trkpt lat="24.06239" lon="120.43372"/>
    <trkpt lat="24.06236" lon="120.4337"/>
    <trkpt lat="24.06197" lon="120.43342"/>
    <trkpt lat="24.06185" lon="120.43334"/>
    <trkpt lat="24.06168" lon="120.43325"/>
    <trkpt lat="24.06144" lon="120.43308"/>
    <trkpt lat="24.06133" lon="120.43302"/>
    <trkpt lat="24.06124" lon="120.43297"/>
    <trkpt lat="24.06102" lon="120.43284"/>
    <trkpt lat="24.06093" lon="120.43278"/>
    <trkpt lat="24.06062" lon="120.43257"/>
    <trkpt lat="24.06033" lon="120.43238"/>
    <trkpt lat="24.0598" lon="120.43208"/>
    <trkpt lat="24.05947" lon="120.43198"/>
    <trkpt lat="24.05925" lon="120.43192"/>
    <trkpt lat="24.05913" lon="120.4319"/>
    <trkpt lat="24.05904" lon="120.43188"/>
    <trkpt lat="24.05875" lon="120.4315"/>
    <trkpt lat="24.05863" lon="120.43139"/>
    <trkpt lat="24.05857" lon="120.43133"/>
    <trkpt lat="24.05851" lon="120.43129"/>
    <trkpt lat="24.05823" lon="120.43112"/>
    <trkpt lat="24.05815" lon="120.43107"/>
    <trkpt lat="24.05801" lon="120.43099"/>
    <trkpt lat="24.05793" lon="120.43112"/>
    <trkpt lat="24.05784" lon="120.43125"/>
    <trkpt lat="24.05783" lon="120.43127"/>
    <trkpt lat="24.05774" lon="120.43138"/>
    <trkpt lat="24.05756" lon="120.43161"/>
    <trkpt lat="24.05746" lon="120.43174"/>
    <trkpt lat="24.05738" lon="120.43185"/>
    <trkpt lat="24.05735" lon="120.43187"/>
    <trkpt lat="24.05734" lon="120.43188"/>
    <trkpt lat="24.0573" lon="120.43192"/>
    <trkpt lat="24.05727" lon="120.43195"/>
    <trkpt lat="24.05718" lon="120.432"/>
    <trkpt lat="24.05711" lon="120.43203"/>
    <trkpt lat="24.05705" lon="120.43208"/>
    <trkpt lat="24.057" lon="120.43211"/>
    <trkpt lat="24.05691" lon="120.43218"/>
    <trkpt lat="24.05676" lon="120.43229"/>
    <trkpt lat="24.05675" lon="120.43231"/>
    <trkpt lat="24.05673" lon="120.43232"/>
    <trkpt lat="24.05672" lon="120.43233"/>
    <trkpt lat="24.05673" lon="120.43234"/>
    <trkpt lat="24.05672" lon="120.43236"/>
    <trkpt lat="24.05666" lon="120.43241"/>
    <trkpt lat="24.0566" lon="120.43244"/>
    <trkpt lat="24.05639" lon="120.43257"/>
    <trkpt lat="24.05638" lon="120.43258"/>
    <trkpt lat="24.05635" lon="120.43259"/>
    <trkpt lat="24.05632" lon="120.43262"/>
    <trkpt lat="24.0563" lon="120.43263"/>
    <trkpt lat="24.05629" lon="120.43264"/>
    <trkpt lat="24.05628" lon="120.43264"/>
    <trkpt lat="24.05628" lon="120.43265"/>
    <trkpt lat="24.05627" lon="120.43266"/>
    <trkpt lat="24.05627" lon="120.43267"/>
    <trkpt lat="24.05627" lon="120.43269"/>
    <trkpt lat="24.05627" lon="120.43271"/>
    <trkpt lat="24.05626" lon="120.43272"/>
    <trkpt lat="24.05625" lon="120.43274"/>
    <trkpt lat="24.05622" lon="120.43277"/>
    <trkpt lat="24.05619" lon="120.43281"/>
    <trkpt lat="24.05617" lon="120.43283"/>
    <trkpt lat="24.05635" lon="120.4333"/>
    <trkpt lat="24.0562" lon="120.43341"/>
    <trkpt lat="24.05612" lon="120.43347"/>
    <trkpt lat="24.05603" lon="120.43352"/>
    <trkpt lat="24.05586" lon="120.43362"/>
    <trkpt lat="24.05602" lon="120.43389"/>
    <trkpt lat="24.05637" lon="120.43458"/>
    <trkpt lat="24.05649" lon="120.43478"/>
    <trkpt lat="24.05637" lon="120.43458"/>
    <trkpt lat="24.05602" lon="120.43389"/>
    <trkpt lat="24.05586" lon="120.43362"/>
    <trkpt lat="24.05558" lon="120.43313"/>
    <trkpt lat="24.05553" lon="120.43305"/>
    <trkpt lat="24.05537" lon="120.4327"/>
    <trkpt lat="24.05533" lon="120.43273"/>
    <trkpt lat="24.05529" lon="120.43274"/>
    <trkpt lat="24.05525" lon="120.43276"/>
    <trkpt lat="24.05521" lon="120.43276"/>
    <trkpt lat="24.05502" lon="120.43279"/>
    <trkpt lat="24.0545" lon="120.43286"/>
    <trkpt lat="24.05371" lon="120.43295"/>
    <trkpt lat="24.05344" lon="120.43298"/>
    <trkpt lat="24.05327" lon="120.43301"/>
    <trkpt lat="24.05318" lon="120.43303"/>
    <trkpt lat="24.05313" lon="120.43304"/>
    <trkpt lat="24.0531" lon="120.43304"/>
    <trkpt lat="24.05308" lon="120.43304"/>
    <trkpt lat="24.05305" lon="120.43303"/>
    <trkpt lat="24.05302" lon="120.43302"/>
    <trkpt lat="24.05298" lon="120.433"/>
    <trkpt lat="24.05296" lon="120.43298"/>
    <trkpt lat="24.05291" lon="120.43293"/>
    <trkpt lat="24.05282" lon="120.43283"/>
    <trkpt lat="24.05276" lon="120.43276"/>
    <trkpt lat="24.05271" lon="120.4327"/>
    <trkpt lat="24.05265" lon="120.43264"/>
    <trkpt lat="24.05257" lon="120.43257"/>
    <trkpt lat="24.05253" lon="120.43254"/>
    <trkpt lat="24.05245" lon="120.4325"/>
    <trkpt lat="24.05227" lon="120.43242"/>
    <trkpt lat="24.05175" lon="120.43221"/>
    <trkpt lat="24.05148" lon="120.4321"/>
    <trkpt lat="24.05102" lon="120.43191"/>
    <trkpt lat="24.05091" lon="120.43182"/>
    <trkpt lat="24.05097" lon="120.43177"/>
    <trkpt lat="24.05091" lon="120.43182"/>
    <trkpt lat="24.05088" lon="120.43185"/>
    <trkpt lat="24.05085" lon="120.43187"/>
    <trkpt lat="24.05037" lon="120.43228"/>
    <trkpt lat="24.0497" lon="120.43278"/>
    <trkpt lat="24.04951" lon="120.43293"/>
    <trkpt lat="24.04926" lon="120.43315"/>
    <trkpt lat="24.04905" lon="120.43335"/>
    <trkpt lat="24.04885" lon="120.43355"/>
    <trkpt lat="24.0484" lon="120.43397"/>
    <trkpt lat="24.0482" lon="120.43418"/>
    <trkpt lat="24.04813" lon="120.43427"/>
    <trkpt lat="24.0481" lon="120.43431"/>
    <trkpt lat="24.04807" lon="120.43436"/>
    <trkpt lat="24.04804" lon="120.43442"/>
    <trkpt lat="24.04786" lon="120.43477"/>
    <trkpt lat="24.04759" lon="120.43527"/>
    <trkpt lat="24.04757" lon="120.43533"/>
    <trkpt lat="24.04756" lon="120.43535"/>
    <trkpt lat="24.04755" lon="120.43538"/>
    <trkpt lat="24.04754" lon="120.43541"/>
    <trkpt lat="24.04753" lon="120.43546"/>
    <trkpt lat="24.04752" lon="120.43556"/>
    <trkpt lat="24.04745" lon="120.43603"/>
    <trkpt lat="24.04745" lon="120.43605"/>
    <trkpt lat="24.04732" lon="120.43684"/>
    <trkpt lat="24.04677" lon="120.43674"/>
    <trkpt lat="24.04647" lon="120.43668"/>
    <trkpt lat="24.04644" lon="120.43668"/>
    <trkpt lat="24.04604" lon="120.43661"/>
    <trkpt lat="24.04598" lon="120.43661"/>
    <trkpt lat="24.04581" lon="120.43658"/>
    <trkpt lat="24.04565" lon="120.43655"/>
    <trkpt lat="24.04552" lon="120.43697"/>
    <trkpt lat="24.04543" lon="120.43721"/>
    <trkpt lat="24.04529" lon="120.43748"/>
    <trkpt lat="24.04513" lon="120.43771"/>
    <trkpt lat="24.04501" lon="120.43785"/>
    <trkpt lat="24.04493" lon="120.43794"/>
    <trkpt lat="24.04488" lon="120.43799"/>
    <trkpt lat="24.04486" lon="120.43801"/>
    <trkpt lat="24.04461" lon="120.4382"/>
    <trkpt lat="24.04453" lon="120.43826"/>
    <trkpt lat="24.04428" lon="120.43842"/>
    <trkpt lat="24.04167" lon="120.44006"/>
    <trkpt lat="24.04098" lon="120.44046"/>
    <trkpt lat="24.03982" lon="120.4411"/>
    <trkpt lat="24.03807" lon="120.44206"/>
    <trkpt lat="24.03756" lon="120.44233"/>
    <trkpt lat="24.03711" lon="120.44255"/>
    <trkpt lat="24.03668" lon="120.44273"/>
    <trkpt lat="24.03622" lon="120.44289"/>
    <trkpt lat="24.03591" lon="120.44299"/>
    <trkpt lat="24.03558" lon="120.44308"/>
    <trkpt lat="24.03541" lon="120.44312"/>
    <trkpt lat="24.03531" lon="120.44315"/>
    <trkpt lat="24.03485" lon="120.44321"/>
    <trkpt lat="24.03475" lon="120.44323"/>
    <trkpt lat="24.03466" lon="120.44324"/>
    <trkpt lat="24.03449" lon="120.44327"/>
    <trkpt lat="24.03406" lon="120.44333"/>
    <trkpt lat="24.03391" lon="120.44334"/>
    <trkpt lat="24.03389" lon="120.44334"/>
    <trkpt lat="24.03373" lon="120.44336"/>
    <trkpt lat="24.03372" lon="120.44336"/>
    <trkpt lat="24.03336" lon="120.44339"/>
    <trkpt lat="24.03282" lon="120.44344"/>
    <trkpt lat="24.03264" lon="120.44346"/>
    <trkpt lat="24.03228" lon="120.4435"/>
    <trkpt lat="24.0278" lon="120.44391"/>
    <trkpt lat="24.02685" lon="120.444"/>
    <trkpt lat="24.02624" lon="120.44405"/>
    <trkpt lat="24.02572" lon="120.44409"/>
    <trkpt lat="24.02539" lon="120.44414"/>
    <trkpt lat="24.02512" lon="120.44419"/>
    <trkpt lat="24.02483" lon="120.44426"/>
    <trkpt lat="24.02454" lon="120.44435"/>
    <trkpt lat="24.02425" lon="120.44446"/>
    <trkpt lat="24.02397" lon="120.44461"/>
    <trkpt lat="24.02372" lon="120.44475"/>
    <trkpt lat="24.02345" lon="120.44495"/>
    <trkpt lat="24.02321" lon="120.44513"/>
    <trkpt lat="24.02286" lon="120.44545"/>
    <trkpt lat="24.02258" lon="120.44576"/>
    <trkpt lat="24.02236" lon="120.44607"/>
    <trkpt lat="24.02219" lon="120.44634"/>
    <trkpt lat="24.02145" lon="120.44746"/>
    <trkpt lat="24.02141" lon="120.44753"/>
    <trkpt lat="24.0212" lon="120.44788"/>
    <trkpt lat="24.02055" lon="120.44896"/>
    <trkpt lat="24.01859" lon="120.45205"/>
    <trkpt lat="24.01835" lon="120.45243"/>
    <trkpt lat="24.01802" lon="120.45296"/>
    <trkpt lat="24.01769" lon="120.45349"/>
    <trkpt lat="24.01684" lon="120.45486"/>
    <trkpt lat="24.01646" lon="120.45549"/>
    <trkpt lat="24.01592" lon="120.45643"/>
    <trkpt lat="24.01488" lon="120.45816"/>
    <trkpt lat="24.01451" lon="120.45876"/>
    <trkpt lat="24.01442" lon="120.45891"/>
    <trkpt lat="24.01382" lon="120.45888"/>
    <trkpt lat="24.01263" lon="120.45882"/>
    <trkpt lat="24.01194" lon="120.45879"/>
    <trkpt lat="24.01005" lon="120.45871"/>
    <trkpt lat="24.01006" lon="120.45845"/>
    <trkpt lat="24.00985" lon="120.45859"/>
    <trkpt lat="24.0097" lon="120.45868"/>
    <trkpt lat="24.00966" lon="120.4587"/>
    <trkpt lat="24.00939" lon="120.45882"/>
    <trkpt lat="24.0087" lon="120.45917"/>
    <trkpt lat="24.00789" lon="120.4595"/>
    <trkpt lat="24.0078" lon="120.45956"/>
    <trkpt lat="24.00761" lon="120.45966"/>
    <trkpt lat="24.0067" lon="120.46007"/>
    <trkpt lat="24.00641" lon="120.46018"/>
    <trkpt lat="24.00609" lon="120.46023"/>
    <trkpt lat="24.00594" lon="120.46025"/>
    <trkpt lat="24.00579" lon="120.46029"/>
    <trkpt lat="24.00565" lon="120.46034"/>
    <trkpt lat="24.00552" lon="120.4604"/>
    <trkpt lat="24.00521" lon="120.46056"/>
    <trkpt lat="24.0044" lon="120.46097"/>
    <trkpt lat="24.00426" lon="120.46104"/>
    <trkpt lat="24.00413" lon="120.46111"/>
    <trkpt lat="24.00248" lon="120.46194"/>
    <trkpt lat="24.00202" lon="120.46389"/>
    <trkpt lat="24.00184" lon="120.46469"/>
    <trkpt lat="24.00153" lon="120.46597"/>
    <trkpt lat="24.00141" lon="120.46648"/>
    <trkpt lat="24.00125" lon="120.46718"/>
    <trkpt lat="24.00033" lon="120.47106"/>
    <trkpt lat="23.99941" lon="120.47495"/>
    <trkpt lat="23.99892" lon="120.47482"/>
    <trkpt lat="23.99833" lon="120.47465"/>
    <trkpt lat="23.99828" lon="120.47463"/>
    <trkpt lat="23.99815" lon="120.47459"/>
    <trkpt lat="23.99813" lon="120.47459"/>
    <trkpt lat="23.99811" lon="120.47458"/>
    <trkpt lat="23.9981" lon="120.47458"/>
    <trkpt lat="23.99809" lon="120.47458"/>
    <trkpt lat="23.99808" lon="120.47458"/>
    <trkpt lat="23.99807" lon="120.47458"/>
    <trkpt lat="23.99805" lon="120.47459"/>
    <trkpt lat="23.99803" lon="120.47459"/>
    <trkpt lat="23.99801" lon="120.4746"/>
    <trkpt lat="23.998" lon="120.4746"/>
    <trkpt lat="23.99796" lon="120.47462"/>
    <trkpt lat="23.99792" lon="120.47464"/>
    <trkpt lat="23.99782" lon="120.47465"/>
    <trkpt lat="23.99769" lon="120.47471"/>
    <trkpt lat="23.99754" lon="120.47476"/>
    <trkpt lat="23.99743" lon="120.4748"/>
    <trkpt lat="23.99735" lon="120.47481"/>
    <trkpt lat="23.99729" lon="120.47482"/>
    <trkpt lat="23.99726" lon="120.47483"/>
    <trkpt lat="23.99691" lon="120.47491"/>
    <trkpt lat="23.99678" lon="120.47492"/>
    <trkpt lat="23.99674" lon="120.47492"/>
    <trkpt lat="23.99671" lon="120.47502"/>
    <trkpt lat="23.99663" lon="120.47542"/>
    <trkpt lat="23.99661" lon="120.47556"/>
    <trkpt lat="23.99658" lon="120.47563"/>
    <trkpt lat="23.99655" lon="120.47571"/>
    <trkpt lat="23.99652" lon="120.47578"/>
    <trkpt lat="23.99651" lon="120.47582"/>
    <trkpt lat="23.9965" lon="120.47586"/>
    <trkpt lat="23.99649" lon="120.47593"/>
    <trkpt lat="23.99654" lon="120.4761"/>
    <trkpt lat="23.99657" lon="120.47619"/>
    <trkpt lat="23.9966" lon="120.47628"/>
    <trkpt lat="23.99662" lon="120.47635"/>
    <trkpt lat="23.99663" lon="120.47637"/>
    <trkpt lat="23.99664" lon="120.47642"/>
    <trkpt lat="23.99664" lon="120.47647"/>
    <trkpt lat="23.99665" lon="120.4765"/>
    <trkpt lat="23.99665" lon="120.47653"/>
    <trkpt lat="23.99664" lon="120.4766"/>
    <trkpt lat="23.9958" lon="120.47655"/>
    <trkpt lat="23.99503" lon="120.47652"/>
    <trkpt lat="23.99468" lon="120.47649"/>
    <trkpt lat="23.99422" lon="120.47648"/>
    <trkpt lat="23.99382" lon="120.47649"/>
    <trkpt lat="23.99371" lon="120.4765"/>
    <trkpt lat="23.99356" lon="120.47651"/>
    <trkpt lat="23.99345" lon="120.47653"/>
    <trkpt lat="23.9933" lon="120.47656"/>
    <trkpt lat="23.99313" lon="120.4766"/>
    <trkpt lat="23.99285" lon="120.47671"/>
    <trkpt lat="23.99265" lon="120.47682"/>
    <trkpt lat="23.99198" lon="120.47712"/>
    <trkpt lat="23.99075" lon="120.4777"/>
    <trkpt lat="23.99042" lon="120.47787"/>
    <trkpt lat="23.98952" lon="120.47828"/>
    <trkpt lat="23.9895" lon="120.47829"/>
    <trkpt lat="23.9894" lon="120.47833"/>
    <trkpt lat="23.98919" lon="120.47838"/>
    <trkpt lat="23.98878" lon="120.47843"/>
    <trkpt lat="23.98872" lon="120.47843"/>
    <trkpt lat="23.98865" lon="120.47843"/>
    <trkpt lat="23.98827" lon="120.47841"/>
    <trkpt lat="23.98819" lon="120.47841"/>
    <trkpt lat="23.98803" lon="120.4784"/>
    <trkpt lat="23.98765" lon="120.47837"/>
    <trkpt lat="23.98643" lon="120.4783"/>
    <trkpt lat="23.98635" lon="120.4783"/>
    <trkpt lat="23.98615" lon="120.4783"/>
    <trkpt lat="23.98582" lon="120.47832"/>
    <trkpt lat="23.98518" lon="120.47834"/>
    <trkpt lat="23.98426" lon="120.47838"/>
    <trkpt lat="23.98367" lon="120.4784"/>
    <trkpt lat="23.98325" lon="120.47842"/>
    <trkpt lat="23.98315" lon="120.47842"/>
    <trkpt lat="23.9822" lon="120.47846"/>
    <trkpt lat="23.98126" lon="120.47851"/>
    <trkpt lat="23.98098" lon="120.47852"/>
    <trkpt lat="23.9808" lon="120.47852"/>
    <trkpt lat="23.98026" lon="120.47855"/>
    <trkpt lat="23.97946" lon="120.47858"/>
    <trkpt lat="23.97938" lon="120.47859"/>
    <trkpt lat="23.97748" lon="120.47867"/>
    <trkpt lat="23.97693" lon="120.47874"/>
    <trkpt lat="23.97665" lon="120.47877"/>
    <trkpt lat="23.97659" lon="120.47878"/>
    <trkpt lat="23.97645" lon="120.47881"/>
    <trkpt lat="23.97492" lon="120.47907"/>
    <trkpt lat="23.97469" lon="120.4791"/>
    <trkpt lat="23.97218" lon="120.47952"/>
    <trkpt lat="23.97204" lon="120.47955"/>
    <trkpt lat="23.97124" lon="120.4797"/>
    <trkpt lat="23.97114" lon="120.47972"/>
    <trkpt lat="23.97113" lon="120.47972"/>
    <trkpt lat="23.97105" lon="120.47977"/>
    <trkpt lat="23.97075" lon="120.47983"/>
    <trkpt lat="23.97003" lon="120.47991"/>
    <trkpt lat="23.96935" lon="120.47993"/>
    <trkpt lat="23.96906" lon="120.47994"/>
    <trkpt lat="23.96874" lon="120.47995"/>
    <trkpt lat="23.96865" lon="120.47995"/>
    <trkpt lat="23.96835" lon="120.47996"/>
    <trkpt lat="23.96757" lon="120.47999"/>
    <trkpt lat="23.96611" lon="120.48007"/>
    <trkpt lat="23.96607" lon="120.48007"/>
    <trkpt lat="23.96575" lon="120.48007"/>
    <trkpt lat="23.96558" lon="120.48009"/>
    <trkpt lat="23.96547" lon="120.48013"/>
    <trkpt lat="23.96533" lon="120.48017"/>
    <trkpt lat="23.96517" lon="120.48021"/>
    <trkpt lat="23.96506" lon="120.48027"/>
    <trkpt lat="23.96494" lon="120.48032"/>
    <trkpt lat="23.96434" lon="120.48066"/>
    <trkpt lat="23.9636" lon="120.48106"/>
    <trkpt lat="23.96296" lon="120.4814"/>
    <trkpt lat="23.96271" lon="120.48153"/>
    <trkpt lat="23.96237" lon="120.48172"/>
    <trkpt lat="23.96219" lon="120.48182"/>
    <trkpt lat="23.96202" lon="120.48191"/>
    <trkpt lat="23.96185" lon="120.482"/>
    <trkpt lat="23.96056" lon="120.48269"/>
    <trkpt lat="23.9602" lon="120.48284"/>
    <trkpt lat="23.9601" lon="120.48288"/>
    <trkpt lat="23.96001" lon="120.4829"/>
    <trkpt lat="23.95981" lon="120.48294"/>
    <trkpt lat="23.95936" lon="120.48299"/>
    <trkpt lat="23.95901" lon="120.48298"/>
    <trkpt lat="23.95885" lon="120.48297"/>
    <trkpt lat="23.95878" lon="120.48297"/>
    <trkpt lat="23.95853" lon="120.48295"/>
    <trkpt lat="23.95833" lon="120.48291"/>
    <trkpt lat="23.95813" lon="120.48286"/>
    <trkpt lat="23.95796" lon="120.48281"/>
    <trkpt lat="23.95776" lon="120.48273"/>
    <trkpt lat="23.9568" lon="120.48233"/>
    <trkpt lat="23.95659" lon="120.48226"/>
    <trkpt lat="23.95568" lon="120.48189"/>
    <trkpt lat="23.9555" lon="120.48181"/>
    <trkpt lat="23.95447" lon="120.48123"/>
    <trkpt lat="23.95419" lon="120.48108"/>
    <trkpt lat="23.95408" lon="120.48102"/>
    <trkpt lat="23.95398" lon="120.48097"/>
    <trkpt lat="23.95387" lon="120.48093"/>
    <trkpt lat="23.95372" lon="120.48088"/>
    <trkpt lat="23.95355" lon="120.48083"/>
    <trkpt lat="23.95332" lon="120.48078"/>
    <trkpt lat="23.95321" lon="120.48075"/>
    <trkpt lat="23.95307" lon="120.48071"/>
    <trkpt lat="23.95293" lon="120.48065"/>
    <trkpt lat="23.95281" lon="120.48058"/>
    <trkpt lat="23.95265" lon="120.48049"/>
    <trkpt lat="23.95251" lon="120.48044"/>
    <trkpt lat="23.95232" lon="120.4805"/>
    <trkpt lat="23.95203" lon="120.4805"/>
    <trkpt lat="23.95198" lon="120.4805"/>
    <trkpt lat="23.95136" lon="120.48053"/>
    <trkpt lat="23.95047" lon="120.48057"/>
    <trkpt lat="23.95032" lon="120.48057"/>
    <trkpt lat="23.95004" lon="120.48058"/>
    <trkpt lat="23.94932" lon="120.4806"/>
    <trkpt lat="23.9492" lon="120.48061"/>
    <trkpt lat="23.94846" lon="120.48062"/>
    <trkpt lat="23.94814" lon="120.48065"/>
    <trkpt lat="23.94771" lon="120.48067"/>
    <trkpt lat="23.94738" lon="120.48068"/>
    <trkpt lat="23.94732" lon="120.48065"/>
    <trkpt lat="23.94648" lon="120.48065"/>
    <trkpt lat="23.94599" lon="120.48068"/>
    <trkpt lat="23.94591" lon="120.48069"/>
    <trkpt lat="23.9455" lon="120.48078"/>
    <trkpt lat="23.94503" lon="120.48093"/>
    <trkpt lat="23.94481" lon="120.48098"/>
    <trkpt lat="23.94424" lon="120.48115"/>
    <trkpt lat="23.94391" lon="120.48125"/>
    <trkpt lat="23.94312" lon="120.48149"/>
    <trkpt lat="23.94277" lon="120.48158"/>
    <trkpt lat="23.94272" lon="120.4816"/>
    <trkpt lat="23.94256" lon="120.48165"/>
    <trkpt lat="23.94207" lon="120.48181"/>
    <trkpt lat="23.9414" lon="120.48201"/>
    <trkpt lat="23.94116" lon="120.48207"/>
    <trkpt lat="23.94028" lon="120.48233"/>
    <trkpt lat="23.94003" lon="120.48241"/>
    <trkpt lat="23.9398" lon="120.4825"/>
    <trkpt lat="23.93945" lon="120.48261"/>
    <trkpt lat="23.93867" lon="120.48283"/>
    <trkpt lat="23.93853" lon="120.48285"/>
    <trkpt lat="23.93844" lon="120.48287"/>
    <trkpt lat="23.93832" lon="120.48289"/>
    <trkpt lat="23.93826" lon="120.4829"/>
    <trkpt lat="23.9381" lon="120.48292"/>
    <trkpt lat="23.9379" lon="120.48292"/>
    <trkpt lat="23.93776" lon="120.4829"/>
    <trkpt lat="23.93759" lon="120.48289"/>
    <trkpt lat="23.93747" lon="120.48285"/>
    <trkpt lat="23.9373" lon="120.4828"/>
    <trkpt lat="23.9371" lon="120.48273"/>
    <trkpt lat="23.93678" lon="120.48258"/>
    <trkpt lat="23.93637" lon="120.48236"/>
    <trkpt lat="23.93604" lon="120.4822"/>
    <trkpt lat="23.93559" lon="120.48195"/>
    <trkpt lat="23.9352" lon="120.48175"/>
    <trkpt lat="23.9343" lon="120.48127"/>
    <trkpt lat="23.93372" lon="120.48096"/>
    <trkpt lat="23.93279" lon="120.48049"/>
    <trkpt lat="23.93133" lon="120.4797"/>
    <trkpt lat="23.93088" lon="120.47946"/>
    <trkpt lat="23.93057" lon="120.4793"/>
    <trkpt lat="23.93024" lon="120.47911"/>
    <trkpt lat="23.9294" lon="120.47867"/>
    <trkpt lat="23.92874" lon="120.47834"/>
    <trkpt lat="23.92862" lon="120.47828"/>
    <trkpt lat="23.92808" lon="120.47799"/>
    <trkpt lat="23.92761" lon="120.47773"/>
    <trkpt lat="23.92752" lon="120.47768"/>
    <trkpt lat="23.92672" lon="120.47726"/>
    <trkpt lat="23.92623" lon="120.47698"/>
    <trkpt lat="23.92435" lon="120.47597"/>
    <trkpt lat="23.92411" lon="120.47585"/>
    <trkpt lat="23.92279" lon="120.47515"/>
    <trkpt lat="23.92271" lon="120.47511"/>
    <trkpt lat="23.92262" lon="120.47507"/>
    <trkpt lat="23.92185" lon="120.47465"/>
    <trkpt lat="23.92179" lon="120.47462"/>
    <trkpt lat="23.92166" lon="120.47455"/>
    <trkpt lat="23.92152" lon="120.47449"/>
    <trkpt lat="23.91936" lon="120.47334"/>
    <trkpt lat="23.91824" lon="120.47274"/>
    <trkpt lat="23.91813" lon="120.47269"/>
    <trkpt lat="23.91738" lon="120.47229"/>
    <trkpt lat="23.91713" lon="120.47216"/>
    <trkpt lat="23.91671" lon="120.47193"/>
    <trkpt lat="23.91594" lon="120.47152"/>
    <trkpt lat="23.91565" lon="120.47137"/>
    <trkpt lat="23.91526" lon="120.47116"/>
    <trkpt lat="23.91456" lon="120.4708"/>
    <trkpt lat="23.91428" lon="120.47065"/>
    <trkpt lat="23.9138" lon="120.47039"/>
    <trkpt lat="23.91319" lon="120.47007"/>
    <trkpt lat="23.91218" lon="120.46954"/>
    <trkpt lat="23.91157" lon="120.46918"/>
    <trkpt lat="23.91149" lon="120.46914"/>
    <trkpt lat="23.91026" lon="120.46849"/>
    <trkpt lat="23.91023" lon="120.46847"/>
    <trkpt lat="23.90964" lon="120.46817"/>
    <trkpt lat="23.90862" lon="120.46764"/>
    <trkpt lat="23.90761" lon="120.4671"/>
    <trkpt lat="23.90754" lon="120.46706"/>
    <trkpt lat="23.90609" lon="120.46628"/>
    <trkpt lat="23.90423" lon="120.4653"/>
    <trkpt lat="23.90395" lon="120.46514"/>
    <trkpt lat="23.90388" lon="120.4651"/>
    <trkpt lat="23.90345" lon="120.4649"/>
    <trkpt lat="23.90125" lon="120.46373"/>
    <trkpt lat="23.9006" lon="120.46338"/>
    <trkpt lat="23.90028" lon="120.4632"/>
    <trkpt lat="23.89982" lon="120.46295"/>
    <trkpt lat="23.89947" lon="120.46278"/>
    <trkpt lat="23.8993" lon="120.46269"/>
    <trkpt lat="23.89711" lon="120.46149"/>
    <trkpt lat="23.89679" lon="120.46132"/>
    <trkpt lat="23.896" lon="120.4609"/>
    <trkpt lat="23.89564" lon="120.46072"/>
    <trkpt lat="23.89558" lon="120.46068"/>
    <trkpt lat="23.8955" lon="120.46064"/>
    <trkpt lat="23.89526" lon="120.46056"/>
    <trkpt lat="23.8948" lon="120.4604"/>
    <trkpt lat="23.89457" lon="120.46032"/>
    <trkpt lat="23.89437" lon="120.46025"/>
    <trkpt lat="23.89431" lon="120.46023"/>
    <trkpt lat="23.89308" lon="120.45977"/>
    <trkpt lat="23.89256" lon="120.45958"/>
    <trkpt lat="23.8923" lon="120.45948"/>
    <trkpt lat="23.89222" lon="120.45945"/>
    <trkpt lat="23.89217" lon="120.45943"/>
    <trkpt lat="23.89184" lon="120.4593"/>
    <trkpt lat="23.8915" lon="120.45918"/>
    <trkpt lat="23.89091" lon="120.45897"/>
    <trkpt lat="23.89082" lon="120.45894"/>
    <trkpt lat="23.89072" lon="120.4589"/>
    <trkpt lat="23.89064" lon="120.45886"/>
    <trkpt lat="23.89034" lon="120.45878"/>
    <trkpt lat="23.8902" lon="120.45874"/>
    <trkpt lat="23.88985" lon="120.45874"/>
    <trkpt lat="23.88873" lon="120.45873"/>
    <trkpt lat="23.88842" lon="120.45872"/>
    <trkpt lat="23.88777" lon="120.45873"/>
    <trkpt lat="23.8874" lon="120.45874"/>
    <trkpt lat="23.88723" lon="120.45873"/>
    <trkpt lat="23.88703" lon="120.45869"/>
    <trkpt lat="23.88689" lon="120.45866"/>
    <trkpt lat="23.88685" lon="120.45864"/>
    <trkpt lat="23.88679" lon="120.45862"/>
    <trkpt lat="23.88676" lon="120.45874"/>
    <trkpt lat="23.88675" lon="120.45876"/>
    <trkpt lat="23.88675" lon="120.45877"/>
    <trkpt lat="23.88674" lon="120.45878"/>
    <trkpt lat="23.88674" lon="120.45879"/>
    <trkpt lat="23.88673" lon="120.45879"/>
    <trkpt lat="23.88672" lon="120.4588"/>
    <trkpt lat="23.88671" lon="120.45881"/>
    <trkpt lat="23.88669" lon="120.45881"/>
    <trkpt lat="23.88668" lon="120.45882"/>
    <trkpt lat="23.88667" lon="120.45882"/>
    <trkpt lat="23.88666" lon="120.45882"/>
    <trkpt lat="23.88664" lon="120.45883"/>
    <trkpt lat="23.88662" lon="120.45883"/>
    <trkpt lat="23.8866" lon="120.45883"/>
    <trkpt lat="23.88658" lon="120.45883"/>
    <trkpt lat="23.88357" lon="120.45885"/>
    <trkpt lat="23.88066" lon="120.45885"/>
    <trkpt lat="23.8805" lon="120.45885"/>
    <trkpt lat="23.88034" lon="120.45885"/>
    <trkpt lat="23.88027" lon="120.45886"/>
    <trkpt lat="23.87959" lon="120.45886"/>
    <trkpt lat="23.87738" lon="120.45892"/>
    <trkpt lat="23.87551" lon="120.45885"/>
    <trkpt lat="23.8745" lon="120.45879"/>
    <trkpt lat="23.87322" lon="120.45875"/>
    <trkpt lat="23.87303" lon="120.45874"/>
    <trkpt lat="23.87273" lon="120.45873"/>
    <trkpt lat="23.87264" lon="120.45873"/>
    <trkpt lat="23.87241" lon="120.45872"/>
    <trkpt lat="23.87222" lon="120.45872"/>
    <trkpt lat="23.87138" lon="120.45867"/>
    <trkpt lat="23.86978" lon="120.45863"/>
    <trkpt lat="23.86946" lon="120.4586"/>
    <trkpt lat="23.86899" lon="120.45858"/>
    <trkpt lat="23.86843" lon="120.45856"/>
    <trkpt lat="23.86652" lon="120.4585"/>
    <trkpt lat="23.86644" lon="120.45849"/>
    <trkpt lat="23.86604" lon="120.45848"/>
    <trkpt lat="23.86425" lon="120.45841"/>
    <trkpt lat="23.86419" lon="120.45841"/>
    <trkpt lat="23.86394" lon="120.45841"/>
    <trkpt lat="23.86311" lon="120.45837"/>
    <trkpt lat="23.86134" lon="120.45831"/>
    <trkpt lat="23.8583" lon="120.45819"/>
    <trkpt lat="23.85662" lon="120.45814"/>
    <trkpt lat="23.85562" lon="120.4581"/>
    <trkpt lat="23.85522" lon="120.45808"/>
    <trkpt lat="23.85396" lon="120.45803"/>
    <trkpt lat="23.85387" lon="120.45802"/>
    <trkpt lat="23.8529" lon="120.45798"/>
    <trkpt lat="23.84921" lon="120.45786"/>
    <trkpt lat="23.84908" lon="120.45785"/>
    <trkpt lat="23.84827" lon="120.45782"/>
    <trkpt lat="23.84825" lon="120.45782"/>
    <trkpt lat="23.84737" lon="120.45778"/>
    <trkpt lat="23.84701" lon="120.45777"/>
    <trkpt lat="23.84671" lon="120.45776"/>
    <trkpt lat="23.84653" lon="120.45775"/>
    <trkpt lat="23.84633" lon="120.45775"/>
    <trkpt lat="23.84605" lon="120.45777"/>
    <trkpt lat="23.84498" lon="120.4579"/>
    <trkpt lat="23.84489" lon="120.45792"/>
    <trkpt lat="23.8448" lon="120.45793"/>
    <trkpt lat="23.84475" lon="120.45794"/>
    <trkpt lat="23.8432" lon="120.45811"/>
    <trkpt lat="23.84253" lon="120.45826"/>
    <trkpt lat="23.84246" lon="120.45827"/>
    <trkpt lat="23.84127" lon="120.45841"/>
    <trkpt lat="23.83939" lon="120.45866"/>
    <trkpt lat="23.83918" lon="120.45869"/>
    <trkpt lat="23.83805" lon="120.45882"/>
    <trkpt lat="23.83793" lon="120.45884"/>
    <trkpt lat="23.83721" lon="120.45893"/>
    <trkpt lat="23.83695" lon="120.45901"/>
    <trkpt lat="23.83681" lon="120.45905"/>
    <trkpt lat="23.83673" lon="120.45908"/>
    <trkpt lat="23.83657" lon="120.45914"/>
    <trkpt lat="23.8364" lon="120.45921"/>
    <trkpt lat="23.83609" lon="120.45936"/>
    <trkpt lat="23.83461" lon="120.46004"/>
    <trkpt lat="23.83389" lon="120.46037"/>
    <trkpt lat="23.83371" lon="120.46046"/>
    <trkpt lat="23.83328" lon="120.46065"/>
    <trkpt lat="23.83309" lon="120.46074"/>
    <trkpt lat="23.82986" lon="120.46227"/>
    <trkpt lat="23.82921" lon="120.46255"/>
    <trkpt lat="23.82893" lon="120.46268"/>
    <trkpt lat="23.82833" lon="120.46293"/>
    <trkpt lat="23.82826" lon="120.46296"/>
    <trkpt lat="23.82712" lon="120.46345"/>
    <trkpt lat="23.82705" lon="120.46348"/>
    <trkpt lat="23.82694" lon="120.46355"/>
    <trkpt lat="23.82688" lon="120.46359"/>
    <trkpt lat="23.82684" lon="120.46363"/>
    <trkpt lat="23.82679" lon="120.46368"/>
    <trkpt lat="23.82675" lon="120.46373"/>
    <trkpt lat="23.82672" lon="120.46378"/>
    <trkpt lat="23.82668" lon="120.46388"/>
    <trkpt lat="23.82663" lon="120.46402"/>
    <trkpt lat="23.82662" lon="120.46404"/>
    <trkpt lat="23.8266" lon="120.46417"/>
    <trkpt lat="23.82658" lon="120.46431"/>
    <trkpt lat="23.82648" lon="120.46522"/>
    <trkpt lat="23.82646" lon="120.46532"/>
    <trkpt lat="23.82641" lon="120.46574"/>
    <trkpt lat="23.82624" lon="120.46608"/>
    <trkpt lat="23.82621" lon="120.46614"/>
    <trkpt lat="23.82613" lon="120.46622"/>
    <trkpt lat="23.82609" lon="120.46628"/>
    <trkpt lat="23.82604" lon="120.46632"/>
    <trkpt lat="23.82601" lon="120.46635"/>
    <trkpt lat="23.82597" lon="120.46639"/>
    <trkpt lat="23.82593" lon="120.46641"/>
    <trkpt lat="23.8259" lon="120.46644"/>
    <trkpt lat="23.82586" lon="120.46646"/>
    <trkpt lat="23.82582" lon="120.46648"/>
    <trkpt lat="23.82578" lon="120.46649"/>
    <trkpt lat="23.82573" lon="120.46651"/>
    <trkpt lat="23.82572" lon="120.46651"/>
    <trkpt lat="23.82551" lon="120.46656"/>
    <trkpt lat="23.82538" lon="120.46659"/>
    <trkpt lat="23.82533" lon="120.4666"/>
    <trkpt lat="23.82528" lon="120.46661"/>
    <trkpt lat="23.8252" lon="120.46664"/>
    <trkpt lat="23.82519" lon="120.46664"/>
    <trkpt lat="23.82509" lon="120.46668"/>
    <trkpt lat="23.82504" lon="120.46671"/>
    <trkpt lat="23.82487" lon="120.46678"/>
    <trkpt lat="23.82465" lon="120.46685"/>
    <trkpt lat="23.82399" lon="120.46698"/>
    <trkpt lat="23.82392" lon="120.46699"/>
    <trkpt lat="23.82387" lon="120.46699"/>
    <trkpt lat="23.82374" lon="120.46701"/>
    <trkpt lat="23.82229" lon="120.46727"/>
    <trkpt lat="23.81964" lon="120.46772"/>
    <trkpt lat="23.81959" lon="120.46772"/>
    <trkpt lat="23.81955" lon="120.46772"/>
    <trkpt lat="23.81903" lon="120.4678"/>
    <trkpt lat="23.81888" lon="120.46782"/>
    <trkpt lat="23.81799" lon="120.46798"/>
    <trkpt lat="23.81781" lon="120.46801"/>
    <trkpt lat="23.81779" lon="120.46801"/>
    <trkpt lat="23.81159" lon="120.46906"/>
    <trkpt lat="23.80737" lon="120.46975"/>
    <trkpt lat="23.80656" lon="120.46988"/>
    <trkpt lat="23.80651" lon="120.46988"/>
    <trkpt lat="23.80646" lon="120.46989"/>
    <trkpt lat="23.8053" lon="120.47008"/>
    <trkpt lat="23.80526" lon="120.47009"/>
    <trkpt lat="23.80522" lon="120.4701"/>
    <trkpt lat="23.80261" lon="120.47053"/>
    <trkpt lat="23.80237" lon="120.47057"/>
    <trkpt lat="23.80219" lon="120.4706"/>
    <trkpt lat="23.80169" lon="120.47069"/>
    <trkpt lat="23.80148" lon="120.47072"/>
    <trkpt lat="23.8013" lon="120.47075"/>
    <trkpt lat="23.80077" lon="120.47084"/>
    <trkpt lat="23.80004" lon="120.47096"/>
    <trkpt lat="23.79987" lon="120.47099"/>
    <trkpt lat="23.79969" lon="120.47102"/>
    <trkpt lat="23.79933" lon="120.47108"/>
    <trkpt lat="23.79928" lon="120.47109"/>
    <trkpt lat="23.79916" lon="120.47111"/>
    <trkpt lat="23.79898" lon="120.47114"/>
    <trkpt lat="23.79873" lon="120.47118"/>
    <trkpt lat="23.7986" lon="120.47121"/>
    <trkpt lat="23.79847" lon="120.47125"/>
    <trkpt lat="23.79828" lon="120.47133"/>
    <trkpt lat="23.79811" lon="120.47139"/>
    <trkpt lat="23.79786" lon="120.47151"/>
    <trkpt lat="23.79745" lon="120.47169"/>
    <trkpt lat="23.79723" lon="120.47179"/>
    <trkpt lat="23.79709" lon="120.47185"/>
    <trkpt lat="23.79706" lon="120.47185"/>
    <trkpt lat="23.7969" lon="120.47185"/>
    <trkpt lat="23.79693" lon="120.47195"/>
    <trkpt lat="23.79703" lon="120.47213"/>
    <trkpt lat="23.79753" lon="120.47188"/>
    <trkpt lat="23.79826" lon="120.47154"/>
    <trkpt lat="23.79852" lon="120.47144"/>
    <trkpt lat="23.79864" lon="120.4714"/>
    <trkpt lat="23.79882" lon="120.47136"/>
    <trkpt lat="23.79916" lon="120.47129"/>
    <trkpt lat="23.79932" lon="120.47126"/>
    <trkpt lat="23.79948" lon="120.47091"/>
    <trkpt lat="23.79953" lon="120.47083"/>
    <trkpt lat="23.79954" lon="120.47082"/>
    <trkpt lat="23.79955" lon="120.47081"/>
    <trkpt lat="23.79955" lon="120.47079"/>
    <trkpt lat="23.79955" lon="120.47078"/>
    <trkpt lat="23.79955" lon="120.47077"/>
    <trkpt lat="23.79954" lon="120.47075"/>
    <trkpt lat="23.79944" lon="120.47049"/>
    <trkpt lat="23.79973" lon="120.47019"/>
    <trkpt lat="23.79993" lon="120.4699"/>
    <trkpt lat="23.80005" lon="120.46975"/>
    <trkpt lat="23.80036" lon="120.46919"/>
    <trkpt lat="23.80071" lon="120.4685"/>
    <trkpt lat="23.80075" lon="120.46841"/>
    <trkpt lat="23.80094" lon="120.46803"/>
    <trkpt lat="23.80118" lon="120.46753"/>
    <trkpt lat="23.80136" lon="120.46717"/>
    <trkpt lat="23.80157" lon="120.46673"/>
    <trkpt lat="23.80181" lon="120.46628"/>
    <trkpt lat="23.80185" lon="120.4662"/>
    <trkpt lat="23.80188" lon="120.46612"/>
    <trkpt lat="23.80225" lon="120.46545"/>
    <trkpt lat="23.80267" lon="120.4647"/>
    <trkpt lat="23.80277" lon="120.46451"/>
    <trkpt lat="23.80287" lon="120.46433"/>
    <trkpt lat="23.8035" lon="120.46324"/>
    <trkpt lat="23.80368" lon="120.46289"/>
    <trkpt lat="23.80384" lon="120.46263"/>
    <trkpt lat="23.80394" lon="120.46251"/>
    <trkpt lat="23.80406" lon="120.46224"/>
    <trkpt lat="23.80414" lon="120.46207"/>
    <trkpt lat="23.80416" lon="120.46201"/>
    <trkpt lat="23.80418" lon="120.46196"/>
    <trkpt lat="23.80418" lon="120.46195"/>
    <trkpt lat="23.80421" lon="120.46184"/>
    <trkpt lat="23.80427" lon="120.46145"/>
    <trkpt lat="23.80431" lon="120.46118"/>
    <trkpt lat="23.80432" lon="120.46116"/>
    <trkpt lat="23.80439" lon="120.46052"/>
    <trkpt lat="23.80442" lon="120.46022"/>
    <trkpt lat="23.80444" lon="120.4601"/>
    <trkpt lat="23.80448" lon="120.45993"/>
    <trkpt lat="23.80453" lon="120.45981"/>
    <trkpt lat="23.80456" lon="120.45973"/>
    <trkpt lat="23.8046" lon="120.45966"/>
    <trkpt lat="23.80462" lon="120.45962"/>
    <trkpt lat="23.80464" lon="120.45959"/>
    <trkpt lat="23.80468" lon="120.45955"/>
    <trkpt lat="23.80469" lon="120.45954"/>
    <trkpt lat="23.80471" lon="120.45952"/>
    <trkpt lat="23.80474" lon="120.4595"/>
    <trkpt lat="23.80475" lon="120.45949"/>
    <trkpt lat="23.80476" lon="120.45948"/>
    <trkpt lat="23.80478" lon="120.45945"/>
    <trkpt lat="23.80482" lon="120.45934"/>
    <trkpt lat="23.80472" lon="120.45933"/>
    <trkpt lat="23.80453" lon="120.45929"/>
    <trkpt lat="23.80428" lon="120.45924"/>
    <trkpt lat="23.80426" lon="120.45924"/>
    <trkpt lat="23.8042" lon="120.45923"/>
    <trkpt lat="23.80414" lon="120.45922"/>
    <trkpt lat="23.80409" lon="120.45922"/>
    <trkpt lat="23.80401" lon="120.45922"/>
    <trkpt lat="23.804" lon="120.45922"/>
    <trkpt lat="23.80392" lon="120.45921"/>
    <trkpt lat="23.80372" lon="120.45922"/>
    <trkpt lat="23.80348" lon="120.45923"/>
    <trkpt lat="23.80351" lon="120.45969"/>
    <trkpt lat="23.80351" lon="120.45972"/>
    <trkpt lat="23.8035" lon="120.45974"/>
    <trkpt lat="23.8035" lon="120.45975"/>
    <trkpt lat="23.80349" lon="120.45976"/>
    <trkpt lat="23.80348" lon="120.45977"/>
    <trkpt lat="23.80345" lon="120.45979"/>
    <trkpt lat="23.80343" lon="120.4598"/>
    <trkpt lat="23.8034" lon="120.4598"/>
    <trkpt lat="23.80337" lon="120.45981"/>
    <trkpt lat="23.80291" lon="120.45982"/>
    <trkpt lat="23.80277" lon="120.45983"/>
    <trkpt lat="23.80218" lon="120.45988"/>
    <trkpt lat="23.80199" lon="120.4599"/>
    <trkpt lat="23.80212" lon="120.46154"/>
    <trkpt lat="23.80168" lon="120.46167"/>
    <trkpt lat="23.80132" lon="120.46177"/>
    <trkpt lat="23.80141" lon="120.46193"/>
  </trkseg></trk>
</gpx>